% Model,4_roll_mill.mph
% Version,COMSOL 6.3.0.290
% Date,"Sep 25 2026, 10:58"
% Dimension,2
% Nodes,5086
% Expressions,6
% Description,"Velocity field, x-component, Velocity field, y-component, Pressure, Viscoelastic extra stress tensor, branch 1, xx-component, Viscoelastic extra stress tensor, branch 1, xy-component, Viscoelastic extra stress tensor, branch 1, yy-component"
% Length unit,m
% x,y,u (m/s),v (m/s),p (Pa),vef.Te_1xx (N/m^2),vef.Te_1xy (N/m^2),vef.Te_1yy (N/m^2)
0.013535533905932737,0.01353553390593274,0.00589119808509768,-0.005888479919599124,2.4509945360013523,2.6417548354636304,-4.495688674893793,6.621389613894127
0.013600372029679758,0.013709803865981274,0.005727497471833047,-0.005558279645095101,2.0031477590337965,2.498827290278887,-4.19321159475355,5.686564473878444
0.013422735238775142,0.013644843410250553,0.006073948860418074,-0.005699767247728899,2.4229704432507786,2.9190361286090565,-4.602430536984048,6.327145422104537
0.01364484341025055,0.013422735238775142,0.005701799375403907,-0.006072036870884867,2.494092949941725,2.3715923067718285,-4.370509007769895,6.908078355859577
0.013718373709672464,0.013595905324009628,0.0055446439360964305,-0.005732781180198592,2.0078878400302673,2.2394174500402593,-4.087604278396253,5.951303337086085
0.013789014237007251,0.013775599760053108,0.005375648367055146,-0.005395879034304509,1.7909797467727582,1.9548801034460979,-3.6049382519290663,5.270314140820765
0.013477831047184488,0.013819434280995368,0.005906775281873464,-0.005378662137472283,1.995355184159642,2.7662018683747376,-4.284051318221411,5.418652170995799
0.013306558565652453,0.013750556019033763,0.006250535692798348,-0.005505488495817906,2.4000112569593104,3.202581970412187,-4.690435079035595,6.025529935556672
0.013660033111307993,0.013889011539916812,0.005557589121337014,-0.005231956955631618,1.7868642215830166,2.201123317868326,-3.719006687862692,5.051795787918585
0.013750556019033765,0.013306558565652457,0.005505665768440071,-0.006250373028209873,2.5601568010251197,2.1097888497828863,-4.227717180175942,7.187445697912412
0.013830800433200181,0.013476317096416135,0.005360138844915757,-0.005905641318816039,2.0155868377503334,1.9911313845475747,-3.971631786909819,6.2201351426827935
0.013852566968142578,0.013187119036995118,0.005303505154065195,-0.006422744608523501,2.641684927437185,1.8575518848302013,-4.0684987397297965,7.4600665590484745
0.013935682275700247,0.013349971672427111,0.005176751138090356,-0.006080419280400761,2.029809721069723,1.7570462884103326,-3.849565230827467,6.501763627562433
0.013950775489717907,0.013064534716697497,0.005096517660710016,-0.006588206089076498,2.7003676912226893,1.6159753509038444,-3.8941914734666523,7.726268607234258
0.014030789308688528,0.013218806542017597,0.004996899467165891,-0.006256390417489752,2.054352660260457,1.5396077701235826,-3.7229469135657323,6.79579233150896
0.014045084994930427,0.01293892622972893,0.004886431751571424,-0.006745613921106026,2.835576482784384,1.3844959285321703,-3.70416498817213,7.983416234177845
0.014111599378270837,0.013091713043794107,0.004830106212296222,-0.006421867663244139,2.0719461428868975,1.3485022914374412,-3.5977409699623846,7.082928136054197
0.014194305379611711,0.012947806699152953,0.004641444824147357,-0.006603319006984372,2.1776397309599425,1.1425018684752872,-3.4415332172086086,7.409657943619496
0.01413540329229132,0.01281041626989777,0.004686025087821328,-0.006886236522409384,2.344403383782258,1.165825317518192,-3.5020102340132175,8.219449596075714
0.013912051982461593,0.013657370500157884,0.0051930312662170075,-0.005555858797196322,1.8002664918168916,1.7242912931909162,-3.4851684299127332,5.486514955575113
0.005475864446977092,0.012128895840071582,0.0035506622426087382,0.007534785586744855,1.7533517462665713,2.8764227184588176,4.0818987529963096,5.109248073542045
0.005544967222482056,0.0122699521913998,0.0037787345304301045,0.007422963063549935,1.5546371801141887,3.135876692014826,4.1438430553684755,4.844897390115252
0.005384988276707032,0.012256373020795361,0.0035596934097600996,0.007287736060140272,1.328361795017669,2.5787691614589865,3.7912269981872666,4.576523079071563
0.0056184655156709526,0.012408766398519249,0.004012155994338257,0.007299402505792468,1.6612568151388516,3.404128371808325,4.191882869995446,4.5767125086429346
0.005452849640796468,0.01240318962703027,0.0037798406077575275,0.007157519502902992,1.295730416629169,2.7992651291419204,3.823906462487115,4.303903328091104
0.005696288158021204,0.012545204192439471,0.004234939449878152,0.007172458152928905,1.5169763020316889,3.671878570388935,4.2246455996744965,4.31065840012092
0.005529640505684636,0.0125401227648174,0.0039954726885391085,0.0070352753546912535,1.2881917764396265,3.0348829041093492,3.8609724204072484,4.064204629422793
0.013187119036995118,0.013852566968142575,0.006422339960108599,-0.005304123776124751,2.28708216250229,3.492336642689685,-4.760400322765733,5.718394203223016
0.013351107022969808,0.01392541581713435,0.006082012907480664,-0.005191986806018414,1.9961306409668589,3.039581808995495,-4.3578779064262045,5.1449830647735615
0.01322122959853938,0.014017722482861296,0.0062583278882596205,-0.005016444963848902,2.004786671989553,3.326800322064002,-4.432931293176384,4.903286621501473
0.0130645347166975,0.013950775489717909,0.0065812463677792895,-0.005105674686353839,2.4377554653684284,3.780819690440491,-4.809142224086209,5.411591258988234
0.013096419399956469,0.014116542010200362,0.006408683756252291,-0.004819048465266768,1.959427681684179,3.590689894564187,-4.459267872173374,4.609817073604283
0.01293892622972893,0.014045084994930427,0.006735537811682721,-0.004900250947733008,2.507321985050198,4.07024207639981,-4.837314539231935,5.0963954768837345
0.012972521245288625,0.014217874374695419,0.006540621610911763,-0.004607596070553701,1.9254715137031901,3.8315921844865595,-4.449448797151728,4.2978363358761635
0.012810416269897769,0.01413540329229132,0.006887843727485614,-0.004683660726783179,2.413174126384788,4.363031039204063,-4.84784573150889,4.7774737760310035
0.012839827066483962,0.014311623478234609,0.006678077948711616,-0.004396881090859167,1.9187609342567822,4.090895320796151,-4.438381278966177,4.002938013677823
0.012679131780828632,0.014221641019906124,0.007033121953452325,-0.004462535195147415,2.359333999651672,4.655831621354297,-4.84125048299825,4.462921932551791
0.012701251922791224,0.014398420963482433,0.006816458354105415,-0.004185074887111363,1.917944047491151,4.361379921719229,-4.419447795317289,3.7183424944173713
0.012545204192439473,0.0143037118419788,0.00717098520059205,-0.004237413001036266,2.3187416082707704,4.9476199416019355,-4.816432955971326,4.151742670059281
0.0122699521913998,0.014455032777517945,0.007426156503881659,-0.0037724858675450257,2.1213740757046944,5.527419001204808,-4.711548198110185,3.5389948085045617
0.012260021208380519,0.014611074671180408,0.007233081080866827,-0.0035441798344257648,1.9702054578729997,5.232929578483598,-4.316364632639599,2.9359843131143575
0.012128895840071584,0.01452413555302291,0.00753650256291058,-0.003546933498512939,2.3819139959507147,5.805765973684774,-4.630845468551027,3.2445921393300137
0.012408766398519247,0.014381534484329045,0.0073020149798912635,-0.004007340429936151,2.263188613478018,5.238244619816506,-4.772985851342022,3.8431723061670127
0.012409854228658904,0.014552234289259431,0.007090119839042722,-0.0037527980654595075,1.9452351956408085,4.9246151264227285,-4.349156367174005,3.1733310082637387
0.012557660329119527,0.014479234830156784,0.006953321036506567,-0.0039697416760258175,1.9218861295587075,4.638782591130549,-4.388711223302544,3.44013082150626
0.01139495244676372,0.014801469324203571,0.007997206191000954,-0.0023287715376301343,2.3859717006745127,7.0803698098674515,-3.963511480099181,1.8514666824796409
0.011376220369387909,0.014971421820460091,0.007722276578397661,-0.002136251740224932,1.866616690736884,6.523194806653744,-3.519983443078153,1.4059794519887188
0.01124342629880737,0.014842921746160495,0.00806681646595057,-0.002074961438674566,2.367217869109215,7.304522480135533,-3.7849419828625925,1.604249871601833
0.013854249083510836,0.013952809235111097,0.005218439512613391,-0.005090659571846135,1.574136831637987,1.7095081545606454,-3.2136157030986827,4.659196686148765
0.013990342909939129,0.013849726014366208,0.005031121362860978,-0.0052173996016026325,1.5568885317759646,1.4823742501126338,-3.073640975534339,4.799689466779854
0.013528783198188036,0.014004621048575694,0.005729640250201332,-0.005050641079943766,1.7762173481174288,2.4449255226016136,-3.8028210990588733,4.803954411169669
0.013715272156834137,0.014081220275654527,0.005391278238025483,-0.004910860987459283,1.5685753498878452,1.9310915500970902,-3.301669885631847,4.426147133963284
0.01,0.015,0.008329449521117605,8.31093845623102E-6,2.0196702864126825,8.621080184599458,-1.923335322145302,0.13302727322286662
0.010157039844353498,0.01499753324023817,0.008325309871556111,-2.5810851802306905E-4,2.203186835273164,8.509604488339713,-2.190077872255226,0.26309753021554844
0.01007842976979889,0.01514785254261665,0.00803009905841517,-1.229595172855745E-4,1.8632095175634011,7.774191829705347,-1.8137898455166732,0.022197071987741648
0.009917767793969169,0.01513312123502651,0.008058670229927093,1.2920389254944734E-4,1.8703659759831244,7.930561110543976,-1.581451505616309,-0.07448957327403181
0.009842960155646504,0.01499753324023817,0.008325603148147311,2.553285080594958E-4,2.3739456374406407,8.710175367600174,-1.6547839151209445,0.02384033716067477
0.009686089839949744,0.014990136311907444,0.008313628792384483,5.124412850633866E-4,2.3954639624853575,8.776288764856432,-1.3766129745249944,-0.07188412883262531
0.009750662182328266,0.015137786300058416,0.008030258551971542,3.9000498020924044E-4,1.7890201981459122,7.947903726737464,-1.3031795796314476,-0.17392963920576185
0.009599927206603588,0.015144196947977908,0.007983054933304994,6.210532303696386E-4,1.744125268707302,7.90816480867606,-1.0539170604540053,-0.24854206425672065
0.009529528446938641,0.014977816440745884,0.008292687870860268,7.794489319018829E-4,2.2945671933857525,8.824321845047335,-1.092652917649227,-0.15143985276751395
0.006147433031857422,0.013187119036995118,0.005310517536960023,0.006417107513796476,1.632062855948562,5.027289767693634,4.1356043063229615,2.983345388610271
0.005971457475619404,0.013235768390507574,0.00501841581905817,0.0062534745763785414,1.1976666633241313,4.206684931027578,3.759434917140345,2.7416290293962344
0.006049224510282093,0.013064534716697501,0.005108729922630475,0.006578794299733914,1.7193151575366372,4.7561351982904725,4.18399162864851,3.240192733795169
0.0058592498594220825,0.013109139549116983,0.004802215412366963,0.006401409788433108,1.1910867373367038,3.9170145156612315,3.7655957206245962,2.9609890888072514
0.005954915005069574,0.01293892622972893,0.0048902384326228775,0.006742740785682737,1.4554984219754177,4.480713392428877,4.218939752598248,3.5055969523699333
0.00586459670770868,0.012810416269897772,0.004678031724411427,0.0068916446622111415,1.556480293281643,4.213595323474496,4.2383085528100715,3.7716919666856303
0.0057713744146428644,0.012964291284478633,0.004608866165424081,0.0065802772337389265,1.2313047570645883,3.7064542993487595,3.822569158791407,3.2471891397209736
0.00745479580756053,0.0143037118419788,0.007166809535542849,0.004244483155006227,1.7665019003409244,7.69171006229784,2.6197835543701347,0.5901412582567634
0.007591233601480754,0.014381534484329049,0.007297389315057107,0.004015927020346885,1.8169698286053373,7.874600367662583,2.400131845462176,0.4338713990547142
0.007429033804519306,0.01448545612727639,0.006918981209560165,0.003965796583176042,1.4409798392439799,6.786502226063106,2.315581207137861,0.37398613025505817
0.007730047808600201,0.014455032777517944,0.007421269985597115,0.0037821651314356654,1.8993311951098253,8.043712833030963,2.169305760583678,0.29183292469699407
0.0075710535810094735,0.014569801242176347,0.007032339159141462,0.003738016774481849,1.4562014893534119,6.933975972027162,2.108866772005942,0.23069594534962065
0.00541122549991139,0.011985736283431544,0.003317333941314456,0.007640368938582991,1.8790998440766111,2.6211288951564216,4.0055484035181,5.370193811278402
0.0053100259660923375,0.01211062744436012,0.003324603726471618,0.00739605766998449,1.3104609317974643,2.327776484720502,3.7135828074206656,4.817389119039341
0.005237745331925143,0.011979979705137157,0.0031032466104622676,0.007475796665133,1.3111477730074343,2.0909728507966476,3.6118095570911604,4.999997744521482
0.005351115767339394,0.011840618209004684,0.003074071366092067,0.007741415853943108,1.8647548539180516,2.3703817424334144,3.9147853317615193,5.628751200126408
0.005295594968187607,0.011693686304088874,0.0028261429390565745,0.007835366738985633,1.8445531424299426,2.128444446248101,3.8121895813278726,5.88713535383044
0.005105368440825352,0.011681851614246548,0.0026218823946687537,0.00764662231869975,1.382004189783444,1.6254794834449509,3.3826813186299103,5.42931508404196
0.005244717217658645,0.011545084353673888,0.0025757568556234334,0.007921263055970063,1.8446790096010737,1.8955602445811133,3.6967449423061267,6.143200575187666
0.005167503608268917,0.011834293652512979,0.002864119525977211,0.007560796907261289,1.3406068251187542,1.8518809959780622,3.499543595475075,5.2068715058310255
0.005052202451674355,0.011525767283912178,0.002378908883350324,0.007730738505414677,1.4313278274311194,1.4134021588307772,3.2610458536225875,5.662687612074696
0.005198530675796427,0.01139495244676372,0.002324109821973857,0.007998743766522206,1.8774419570498537,1.6713590741311706,3.567386341712394,6.395102600538607
0.01402550114760883,0.013526857260289717,0.005016004477073988,-0.0057267402297924855,1.8222486438182528,1.5177332605842657,-3.377809309623863,5.731439333247464
0.014124977695940448,0.013384863047938312,0.004848882979168134,-0.005911030196353392,1.8560554140889167,1.337603139353585,-3.2892495560816957,6.015351637143598
0.014209382721291592,0.013234789260118696,0.004691054735331012,-0.006106684242520827,1.9069852955426636,1.1791270766095963,-3.216083326105021,6.338894027393599
0.014247798891399984,0.013084182693223506,0.004594290089581587,-0.006327839179453368,1.986279134969062,1.093415258613229,-3.2301414179279733,6.760031569809721
0.014221641019906124,0.012679131780828632,0.004458344625049929,-0.007035679550925786,2.7381498188570235,0.9541258848542934,-3.276350771440836,8.451718548750993
0.014294749528390119,0.012822050519024514,0.004418679025711998,-0.006725351064580955,2.162303230921079,0.9267195650367616,-3.2271259094255496,7.568660922846836
0.014371127571061366,0.012683344983278035,0.004220889912344026,-0.006875688259651278,2.1650668589801856,0.7490091544656318,-3.042400106500926,7.8197834932139605
0.0143037118419788,0.012545204192439477,0.004238986501633399,-0.007170084673986989,2.6303216682433312,0.758096187355409,-3.040771752340648,8.670112207588684
0.01445310477866047,0.0125400028143266,0.004000218745411337,-0.007012647786883419,2.2242409072702576,0.5646216055239063,-2.8180076702437726,8.032604075944432
0.014381534484329047,0.01240876639851925,0.004019593320031259,-0.007295293935826339,2.393734594806623,0.5763345578497673,-2.794160433125962,8.866369206421048
0.014455032777517944,0.0122699521913998,0.0037830923532580682,-0.007420643694494212,2.6210990257722484,0.4086753598702446,-2.530717742938116,9.050515068567906
0.014540946260319619,0.012405474324429537,0.003767797360492827,-0.007113734083909181,2.1885012924966305,0.3920735193431583,-2.57229414872427,8.147060521649891
0.01452413555302291,0.012128895840071584,0.003552526516409308,-0.007533773320028376,2.4611807039850215,0.25872647366171087,-2.2607027329133285,9.21356732304287
0.014609931764667168,0.012268397418482029,0.0035543523264309038,-0.007225641175825693,2.1958936725081624,0.24955633331423568,-2.3445806425562306,8.309137309726152
0.014375354792961943,0.012982432815548485,0.0043536012587440005,-0.006387570912734722,1.915546664276061,0.8554499935363037,-2.9522118533196213,6.7692944651878415
0.014119697455404432,0.013720807424920668,0.004849613424939599,-0.005373447784597016,1.5699677939379801,1.2804414941260214,-2.9532412372744457,4.993250992888972
0.014755282782341356,0.011545084353673888,0.002567041423162238,-0.007923883892229464,2.73473937341694,-0.16179979738854383,-1.088049632320354,9.666181415051748
0.014895594522828442,0.011674053623257418,0.0025825590995055474,-0.007550180994530745,2.112763719970333,-0.21744205816615494,-1.2419874228008698,8.617383675250274
0.014704405031812392,0.011693686304088876,0.0028282045371031367,-0.007834492653112951,2.4417052422821772,-0.08596893007496072,-1.3944499285804033,9.578639478950016
0.014648884232660605,0.011840618209004684,0.003071757255288844,-0.007742296779864095,2.5129019796820518,0.009763163064731859,-1.6886033243287788,9.480336660245387
0.014825284481475999,0.011826959115400397,0.0028363978815739853,-0.007490049227738744,2.1617696056513833,-0.12455390688883618,-1.5324783029904212,8.594778377758631
0.014588774500088612,0.011985736283431542,0.00331286623343283,-0.007642202262116191,2.5202734500415644,0.12500612715843143,-1.9780686772041378,9.357358304999789
0.014754940068310903,0.01198471894306367,0.0030900764602503337,-0.0074049953379606735,2.1708899629875558,-0.010403318262928207,-1.826871564391355,8.509385652406543
0.014686451673050917,0.012128038793449163,0.003321285186135311,-0.0073160316066446796,2.1886963815882585,0.10899639627301415,-2.0845708193940804,8.408934719003758
0.014801469324203571,0.01139495244676372,0.0023123529469849225,-0.008002052139429361,2.817488365074483,-0.21760782750957905,-0.7787377424197718,9.742826606662272
0.01493445220068057,0.011513356353945181,0.0023484721158775275,-0.007653084868542427,2.1080899790089354,-0.2828674330216405,-0.9651488159610945,8.766538955251924
0.014842921746160493,0.01124342629880737,0.002064683134114747,-0.008069566679860479,2.7687466581312825,-0.2546354503758049,-0.46821347063041446,9.7987330964668
0.014959429856587292,0.01136458873849668,0.002133872474243789,-0.007751767605260407,2.1574630119397855,-0.3256571916304975,-0.706243468594853,8.920503683802492
0.014991643309236129,0.011199264790400747,0.001882901012687215,-0.007836220612311004,2.2326261657480413,-0.35934658069495456,-0.3982652092538121,9.023349674010355
0.014879595159429932,0.011090665429940793,0.001822323198198192,-0.008127619944545096,2.453396126526816,-0.2743185173421532,-0.15889731932853915,9.829908396356979
0.014911450597951645,0.01093683137430405,0.0015578961358807307,-0.00818233594535817,2.7083087989582375,-0.27297070502389986,0.16051580232332213,9.84214925412818
0.015038248259075257,0.011044465433280916,0.001630687822619998,-0.007868933182625536,2.2118227127530736,-0.3794145450427668,-0.1071442595109988,8.984802685704643
0.014938455742167742,0.010782083680081914,0.001299670548050881,-0.008227409240872683,2.7622365386795686,-0.2522132777123076,0.4788886337182399,9.836358420747064
0.015061549346405119,0.010894073742431017,0.0013995029315798846,-0.00792521810025664,2.2035594387856565,-0.37596144513110025,0.16704971591136022,9.026055326184297
0.013681527751657284,0.006432351695222713,-0.005610876437276217,-0.005789825486764165,2.6674119942070154,6.215063695289886,4.621615421106139,2.867285470339327
0.013644843410250553,0.006577264761224861,-0.00570600237200822,-0.006068004720551059,3.1950649355647287,6.748880253852307,4.969569297475801,3.2498433500544177
0.01353553390593274,0.006464466094067266,-0.005885738943492476,-0.00589374566031912,2.873370551168971,7.059481105099988,4.857881020781181,2.9500731518457948
0.011090665429940793,-0.005120404840570064,-0.008127784632160698,0.0018212104102787365,3.254826090440069,10.002285296487912,-0.22457128428399228,-0.25134252786209466
0.011048454876476385,-0.004949957765702918,-0.007943532701023793,0.0016470270304552396,2.8192118090450617,9.196380862639048,-0.208389522190664,-0.37315350438156325
0.01093683137430405,-0.005088549402048354,-0.008182242958570963,0.0015585518168106931,3.3278867964107515,9.957106086877454,0.0997682798542804,-0.2523747559994106
0.010886169544085597,-0.004922388093860256,-0.008001601996375549,0.001395057584430718,2.7778373928848428,9.181146565960356,0.09602531109096966,-0.3743904276126848
0.010782083680081916,-0.005061544257832261,-0.008227957321109649,0.0012962784084204414,3.3815632715916633,9.894371644313884,0.4211382382000423,-0.23271243632077965
0.010726489547476008,-0.004907651960667565,-0.008058312576472467,0.001149182153941799,2.762862007396634,9.177833457794257,0.3939661282525211,-0.3537451479304503
0.010626579228399678,-0.005039415511198498,-0.008264197564668986,0.0010408568595998303,3.2922457141184815,9.810389022608511,0.7350392621464567,-0.19440152060768057
0.010470471553061363,-0.005022183559254116,-0.008291963102520575,7.886670196655786E-4,3.007141057555153,9.703822846240591,1.0369607624916686,-0.1393904174437051
0.01055154442058124,-0.004890367564584057,-0.008101324460819759,8.750034854557335E-4,2.7612338521237003,9.112791573743024,0.7215334028765761,-0.311144726894749
-0.005120404840570065,0.011090665429940798,-0.0018052633061107434,0.00813147886872022,1.7696410738591422,1.243703180472546,-3.2647043450584454,6.88897978801398
-0.005088549402048356,0.010936831374304052,-0.0015563558537728007,0.008182814961343333,1.966740568778687,1.0527522705585075,-3.092753087562907,7.114903103645683
-0.004966864511972756,0.011050075394814774,-0.0016623187278914026,0.007979448460496958,1.6887410142262789,0.8901738396844686,-2.903814555829776,6.474475702326196
-0.00498213032998328,0.011199459926993826,-0.0018862406057117852,0.00790217454082514,1.6054916372422767,1.0391661188092394,-3.017502199980776,6.200959660435818
-0.005157078253839507,0.011243426298807372,-0.0020633935218538663,0.008069761690647072,1.7986777747945648,1.4490358196742819,-3.423684894010398,6.64717572199065
-0.005244717217658646,0.011545084353673888,-0.002574065097275677,0.007921767358284629,1.8241984667469533,1.8900853642482034,-3.699209890980224,6.145185691020125
-0.005105416065973267,0.011673821866339662,-0.002612593244425918,0.007653205183620282,1.3996695434292716,1.6216085872544355,-3.3854394920859967,5.451204055300874
-0.005295594968187609,0.011693686304088879,-0.0028239412003158836,0.007836177777926879,1.8174483792862468,2.122161853060892,-3.8148554212761816,5.888314458520067
-0.005198530675796428,0.011394952446763721,-0.002321122314863145,0.007999485653473326,1.8376567898664877,1.6655978890402539,-3.5689365887995947,6.3982885754539645
-0.0050540507902365524,0.011516966852387157,-0.0023695766639649923,0.007738677324899009,1.4497549358410744,1.411447366217091,-3.2657804662515457,5.6896342665621615
-0.005010927998030125,0.011357633906904488,-0.002124870942833402,0.007820151192267871,1.5148570572335736,1.2137875033621677,-3.1388619781750395,5.93486699900305
0.00577835898009388,0.012679131780828632,0.0044564527342634075,0.007036937386550726,1.466065429975557,3.9411811273286763,4.23987208528746,4.041252185907041
0.005602565870535647,0.0126790281420403,0.004198191599813054,0.00689468782272728,1.2841117650536729,3.2503891168482553,3.8620308152854377,3.796119065579655
0.0056776967364249135,0.012818814897697659,0.004394341470479657,0.006741494777061603,1.2455414091054122,3.45514360773566,3.8406844744955353,3.5240413156531836
0.0052403006216388106,0.012233691925655321,0.0033564392479053227,0.00717576365082011,1.2074995739501662,2.2830740865866557,3.453834652730426,4.237936395120117
0.005450794902582387,0.012661729095794872,0.0039658179607713,0.006794122217324508,1.1366197086329464,2.8964185568030762,3.513102658043175,3.501015510749641
0.005270874971899311,0.012395707486711496,0.003530777206271027,0.007000547354826996,1.1204583604093996,2.4288321535912463,3.3894450767685207,3.8465033742870562
0.005356858899997132,0.012542813766482292,0.003756030705062565,0.00688121777725599,1.1234579292908007,2.6599368009993927,3.438192153704468,3.633684858702192
0.011545084353673888,0.01475528278234136,0.007918982778643752,-0.0025824335698131856,2.509400601865314,6.845854914942127,-4.1306533948643,2.1137415050612236
0.01152799182416976,0.014921054552395877,0.007663348307868923,-0.0023777367919459945,1.8711108630703872,6.3408351641387855,-3.69052241290385,1.6392444752550823
0.011693686304088879,0.014704405031812397,0.007836421697788445,-0.0028230805348815682,2.346411815051249,6.6028780560672935,-4.280269390578254,2.382028433094495
0.011670430766684971,0.01486026704370351,0.0076137182402278595,-0.0026153886931123247,1.9086419296635035,6.186747390730802,-3.860477401229224,1.8874202011415975
0.011840618209004684,0.014648884232660607,0.00774528727139789,-0.0030640772250954498,2.252724908096525,6.347976139274476,-4.41224791069961,2.6578074119281543
0.011823652225003057,0.014803816201888871,0.007527786116538148,-0.0028564837514484507,1.9421916568229973,5.95277498939739,-4.000749887116613,2.14433028724094
0.011985736283431544,0.014588774500088612,0.007643146948334193,-0.0033106485948987806,2.394738193588262,6.078868823190841,-4.529667687159628,2.9482375539945735
0.011964641413176293,0.014753371589880715,0.007431558971097295,-0.0030706601084618933,1.920283900843539,5.711868535576039,-4.100086743631032,2.372600834160085
0.012108706895576402,0.014685248524487791,0.007341613246298132,-0.0033039653369815775,1.923820341238849,5.491261427959857,-4.215524664881318,2.6424453066359406
0.013385132762461897,0.014107631616434468,0.005916321895496495,-0.004875145060765035,1.7617621645845656,2.7259090897170797,-3.9029388597599,4.577577861645593
0.013242528245780375,0.014170998792608322,0.0061143683762509005,-0.004753027368016183,1.8133454595319456,3.053184962074256,-4.051548066650213,4.441820851235605
0.013138776363704002,0.014296795926388817,0.006193570603804012,-0.004523249301294062,1.7574395262588036,3.17405545731401,-3.973634442080344,4.106299292077154
0.013010786317309503,0.014401843588275544,0.006313193035316407,-0.004315967683956228,1.7336177036155556,3.37300977379209,-3.952509013798476,3.8279306225196534
0.012868220082995062,0.014494784625445732,0.006450938364230053,-0.004114095375099999,1.719305499695329,3.616759610662392,-3.951184509526136,3.5700140934934907
0.012718120831083668,0.014579504035903695,0.006593110691761598,-0.003911300221829052,1.71631270779071,3.8840974842874867,-3.949855702252552,3.3188640085588674
0.012237928262799073,0.0147499903544592,0.007074871865190924,-0.0033310763638843876,1.7846756460302786,4.887833698496086,-3.983085341795758,2.6502344513070515
0.012399288570705484,0.014726583392839701,0.006884085725796746,-0.0034912255888583294,1.710546415752083,4.469582406154115,-3.9242081599835923,2.8231998956385858
0.012563374922679114,0.014660041838237126,0.006731301095676452,-0.0037012101820596073,1.7145330163036523,4.155567181823433,-3.93251143913507,3.0647821060681912
0.01151629954660374,0.015097324545384911,0.007372822419162753,-0.0021934250956429867,1.6940019927708827,5.638863563759152,-3.312957777798573,1.463021680357093
0.011218846982854283,0.01501712996699647,0.007776696046162958,-0.001888110799239223,1.851569005965666,6.700376825885011,-3.3341068820754693,1.1802524317023213
0.011090665429940796,0.014879595159429937,0.008128444759614828,-0.0018185569942633813,2.337593991515733,7.517927962536638,-3.592869166177497,1.3696277941758106
0.011358009922835963,0.015149592697166175,0.0074230431014629455,-0.0019579845580068554,1.6798941028580179,5.783892263701425,-3.15442629831577,1.2550642517886585
0.010313910160050259,0.014990136311907442,0.008312829142280764,-5.236706099348067E-4,2.2541942251087934,8.382914132740195,-2.449480246325694,0.41051053879027016
0.010241834135865699,0.015146677537050707,0.008014963820674383,-3.7644515658808987E-4,1.8429331156618678,7.659077466027412,-2.053906367019358,0.14127455990623003
0.010470471553061363,0.014977816440745884,0.008291802981843406,-7.908986169503845E-4,2.439257181322213,8.243758781774675,-2.7040617432635354,0.5763760530718347
0.010404910704673562,0.015136086244556824,0.00800016196037352,-6.299569946986417E-4,1.8288005541955477,7.546620942019742,-2.292130422908238,0.279121996006012
0.010626579228399678,0.014960584488801503,0.00826419486344371,-0.0010411815079851405,2.2285338627580424,8.088744279970296,-2.94534099629154,0.7533453894530356
0.010558494170715364,0.015108566355928638,0.0080031892546954,-8.743173250721296E-4,1.8750355508958412,7.487610823645056,-2.530044193493031,0.4343776841997515
0.010782083680081914,0.014938455742167744,0.008228664778595123,-0.001291824086915563,2.0617525902462637,7.9157230920254475,-3.1706507327259525,0.9404694320780758
0.010733133876239141,0.015089910437410254,0.007961147901849595,-0.001145806874869978,1.9125083719406575,7.310575012075371,-2.7665217714670214,0.6145964101981463
0.010936831374304052,0.014911450597951648,0.008182678560111269,-0.0015562521196487101,2.224690492831363,7.721751204861722,-3.3873181164099786,1.14739409358816
0.01089050657028951,0.0150831619085222,0.007886614828836215,-0.0013807382326538034,1.87317893160605,7.071277738955821,-2.939793387457214,0.7725541362008971
0.011056319600178716,0.015057205198893552,0.007826653172934237,-0.0016340675973800227,1.8458378002409292,6.8719382363249295,-3.1351771858816835,0.9654036305251728
0.010162011620186845,0.01530573591730566,0.007708331772653697,-2.3609610688018836E-4,1.6366764459280818,6.8679686694198665,-1.8291587694255906,0.09757104623271123
0.013900020197687856,0.014131195400549126,0.005091128173829351,-0.004810606164738873,1.3981341032738495,1.532605886288514,-2.9279870665449677,4.191865051101038
0.01405605289332349,0.014058589806895406,0.004886146156859069,-0.004886841039686365,1.3448198808279566,1.293293744328179,-2.7458473926637836,4.228596022423056
0.0142117417365372,0.013934098197139162,0.004686830065096826,-0.005024308771573592,1.3571355560548033,1.0881805687985482,-2.605841929997395,4.362434922462679
0.013583215344689018,0.014211831982336299,0.0055366425605428175,-0.004713578234517734,1.5341293105536862,2.121901664890552,-3.342946760345052,4.167377450409808
0.013817545983665925,0.014284616534076361,0.005153237381601525,-0.004597968505911002,1.3363707771115874,1.6001237691650518,-2.88290076010413,3.8990999818481105
0.009989553193462184,0.015303333389798134,0.007720515560013277,1.4684635512850327E-5,1.6225235055754101,6.978131476339712,-1.6047367313289038,-0.014955562797497407
0.009835327018719267,0.015247988101070038,0.007819213693976687,2.450913791150463E-4,1.689379084141613,7.314747962336037,-1.4097104639927789,-0.1097990183144634
0.009688038532222795,0.015302305953932527,0.007688989069923617,4.5121760763041025E-4,1.6136161557070057,7.038851888262653,-1.1971252878226097,-0.17145639804937
0.009217916319918088,0.014938455742167742,0.008225687786387085,0.00131055166510657,2.0235038320766017,8.88887177133429,-0.5258725738181311,-0.25018211750769154
0.009373420771600324,0.0149605844888015,0.008261980073793572,0.0010569318158980795,1.9042841787612306,8.863788201812207,-0.8050453425662685,-0.21272455943017285
0.009273432103624163,0.015093982232153672,0.007952425904000861,0.0011338608554963452,1.8241352870224112,8.026488875889244,-0.5310357947399366,-0.34474417766410065
0.009433011810346965,0.015137610277722917,0.007938628720528642,8.759326716785122E-4,1.7548673522810496,7.888528178426282,-0.7851654603290442,-0.310348421288189
0.00906316862569595,0.014911450597951648,0.008182161352224838,0.0015590123879241262,2.253604691072162,8.886449023496713,-0.2412562032448022,-0.27058111037419685
0.009106463714752714,0.015057388724494847,0.007929341407984741,0.0014003015095191427,1.7824042455261127,8.077397745070172,-0.25336791905911654,-0.3674540838504386
0.008805559587788383,0.014988654173343025,0.007840853248194736,0.0018776360524215188,1.7601788429321312,8.055319980967608,0.24594170256946232,-0.3654475263200739
0.008756573701192634,0.014842921746160493,0.008068981189118694,0.0020666992856927585,2.2271981324446797,8.820289435815038,0.32979008640419316,-0.26115162122462027
0.008909334570059206,0.014879595159429932,0.008127287950619833,0.0018236865791662574,1.9170087443332655,8.861810631784012,0.04910341361484901,-0.27554362487082995
0.008956040974294671,0.015035432062186514,0.007869895061094171,0.0016312282690036791,1.7455243679050303,8.017766671068598,-0.007776021184025699,-0.377307471106878
0.009513256009804683,0.015313309357220698,0.007622879435795141,6.963108432211331E-4,1.568372885707145,6.949846901199483,-0.9631969610750079,-0.23495130845916343
0.006249443980966237,0.013306558565652453,0.005508394487929768,0.006248024586279921,1.6197100231448769,5.294818246179483,4.071094447541859,2.730340568314991
0.006074976020519882,0.013358596755244881,0.005209182624148045,0.006092447178698768,1.2227756341164353,4.453287175373106,3.714894243266032,2.511258781440216
0.005894850651676649,0.013408993677852036,0.004911357727479692,0.005928413734924848,1.0641252790461675,3.894962176295173,3.224079492035806,2.1363023281218143
0.0063551565897494505,0.013422735238775144,0.005702941116387197,0.006070889273591472,1.6536489071575164,5.55954114925022,3.990555220451025,2.481885844920358
0.006181365854157239,0.013480427100838167,0.005393511476218503,0.005921819061827072,1.2289070188358802,4.6923071711367434,3.6506187024238073,2.278854923704117
0.006464466094067263,0.013535533905932737,0.005893432817212711,0.005886079534304996,1.7234653655701002,5.82239944806997,3.894715067797803,2.2391758942270537
0.006293845617280491,0.013598250140367524,0.005576489767288393,0.005747757377696158,1.2344882883556691,4.937441402709331,3.5772071723915118,2.0548414569429725
0.005781987552359803,0.013280223619611398,0.004715578053446043,0.006080791309037346,1.0519317383260007,3.6600815743506225,3.251190407522372,2.3288422485496807
0.005606858161057269,0.012953318443410636,0.004347287174993783,0.006482515038244827,1.0912094548738023,3.2912300500708804,3.4473631996895824,2.9591502276687174
0.005645630223113443,0.013130458221827372,0.004468191149507438,0.006237732886784862,1.0196652826910277,3.365355750385263,3.2392141301211415,2.5264845465914356
0.00657726476122486,0.01364484341025055,0.00607876886676723,0.005694553330365654,1.849234564280084,6.085538852518785,3.7849460826702743,2.003124761543471
0.0064126187030650915,0.013707777255715111,0.0057602062884313555,0.005576706070064184,1.2412905298595478,5.196754858158891,3.5026048470103945,1.8477391344376983
0.006693441434347548,0.013750556019033765,0.006251365354279501,0.005504585924314025,1.7879126478558252,6.341055258273969,3.6615409024659424,1.7752908876135025
0.006533614226683682,0.01380062547319566,0.005941803612275593,0.005421969038573365,1.2813155965929404,5.475422993104211,3.4406375775003286,1.6728294495815916
0.007320868219171371,0.014221641019906124,0.007028713733703435,0.004469349647624797,1.7085589334142028,7.494655719124136,2.828002424052899,0.7602383865921251
0.007292779083541342,0.014396953770961292,0.0068028147439847175,0.004188485369668629,1.425680342343347,6.636901439365324,2.5123764644941775,0.5291660783531943
0.00718958373010223,0.01413540329229132,0.006882411944734956,0.004691677715346153,1.5306951051460838,7.2856492777885835,3.0243616731542216,0.9437129861598361
0.007163197737233951,0.014304248721764353,0.006685821422618615,0.004406645065592136,1.4301982997903213,6.490688246221871,2.7000935494587552,0.6955998805908399
0.007048418372303503,0.01420384546824275,0.006584789282966082,0.00462470830903014,1.4314890936812097,6.393128637483027,2.8922067230511104,0.8777880431795407
0.007061073770271072,0.014045084994930427,0.0067385158751652715,0.00489615608244792,1.7808948552028756,7.067856118020129,3.201810314624454,1.1359778684865822
0.006935465283302504,0.013950775489717909,0.006584113966915289,0.0051017152133860525,1.8411030814086888,6.8317356345811335,3.3686404478659067,1.3401488588373003
0.006908795342746557,0.014104344548938228,0.006426166801503889,0.004841583182831594,1.3602100775446233,6.163030382448162,3.05864282778099,1.0746911571094204
0.006782500087849446,0.014017120487081458,0.006267283752258269,0.005021750258390758,1.3355864152139045,5.921716627955646,3.1752536328660876,1.2437229234813898
0.006812880963004882,0.01385256696814258,0.006415093290679147,0.0053127262059465205,1.5539419886908863,6.585962123340349,3.5243075960692036,1.5554133713552565
0.006666979495006751,0.01390881502437649,0.00612697541223436,0.005227107650684349,1.3443928822734759,5.751064863444067,3.327033426100765,1.455791616764942
0.008605047553236283,0.014801469324203573,0.00800079835577352,0.002316337099696323,2.2294862367575567,8.756987641331847,0.6116770275341428,-0.23109426047069923
0.008638257276512384,0.01495354935826013,0.007759044090265384,0.0021331894089326978,1.6797519433440662,7.956815946002455,0.5219596953441634,-0.34176551254435544
0.007871104159928416,0.01452413555302291,0.00753736893632813,0.0035451250826921883,1.9555770037111202,8.198069094891741,1.929212942914101,0.1650514408577378
0.007720941427200563,0.014647072858321078,0.007149489246355423,0.0035066486902919345,1.4809775169961472,7.096102286280504,1.8957451704048742,0.10151187718744524
0.008486442690132514,0.014921570817700975,0.007667892996173316,0.002358725753414717,1.6478891959433122,7.825058586145935,0.7573611409058646,-0.30771606268209567
0.008454915646326116,0.014755282782341356,0.007921858615871153,0.002573360392879463,2.0169728779431444,8.677940554256987,0.8909358323362303,-0.18443803975601566
0.00833672698591406,0.014870575723341092,0.007595631193376526,0.002594995931457806,1.6465163175668316,7.754465075824386,1.00180220253232,-0.2522783497478702
0.008306313695911128,0.014704405031812397,0.007838412153285047,0.0028176033835270817,2.0961751443132135,8.585858127935236,1.1597594678916128,-0.1211464176506019
0.008014263716568458,0.014588774500088612,0.007646889190111301,0.0033021930408279054,2.0728984718116235,8.340147984090104,1.6794678164983754,0.05361776878930366
0.007874810336706879,0.014717896938937524,0.0072636923660066586,0.003272468564515491,1.5064391809315796,7.2558570231298765,1.6745929715043797,-0.01293390060003262
0.008189233840585943,0.014822495832180297,0.007505476230792336,0.002818860212069006,1.5914707206016236,7.632804104992977,1.2333285975477113,-0.18578445426195547
0.008159381790995318,0.014648884232660605,0.007747926132536499,0.003057693289251541,2.174346545120919,8.471450676877767,1.4218045334529095,-0.0419866782160864
0.008034001083107324,0.014776511620277271,0.007385958377006376,0.003040615779321659,1.5382863465367158,7.441776725359827,1.4520243050010695,-0.1092674766944396
0.007259952575961764,0.014583155942097957,0.0065460321335475335,0.003915594035231881,1.237544444807563,5.928800418034684,2.0043562740340257,0.2991830203251294
0.007400558368178499,0.014680187210173057,0.006642697538448047,0.0036905513520154687,1.256924057531383,6.019366240245212,1.800577943148902,0.16800369732277684
0.007552120648096899,0.014772046134171475,0.006743996514983973,0.0034596103022680852,1.2794487067449332,6.122471035946454,1.594774030949205,0.050405848396362356
0.0050098636880925584,0.009686089839949744,-5.222107545175851E-4,0.008313315419889418,2.5290314310079536,-0.06872556541867417,1.2810534843859196,8.540038362490002
0.0050024667597618295,0.009842960155646504,-2.5848901487871115E-4,0.008325631846939378,2.5059807187406866,0.021006982276946345,1.5405403321819737,8.406188542061761
0.004812661144332919,0.009750769518077324,-3.8794790845095506E-4,0.008093502409725646,2.008525385318904,-0.19906129354630783,1.1628555144375958,7.631336313845773
0.005,0.01,7.261901731002692E-6,0.008329554950060093,2.509108168155417,0.12693355672998372,1.7915358745093417,8.257485609069064
0.004811694042703257,0.00991910899118891,-1.2664881668816318E-4,0.008108840554994272,1.957059392328673,-0.11262859577208122,1.4130255579632038,7.532164738823205
0.0050024667597618295,0.010157039844353498,2.7367293253973974E-4,0.008324995438708335,2.524353931226181,0.24881563690837694,2.0345720504842872,8.096899350163751
0.00482236960956131,0.010087036850237327,1.3505731612758112E-4,0.008122034919017014,1.9103296714315021,-0.006758266048405507,1.662188590630292,7.440748970156602
0.00500576627192464,0.011367564615392494,0.00213391643455131,0.007808901641164223,1.4839902299964913,1.2120874724609314,3.1293089840292416,5.896638291167747
0.0051570782538395065,0.01124342629880737,0.0020701778293534608,0.008068173021658662,1.9155925632955004,1.455424140594238,3.423455512551248,6.641876237418818
0.005120404840570064,0.011090665429940793,0.0018126334635471242,0.008129855254496146,1.9297297631615116,1.2482239841962188,3.2649300573390954,6.882972774689436
0.004965937871621113,0.01120735742341976,0.001886543906806725,0.007880559841253939,1.5451160615287998,1.0213435300274316,2.9869558449926927,6.130160816515102
0.005009863688092558,0.01031391016005026,5.386154761001811E-4,0.008312147780086066,2.611247785983799,0.38695218576596163,2.2718055657236738,7.928787876515205
0.004844583512832926,0.01025152145583441,3.9446396807608686E-4,0.008133360187130697,1.8632328536905158,0.11791150730364831,1.908023694437345,7.357612206513429
0.005022183559254116,0.010470471553061363,7.843159082899673E-4,0.008292567853451095,2.2200148436808873,0.5346012591249524,2.494797774802611,7.750568062060686
0.0048790403675958265,0.010407362931431267,6.459558306212047E-4,0.008144201593575,1.8729420122015001,0.259486706401088,2.1485093142047487,7.294886213546952
0.005088549402048354,0.01093683137430405,0.001552517691410225,0.008183477574737825,1.9110209111808383,1.0512548402365691,3.0920598445974306,7.116884779797675
0.004935575551123839,0.011044461709371215,0.0016374750073356473,0.007949237441256841,1.6255046078066264,0.844297013919248,2.838910801760809,6.374886748968798
0.005039415511198498,0.010626579228399678,0.0010362804087600032,0.008264763391327432,2.0264712521610075,0.693073268520703,2.7051844700746686,7.555053984154452
0.0048930915458003975,0.010568256822442177,9.01400492494196E-4,0.008115438090447324,1.8639206206063534,0.39961494674127235,2.3549665602301673,7.101802662672282
0.005061544257832261,0.010782083680081916,0.0012951366884863724,0.00822811810385064,1.9879135193077275,0.8664351643534882,2.9054387674861526,7.341469332992749
0.004900688363621255,0.010716490314852802,0.001133074014434187,0.008071079849869068,1.7883570507242632,0.528391587999399,2.5177216510619043,6.87858278529865
0.004916107172099343,0.010876146654552842,0.001381034169841184,0.008017712245873962,1.7136032369264844,0.6789423916777532,2.683738605822341,6.6418770825667375
0.005139677443057757,0.012125517744679125,0.003137215474373909,0.007207088857719185,1.186519443102455,2.0462433609930977,3.2973779315806886,4.25883026700345
0.00490192813063196,0.011666758487783799,0.0024137269069269916,0.007437795776207985,1.2390365813077138,1.3987463701480973,2.9409602649115594,4.717212165985483
0.005046438218767524,0.0119850880901321,0.002896620163766794,0.007271449192945889,1.1885925995973456,1.8132174311284188,3.1627284323310323,4.362856159946758
0.004967096221521046,0.011829369019914852,0.0026538004141253182,0.0073516880139071926,1.2066376103410776,1.5975168494192624,3.046694657728095,4.521907628535847
0.004847883360732496,0.011501856659156711,0.0021760857999406514,0.007522230446743814,1.2805194266390423,1.213133590405576,2.8357846895217276,4.9297046631208765
-0.00506154425783226,0.010782083680081916,-0.00130821032385639,0.008226008033309208,2.2811217153508916,0.8682857536630214,-2.9041420347275086,7.331002055364256
-0.004940228005246176,0.01088091488186831,-0.0013977686234525526,0.008041337071731236,1.7150857754468236,0.7088072488381926,-2.7306646045265395,6.727390180713172
-0.0048377147912832255,0.010983202235351505,-0.001493503171493548,0.007866946869727715,1.5473856437865299,0.7549105475956931,-2.641060021855045,6.06768528760339
0.005022183559254116,0.009529528446938641,-7.837974382508779E-4,0.008292754603207352,2.5753224062616042,-0.14194939273534254,1.013414103323843,8.656593366253619
0.004822408999392307,0.009584489966641262,-6.460584058966106E-4,0.008072985549198287,2.056174787358198,-0.2669565363853242,0.9118047437980582,7.726080598010037
0.005039415511198499,0.009373420771600324,-0.0010454458915088473,0.008263821921809474,2.596288658134308,-0.19845620381070916,0.7379610270073277,8.75451891362295
0.004837554382650481,0.009419889230508125,-9.012191086699011E-4,0.008043440771187101,2.0991465261178863,-0.31801964398821414,0.6575294439758533,7.8022383188552356
0.00506154425783226,0.009217916319918088,-0.0013059216378980513,0.008226637891671981,2.6176905649330147,-0.23731955667592172,0.4567491658508614,8.833247715462099
0.004860553503389505,0.009257543043222278,-0.0011536007878585792,0.008008657592534343,2.144514132982174,-0.3517887001374466,0.40233043829934173,7.872943664349292
0.005088549402048353,0.009063168625695948,-0.0015652891255193864,0.00818118148351515,2.630438713603754,-0.2580589106883882,0.1709143621720076,8.891986759099957
0.004890556290007374,0.00909734774527754,-0.001403799773408586,0.00796801344030681,2.1883427623401186,-0.3687697675633495,0.14558735563786165,7.935043784149953
0.005244717217658646,0.008454915646326116,-0.002571745308687609,0.007922538112061906,2.8463460117824586,-0.1514730611851308,-0.983067640974529,8.915806412412744
0.005198530675796427,0.008605047553236283,-0.0023294531934526424,0.007997179315756919,2.67530076586135,-0.20608106650957403,-0.6959846327619585,8.946193070371605
0.005082163808047048,0.008484941910098786,-0.0023890812781798896,0.007762913284386782,2.351713731613211,-0.2682519707676044,-0.898489587789021,8.134206508628473
0.005120404840570064,0.008909334570059206,-0.0018239122515497053,0.008127348382432018,2.633115053787417,-0.2602058696292067,-0.11831565340079747,8.930118148247578
0.00492744228155314,0.00893970349551134,-0.001651753482712452,0.00792199375497662,2.2328286447140218,-0.36908207102063084,-0.11244917098960645,7.989419897173861
0.005157078253839507,0.008756573701192635,-0.0020832803471649733,0.008064778194217878,2.5346100295788614,-0.24322171794673575,-0.40955334303441066,8.948409205536171
0.004971142917178716,0.008786940359804141,-0.0018950899226240023,0.007872664966287664,2.2861522693746106,-0.35281067534761484,-0.3684305029883514,8.038740526598822
0.005029695001929482,0.00863821916947715,-0.002142709567231525,0.007829726500962945,2.3561969758384653,-0.31782337605842276,-0.6294324499115288,8.125460786123739
0.005125831173257938,0.008333533387513288,-0.002620855792806014,0.007673308695781555,2.327218304735171,-0.208661369189962,-1.1505421150561528,8.058076531415757
0.005295594968187608,0.008306313695911127,-0.002819617896913714,0.007837640295271533,2.8266130047232245,-0.07990151933674322,-1.2712945174082746,8.861024034585624
0.005618465515670955,0.007591233601480753,-0.004009785536423694,0.007300651966536675,2.7745720362661643,0.5389921778166142,-2.616560108759251,8.304811951467117
0.005516007103302033,0.0074468989322577965,-0.00398342458432626,0.007000964364346885,2.2562261550621625,0.49188532765580134,-2.5658822425276147,7.319287838804912
0.0056962881580212045,0.007454795807560529,-0.004243011321103488,0.00716759280811926,2.6414874784090596,0.7116794791075988,-2.8596480018303425,8.137406594949466
0.005544967222482057,0.007730047808600201,-0.003774052542927564,0.007425374792325121,2.910298901033278,0.38242670832234976,-2.3635387273089936,8.460094825736004
0.005441744308635394,0.007591980856070065,-0.0037673696043000887,0.007135903324905944,2.266759369994689,0.3410795624335792,-2.355875066697872,7.501691077059969
0.005475864446977091,0.007871104159928416,-0.003545095884313678,0.007537440113385234,2.7922083749617,0.24189301317071543,-2.102843176713386,8.59329795589037
0.005384563123354613,0.007733665801532919,-0.003567048610334815,0.007268595627843047,2.3170251849717296,0.21687005957224495,-2.159244124316732,7.705413763789632
0.005177035005939277,0.008179957383143864,-0.002855536687944442,0.0075752788401356646,2.3291729444354696,-0.13094595163649927,-1.402923144421852,7.968033011374373
0.0053511157673393935,0.008159381790995318,-0.0030689872228918586,0.0077433533202889435,2.7306058034283556,0.00949776442650279,-1.5563965930644403,8.788839042554846
0.005240705697137709,0.008029410859818384,-0.003093925030590292,0.0074793058148865344,2.3518129910636443,-0.03297922308546559,-1.6572236962121785,7.895578185326557
0.005411225499911389,0.008014263716568458,-0.0033144568024092544,0.00764160022786398,2.6145205122886637,0.11724912937746561,-1.8354020461398182,8.700988772867113
0.0053150329289931115,0.00788699644188733,-0.0033310609940467614,0.007389915490919768,2.372100968194559,0.08372860394717518,-1.9108282469141418,7.849566680173688
0.014230406772630514,0.01357220345263644,0.004685744378492888,-0.005553862322717591,1.6031405474068798,1.1132114551554226,-2.862287458936717,5.243118216849779
0.014318103949722962,0.013406550100140332,0.004540749710805754,-0.005761051547767391,1.6716062765013493,0.9786867188640239,-2.8039867453406426,5.559408283960823
0.014410293054811906,0.01319490658884554,0.004361979673091374,-0.006025266818803881,1.7250340928511503,0.8217512414084831,-2.732652354029731,5.994509499438949
0.01447066511450825,0.012829170565441203,0.004138129135111759,-0.006542482567726152,1.9462502743214476,0.6698815070030523,-2.762892749944824,6.999605783291821
0.014508617942695666,0.012672687876331303,0.003996947538782766,-0.006744945772753405,2.0252298320226583,0.561437080264233,-2.6859250623947166,7.388016137708118
0.014632632612406337,0.012563784552193025,0.003745345824679221,-0.006768139123006668,1.9347722392114821,0.36962424379916525,-2.372371938708422,7.306466257574182
0.014715105919147846,0.012403121397541288,0.003514384087232165,-0.006898563662749351,1.9566252906582164,0.22096767664102793,-2.1418386438209214,7.48402775909351
0.01475902307807988,0.012258772600581795,0.003339004692813911,-0.007037966546433563,1.9989360991678082,0.12094346015845107,-1.981517285844356,7.722102375109477
0.014563283054509742,0.013011982129602808,0.0040748667982339224,-0.006179281973558424,1.7258301535622114,0.5815130906209981,-2.467392823622497,6.158677467128594
0.014348604237135501,0.013785271579061531,0.0045058147528248965,-0.005184480927859673,1.364035311660549,0.9157446356782796,-2.492218681923934,4.546177473309193
0.01508210231062346,0.011629840660194454,0.0023383110175387357,-0.0072860387859624625,1.9164624020858823,-0.2727507407105634,-0.8415630215976847,7.7784480914248695
0.014914655116426756,0.011968604929897687,0.002876657136863353,-0.007182602921624004,1.9594184950946905,-0.10156089548347033,-1.4575825307174028,7.815250945526953
0.015038218163242448,0.011829468795243048,0.002598287105974911,-0.007151383571979141,1.8742300927476394,-0.2017428412744357,-1.1067973794894483,7.577413974011891
0.014882266996419438,0.012141303708984868,0.0030784517670827136,-0.007019770255171116,1.9058220222949556,-0.015971640439288174,-1.6428450049520453,7.524096630969142
0.014459238210346873,0.014025776060524844,0.004336848556120598,-0.004812052050995428,1.1483162841457741,0.7681744307735218,-2.1740703923510902,3.908186910725506
0.01499753324023817,0.010157039844353498,2.7130416544333236E-4,-0.008324937556985252,2.358793382717236,0.019713012833829077,1.710181991209663,9.599035951290945
0.01512795072598956,0.010236845722103066,3.7265343368327134E-4,-0.0080531894686814,2.269051946918415,-0.17363067865927814,1.3684355900211544,8.906238324434353
0.014990136311907444,0.010313910160050264,5.186595415176697E-4,-0.008313279183489907,2.7928950604460483,-0.07366122653050405,1.4151927824238293,9.687922080077032
0.015081410025216317,0.010724337053348328,0.0011374628658904014,-0.007982084948138944,2.2659800901275435,-0.3514296127475917,0.485133847496666,9.057083941770522
0.0149605844888015,0.010626579228399676,0.0010528214381397445,-0.008262569086400271,2.3998170276710544,-0.2151097021859697,0.787700302594613,9.805197827771071
0.014977816440745884,0.010470471553061363,7.802452358487314E-4,-0.008292677980199316,2.747563841904592,-0.1536996988747412,1.104409143581706,9.754763103461789
0.015125757774571475,0.01041153790873504,6.444282228313421E-4,-0.008018965480952054,2.2007849480408486,-0.26153108760128463,1.045733356754709,8.931767527750042
0.01511869895557033,0.01056420098165061,8.790823017741704E-4,-0.00798109334444023,2.2207252374712456,-0.31771983149221233,0.7711227905807879,8.933372499773709
0.015,0.01,-8.313975642420354E-6,-0.008329307732812699,2.86387515585434,0.14086394459696652,2.0131415554024263,9.490451987342063
0.015152621227321202,0.010080717882232597,1.2611640429069395E-4,-0.00802005481942253,2.203169022340154,-0.09280522629766551,1.6213018215439463,8.715209748031223
0.01499753324023817,0.009842960155646504,-2.6476655805891656E-4,-0.008325236951881816,2.717885765878497,0.2776592276876611,2.3042545300919377,9.3683249329974
0.01513673042763828,0.009930202412615104,-1.088650222359979E-4,-0.00805202674570492,2.204268285871453,0.018624352800145714,1.8951789636260938,8.707444438787121
0.015105014832529701,0.011471442639790693,0.002132620593742631,-0.007396813786872992,1.9584943814473152,-0.31602599273441917,-0.630943097292163,7.962362314214441
0.01508742687982852,0.011302991090805663,0.0019407608757849525,-0.007574355354539072,2.038235307928763,-0.34561608814986833,-0.44070828940503504,8.332906904331315
0.015261851140271792,0.011550785198115853,0.0020861063267339614,-0.007070260074454185,1.7285611452097507,-0.31539158640632287,-0.5032831438622182,7.08701574998936
0.015168228464283484,0.011157860970652947,0.0016902779907566545,-0.007544332814305673,1.9700900974320643,-0.36191315544967645,-0.1447539752908903,8.122852977678106
0.015217022677145225,0.010988096291955938,0.0014323128698546085,-0.007571894765356235,1.9740930950111792,-0.3603015203956171,0.1428507536660996,8.064251274188427
0.015189806869679502,0.010825230066062067,0.0012262619213964376,-0.007717912982672953,2.057895253654976,-0.35067352454736755,0.36864301605409777,8.359766082876426
0.015126679950729525,0.009761029639172608,-3.750483833474204E-4,-0.008051990991743823,2.273132504959165,0.15803754370243947,2.189032495943337,8.606406744769522
0.014990136311907442,0.009686089839949742,-5.160227122283965E-4,-0.008313355443858975,2.442522471073086,0.4282265010537846,2.5822786648619993,9.225656786003428
0.014977816440745884,0.00952952844693864,-7.885901910493595E-4,-0.008291902692682719,2.7817003535160425,0.6040128395259834,2.859913252461991,9.06286422902729
0.015130125141079576,0.009601101107961163,-6.22234677743067E-4,-0.008008001350350206,2.228089753291385,0.2903126932246278,2.42678411046226,8.401639777536785
0.014960584488801502,0.009373420771600327,-0.0010462562261175912,-0.008263471388259213,2.7586779399891355,0.7942610715150199,3.1250179467322945,8.888854042349536
0.015106206337733194,0.00944560199779464,-8.683601174661482E-4,-0.008003434794146141,2.226556610434399,0.4528656425848247,2.6848214129815724,8.30594171747615
0.01507935526624431,0.009275010311453008,-0.0011383270940819338,-0.00797916158863376,2.2971291515834333,0.6503278214169446,2.9575653144299747,8.152443697853949
0.014938455742167744,0.009217916319918092,-0.001292950707811096,-0.008228391133442021,2.3960574547487594,0.993000429960905,3.370945489694694,8.69837408335516
0.014911450597951643,0.009063168625695952,-0.0015654454940244216,-0.008180854448008468,2.821174347580769,1.218878563753272,3.613133588942976,8.486659148291153
0.015072814261744559,0.009115444583857267,-0.0013775735801396024,-0.007901787293907454,2.2458046713944633,0.8183948811683136,3.1493392066251094,7.88177919617429
0.014879595159429935,0.00890933457005921,-0.0018204528097902088,-0.008128048135847856,2.7919301154410134,1.4571094129875657,3.8405769699716643,8.265976072139868
0.015034569567651408,0.008968149937482526,-0.0016143405685735393,-0.007877997967335846,2.239861392235816,1.0219451284490384,3.3752064451287684,7.752617940871666
0.013422735238775145,0.006355156589749451,-0.006076029386122229,-0.005697348072628496,3.3346529281629604,7.375302451630069,4.722656711512342,2.6497181176888565
0.013575800302984794,0.006309958532911764,-0.005775035714603195,-0.0055950492972243185,2.659157990591991,6.455690280350893,4.487148002233183,2.566788814510034
0.013450247962795673,0.006208225921394609,-0.005968361358521229,-0.005429521203234065,2.712216727021921,6.7950174095399385,4.395694363251244,2.3195894075900707
0.013306558565652458,0.006249443980966241,-0.006246120699952906,-0.0055104102251001584,3.0894490542588002,7.6737094582917384,4.572511046999406,2.3644166169597085
0.01333420197095264,0.006100023368477164,-0.006128989174199919,-0.005238342608381518,2.783853505463648,7.051055105402461,4.246313835621037,2.049212545201318
0.013187119036995123,0.006147433031857423,-0.0064143329982818,-0.005313499087320786,3.04921449500022,7.953650247593079,4.399614556001113,2.0857440111575194
0.013064534716697497,0.006049224510282092,-0.006584811682456607,-0.0051007371970608175,3.3870641511778916,8.231830382599771,4.205816522679854,1.8142231479518405
0.0132145757545051,0.005988902991725621,-0.006281250221388105,-0.005032139433934346,2.7562010499171152,7.276340121562728,4.067435127085524,1.7788330928630405
0.013081679313159143,0.005898053434235359,-0.006454345753661136,-0.004847928663238559,2.7902266136511162,7.578832742523885,3.9154014439076135,1.5491632363361159
0.012938926229728932,0.005954915005069574,-0.006739855129992093,-0.00489422979809586,3.3501449436261077,8.494228257786798,3.999461858095262,1.5587300433962905
0.013750556019033765,0.006693441434347548,-0.005513099282672066,-0.006243659646333462,3.1466281032592476,6.421064684914353,5.0603165466696005,3.5564079284273102
0.013799111188862363,0.006544802819458107,-0.005411086620614042,-0.005949983468042093,2.557310327831718,5.86976874362929,4.686458927320186,3.1394687341788186
0.013750729557727444,0.0062610557656212,-0.005448923241476124,-0.0054602553079323496,2.3762928574339166,5.72890011533877,4.0547048906241345,2.338541353084644
0.013823943666856336,0.0064099271464680314,-0.0053488776803102865,-0.0056933374127845875,2.438698827981742,5.637708652431234,4.2954548101529495,2.710200921040654
0.010470471553061363,0.005022183559254116,-0.008293140841589459,-7.765697915178685E-4,3.272254718355048,9.72108058664077,-1.0374453878575378,-0.1441831043415621
0.010559662632308538,0.004863736911273625,-0.00806543547953166,-8.784967756132754E-4,2.6821873145008372,9.00438851852873,-0.6948599036394426,-0.3226329909069446
0.010626579228399678,0.005039415511198498,-0.008264015553077847,-0.0010419784441056878,3.23614323358106,9.827820182674884,-0.7283950676503549,-0.2024814043857128
0.010782083680081916,0.00506154425783226,-0.00822668885690464,-0.0013045217504412514,3.2300884634243707,9.916488165312458,-0.41487836373291204,-0.2405911021644417
0.010883909892855667,0.004910395743531129,-0.007986525619341723,-0.00138493670176353,2.7797202412246964,9.137613280711122,-0.10171944888676944,-0.3754966211303445
0.010936831374304052,0.005088549402048356,-0.00818127633092133,-0.0015642254960373475,3.244563167060541,9.983668868162793,-0.09665509067799231,-0.25838156862339917
0.01072281049043209,0.004882249987647119,-0.008027307383231728,-0.001132414906891916,2.7310691235021936,9.071337114654964,-0.3986059888278355,-0.35939159536064297
0.011985736283431544,0.00541122549991139,-0.007639669125840587,-0.003319031406416277,3.137557672172395,9.780796763329416,2.1470026627198098,0.18739343399285277
0.012111932754886335,0.005310260329587233,-0.007375831014766605,-0.003319582541250202,2.9565131977441754,8.891584828309236,2.250351197197928,0.17103906718109982
0.012128895840071584,0.005475864446977091,-0.007537333475406999,-0.003545401571807808,3.4578639009716645,9.665037895808887,2.4387555500059794,0.32887232805114114
0.011840618209004684,0.005351115767339395,-0.0077430403622307685,-0.0030697532972531736,3.3332321673811953,9.873445847622412,1.8357112817117944,0.06262411360654474
0.01198054926696525,0.005230352525337458,-0.00744496178327056,-0.003087647205717298,2.91169123598331,8.893590182307962,1.9688402675292684,0.03651779803422928
0.011043703924535428,0.0049455703768070845,-0.007939571779235809,-0.001636827099862081,2.825339985086831,9.19137324903659,0.19797443714173177,-0.3719480118766238
0.011090665429940798,0.005120404840570065,-0.008127614168382806,-0.0018225332864995186,3.2422434635992174,10.027792188778651,0.22602957614188965,-0.2557134184953984
0.011202319100877926,0.004988452838812207,-0.007887498732611008,-0.0018896135305438695,2.8779773535899262,9.236068278740236,0.5005945615237873,-0.3482323710770305
0.011243426298807372,0.005157078253839507,-0.008065926303940095,-0.0020788186498405634,3.1900175132413273,10.049355871769308,0.5513703365744392,-0.23219338225542815
0.011394952446763721,0.005198530675796428,-0.007999208712658572,-0.0023225589242273238,3.392804907740922,10.045487745599798,0.8729748885481138,-0.18805335447142024
0.011357380704723585,0.005040821411554316,-0.00783468423897044,-0.0021424392733472328,2.9289708252126956,9.287151867760857,0.804908076332282,-0.30334240453046935
0.011545084353673888,0.005244717217658646,-0.007925087251565493,-0.002563976077762138,3.5930329695851078,10.011705036679192,1.1943457780855158,-0.12491662217453885
0.011517020354076927,0.0050855788654785485,-0.007754673035633798,-0.0023915864439228926,2.9036327819271217,9.244767225590605,1.1177702877715607,-0.24159076999664555
0.01166732002900729,0.005116697704629296,-0.007650851732248676,-0.0026094391313697105,2.8612285395487986,9.103469929161607,1.3894305159631999,-0.1745099773443627
0.011693686304088879,0.005295594968187609,-0.007839045451395639,-0.0028157055848088888,3.4956032143416294,9.950412975281571,1.516778935333248,-0.04157774142097249
0.011827224909174872,0.005163734418712772,-0.007540872522170158,-0.002845215365759,2.864342606567518,8.97135810191242,1.6771324119992823,-0.08154952246493848
0.010991370762819447,0.00476093392794065,-0.007737384403647868,-0.0014534300917899872,2.5410118173166425,8.23204053983026,-0.03992308861363741,-0.3492379428515789
0.01124342629880737,-0.0051570782538395065,-0.008065221632096735,0.00208119060741312,3.1498020534308213,10.027565260297832,-0.5499877602444169,-0.22852296530868121
0.011206449565084391,-0.004991066004180272,-0.007889592008341577,0.0018976734219094862,2.8854257855641205,9.231983711755227,-0.5092075834675082,-0.3495773345486067
0.01139495244676372,-0.005198530675796427,-0.00799791959239353,0.002326693012740265,3.3249788356879066,10.02683564314173,-0.8696053243635617,-0.18370989973144694
0.011352579549392028,-0.005044329903075615,-0.007844229015690833,0.0021388660513343345,2.950357971041516,9.297536995760469,-0.7971990982011848,-0.30596991181747785
0.011545084353673888,-0.005244717217658645,-0.007923406226365752,0.0025686795594837383,3.5670516675235437,9.995047603779135,-1.1916320854812967,-0.11927189299147373
0.011515195719462239,-0.005095340772928954,-0.007768806402231349,0.0023976533737903754,2.936218617444282,9.281966012584185,-1.1191985121961514,-0.24162134498996637
0.010313910160050264,0.0050098636880925584,-0.008313833128891958,-5.108678079615662E-4,3.3708222788251927,9.601690305950214,-1.3420498898923394,-0.06621558336444515
0.010396544929999044,0.004858036485491894,-0.008104445941502168,-6.252847191633857E-4,2.6354635131132134,8.950438056635571,-0.9900424201724601,-0.26406563371071706
0.010157039844353498,0.0050024667597618295,-0.008325420867286375,-2.60923123927341E-4,3.051544138816952,9.462340138428395,-1.6322291542654377,0.026944033428675875
0.010243671464269292,0.004867630157746587,-0.00814517503543554,-3.8670763676925535E-4,2.6491148711086034,8.92840275485866,-1.2728625298350484,-0.18650914317451953
0.01,0.005,-0.008329364152871572,-4.444442446480685E-6,2.879536598466568,9.29834174216997,-1.9122617062638163,0.13672582820551926
0.01008278382308595,0.004861691192212358,-0.008152028580675513,-1.3138380459803837E-4,2.6442546104304268,8.785809427227456,-1.5502461704681503,-0.09750910056712984
0.009842960155646504,0.0050024667597618295,-0.008325051374188389,2.675070093181297E-4,3.079471291128943,9.116991647287845,-2.1893266313324413,0.26814970954746786
0.009921891524605101,0.004852421456208136,-0.008140613862036253,1.2332175617420723E-4,2.5444208655437097,8.588872783431102,-1.8045027601393195,0.001132434474642287
0.009686089839949744,0.0050098636880925584,-0.008312717720113839,5.280282378867362E-4,3.0465028998417005,8.924770662755899,-2.4537323090932763,0.4142517004873903
0.009766101657254422,0.004867076224133061,-0.008145591738751725,3.705007268223917E-4,2.487136444404802,8.470018792039774,-2.0629931516353026,0.12445395386969245
0.009594375046447726,0.004886677151906112,-0.008138436789946352,6.446326301204871E-4,2.498210797229094,8.304482759863783,-2.342135903865623,0.2814412529603402
0.00952952844693864,0.005022183559254116,-0.008293208377808994,7.756774758150591E-4,2.602618546984353,8.719841097801332,-2.6996998784954136,0.5698628297109852
0.009373420771600327,0.005039415511198498,-0.008263227409634389,0.0010473055980148504,2.8966586310777207,8.494287866389968,-2.9406077170914595,0.7483732859060005
0.009436747090854198,0.004886122546239124,-0.008093719692756034,8.908086737844826E-4,2.4062329267837375,8.038747264344787,-2.5444738322968505,0.4143150615966021
0.00921791631991809,0.005061544257832261,-0.008226765894044367,0.0013037137866939764,2.7750379990587795,8.260359211648458,-3.1652691880915853,0.9374884241661174
0.009285657633468383,0.004912990553319032,-0.008071829186282997,0.0011324996844830988,2.34572682166506,7.871611142479483,-2.7653810710242017,0.5769328579637314
0.011172703825138007,-0.004808358819873787,-0.007686580945750434,0.001725843528316766,2.582648012002086,8.312940160833223,-0.267455604249496,-0.3424478264701911
0.010998039704525083,-0.004768341511416426,-0.007745280030257943,0.001468632530067184,2.5541885539514104,8.271181441369718,0.01954458627131406,-0.34970595475412786
0.01031391016005026,-0.005009863688092558,-0.008313490675482742,5.14392177477653E-4,3.3456050355223645,9.578304858883445,1.343143891486547,-0.06047456753922698
0.010399192137934892,-0.0048644911546280355,-0.008110879977299206,6.307744449378343E-4,2.670222454834373,8.961754650610231,0.987543497551628,-0.26449476856485915
0.010243308776952847,-0.004870550592412386,-0.008148394140639866,3.8706445762544617E-4,2.6503450875744226,8.924872110817349,1.2721972692112764,-0.18757563017143977
0.010157039844353498,-0.0050024667597618295,-0.008325341862510069,2.6150727773560574E-4,3.0482178084868097,9.435671349412525,1.6342769229076868,0.03361689240062885
0.01082095158923522,-0.004747162012507511,-0.007810233906436107,0.0012134535292731687,2.538658566431733,8.27460569859794,0.30081982295619514,-0.3397863192739033
0.010655641216190946,-0.004783380575389139,-0.00792512843525358,9.92188547759641E-4,2.588832061007713,8.520823171755058,0.5527647116172063,-0.3192446041818017
0.010500010134431519,-0.004708219812609228,-0.007881797374250508,7.413246374647883E-4,2.4472801673088593,8.134543323172709,0.8119436432703836,-0.2700703885742528
0.01,-0.005,-0.00832934870861332,3.2069979799777453E-6,2.9087532327353656,9.272484700748425,1.9146441383081694,0.14405724983884027
0.010071253100016806,-0.004864012990759174,-0.008155577012735496,1.1434584266074826E-4,2.6339343712501004,8.77064482755663,1.5677738322955401,-0.09194979872554564
0.009842960155646504,-0.0050024667597618295,-0.008325049813587176,-2.6924069718476464E-4,3.1927068539965666,9.094526141364737,2.1935263135243126,0.27694013839278014
0.009910778983695294,-0.004856859353132247,-0.00814630259514215,-1.3941230729975918E-4,2.5309180877457718,8.581406198914065,1.8213696922732459,0.008236111924404996
0.009751826053089115,-0.004876268704037175,-0.008155700695155003,-3.934049832179463E-4,2.51262193864708,8.474885660300913,2.090576987031103,0.1391826731455622
0.009686089839949744,-0.0050098636880925584,-0.008313242286214806,-5.19063928080229E-4,2.7891893161102126,8.905850802034918,2.45371055642976,0.42019857841500624
0.009529528446938641,-0.005022183559254116,-0.008292737313825196,-7.798795544921893E-4,2.750124626510465,8.696423049068791,2.7021322037247395,0.5795155429198615
0.00959067845875762,-0.0048793812111925135,-0.008128480244976253,-6.482317951646014E-4,2.484923095310968,8.252995881225408,2.327586502008216,0.27122840608504517
0.009373420771600324,-0.005039415511198499,-0.008263153607559765,-0.0010484516832271141,2.9385549987324935,8.474001757430466,2.9447312208064473,0.7590767198263221
0.009433271357845848,-0.0048877225086568065,-0.008095148386779728,-8.953154109102396E-4,2.377313130769478,8.02648813194653,2.543692694904903,0.41219039700769783
0.009274753951381954,-0.004917760154935383,-0.008073689185520247,-0.0011504667177636987,2.3496097932189888,7.854160191111235,2.777920188536333,0.5863535409299457
0.009217916319918088,-0.00506154425783226,-0.008227666663671586,-0.0012984760662252716,2.6619340299379357,8.246470964169461,3.1699420470163324,0.9465763620651811
-0.005475864446977091,0.012128895840071584,-0.0035573025174922327,0.007531585864100234,1.8777177057562209,2.8625482701315774,-4.078320545599836,5.104430122219355
-0.005381167448833906,0.012255947420537759,-0.003554625738408915,0.007285840180321398,1.2777152658222153,2.5720127776777146,-3.7866025220350643,4.574588964450288
-0.005544967222482057,0.012269952191399801,-0.003789449644103097,0.007417627145786118,1.8733075761350124,3.1240245288937403,-4.140962135697111,4.841837182142024
-0.00541122549991139,0.011985736283431544,-0.0033136071669657204,0.007641898700364108,1.7803387679794949,2.6064362135663686,-4.002721073572473,5.366841345507158
-0.005301863742827998,0.012126866825360098,-0.0033313140688201112,0.007369210126491902,1.2930731404324407,2.321008854463686,-3.691179115662411,4.755569093944671
-0.005351115767339395,0.011840618209004684,-0.003069873996446889,0.007743102844498584,1.7903159338358965,2.360735440965996,-3.9158020057434766,5.628723856442079
-0.005230286664475793,0.011978827797560607,-0.003093459341288941,0.007469270622254157,1.329623011025082,2.0781217273182153,-3.6004011697727907,4.987049778711879
-0.005164995613388176,0.01182747356102499,-0.002854106091927579,0.007564574091672356,1.3608214398560572,1.845082856827552,-3.4988408304781093,5.220384625655118
-0.004968034589846894,0.011810366202091804,-0.002635456243451465,0.007371300405068295,1.221391533521522,1.59005610234341,-3.0598476229421103,4.579662029204704
-0.004805993787715828,0.011140850602806278,-0.0016898522492583914,0.007737774911479253,1.419747666007671,0.8758313594829242,-2.6721650648410358,5.603933215570291
-0.004818540732366662,0.011308472275503979,-0.001916017316974803,0.007638417292896302,1.3504054770682867,1.030433496058951,-2.754306287955897,5.278843347453069
-0.004904991554222035,0.011649403033879421,-0.0023976273154420907,0.007456236703691722,1.2534780275470965,1.393193637245863,-2.9553173769335968,4.77708409405497
-0.004855310010280619,0.011482007708558563,-0.00215875347425349,0.007545901715402971,1.2963027370496254,1.2078190600879184,-2.8552589067574754,5.010185671194709
-0.005469310074328362,0.012398875327065432,-0.003798307076975463,0.007178812993197528,1.339457934190432,2.8560835797886273,-3.8702093344290414,4.348258905312018
-0.005618465515670955,0.012408766398519252,-0.004004625664475876,0.007303629338030511,1.3617105029247767,3.3831569312541045,-4.188465857647536,4.578948662096098
0.005472478905784273,0.0128289110769743,0.004090641106560099,0.0065706689158326744,1.0555091788297288,2.975051424742293,3.334000328768158,3.052783498600571
0.005068372109711736,0.012310817820225212,0.0032140412580515263,0.0069233279942965634,1.0198752162575684,2.0445144693491133,3.020046577151139,3.5489527689991816
0.005290810508597325,0.012717344830188979,0.003777799349413999,0.006590952397400813,0.9900869658076,2.5823389796863907,3.0997951566338706,3.000404928156708
0.00514618287042266,0.012538788794350745,0.003477335376175472,0.006711337652608771,0.95969063753354,2.2666284094245897,2.991247002866418,3.155334467391734
0.011665149296043686,0.015040634882143942,0.007321712932942966,-0.002419210999168715,1.7140946953485707,5.4997884126823555,-3.4606025667248024,1.6742906936520823
0.011789944209660494,0.014930095485960299,0.007365619085265574,-0.002673541413266419,1.7931721159162333,5.584422664841115,-3.7058000195370497,1.935112561996112
0.011951636790981192,0.014923910270643699,0.0071903665795456815,-0.002847676579889489,1.7105738718719012,5.1613458672920425,-3.6988391219214987,2.1085314855914565
0.012114530504427172,0.014869928062773305,0.007070486345274975,-0.0030683858461932503,1.7170621828737171,4.884925600025692,-3.768045748664433,2.3393033253995053
0.012891127589256396,0.01467701331249557,0.006239874576127052,-0.003852694519200206,1.5126446584952904,3.2036357607676034,-3.5300770596234767,3.148708555139953
0.013379566763587446,0.014337119827570199,0.005780839724366786,-0.004505073172284656,1.552680867316937,2.466027742001099,-3.4750173674600684,3.929243534725956
0.013214327629537542,0.014487496967564347,0.005928679690789315,-0.004242428211027618,1.5022037952309104,2.6813361358180043,-3.4617669574905,3.596295519374373
0.013048817292500087,0.014600340846532346,0.006081427199031308,-0.004026044025742405,1.4971049500044058,2.932202943997947,-3.483147157620244,3.339614978250426
0.012727090139660696,0.014767528645604518,0.006379540571549657,-0.003645093568036607,1.5189588107733207,3.454936186440239,-3.5266239908728916,2.913044808052391
0.012336175516591528,0.014935338458182115,0.006704190423382119,-0.0031672777209068585,1.526732082650614,4.073294898830782,-3.4941505911494426,2.4021587100006694
0.012570818072602878,0.01486421005368368,0.006485183767454174,-0.003422948916588449,1.4979552656451778,3.6494332088576793,-3.4734674720231062,2.661244393779798
0.012884706215501196,0.014844013637348502,0.0060880042401849745,-0.0036186000176456476,1.3660917171096914,2.951329588947491,-3.239795726527254,2.821438395082769
0.011677339844287428,0.015211903215551367,0.007040283710368908,-0.002266114680362506,1.5270626418576876,4.818786838773445,-3.111143518726013,1.5196215386062784
0.01150691657590397,0.01527045301445714,0.007098096717394891,-0.002030673503414605,1.5025521223159155,4.973229906804726,-2.9784531059004853,1.3141411388987612
0.011190687983331003,0.015205658101782087,0.0074561144958935665,-0.0017059844799276519,1.6537604933852135,5.894517273568121,-2.9683696033579667,1.0466446227923143
0.011340168512758875,0.015336828925788498,0.007122460832060466,-0.0017893180284116199,1.4801568597502912,5.062031648260085,-2.81207711618069,1.1103852199394824
0.010336813515527966,0.01530122547902059,0.007689270796372508,-4.8829858194517E-4,1.6448253031228603,6.746267897568765,-2.0494090783100556,0.22558645612071956
0.010509179327086438,0.015288062147504729,0.007668368326000278,-7.380997268646429E-4,1.6509817216988065,6.628103010220209,-2.2614831961146162,0.3658158399871642
0.010659099451184869,0.015219611184193738,0.007742299666168813,-9.777030950938674E-4,1.7258748328331641,6.763177623575982,-2.50479219146383,0.51231455949804
0.010824197411947255,0.015255554760368863,0.00759589322200166,-0.001189808344641619,1.6368589561325317,6.330876062425933,-2.6204072971673233,0.6619482381791918
0.011010539909367968,0.015246494413326966,0.007506133980744976,-0.0014455309018572401,1.6367659527181149,6.056533937082926,-2.784765761879464,0.846333014798705
0.010253666685627886,0.01546204589442976,0.007401795794474937,-3.4438094993272035E-4,1.4671127157126762,6.02962047348372,-1.830601062295966,0.17015640572790436
0.010064362463595385,0.015470661545399236,0.007403169487046129,-8.922628830569972E-5,1.4618767989777146,6.111857663080207,-1.61936712099977,0.05013466371862352
0.014070200379073418,0.014293556245311475,0.004799185695484174,-0.004558104649567698,1.2179012333845594,1.205526557474009,-2.5045600073599434,3.7002109667857295
0.014310082660348295,0.014190780073837912,0.004508725242321974,-0.004642927551661224,1.1361793373546456,0.928900741408457,-2.274732313053979,3.7243390425499414
0.013674790596128547,0.014467053669966978,0.005268602170333256,-0.004341364496185613,1.2974006790130714,1.73866601636481,-2.867421627959244,3.576491061664791
0.013917365830429457,0.014505522948782535,0.00493004099360856,-0.004291345847299209,1.1120134502888201,1.3480249288846637,-2.51645827796915,3.391865396940248
0.009839124582140202,0.01545832459286674,0.007418340124647397,2.1609284738989242E-4,1.4511091776395646,6.249655051848227,-1.36936798903027,-0.07397839330676537
0.009640864363208938,0.015481981625388386,0.007343471341609787,4.7885191002082717E-4,1.3935111713381205,6.164654060350826,-1.135418572886788,-0.1582038752918934
0.009153855013954786,0.015189630371256839,0.0077016539153051235,0.001253548030105771,1.6172864273384147,7.394098063778825,-0.4184833310496316,-0.3423389610172506
0.009301869792369674,0.015289250706886536,0.007587239551348892,9.98940852882941E-4,1.5314735532881298,6.976457090376208,-0.6775552176468043,-0.2982920081664515
0.008697716586114382,0.01508542854208566,0.007572035606878538,0.001938704962724597,1.5771658403589262,7.366826418276912,0.26953406460543367,-0.3548357979981263
0.009006121054250598,0.01520043661847957,0.007593128009818907,0.001448725875067801,1.5636849013890204,7.191887468959824,-0.23056926181728685,-0.355573935911008
0.008838681568862248,0.015168050074779688,0.0075353443012203215,0.0016930584353783372,1.520060649328993,7.153794962645434,0.0052399674304690275,-0.3625277061081893
0.009427481678169378,0.015476825810536046,0.007294033985178506,7.585837300999259E-4,1.3873277836710274,6.158488799794584,-0.8855271852098113,-0.2343793645848807
0.005717678771535905,0.01346084213915917,0.004638085434492615,0.005771695059717283,0.8998774566834448,3.406367131688708,2.8229540731373977,1.8265917641245755
0.006001321618850493,0.01353529907724727,0.0050861303656326825,0.00576526058509788,1.0697458422885324,4.100644219574484,3.164182614939609,1.933220768571368
0.005820422098523358,0.013583877351141808,0.004798841947126959,0.005624416427823394,0.9146621543254049,3.580056134679324,2.773458485588257,1.6576679225934827
0.006112758260268753,0.013661609849135661,0.005256989829719019,0.005592489805923973,1.0780598465620874,4.303090997723246,3.0885660837992357,1.729574569818303
0.006236315571709585,0.01378170983541681,0.00543638546880272,0.00542084597290111,1.0950134818283004,4.529491397672374,3.021829817727909,1.5452757652600415
0.00559855142158848,0.013335774890695963,0.0044446571461489864,0.005904076317958778,0.8919350737660202,3.1839847445733507,2.8296189975302695,1.9776303800014008
0.005424076483509688,0.01303464562309839,0.004109159905869805,0.006242941099907379,0.9083923510388248,2.869114256616641,2.954436652980228,2.429712191483049
0.005480875234665913,0.013227234131709668,0.00425164371542692,0.006001682083267863,0.8664008021535506,2.960288970592183,2.795926620361023,2.079269919004984
0.006370118541282344,0.013885789830046697,0.005625911951532847,0.00526390336664996,1.1294522730009435,4.793119650808996,2.9814689485044927,1.3952407650851415
0.006529692301198696,0.013941281441518774,0.005870591664205898,0.005175426851233822,1.2036997676853478,5.208491858893061,3.062615137598739,1.3451777784905479
0.007127259826579638,0.014484186580114303,0.006447247127768104,0.004133420317610774,1.2227424295706586,5.834250850637389,2.2004853907215693,0.441944787749546
0.006994279948396355,0.014382128935406874,0.006334743354883632,0.00434987922477302,1.195413783261596,5.7129117484846,2.386284679324048,0.5978565303689011
0.006906535310880738,0.01424430132222005,0.0063104833269947815,0.004603114634740614,1.2506447884539478,5.794829509005381,2.6772197012441765,0.8199054458400546
0.006751486386078801,0.014197317761130954,0.0060908329868543986,0.004719770790801835,1.1841950978964284,5.405860157984343,2.66528158131316,0.893350102932529
0.00661939305695718,0.014088903130182585,0.005941450063395005,0.0049218363536809645,1.143373212018422,5.215783312173941,2.7998435597668094,1.0698123958874624
0.007087011975572449,0.014671942910273308,0.00620235102324086,0.0038733618386328707,1.0607216826794017,5.1821861830165625,1.7597083040157333,0.22679475665237134
0.008525797344238834,0.01510290781647259,0.007390437174893878,0.002133056216815699,1.4912109445759187,6.995064754973941,0.4335986619309859,-0.3347636713382129
0.007716597599557614,0.0148537688135607,0.006858173705682755,0.0032252226793310222,1.3147673690132617,6.259647005048978,1.393468677141361,-0.05159186280174872
0.00835833517198697,0.01504781950818473,0.007319367235594817,0.0023802290616144433,1.4534890722092675,6.937307140473105,0.6711912684416915,-0.2975876645725122
0.008225168321148082,0.01497205616930545,0.007301462308020123,0.002605306578779022,1.4865817142763833,7.003358785031393,0.910055631472898,-0.24634543271267112
0.007892999138780405,0.014919423288255622,0.006991386518972941,0.002992003999766741,1.3614486720402892,6.449045119479936,1.2028199742436179,-0.13675913902824324
0.008074116485603659,0.014963454551492365,0.007143852584476792,0.0027688140191448924,1.4251654066245685,6.699569920502991,1.027782717416182,-0.20458798278076484
0.007221280476848253,0.014781773935738304,0.006278959620813243,0.003652710603901745,1.0688237997575243,5.2321317418267235,1.5702581819449486,0.1064854075886985
0.007368735389929454,0.014890358947623535,0.006358048668878006,0.003423000355513545,1.073062173124322,5.284203473461418,1.372867194396058,-0.0032993892356630223
0.007535698367216109,0.014992197461147086,0.006452860328777155,0.0031841913172674925,1.0925452178026183,5.365402922806902,1.17487654970511,-0.09863030490958712
0.004609914841998161,0.009646693678967441,-5.06730808304902E-4,0.007830232590987639,1.8115822428893207,-0.18440281088783886,1.0056783740006017,6.593875978212204
0.00460719824947028,0.009826195638250481,-2.4953503717114377E-4,0.007854202772688735,1.7730231534986258,-0.11291696739728928,1.2226536948552458,6.520447497871982
0.004651138323538068,0.010185518556373898,2.7267128160783253E-4,0.007906983012953691,1.7205890801364754,0.07201382148660194,1.6648404244773667,6.471435614643283
0.00462045744954826,0.010007498421453794,1.1742483253491008E-5,0.007879234326392889,1.7418151688340628,-0.0274019212595315,1.441924501398377,6.47664461819832
0.004803028897183437,0.011334658218448678,0.0019377703967680925,0.007602704953588128,1.3283681899510524,1.0371486950072872,2.725599703741374,5.153232823491155
0.0047696836733872195,0.011164268511231997,0.001697650985911725,0.007682203264943044,1.380754856108003,0.870254061064429,2.6121665824786926,5.3992300195004015
0.004701082679822628,0.010357316458605478,5.330303974935851E-4,0.007941077837745543,1.7088434155896441,0.18774257305676859,1.8978926493297401,6.515801526415065
0.004777798017304559,0.010498541287920275,7.611645273017428E-4,0.007998661082259427,1.7302653599475726,0.31049874824854934,2.1320186164513046,6.672098484454007
0.004750033625087031,0.010992070367058158,0.0014576973790769731,0.00776243267209924,1.4506315036828772,0.71258853830136,2.4964561996905776,5.677325632556954
0.004739131161964468,0.010648573586963654,9.69412386397403E-4,0.007905240944526062,1.5957520531000589,0.42152848186896136,2.229743623186209,6.255400750545636
0.004739718806827812,0.010819264683202767,0.001214087827593084,0.007837046782997894,1.523902190370835,0.5622168669827997,2.3684681482799266,5.962984044819289
0.004686084421689411,0.011646244430264359,0.0022025843275972385,0.007232861148850211,1.0672949615125609,1.1640298484767506,2.547883757923739,4.077980930346
0.0049360094093037505,0.01214965119374811,0.0029300071979629122,0.006986345496377932,1.012012555030794,1.76499264155248,2.8569243040928396,3.6175912729842836
0.004750256143990455,0.011818508243310934,0.002435021586486018,0.007144170052253598,1.0353413317550826,1.3408921730338037,2.635868712032511,3.8894525011750543
0.004830597298528528,0.011991717224800367,0.002678306913318643,0.007053900422568481,1.0088595110055925,1.5390151884873695,2.7305393495215413,3.7171145010016393
0.004633478324549876,0.011472183801081323,0.0019729379230384605,0.007318771926714425,1.112605217475971,0.9997536239585024,2.4587346435095263,4.279230450796066
-0.005039415511198498,0.010626579228399678,-0.001036930093198407,0.008264543285369566,1.9994568161893167,0.6896947657218838,-2.6996211639207623,7.542955686893047
-0.0049037485142506415,0.010728242160624471,-0.0011505502360411434,0.00806825113858257,1.7488637115913155,0.5392796996330103,-2.5357773680106344,6.874193263757104
-0.005022183559254116,0.010470471553061363,-7.803075040730851E-4,0.00829285014206125,2.121570392552392,0.5311325635035451,-2.490145376459269,7.741910873381616
-0.004896123988805056,0.01057250435342844,-9.088609097567486E-4,0.008115740318137943,1.8690183576410624,0.4042265373156706,-2.3681356733312993,7.109875718773197
-0.004886089128600762,0.010398397113914212,-6.337120188520852E-4,0.008151862337558186,1.891312486129628,0.2565676358171143,-2.151976405923159,7.334590507782793
-0.0050098636880925584,0.010313910160050264,-5.334500011093983E-4,0.008312285698637279,2.58923159363762,0.3847273918480845,-2.2679331978934405,7.926446206900953
-0.0050024667597618295,0.010157039844353498,-2.550521375120013E-4,0.008325392050028493,2.162598974063925,0.24604008621819973,-2.0283716106919805,8.102276551817962
-0.004856323497293778,0.010243969766067758,-3.8475276721683117E-4,0.008144553637996772,1.9080412332558916,0.11921730877446923,-1.9178792807802167,7.409087104462977
-0.005,0.01,3.2758906318797448E-6,0.008329448435116817,2.3278464398026895,0.12987860990459274,-1.7890922291050961,8.264654193646379
-0.004864229166151781,0.010089362143932183,-1.4127560710114613E-4,0.0081677344215908,2.0383826868238164,0.018613992890804464,-1.7172621265068926,7.611893249950708
-0.004869670252553059,0.00991886869872955,1.2989272318284344E-4,0.008174600539033202,2.0580345039273884,-0.08483722675232631,-1.4714886818739108,7.784365982590159
-0.0050024667597618295,0.009842960155646504,2.538890316543956E-4,0.008325533251714458,2.6794742671373384,0.027421842919333222,-1.537559119748807,8.408505517925237
-0.004762293024767567,0.010836143766800218,-0.0012482533851783607,0.007854534595144624,1.5520213568659245,0.5870859587261338,-2.4232179178357254,6.0402839910906465
-0.004626505033976844,0.01100975762396168,-0.0014139641033365236,0.007612246677427707,1.3327891313060254,0.6552186682288096,-2.3148764874765955,5.161668889319597
-0.0050098636880925584,0.009686089839949744,5.254033911047457E-4,0.008312762306445275,2.4278854193973536,-0.06361098768364448,-1.2711020221699139,8.538249386841334
-0.004860531480736546,0.009758404555776173,3.8353596163411083E-4,0.008148816201365676,2.0799228055098777,-0.17629238543687745,-1.2183254128826688,7.8400317222446665
-0.005022183559254116,0.00952952844693864,7.833364233700999E-4,0.008292567298714892,2.549336820895677,-0.13496536575846527,-1.0042168495175665,8.65229317523608
-0.004876537147353929,0.009602832344018306,6.304772697458011E-4,0.008138600093570736,2.1705984172394506,-0.24009319528256615,-0.9821849288235797,7.969475717810638
-0.005039415511198498,0.009373420771600327,0.001033462960827935,0.008265139176930109,2.8257780055116637,-0.18988776123254578,-0.7308981261935062,8.746775798574724
-0.004894258586457268,0.009429456994107651,9.054777523808661E-4,0.008112071591949791,2.1896608665047315,-0.2977799175180173,-0.702741941827865,8.070392490769839
-0.005061544257832261,0.00921791631991809,0.0012963196096179297,0.008227919406963805,2.7476786934313857,-0.22962720410488183,-0.4481263102021084,8.819563349217907
-0.0048977327215886084,0.009272682797976783,0.0011475488941531575,0.008058065047481173,2.1785238425212508,-0.33949896315259603,-0.443177023058912,8.05626071491197
-0.005088549402048354,0.00906316862569595,0.0015586750880626254,0.008182271603380272,2.7110956809384152,-0.2514046916353176,-0.16271526789447355,8.87759141844098
-0.004914411492679418,0.009111561010909895,0.0013963885501717072,0.008002767135044215,2.213372525468447,-0.3627456343481407,-0.17767193089511132,8.060541816932416
-0.005120404840570064,0.008909334570059206,0.0018182493576272456,0.008128512351525272,2.701122476648438,-0.25457922148934825,0.12513272070497256,8.91769199162264
-0.004943071852874029,0.00894871025371332,0.0016491195356938065,0.007945600014448884,2.249457752472821,-0.36681594855695815,0.09228937009464587,8.073918765558673
0.00577835898009388,0.0073208682191713715,-0.0044716743131126765,0.007027322570513947,2.454156856860436,0.9008288084710262,-3.0917722461948167,7.957690316851441
0.005604591744521332,0.0073058168562098735,-0.0042081156848188936,0.00686984553577569,2.264298557235747,0.6669836426289536,-2.78342498583884,7.162813864679863
0.0058645967077086796,0.00718958373010223,-0.004683302324486598,0.006888147155006216,2.616574342112747,1.1025633693246286,-3.306117415914217,7.764429759405071
0.0057047643853719125,0.007178157656467921,-0.004435056349741632,0.006753534417854887,2.2819296572005805,0.8638424970288551,-3.008081935977323,7.056771062470113
0.005954915005069573,0.00706107377027107,-0.004892482808967349,0.00674105368929039,2.7450727483933157,1.3178534501912684,-3.5079589653571497,7.547172398610136
0.005801150169367373,0.007038725676682252,-0.0046546449795502485,0.006602536168982703,2.214177076851927,1.0725918193295365,-3.207553165273961,6.850350613126466
0.0060492245102820915,0.006935465283302502,-0.005111230046663233,0.006576798494662225,2.3262831882240294,1.5480574295769187,-3.6990637703402593,7.312345988841611
0.005883959731325644,0.006908418557506485,-0.00483808040111363,0.006443540728225154,2.183657219068032,1.253812534390817,-3.3483982316520167,6.602398856807625
0.005992920403740761,0.006793570781391617,-0.0050502235808577815,0.006311732562948071,2.180689876459072,1.4850178939901484,-3.538323292000943,6.46464206066888
0.006147433031857423,0.006812880963004882,-0.005303963844542159,0.006422396505819609,2.7518211364792076,1.7839872268999448,-3.8677318061221455,7.074845761696381
0.004624920654591494,0.009471825027942691,-7.577668096640988E-4,0.007804265425854956,1.853744042037054,-0.24169807835066356,0.7895372298453336,6.680979786805516
0.004648345048090242,0.009300998028156256,-0.0010038722804618465,0.0077728054005597735,1.8949515500655798,-0.28501055561624944,0.5720143758383975,6.765657456946058
0.004679750174859766,0.009133582524506498,-0.0012466384251687524,0.0077360280006359425,1.9334391615805604,-0.314842635178137,0.3512697537948674,6.847290052853687
0.004720951362374303,0.00897019873344094,-0.001487230476905078,0.007696972195007984,1.9712615662490893,-0.3312936587118997,0.1256376197466753,6.936443972535977
0.005411071571526305,0.007293363640155629,-0.003936324102784722,0.0066967009093082406,2.0360238544003226,0.4151522948476694,-2.2584372915364317,6.439066366701149
0.004937515570768074,0.008509395474495437,-0.0022321939572754967,0.0076175945418901865,2.154305617265934,-0.2906283281036926,-0.6534515364713499,7.448829640272021
0.004955627433528426,0.008368805224414627,-0.0024179808617403515,0.0075154121589896825,2.134933447973587,-0.2545522702656871,-0.8260284406048016,7.292017013648952
0.004770871657144895,0.008810156588774473,-0.0017267016491231619,0.007655398575660918,2.0134954160713936,-0.33380315078797335,-0.10751774979308636,7.030309958811732
0.004825332033090629,0.008630765199821377,-0.001992595062135813,0.007588885397116059,2.0324558912914266,-0.31902413977596655,-0.3700458507529868,7.075399165797878
0.004994320290943252,0.008207975390285642,-0.002637153502198043,0.007405367543915658,2.1210320108949,-0.20040384815014126,-1.0328469323301412,7.160679261598273
0.005324659121277733,0.007444558632506689,-0.0037205473174527002,0.006831448879903551,2.0588354025363516,0.2764123555277771,-2.0649813097179233,6.5894235516697135
0.005262857798742366,0.0076062423268993306,-0.0035184593711076215,0.006987474663405868,2.106326817401106,0.16405203519656422,-1.905214504410574,6.82423688070758
0.005239161668823007,0.007757311373414938,-0.0033604303205710456,0.007153659995290081,2.1769713834563005,0.08860653996576508,-1.8040291974995504,7.149246194107503
0.0050529283142711785,0.008043642629965061,-0.0028708635873856037,0.007297982934549398,2.115585746532975,-0.12772508997121054,-1.2600073649898051,7.0685426031073675
0.005129713439199443,0.00787605187150534,-0.003122142843589262,0.007187585251066184,2.091129363256233,-0.03164335381064223,-1.510590982202732,6.998327652648501
0.014462556039332955,0.013616324902626282,0.004342687524831663,-0.005369958721811217,1.4003940790621403,0.7737517540526206,-2.4058258970816166,4.785744032766531
0.01450124020672759,0.013392745158615034,0.0042653150386996455,-0.005666479453025549,1.499448825785348,0.7155973820196728,-2.4476357770896318,5.2615431870093134
0.014657713645335479,0.01325207376388782,0.004014362825582714,-0.0057575702286783515,1.4893899537058408,0.5167222723538226,-2.2156834058329333,5.306884938403223
0.01467572859903067,0.012783052898490884,0.0038099571212985026,-0.00640603180939135,1.7619401233673353,0.390123239300728,-2.261605798638403,6.503091574592434
0.014826014262728782,0.01257603687531126,0.003482723975521474,-0.00653113001306396,1.7384112252855182,0.18242598107778085,-1.9298832891060105,6.5974655814058165
0.014901789501148028,0.012352455285727601,0.0032283589365315305,-0.006730678355299562,1.776423811015354,0.04842324442877787,-1.7135203634486704,6.919362594230631
0.014782555577590294,0.013026698844337402,0.003769239526402532,-0.005966561513994449,1.5088773611345376,0.3420706123268678,-2.026524878501382,5.578972386508823
0.014607985208561032,0.013842419436521798,0.004152616291816256,-0.004991164382666307,1.1609732927324925,0.6074203537116584,-2.0592447688368094,4.10530632063464
0.015234972235498877,0.01173365152429108,0.0023038867872550006,-0.006947516238128781,1.6932710047367034,-0.2755536023082994,-0.7249273497195762,6.904768110544899
0.015387489182747372,0.011651362413593599,0.002085480629046002,-0.006791651546752676,1.5539891878829235,-0.31412550703216313,-0.4544018406308937,6.396525883818885
0.015094688567642733,0.012059436526131973,0.002757742584298894,-0.0068198431540589044,1.7031361712524207,-0.15275051823460897,-1.1958810089837384,6.852296598270194
0.01522108974732302,0.011913619311149901,0.0024926876026568554,-0.0067960007579572325,1.6350631738432244,-0.23241418241446105,-0.8993720405148504,6.648871277401129
0.015112260813588305,0.01226916494975637,0.0029112516782965653,-0.0065626275959631275,1.5943582821458928,-0.10118521711769975,-1.286957295621554,6.338594401742607
0.01456377756021104,0.014291882140294199,0.004173062160597732,-0.004442430635896706,0.9407371945308585,0.6300011620948064,-1.899236105993214,3.3704647919660617
0.01471381487305235,0.014110478485487344,0.004008462863233578,-0.004614317779879461,1.0149844914915913,0.5020320932796815,-1.807583550851793,3.533321597151003
0.015299777881642308,0.010167911443271442,2.467656430231058E-4,-0.007717663904509742,1.981102737279487,-0.11766170689313381,1.4241779591599057,7.91221612039629
0.015244463441871019,0.01032856383390243,4.89541629538724E-4,-0.007801164192309663,2.0599606023923167,-0.2039457563698778,1.183181367442119,8.248496287046095
0.015261989792878544,0.010660245941393169,9.616311704808614E-4,-0.007660742173260799,1.972336832902925,-0.31080351178063625,0.6624785725897042,8.073203983615928
0.015294646060085413,0.010492546798849386,7.116472123182526E-4,-0.00766093647487793,1.9821841318654416,-0.25817353356465156,0.9280570910623386,7.956735549839819
0.015307628525157786,0.00998163256469682,-2.4806853737511556E-5,-0.007709354926659481,1.98952101148892,-0.007975258270304804,1.6968808983420993,7.778571909250915
0.015248071020996307,0.009835185312336637,-2.43028825647734E-4,-0.007816098163929822,2.0659973293492815,0.09129192925011644,1.9542968506348575,7.995924315672762
0.015293932568160381,0.011329446908112805,0.0018073661975978332,-0.0071990007455425475,1.7676374196601683,-0.3460171195245553,-0.21614922575468493,7.259494128161329
0.015466903154341412,0.011493640791349829,0.001857817166154987,-0.006800383614450976,1.5339545963508625,-0.33636684999148364,-0.22661990498440135,6.279887471746208
0.015379183589804182,0.011088307779987901,0.0014592902237667517,-0.0072243790471484435,1.7435195593038308,-0.3471108467290182,0.15081534857484633,7.130832614543293
0.015397824033729388,0.010853896230407523,0.001155221080169214,-0.007324053018222481,1.7867281673035416,-0.323412320172336,0.45959278697603123,7.2330393938259885
0.01438153448432905,0.007591233601480755,-0.00401542707800691,-0.0072976405921016665,2.8821365133066372,4.102926120496703,5.1352245535683165,5.7592906666218395
0.014543664278999738,0.007586189579889943,-0.0037629650003868855,-0.007086937504681762,2.327074631445555,3.3938407774574437,4.690561873455377,5.445983530444903
0.014455032777517945,0.007730047808600203,-0.003782471400485295,-0.007420950955427876,2.821638057668751,3.7723785233130354,5.062054676697553,6.068124079174422
0.014303711841978798,0.00745479580756053,-0.0042367672588799745,-0.0071714676011038585,2.769237454500628,4.431502046214458,5.188643285587193,5.450311793011381
0.014462489100977569,0.007451063549409056,-0.003984023292898203,-0.006977773249895183,2.3686887184410566,3.7030598836925037,4.765088887926525,5.1834459644966655
0.014221641019906126,0.0073208682191713715,-0.00445282466200604,-0.007039247928073446,2.575681873215717,4.751424412133482,5.21690952214216,5.137685632827037
0.014385044768829531,0.007312424207037058,-0.0041925774793905865,-0.006842919463831789,2.423381704307673,3.992746889181166,4.794824655693255,4.878875537962944
0.01461944676023654,0.007728576556836782,-0.0035372761352142346,-0.007197000964572295,2.3265940708945894,3.0942415139650365,4.605301775272337,5.718382367197704
0.01452413555302291,0.00787110415992842,-0.003541286006760186,-0.007539066999752255,2.6557894067239136,3.448761800270088,4.972198715217464,6.3755856978805765
0.01499138844633585,0.00880343827651668,-0.0018775873742471986,-0.007832859333396336,2.307706135738348,1.2655476001271693,3.6117308019676924,7.562866488972804
0.014842921746160495,0.008756573701192635,-0.0020653251074720835,-0.008069267474901134,2.523478291830403,1.7034562466670637,4.049826923569228,8.032221294161927
0.014801469324203571,0.008605047553236286,-0.0023256555794413905,-0.007998084533407411,2.812608896071668,1.9707953601695365,4.248362945703413,7.780723269922621
0.014962771186670833,0.008644847159779425,-0.00211544236847654,-0.00774698844167744,2.277719705480734,1.478269084554903,3.7769925458308022,7.289854374037745
0.014755282782341355,0.008454915646326118,-0.0025700027958608703,-0.007922949435814152,2.6176113678852206,2.2432372309427557,4.42648372847741,7.521463541603436
0.014912988230899697,0.008495108533626658,-0.0023557456238042147,-0.00769039046263061,2.297498801755562,1.7252027505292562,3.9657862386153666,7.093659851839191
0.014679452957399057,0.007876225878529906,-0.003321834409881422,-0.00732059180980489,2.3529047338267257,2.8336120084976173,4.535209770675643,6.023570387759578
0.014588774500088612,0.00801426371656846,-0.0033038699325032023,-0.007646235859334923,2.6236266163674764,3.13674127967862,4.864031808390047,6.673776994940339
0.014738439543075478,0.008032987035849226,-0.003087472321466451,-0.007441785463454693,2.32041335646006,2.5615099907824788,4.440343193403648,6.337089978715375
0.014648884232660607,0.008159381790995322,-0.003074918176019249,-0.007741075469929903,2.9857623155617277,2.8321788692537844,4.735465158135825,6.960891986427836
0.014704405031812395,0.008306313695911128,-0.002821051343040831,-0.007837013680730405,2.6799606723682126,2.529281187928601,4.58759960590946,7.2461212908981985
0.014869944164207706,0.008338900209431335,-0.0025913021406181367,-0.007597628719250471,2.304585249016742,1.9697305947606198,4.114066810439204,6.816091200466857
0.014819466645874963,0.008192231835824489,-0.0028170217683643095,-0.00751163512755429,2.2668949194777075,2.2169497207771958,4.249159487783445,6.566606360146373
0.015289390834190193,0.00967967366170129,-4.629135894723881E-4,-0.007706973652777819,1.982900304639809,0.21272749991387122,2.138083408230892,7.606997812738993
0.015285360276161737,0.009497539119375224,-7.270133489717746E-4,-0.007663448666441307,1.999486370380679,0.368179713000703,2.376407359930909,7.400853774198438
0.015208698043995359,0.009345047797897703,-9.735768787829918E-4,-0.007754145393243142,2.079256175035497,0.5286009296913283,2.66340699353878,7.580924321917107
0.015234111508220804,0.009178900391584938,-0.0011932320546233328,-0.007623045425924944,2.007136983075927,0.6875365816109037,2.8063396940740883,7.157040676598826
0.01521225881375356,0.009001795163362903,-0.0014469353474843788,-0.007558541708288309,2.020386621024867,0.8819931148034027,3.0050070267600124,6.919202885009276
0.015126873750939077,0.008861593587233648,-0.0016922811839243782,-0.007621277391611761,2.107901696267626,1.0869985886015283,3.2761244400870253,7.036497762319408
0.012947806699152953,0.0058056946203882895,-0.006614495834648285,-0.004647679470980895,2.8859525996058455,7.8490262459981635,3.725865887388528,1.3124196259403942
0.012810416269897774,0.005864596707708681,-0.006884304302162986,-0.004688761117008092,3.0303833797437094,8.729149047542581,3.7775155224975534,1.3167451746970689
0.012679131780828632,0.00577835898009388,-0.007036159380211025,-0.004457779498785033,3.5934543257188634,8.963411546577097,3.531693654918675,1.0823995487648435
0.01282269468336357,0.0057020117850409575,-0.006737931307929515,-0.00442353841136173,2.840250482997185,7.998653638544217,3.490931348104933,1.0745102836566518
0.01267862501193409,0.005628875415314552,-0.006901604561626931,-0.004228537638276923,2.916428317601302,8.292361979396043,3.297702225210046,0.8817232759127895
0.012545204192439475,0.0056962881580212045,-0.007163360381761705,-0.004250513496850144,3.044377303760701,9.164692977497738,3.2816974902876033,0.8697744148228738
0.012263424912567968,0.005376894468153859,-0.0072532681767426424,-0.0035490415514327915,2.8881279594775293,8.723722838721615,2.5260255392114925,0.32282054479329686
0.012269952191399801,0.005544967222482057,-0.007423891386460151,-0.0037768154055608893,3.51085545082285,9.51450579719783,2.728648441020516,0.4908690037451748
0.012411911869486173,0.005439698704348159,-0.00711445985804553,-0.0037606304131602964,2.856811872842023,8.502423215933133,2.765378755694036,0.4776989453037375
0.012408766398519252,0.005618465515670955,-0.007295065010290346,-0.004019906455548302,3.219927343505642,9.344163873541671,3.014921135861352,0.6735500715851451
0.012537297329808395,0.005522928100328144,-0.00701626189266008,-0.003974072468401846,2.93080172973496,8.403558876481691,3.010618035113234,0.6525805498334433
0.013614027401020485,0.006138495131415343,-0.005653031482357203,-0.005281227967549978,2.447725004651883,6.0462153626930375,3.961498911508864,2.086607772214764
0.013466127738837205,0.0060730461288398645,-0.0058834649299783345,-0.0051864372845260975,2.55736697340207,6.480532718413,3.9951469451211508,1.9669275503849106
0.013383992966800845,0.005930506834907131,-0.005957749854692307,-0.0049458509143295755,2.484579901385,6.502840124244252,3.705611689408618,1.6392078969249566
0.013238085831912364,0.005822161335952707,-0.006144018555362423,-0.004751187826528038,2.554139391336335,6.79142724957704,3.5617900177787774,1.4106970231322282
0.013086146646958006,0.005767422141993867,-0.006358212303088711,-0.004628336921246154,2.6497338458696045,7.208711142734868,3.5328218857996325,1.2821987700597348
0.013908869475069545,0.006654159413217367,-0.00521517343091222,-0.00609258732411395,2.5291323830798613,5.539732051965909,4.723034010397034,3.3892415198626282
0.01385256696814258,0.006812880963004883,-0.005306924583511198,-0.006419898062317259,2.8353718370376844,6.08758319557478,5.132836628522391,3.8703836569167884
0.014004674873363536,0.006783106862888022,-0.005032427491157968,-0.006266221119907282,2.5182836578911467,5.269336421112676,4.796248336441715,3.6988588810744516
0.01395077548971791,0.006935465283302505,-0.005109824228934718,-0.0065780000664148,3.0364866950526603,5.761177693551389,5.183863280328142,4.181670975818348
0.01413540329229132,0.00718958373010223,-0.004681727644793761,-0.006888977826574362,2.8561750268535087,5.0846342435865015,5.223195003824415,4.814715956387601
0.014317288173655032,0.007166610174824125,-0.004377598956836581,-0.0066713343212618514,2.3805357714774384,4.2295846849853715,4.758512369738916,4.522500492227916
0.014045084994930429,0.007061073770271073,-0.004905237770679375,-0.006731843887739837,3.1185708931201055,5.426375119785463,5.213310997107748,4.495044161850114
0.014117114006974725,0.006915500834326436,-0.0048087164470012565,-0.006419976453152651,2.434542567386877,4.903256645403986,4.80993877348314,4.002568599222166
0.014223953366290489,0.0070296964669703255,-0.004589444535894455,-0.006527958321447431,2.362890863811226,4.542103789502796,4.76593938711612,4.227106328584012
0.01396460491348611,0.006483976305167026,-0.005110829024511405,-0.005757099635722319,2.327936510820614,5.215934858726571,4.197194624435791,2.798860461411746
0.01382468426550436,0.006072343061503081,-0.0052885638145510755,-0.00512916094396734,2.1622825704265876,5.231950980285099,3.463555289305259,1.8001461666816212
0.013976865585362267,0.0062649950426811405,-0.0050745500743839,-0.005387767709965193,2.139881294378929,4.978633392381771,3.655719944755962,2.1568509106213187
0.012248731882627623,0.00522981030821104,-0.007116042371758148,-0.0033428744635374576,2.711759346217645,8.130278072587886,2.143318926398413,0.18007875317033584
0.010483733234057227,0.004684982093369812,-0.0078572184221328,-7.10209176563263E-4,2.436079980025861,8.01424524907008,-0.8355404790834485,-0.2627265895948599
0.010657776711456199,0.004695109816182569,-0.007812994118809695,-9.616070543437132E-4,2.459273555787716,8.053863206416104,-0.5715835181921928,-0.3070884038954356
0.01082681672077407,0.0047225628947897445,-0.007775366894035819,-0.0012088384914379672,2.4982568740855133,8.136986934564021,-0.30739396213833964,-0.3359927502193572
0.010937985519782667,0.00456056418000316,-0.0075276911306376955,-0.0012766906755549794,2.2700543457892035,7.276627447398638,-0.22458476154129467,-0.3356038473257034
0.012139368248709584,0.005119298640548547,-0.007135488737034964,-0.003112385902832464,2.611404698536958,7.952619698571817,1.826409183819857,0.0446237761953314
0.011979926719924691,0.005024840201962126,-0.007218637459624908,-0.0028544546353052075,2.598125792015012,7.937376099170883,1.5201116952537481,-0.07617872431309115
0.011157349933155649,0.004803965809042058,-0.007688315792332962,-0.001700829229785035,2.578525531349079,8.301542105524602,0.23641546621609946,-0.34552715528307876
0.011321456707403806,0.0048626413925312965,-0.007642121383705953,-0.0019557354911192665,2.611496654074943,8.400322981414748,0.5282862726557996,-0.3235360452355848
0.01146550250919081,0.004952009693287014,-0.007633836876786752,-0.0022081859213010104,2.725309104198613,8.633826361508625,0.8400102681151876,-0.2809227685580844
0.011627781371987203,0.0049390976555670945,-0.007475729644445207,-0.0023913576886729643,2.6536702472095945,8.284897233141807,1.0269855689722096,-0.23590102791767828
0.011802030995846235,0.004962940500604821,-0.007336792150343107,-0.002608412426794399,2.6088882978080004,8.052866390901224,1.251180705815235,-0.1694266428531095
0.011112075894137697,0.004593735808354821,-0.007470446407627006,-0.0015121095379481983,2.2959229337175846,7.314197298806022,0.01536801053958915,-0.3439611587215116
0.012408766398519249,-0.0056184655156709526,-0.0073053766507004785,0.004001548086790565,3.59247136041559,9.320745750125301,-3.0067546771612714,0.6742633576741223
0.012545204192439471,-0.005696288158021204,-0.007172871525227532,0.0042343744691423066,3.4231061507419214,9.129971976166757,-3.276309869009488,0.8696154996294148
0.01255921432943203,-0.005512245900814788,-0.00697749616942439,0.00397621579556572,2.8021608181963056,8.28901550749363,-2.9958939108893206,0.6489843328343271
0.0122699521913998,-0.005544967222482056,-0.007424171272623748,0.0037765393499261603,3.465229352214484,9.4898536292069,-2.7296303938099276,0.4979379474085164
0.012406924536362506,-0.00545162486920008,-0.00713719113342695,0.0037737996085166203,2.875963692804205,8.57170463776621,-2.779079401000448,0.48414293774857403
0.011693686304088874,-0.005295594968187607,-0.007834549145184352,0.002828039997715469,3.2121307213720542,9.93809875834415,-1.5177678974007949,-0.03439962725347265
0.011666106364267934,-0.00513209440855527,-0.007670293028199979,0.0026228699667469337,2.9217748090750972,9.165942192214933,-1.397396417559003,-0.17203799387160168
0.011840618209004684,-0.005351115767339394,-0.007744065143700057,0.0030674513741467645,3.381774399261591,9.865175930134713,-1.8291663160247296,0.07031124125699197
0.011808376467709608,-0.005196517666768207,-0.007599096158164357,0.0028589767570471078,2.9909303911088556,9.158981657516177,-1.6844084058316715,-0.074984295352142
0.011964666055316542,-0.005260378531747636,-0.007498480562967821,0.0031063470718783637,2.956763538863429,9.068274654823929,-1.9895993014217817,0.04672024027500451
0.011985736283431544,-0.00541122549991139,-0.007647053872691346,0.0033017890466703046,3.5706162966232378,9.762063615945154,-2.1363713663674924,0.19430945540543462
0.012128895840071582,-0.005475864446977092,-0.007537101471605387,0.003545553983839016,3.364838168439738,9.633867321702445,-2.4405900558375997,0.33803588208716717
0.0121145220036483,-0.005313155239740956,-0.007376961079235343,0.003326444523138884,2.920799997092153,8.892907180395824,-2.2514656857882667,0.16961360001957085
0.012256155580747233,-0.00538142970372182,-0.007268529669384208,0.003548848244971719,2.9289544726908225,8.766420141908439,-2.515415535627632,0.31538494709355697
0.011330901107117472,-0.00486610098573851,-0.007643369352310847,0.0019711599257941845,2.6231030883706317,8.412179620097996,-0.5500914997785361,-0.31905892218814597
0.011465640452802158,-0.004961952843460185,-0.007649455749188116,0.002217078788440869,2.7400762142325807,8.688284754467407,-0.8532422505731685,-0.2787497771920315
0.011631154152310258,-0.004948874023036419,-0.007488761971025214,0.0024046894309399836,2.664333830322995,8.334329877044908,-1.0492682231773864,-0.230221585378213
0.012679131780828632,-0.00577835898009388,-0.0070340053589585715,0.0044613159048285484,3.339189354489836,8.926749490260224,-3.531505308594252,1.0803960145109348
0.012703651686548042,-0.005587740534288562,-0.006829449549515394,0.0041813755585870605,2.782199934142161,8.046818950223992,-3.2136865017200713,0.8360001277774183
0.009115812568083251,0.004942447153599129,-0.008029653963233895,0.001402393639002585,2.338003719907053,7.636934032804965,-2.995577772475715,0.7731458610233437
0.00906316862569595,0.005088549402048354,-0.008183324410693865,0.0015527936258740145,2.4555810798401954,8.01657759661177,-3.370619608343958,1.1337252170351344
0.008909334570059206,0.005120404840570064,-0.008127431555523977,0.0018226259095517731,2.7468369525260314,7.756101690011925,-3.5679545890386373,1.3520563548741213
0.008957820220654318,0.00495719147203939,-0.007959725267446703,0.0016432909745200109,2.2373888839707408,7.339223458429173,-3.1564167309741378,0.9404381360555903
0.008756573701192634,0.0051570782538395065,-0.00806591887385287,0.002078676779480229,2.7784456472507286,7.493246569022706,-3.7511184913666695,1.5807259999387604
0.008809223309657796,0.0050006377558047006,-0.007916899584708011,0.0018834123438244692,2.166513360912059,7.145361590661053,-3.3461910199536606,1.1439482034101311
0.00845491564632612,0.005244717217658645,-0.007921160801732559,0.0025755356445487853,2.582235727080643,6.945236018080165,-4.068741892628798,2.0630066964988907
0.008306313695911128,0.005295594968187607,-0.00783854128633675,0.002817208990632961,2.371692135415406,6.663336627397342,-4.203722713087915,2.3164146232371183
0.008343300937946692,0.005139227247077121,-0.007695196332655725,0.002620861350786013,2.0833692350894704,6.360998415628143,-3.8060921208053125,1.8143770199263314
0.008605047553236286,0.005198530675796427,-0.008000916924065056,0.0023161824400860843,2.2711934461568237,7.227240376519103,-3.915672035279455,1.8120640557218932
0.008490774758419558,0.0050849401478768996,-0.0077674820412338514,0.002383282349754549,2.123738625481162,6.598088721799286,-3.662246169297522,1.5823470107981634
0.008647247102059654,0.0050551155738328005,-0.00786234666860442,0.0021489220877688366,2.196414266098754,6.91866570873987,-3.5493711317156538,1.3908022828695492
0.00624944398096624,0.006693441434347547,-0.005508810057398442,0.0062474019659821516,2.4640459130364607,2.035001756957084,-4.026138481903139,6.8168418799414034
0.006093874453833722,0.006649748776581222,-0.0052443424554372555,0.006114886995157974,2.0950232198646606,1.7134338058080847,-3.6671189250719975,6.144356088720712
0.0063551565897494505,0.006577264761224859,-0.0057058059875851235,0.006068083400552843,2.3401571252149798,2.294397990982044,-4.168048963352785,6.555620003528894
0.00619609110178547,0.006536380286574555,-0.005424233407708249,0.005957711611665722,2.110322169614514,1.9343742750356647,-3.792013543572807,5.928271042565505
0.006464466094067266,0.006464466094067262,-0.005889067528910905,0.005890419917292407,2.5263316920010124,2.5597447084786245,-4.290279894718852,6.287039609525425
0.006315262232969219,0.006422803602305509,-0.005623291987355633,0.005792762435742504,2.0878867803975516,2.201100805636118,-3.934172407244629,5.716369392106732
0.006421719075723132,0.006309907593114381,-0.005789813536678962,0.005614124414148244,2.0511363916382135,2.4302310943249785,-4.017694393639857,5.454562022139558
0.006577264761224861,0.006355156589749449,-0.0060758781284021785,0.005697640877377903,2.2220087765636434,2.836239829324595,-4.397268589704871,6.004212530263614
0.006548651697228389,0.006206643795131162,-0.005982132176424737,0.005441787992829684,2.0468739545501773,2.7148012086436792,-4.1359635585325165,5.243727298397274
0.006693441434347548,0.006249443980966237,-0.006242590221037081,0.0055145155790707785,2.5855229346914985,3.114026300795585,-4.4836486511376785,5.722493269198478
0.008159381790995322,0.0053511157673393935,-0.007748726290550054,0.003055391237947577,2.151896537818603,6.3727037887588525,-4.317937044462807,2.571650284885079
0.008191081030557565,0.005188770385967492,-0.00759861022746093,0.0028545578351646,2.084390427650875,6.068344405416711,-3.9152487077164473,2.042516924433055
0.00801426371656846,0.00541122549991139,-0.007644026891354035,0.003308390335713203,2.3903472971725157,6.071903640309327,-4.416790220784936,2.8432236198602276
0.00803022999225753,0.005231513177008293,-0.007470144217205128,0.003082980769950802,1.9932062750983077,5.712271889467579,-3.9731065970951263,2.2513220742555884
0.006812880963004881,0.006147433031857422,-0.0064139632489894445,0.005313927572308031,2.4924676548031255,3.4003052495078516,-4.555299903331043,5.43062678772226
0.00667200264426927,0.0060803304249932326,-0.006147817546785402,0.005218597120712032,1.9514671062466789,2.976700407963795,-4.177878845491933,4.899878840242775
0.006935465283302503,0.0060492245102820915,-0.006587727903221039,0.0050970708818180565,2.061731230811747,3.6947907971704494,-4.6120856322514925,5.1364422969416035
0.006780625850744908,0.0059763847501338565,-0.0062828020855654415,0.005025603887750834,1.9592501956129647,3.1954046100558533,-4.1961575343654225,4.614554930395376
0.006912830424929454,0.0058986011429547035,-0.006460098639625822,0.004860175018448858,1.998770338746325,3.505784127412873,-4.288781414396541,4.432837202527899
0.007061073770271074,0.005954915005069572,-0.006736998892123577,0.0048983074550030155,2.417237552622151,3.9826836217328516,-4.647030240960284,4.8543970252053885
0.007189583730102231,0.005864596707708679,-0.006883683485262921,0.0046897847366968795,2.514390520747503,4.276106188280952,-4.66373471434057,4.560472341047137
0.007048234737265735,0.005794052251061357,-0.006615017333030487,0.0046392896302596765,1.9243964049519946,3.793310012601911,-4.302774666883692,4.127372485845789
0.007871104159928418,0.005475864446977092,-0.007532605581877899,0.0035551564372621833,2.5501713920792404,5.774118147193913,-4.502255369723245,3.124368449441908
0.007878595313302709,0.005298800656646523,-0.007364227620720957,0.003319770581582474,1.9256589745648973,5.431778467630571,-4.065014240684803,2.50699102325595
0.007730047808600203,0.005544967222482056,-0.007420503809323562,0.003783807240679983,2.397281772077847,5.477767496645103,-4.5705592565092745,3.4058134221828893
0.0077482164685134065,0.005377876633031102,-0.007281766683602871,0.0035447693007813297,1.9422174974311301,5.223128040472434,-4.172674909246695,2.7812340705277645
0.007591233601480755,0.005618465515670953,-0.007303536444274293,0.004004766233576005,2.116386299491088,5.181474119588428,-4.620574954868334,3.684743385414482
0.00759499618939728,0.005460613195040887,-0.007157993832849762,0.0037896525544817623,1.9772037112123753,4.923760474287824,-4.244074102821512,3.0757476613058987
0.00745479580756053,0.005696288158021204,-0.007171302078840134,0.004236732075126842,2.2555676936110967,4.876916207999641,-4.650634369331433,3.9712405264417274
0.007447707311548563,0.0055241105013674385,-0.007010218951732777,0.003994413143414987,1.9424853074215094,4.590900802785732,-4.242041035650881,3.2941222662474767
0.007166888220474267,0.00569531970804532,-0.00673220115881138,0.004427084036404975,1.8908504118051048,4.016291827362661,-4.270791881410843,3.8278068952468582
0.007320868219171371,0.005778358980093877,-0.007030912212997277,0.004465827789900576,2.364093447567443,4.574630602618515,-4.664337448168164,4.262811792835929
0.0073024920527346064,0.005604117514773209,-0.006866582677906341,0.004210136377878987,1.9040381404238576,4.2867409180745355,-4.252669113763326,3.5491459179539375
0.010307788793957268,0.004699638250950224,-0.007915927312362308,-4.565600097630875E-4,2.4295221213899336,8.05401934634835,-1.106039068987293,-0.202419047461916
0.010162518274828912,0.0047486712473297785,-0.00799849709086365,-2.465756086408236E-4,2.4673551029755276,8.23562030889405,-1.3502117101669375,-0.13723472626046576
0.010013554417559025,0.0046970616950153645,-0.007939757249513223,-2.1156992852694708E-5,2.3312059432847168,7.8502396153940195,-1.5465995839669906,-0.05286903563132822
0.009828737136887762,0.004692705163958751,-0.007926578591442258,2.5545869295097256E-4,2.2944105690520886,7.643097820924084,-1.8002257738946803,0.06315427107382067
0.0096717251527578,0.00476225547746806,-0.007993294935066023,4.993038589323084E-4,2.3274562837710535,7.792778627628283,-2.0775855249636432,0.18540725160705082
0.009183714601019953,0.004816334178567259,-0.00790267389908405,0.0012407078872116296,2.1766306425323654,7.191291932618499,-2.7074690592901782,0.63262604601786
0.00950702412754166,0.004720534769327798,-0.007901739782593632,7.337088762205561E-4,2.181005056096517,7.333713187900554,-2.2322541715030497,0.30926509736577695
0.009330476519128456,0.00473493373242919,-0.007862445180819638,9.960399576456607E-4,2.1442566597721218,7.098062883533793,-2.441033163501507,0.4631083466746984
0.009063168625695948,-0.005088549402048353,-0.008184188735598369,-0.0015488065428407008,2.4475545305695063,8.004533643934499,3.376518059645593,1.1422438001677757
0.009110732711855248,-0.004938374897698468,-0.008022492362041944,-0.001407472204740254,2.329592689499558,7.594385172877785,2.983668869495361,0.7655835947053786
0.008956980318937435,-0.004949509634232876,-0.007950497230285418,-0.0016399678907081938,2.2386195330669953,7.294114171021266,3.13368134336319,0.9236961185355227
0.008909334570059206,-0.005120404840570064,-0.00813038298990902,-0.0018097971112961467,2.5109188903957587,7.744202412641626,3.5700832506641453,1.355418713253359
0.01132155936045727,-0.004664407038575741,-0.007417838725662352,0.0018125527780278774,2.343459979705712,7.431315542909368,-0.33476866170463615,-0.3290892012530118
0.011130823953228397,-0.004610252037581989,-0.007481486663960597,0.0015475210451701105,2.319722640047303,7.366697910570685,-0.057605992029624235,-0.3406795902264607
0.010929177641372434,-0.004571718970642242,-0.007547935765923309,0.0012746050035113811,2.27499877920852,7.321113145964506,0.23020166109530268,-0.3325007135558847
0.010324930748449992,-0.004703083411602359,-0.00791787386455045,4.8196532904820855E-4,2.435666236602828,8.07403990009787,1.0830169290094156,-0.20888184668952348
0.010162745921160607,-0.004754156030025296,-0.008005682606231856,2.470314977647087E-4,2.4734531478637622,8.25540811222351,1.3547994250772755,-0.136633902820417
0.010687659704992577,-0.0045659987369162,-0.007646623712965537,9.555260388299903E-4,2.269131095478189,7.37727860887265,0.5573140291753234,-0.29778554044334743
0.010436206960052121,-0.004511675231347222,-0.007660149443763315,5.991559502745073E-4,2.1881830375598423,7.121192815673029,0.8918602607360914,-0.22747393248911693
0.010001879831445432,-0.004690169163127486,-0.007932007669977191,3.7784137834918104E-6,2.3245096872948907,7.800073030120923,1.5599172693670547,-0.04463843438488233
0.00981942128610331,-0.0047026978454673615,-0.007939147828058353,-2.703644755716792E-4,2.3054588237977183,7.678060959783081,1.8237562755836827,0.07157204134527952
0.009662047756685709,-0.004766565016938175,-0.007997318800708699,-5.152418220937748E-4,2.328661019924524,7.789200060048185,2.098885734371996,0.19723469390273038
0.0091755557996449,-0.004819075488134607,-0.007902574772116493,-0.0012542318978110412,2.168269924221296,7.174077223532976,2.719130095981868,0.6449930999678518
0.009503516209745903,-0.0047269447846203004,-0.007909495937477888,-7.404567350235789E-4,2.1924977213860477,7.350777687788864,2.2464256015677306,0.3172787828341265
0.009323754118633842,-0.004742331007977151,-0.007869781959716137,-0.0010087156454136473,2.15133769835998,7.112491722035563,2.459141182512256,0.4748904313212325
0.008796540936511612,-0.004975444986363747,-0.007878012847884032,-0.0018842662109428473,2.1493685241408915,7.009901918240657,3.2931276093441855,1.109794556951373
0.008756573701192635,-0.005157078253839507,-0.008068144206129686,-0.0020697806288923655,2.547253357905253,7.475019332676678,3.748455046500503,1.581623603366851
0.008605047553236283,-0.005198530675796427,-0.007997852242962875,-0.0023267273786650162,2.5705074795689877,7.199713241182219,3.9112727890855012,1.8188098435854096
0.008635823478425371,-0.005014757768671074,-0.0078063537459019386,-0.0021326220907045084,2.087060719980727,6.74489759635873,3.455053575067861,1.3188057450535025
0.008454915646326116,-0.005244717217658646,-0.007919640501836918,-0.0025804578141620724,2.5902439345996315,6.920023561368956,4.059816156737761,2.066907741450645
0.008477808970838196,-0.005065270565710577,-0.007734648936166812,-0.0023816611514821833,2.0429301031975196,6.495247998490018,3.6146200903311434,1.547350835867469
0.008306313695911127,-0.005295594968187608,-0.007834056048868578,-0.0028299242590645573,2.636816719205326,6.638352350439379,4.196147970723554,2.3264094021190247
0.00832477031493623,-0.00512492507134757,-0.007662546803807061,-0.0026289324731047577,2.0106001465685988,6.258135498481843,3.7678945318756836,1.7919739138179145
0.008183139768051968,-0.005191255222518419,-0.007593904872062156,-0.002865657971280732,2.0256628157748136,6.046046315657082,3.912852716637193,2.045235936931558
0.008159381790995318,-0.0053511157673393935,-0.007745315766270393,-0.0030645673727320976,2.385881378229922,6.354926735767509,4.315509849462499,2.588529310866447
-0.005328680423816914,0.01238389436045635,-0.003598515495386207,0.007070364023662774,1.1998462203295406,2.539623883761534,-3.542934214377933,4.039752608642965
-0.005204776173396278,0.012279520593895013,-0.0033550846866058554,0.007087256698192298,1.166416086186038,2.254362436481395,-3.3467793178478082,4.013731908465558
-0.005111741789635338,0.012127542454200647,-0.0031077225712306832,0.007179021022695492,1.1651241951167846,2.0117686965884602,-3.240708132292539,4.174593238359429
-0.005037932050573185,0.011968206546311864,-0.00287158186234117,0.007281659868365456,1.1935462069749099,1.796520475297157,-3.1580585924219062,4.386283401971171
-0.00475864358687468,0.011794256576220971,-0.002419864316604021,0.0071733382942950645,1.0566232220385137,1.327763044793208,-2.65094536701957,3.9745875428398123
-0.004836169678522515,0.011949061586456738,-0.002645552965300648,0.007101402413578981,1.0415093776972364,1.5135156982918971,-2.751133150165106,3.838802588241269
-0.004620211750333771,0.011228754849510506,-0.0016817949306334923,0.00747387516322415,1.2100999367225416,0.8125288431335137,-2.3866198543535795,4.721691995674018
-0.004637648028035034,0.011429966040787325,-0.0019281390249227357,0.0073526615948876104,1.1261811562326118,0.9681760611552611,-2.4559657528874816,4.383063461876612
-0.004688475671736908,0.01161900718252972,-0.0021765581133599992,0.007256426740173593,1.0835420168311158,1.1417466039063722,-2.5486638444298535,4.150346918420865
-0.005531677984458464,0.012546686068628835,-0.004003763287793369,0.00702915163196171,1.3082700808189875,3.05281194638525,-3.8637584717654243,4.047843814260545
-0.0056962881580212045,0.012545204192439475,-0.004237769162200979,0.007170719251338537,1.621172593118262,3.653623986885679,-4.218646952151804,4.306236947809031
-0.005358687522971619,0.012542260383447324,-0.003759773092907139,0.006887219288731694,1.1183859661564834,2.6692236574865267,-3.452665225839563,3.649887809414576
-0.005614135511506573,0.012687222994813068,-0.004220640793845144,0.006893314063381736,1.2757078699055235,3.2942879901497872,-3.8832105830142782,3.7955379934020903
-0.00577835898009388,0.012679131780828632,-0.004459319967693598,0.007035115426884435,1.528864346520016,3.9234708317057874,-4.233595969947459,4.03750290094864
0.005219005995835768,0.012930652298862163,0.003788272001326905,0.006253518898919205,0.8416354435314205,2.4648668421408058,2.718628374683746,2.3569290185349305
0.004836277559045146,0.012317399922259721,0.0029555690446528855,0.006715610682747686,0.8532242756330446,1.7051192307271674,2.584245034250994,3.0174911460433598
0.004888117852485921,0.012520479170824272,0.0031524949885804302,0.006529517006951324,0.7850972766285175,1.8503320092552087,2.5384456535073894,2.685225262208266
0.005019772294158036,0.012752957954396274,0.0034484707236632924,0.006349070027105536,0.7843403060635508,2.1050120476896605,2.5685373769564204,2.432099593680171
0.011891888739863452,0.015122252936814743,0.006963338978804272,-0.002571189990373287,1.5257874589662894,4.62617536983207,-3.2805513124633623,1.8056885338930555
0.012125163653756673,0.015063997346544261,0.006791261810741903,-0.002845235111943538,1.512689710700034,4.259627650402653,-3.3363892121365875,2.0594280308664783
0.01182638335595982,0.015323765418644188,0.00673399691542001,-0.00230995215302087,1.3473246961320755,4.224957287440948,-2.9359196350562526,1.5248373887214188
0.013063565014946472,0.014814462010602387,0.005874514526655299,-0.003728168717612858,1.2974298953121217,2.5960466717170116,-3.1006561251166698,2.9154153506386966
0.013490050295240499,0.014650508583363572,0.005418638206305951,-0.004058784376364429,1.182154661656404,1.9312444545933374,-2.8684961560846474,3.2497200648403335
0.013230761715182655,0.014698348651383636,0.005739812260748718,-0.003944136720609735,1.3607466739530516,2.3956384452893738,-3.0990356356335793,3.152763680210328
0.01233272807103729,0.015177335382783947,0.006409446725535931,-0.0028724780973667175,1.2719578254991548,3.526285674490397,-3.0432466038033867,2.0274938869757215
0.012768394822225368,0.01497006494320348,0.0061124692286434155,-0.003399485510196441,1.2932619924556528,2.9977261305340974,-3.130039282891008,2.5655867492064144
0.012570395038359421,0.015103326201078541,0.0062136986080057735,-0.0031187064509308926,1.270953373634088,3.174646819813368,-3.0453828907827405,2.267618799047888
0.012985781650161638,0.014991306676472776,0.005822307802104674,-0.0034716066084808433,1.1789294209859489,2.531903172885235,-2.9161971359530896,2.6068943191029463
0.011657401551349911,0.015416988495863287,0.006748308912393274,-0.002066543320627993,1.3358153246245201,4.281982433760317,-2.7812288421709863,1.3105818224824735
0.01148034612968035,0.015431586567230938,0.0068655892856887505,-0.0018731338976749642,1.3442104413234692,4.537223915438724,-2.728012479416738,1.1649967705636437
0.011160249800130336,0.015426707890524374,0.007099644384157308,-0.0015174776284822928,1.4368542522324,5.05342025967848,-2.595781481804629,0.8964766654663922
0.011344800664671632,0.015536975283570263,0.006800127646803969,-0.0016504654404695903,1.2628685024022808,4.451812443406674,-2.5443713632100673,0.9865602210829145
0.010448640677808377,0.015468895331974392,0.0073492813102070615,-6.015696651831409E-4,1.459475689668697,5.826763019062958,-2.0216787082884977,0.3076517888033669
0.010676580205756521,0.015443099222234975,0.007320937961408002,-9.09153287282633E-4,1.464391624329174,5.684693454642092,-2.2554492455492396,0.4867699094108292
0.010932230512288858,0.015473957392417645,0.007153129114859421,-0.0012159875523579094,1.3825308871573385,5.229507880322309,-2.4069559235195634,0.6849405172002035
0.010170268501414618,0.015618255345543989,0.007132672677043488,-2.1748842253480893E-4,1.3022114756292775,5.46296011858358,-1.6513896422990304,0.11511960141428554
0.010332161765850202,0.015618131751688639,0.00711181688101587,-4.209707943489613E-4,1.332561392790167,5.360672113629934,-1.795286122850135,0.21074088230890112
0.009984704510816764,0.015680110364574174,0.007033204905996299,1.567904779830908E-5,1.2501131410685387,5.324296904194134,-1.4485884110702216,0.014290481020787471
0.014370265749800127,0.014658247504168696,0.004310696012783826,-0.004043793719084325,0.8539454319873343,0.7677385965028223,-1.9061659984501118,2.927973613435942
0.013865298335291515,0.014812953802081988,0.004839795939807437,-0.003911752953097795,1.0384575458287675,1.2774257955513304,-2.2794601340622616,2.8754590445160626
0.009736234275114804,0.01568419140038387,0.007008311093382027,3.216623023074968E-4,1.2240527911695682,5.363874855930881,-1.2046305508077821,-0.09995263721393705
0.009539912432590975,0.015624842294165497,0.007069806240057344,5.738243612315644E-4,1.2555975742756735,5.568519895941322,-1.0188402947171948,-0.17757002126377705
0.009092847090704737,0.015365242715386385,0.007344423482953521,0.0012379973940324278,1.4106332340169903,6.460883882418796,-0.4596524659871121,-0.3247839452997972
0.009239561863573682,0.01548320643463302,0.00721048451557377,9.956412894058628E-4,1.3203924686028075,6.057715744420284,-0.6760178441569603,-0.28291640931425843
0.008655974095561042,0.015294402503352277,0.0071775275199965965,0.001819856046660699,1.337584925897976,6.2974992125195985,0.06328315853481242,-0.35294621880298693
0.00888891188994042,0.01538725091852227,0.007185638669632374,0.0014771465725482056,1.330433102524933,6.180161198215568,-0.250914348251924,-0.3439856120075097
0.009329429981465643,0.015668363001356843,0.006934628442599128,8.142071532552382E-4,1.1735591854701724,5.374208278940728,-0.8174996016312627,-0.23664292865955552
0.005561605952522328,0.013491269544035293,0.0044100283135069095,0.005660574257022181,0.7857249663882557,3.041618871411405,2.5393165080759794,1.6163687311857664
0.005634486999357318,0.013624766698206442,0.004522268612139792,0.0054966467182376195,0.7836796393156057,3.134009282404539,2.449380180709651,1.4334786594481752
0.005923118103872173,0.01371845930186887,0.004947707646655308,0.0054503858808841845,0.910967006841301,3.7296179499639237,2.6826753337362867,1.4607205406602157
0.005733019060322373,0.01375874673453803,0.004659706423308288,0.005335095972188276,0.773506616691051,3.2663648593200487,2.375484512390297,1.266687832348367
0.006040394936088374,0.013855639200702083,0.005105517939971751,0.005267143946169444,0.9113049816462503,3.8934955676474483,2.5861164143963453,1.268698061066629
0.006188142804582069,0.013981207580020338,0.005299646352830895,0.005094475017184332,0.954237502467899,4.126594504376002,2.525295133816454,1.1124378720952592
0.00540353079533348,0.013424621687832865,0.0041795735506536475,0.005685623799198989,0.7293120943876831,2.7539117860355096,2.4113780473597473,1.5962076560887686
0.005198981219053711,0.0132290605410633,0.003865083065143531,0.005847414343762298,0.6996705704644129,2.427524546809447,2.369520041289642,1.751228623576106
0.00638122571203796,0.014107443670379052,0.005548179890912274,0.004906673307390449,0.9824115762428216,4.462882932240752,2.480267158811508,0.9568715941990636
0.006939157282096035,0.014558932709640171,0.006093524517999179,0.004099481493702174,1.0518516309638828,5.077466186183968,1.941511244370471,0.36407676950984363
0.006779909710237911,0.01442117349260764,0.005969493391254073,0.004358815692521418,1.0459478423740434,4.964661928902607,2.1459722895500453,0.5364250995854957
0.006547119382834936,0.01429411550840877,0.005702186092226427,0.0046045109557325305,0.9712111479434758,4.595129441178028,2.248348128361878,0.6979232080522734
0.006923302467431164,0.014749330056250893,0.005902595481453136,0.0038360555476757313,0.9194517297133775,4.636096494019565,1.587590121437298,0.1768668606444594
0.007035168061995382,0.014873900757541187,0.00593952044002543,0.0036218490193742248,0.9107658903083112,4.6227077810871755,1.4007415470428297,0.06305714621925834
0.008407318622653592,0.015259804363199814,0.007028247993351707,0.0021242196797361186,1.3002072727824459,6.087742802730806,0.32345989656335555,-0.33374345380807585
0.007723973677997141,0.015075119631274196,0.006577748846999028,0.0029457682524131096,1.1347318514308393,5.509816669114515,0.987032177081316,-0.1762374922796491
0.008168557067834729,0.015160002159088443,0.006950564967909115,0.0024631260704865332,1.2508799658146612,6.075573354065399,0.6252919574709418,-0.28983136320926534
0.007934890652320175,0.015130560264792576,0.0067438112125759895,0.002708051086734281,1.2169568897386114,5.743483115041364,0.8097632019701085,-0.23709934355381942
0.007176256489451972,0.014991097846720761,0.00600646902523632,0.0034036047362104084,0.9099709431106494,4.652343538402199,1.222044608833446,-0.03577902086785772
0.0073266551442699845,0.015128469061313161,0.006046470971673323,0.003154373207605359,0.8964643926454471,4.624737356062049,1.008949226551584,-0.13196370666329427
0.0075262962764235395,0.015233543244417743,0.006161185777979714,0.0029069426836154217,0.9422852142518229,4.727117116647215,0.8252276030138882,-0.20538495951561284
0.0043978225324886435,0.009528703868610032,-6.195190644337375E-4,0.007566003935824346,1.587614916345907,-0.21979968543155062,0.8445096089579464,5.709917559643396
0.004386433309514298,0.009717653860192082,-3.706417852645519E-4,0.007591248116385071,1.5474077044529186,-0.15646928297065063,1.03385393804316,5.625678122336758
0.004487219770746079,0.010298255928008936,4.11884709753963E-4,0.007703966724306799,1.5017105101357109,0.12704891797864182,1.6483697736538832,5.628628255657971
0.004395349557860198,0.009913600225115823,-1.124495629395761E-4,0.007620822535127463,1.5177802423097735,-0.0772489772823811,1.2297308236907931,5.57366822109384
0.004429897101568366,0.01011089077025121,1.5198659079345862E-4,0.007658882004336696,1.503070568366567,0.018373228566532052,1.43564403278208,5.573817819812401
0.00459074702294973,0.011296178289017642,0.0017427567589140807,0.007400030014326036,1.1623760678300068,0.8453546339232542,2.364247160112274,4.4874955140644595
0.0045691945261488115,0.011111695735382635,0.0015085354419161286,0.007492274063309964,1.220358298171538,0.7015944915407327,2.276841925460271,4.752842242273458
0.004559295545393367,0.010517689022473391,7.281400174276108E-4,0.007738291817150986,1.479992990978145,0.2773284738018767,1.9062542699077842,5.6617061053211035
0.004545862686572139,0.010919064234535676,0.0012566030434989451,0.007569974765649507,1.3078663399348673,0.5510935172560343,2.1587082564447173,5.010917670998846
0.004525646908641113,0.010727808538511987,9.995293356964505E-4,0.007630839622762636,1.3558399278150193,0.41000530203525587,2.0225780128866613,5.2369138079710105
0.0045189619705998055,0.011800736538872737,0.0022125559440514795,0.006941120000505921,0.886928828922059,1.1041749715346212,2.2800870400934374,3.3733678064172885
0.004462623346878411,0.011618037541850276,0.001992950704441571,0.007037638335319951,0.9177266764520674,0.9565123148696296,2.217951477767674,3.571857669783839
0.0046926101479563545,0.012183824917826547,0.002703011854333737,0.006734889346788806,0.8404492229280747,1.4694532974066468,2.424017741808001,3.0079545128404575
0.004589426454685223,0.011989586359852294,0.0024422237452084747,0.006835866472499141,0.83748683128408,1.2694156973872521,2.3406732266113917,3.1707726696137755
0.004407297186191658,0.011437474089738955,0.001772037651680481,0.007117149161893621,0.9679942310715163,0.8120483434332043,2.1385177007720766,3.7516008019882032
-0.004732680674202423,0.010659695917264922,-9.824666492868667E-4,0.007892555990897119,1.5836617298626072,0.4314797135465774,-2.2404958529852066,6.218020853293247
-0.004776754373410485,0.010494787160598791,-7.555344336180657E-4,0.007996884592906246,1.7250126949731928,0.31115962127623586,-2.1363988705534114,6.679536552048435
-0.004710240040914575,0.010339214404501447,-5.084028804663716E-4,0.00795437031462408,1.7184052762401614,0.1798136422226367,-1.8962189849431372,6.590513780216392
-0.004692459091989804,0.010161026593098869,-2.3938212020239E-4,0.007956959683265175,1.7448570031130142,0.06105632746256529,-1.6775731477157023,6.7046507687550685
-0.004752109738995123,0.01000026375193571,-1.1132728907137867E-6,0.008034962524847105,1.8846924588088683,-0.03583885297226907,-1.5156175421055986,7.139649784743467
-0.004702424607829685,0.009839923963243239,2.3808455902939215E-4,0.0079686222465548,1.8747878140336134,-0.12080600004295265,-1.2765017231949278,7.008119286937304
-0.004552067940060395,0.010774570856957951,-0.0010724472309977474,0.007641285783762881,1.3658324990101238,0.45071525971081033,-2.082223841883632,5.276519234197262
-0.0044324546031764295,0.011140098650291985,-0.0014632716345067646,0.007327594515410518,1.1158404938875304,0.6411062860308521,-2.097317172128877,4.265301950857543
-0.004346583177981791,0.010943507927821948,-0.0011909930444511947,0.007340699972278338,1.1229679481651214,0.47566223425629267,-1.9211871004935077,4.306436260827451
-0.0047022264288282154,0.009659752333069692,5.072148789812017E-4,0.007941800900744493,1.8932255700799343,-0.19804331611684475,-1.0354882162823917,7.076329442492557
-0.0047653945737028015,0.009508203854447502,7.458951720255785E-4,0.00798028089766591,2.0139344889943405,-0.257478992121901,-0.829216789931236,7.410774165650638
-0.004727892492745276,0.00934398381423828,9.738578872814399E-4,0.007882591151769092,1.9841423268357856,-0.296703767976771,-0.6016447557941967,7.206777226168572
-0.004733754363879351,0.009170758349672908,0.0012225626816791768,0.007816890425328925,1.9944216845371294,-0.3252442145765586,-0.36658373057943366,7.167617878012551
-0.0051570782538395065,0.008756573701192634,0.0020777856223149825,0.008066039220305778,2.642380376087074,-0.23885975586253463,0.4162257567300121,8.937587343580379
-0.004980175397460265,0.008788137952034232,0.0018997393851242718,0.007884004025103227,2.2855620759810322,-0.35239370706555073,0.3602574897435962,8.081949256775856
-0.004761522505608205,0.008996039141520654,0.001476629165504891,0.007759533467956956,2.0233100549871703,-0.3406475170593386,-0.12382747977320814,7.188889241802186
-0.004792910530271347,0.008823689477485611,0.001724711344512711,0.007690884636581032,2.0419632427035026,-0.34035871961326386,0.11525997076209506,7.180182774490753
0.005521060268812654,0.0071408168816459935,-0.00417845136564451,0.006560866379067275,2.0004657879646452,0.5921984862510435,-2.488607317008027,6.320436584052884
0.005657244487765032,0.007043676370808098,-0.004426186129685392,0.00651140944386165,2.0776915707690713,0.8188025467509599,-2.8019438503320213,6.422725508933757
0.005698172983181014,0.006879192595764013,-0.004552068562508483,0.006286340732667696,1.967971800137384,0.9053647942888731,-2.8015979416151633,5.981738114152999
0.005807375316313056,0.006742483237627452,-0.004759789294648238,0.006133979919770703,1.9380604524846279,1.1020272396450554,-2.969750595211137,5.799614772117212
0.005944890737818039,0.006641786626274146,-0.0049964356592468555,0.006037413238898516,1.9698911147167681,1.3656881418827846,-3.224798500038532,5.769354155411253
0.004422149822135096,0.009347317310673089,-8.601538522801862E-4,0.007539104189034783,1.6305351467210165,-0.26874873220327355,0.6574848670089467,5.802664326266247
0.004454348956696492,0.009171419159603034,-0.0010951757527036677,0.007505976758428183,1.670544990198539,-0.3046170323550226,0.46977572692205577,5.8877478702712365
0.00418209687224468,0.009396779023077576,-7.241459566174458E-4,0.007303399468252164,1.4056351310865882,-0.24567250753243988,0.707139624351369,4.999630562704316
0.004497255444353982,0.009001009224475779,-0.0013267531059259323,0.00747095922559667,1.7143919009635338,-0.3280464829721705,0.2798545106437061,5.97897370804775
0.004556698559751185,0.008837982531743076,-0.0015580470478094395,0.007441714476851428,1.7597368790612646,-0.33913054997302566,0.08401054406019455,6.10393013643543
0.005294547664477592,0.007100486537013021,-0.003883633753577027,0.006352424378221775,1.7874126886967885,0.31867420434023425,-1.943022731224034,5.5009976804429295
0.005200516679832595,0.007284397177040689,-0.003661914753186109,0.0065266387708877915,1.8319248387875309,0.1927381114996852,-1.7769353140409156,5.705522090430608
0.004789881239957242,0.008425233146260206,-0.0022087687979227724,0.007388160659526833,1.9626760474311347,-0.29632032830502464,-0.5372324361289021,6.61824084132214
0.004804052518196999,0.008251752037834409,-0.0024113100937869004,0.007252312551515982,1.899527513685429,-0.26438716210998053,-0.7029212110723441,6.402093181283644
0.004611869215582082,0.008677206927687154,-0.0017836490275715295,0.007396146880608938,1.8195658919610522,-0.33782289718792136,-0.11648646529438754,6.189073874841008
0.004643018688530706,0.008516114757073655,-0.0019907693473613895,0.0073106947686865835,1.7882389195638317,-0.3261532339048254,-0.2936229989288479,6.134263932503924
0.004849381525122397,0.008070426673712782,-0.0026363434326728695,0.0071257872985469985,1.9029608880148785,-0.213247834427126,-0.8999893042636068,6.258573478020389
0.005117564452368916,0.007460382640378615,-0.0034466310878397692,0.006683227970132921,1.851174141936012,0.07967403843550493,-1.6031289097086787,5.887787428845531
0.005053815923286269,0.007666758785933085,-0.0032164142687831866,0.0068769435185946646,1.903035798935266,-0.019268817282202016,-1.436594920471104,6.167189125820879
0.004908534668982706,0.007877500553591528,-0.0028759925557426923,0.006984476375504701,1.8724477529662316,-0.14679493186866102,-1.103415859745095,6.107801098198029
0.014769316061489672,0.013542850080313217,0.003920611933222255,-0.005295207710420024,1.2515419578299,0.4340785164161489,-1.941974927713804,4.473439798409249
0.014870005900295042,0.013247932023260252,0.0037303979397239,-0.0055995250844544835,1.3101626827082162,0.3082129487176124,-1.8457623334436406,4.878782108780008
0.014946331628775617,0.01280100944621919,0.0034557555494490826,-0.006109007500680501,1.4711615472742965,0.14519132092885847,-1.7298097856370094,5.689116236315761
0.015041229103987946,0.012534621878253408,0.0031816518267526596,-0.006339754394868154,1.56099000030191,0.011507952473804262,-1.5127306435971697,6.00410960853216
0.01501393303602878,0.013055340193740576,0.003476432672968612,-0.005726011684874548,1.3674488077052471,0.1606819906481322,-1.637411539153619,4.98058754450394
0.014962789330682045,0.013957422530051087,0.0037222808948568276,-0.004682746018141352,0.9658926733649059,0.29843060105419944,-1.5779860955906073,3.531784519709879
0.015419634627658758,0.011826822896941107,0.0022289772087447104,-0.006596085069989647,1.4613800960348717,-0.2950228959435823,-0.5634127937315571,6.0264679602037186
0.015599773605279104,0.011656876714684253,0.0019225734180201247,-0.006482282786226917,1.3378553276057785,-0.3328382537014765,-0.25989819709854434,5.629810832380328
0.015359832262282025,0.012118430384434253,0.0025290451700413536,-0.006409565280572365,1.4652677165959733,-0.2339900434909032,-0.8350444298787368,5.799759352688901
0.015300005434102107,0.012423420507901281,0.002821238846848532,-0.0061660523080254515,1.3145434109807528,-0.1510214583460328,-1.072148405063691,5.490885672836722
0.014975284055460763,0.014434892260044786,0.0036965624423438083,-0.004149798747612573,0.7088422696506463,0.3305746376709191,-1.4534921727461343,2.8361820740576995
0.014969294634371563,0.015069891917934824,0.00357189954552379,-0.003537351430144322,0.6123660184518582,0.31217924904056077,-1.2649736618343033,2.1826379152249036
0.015481359905167889,0.010060766019152801,8.607726697395296E-5,-0.007380129922278245,1.7870442741229804,-0.03191630024384651,1.5021957756243676,6.8689288068390075
0.015461436206013578,0.010330578999831842,4.48287845815163E-4,-0.0073900594589314935,1.7830742718402683,-0.16528987389705338,1.165522825530122,7.057430410689214
0.015470480076482902,0.010587861826142634,7.836763352639765E-4,-0.007307343457911313,1.748379504047027,-0.2546453324444344,0.8294405567245174,6.997586541502051
0.015445316289442419,0.009818982240628783,-2.4127090463683641E-4,-0.007432213706355191,1.8087935984091084,0.11352795019836069,1.8260855314123339,6.885039226028292
0.015588919916063582,0.011241099886086745,0.001504207454016072,-0.006787758109597222,1.4812408178895329,-0.34221355865569136,0.11907802682314984,6.047293804870081
0.015709142429987246,0.011450268325946072,0.0016414823719418602,-0.006476624553985384,1.346464292750148,-0.34297249574730915,-0.013858842828101996,5.503582651579111
0.015658233332037277,0.010986559045718164,0.001184195308165772,-0.006821924558676411,1.4958019542689398,-0.3168859345078871,0.4053343105864147,5.965928215257301
0.015681196762489965,0.01072236500835324,8.731235731219124E-4,-0.006898552022393479,1.5062120839228441,-0.2680768430691099,0.6955273708719708,5.994413996096916
0.014717965632938784,0.00757988922523805,-0.00350875085051942,-0.006845259476267867,2.115247853763431,3.000820320223496,4.194820333344058,4.886196327184918
0.014625669668531455,0.0074361403649610145,-0.0037400129859772664,-0.006751567299352705,2.1517030201910465,3.298643949328738,4.289938949488069,4.677028554611957
0.014535410868052673,0.00732547954598894,-0.003943079563247157,-0.006689187131557137,2.1930741785963708,3.5776691227374373,4.39345395429308,4.543840815703474
0.014516288923655422,0.0071592440189616234,-0.004054897650260944,-0.0064497285813942115,2.100093407541618,3.692518203070105,4.20535452672156,4.019991139984598
0.014796813978436628,0.007727748556288743,-0.0032875173733115178,-0.006944377344411118,2.0890371007177233,2.7280143111334634,4.108460991737861,5.119255527357905
0.0151442125497541,0.008687851458368805,-0.0018994808101884836,-0.007453181583648784,2.0154670294391828,1.2678208443363959,3.3468995931949763,6.5345273558090256
0.015091574652243214,0.00852127370690197,-0.0021485295088463844,-0.007399109535110207,2.055485622567445,1.4980709202241946,3.528675423236862,6.351595894946116
0.015014399531760255,0.008387318829450539,-0.0023792324949029183,-0.007399624859724989,2.107842271275185,1.7306521926595715,3.73779521300426,6.320963395069449
0.01486960859550913,0.007879279055450198,-0.0030644206160711555,-0.007040293909382733,2.070877221426134,2.461920372153965,4.011316553145068,5.355463826278402
0.014890010608218691,0.008063426786205155,-0.0028645145369921715,-0.007238365218128944,2.132979697706247,2.249990450122107,4.024690583071454,5.845672608121281
0.015025034713340848,0.00820457013891216,-0.0025654214564537875,-0.007185777293740327,2.019218278638436,1.9140169625977472,3.7153718918745438,5.73650023324199
0.0154780278369025,0.00956028697348979,-5.803763626139811E-4,-0.0073199970038036214,1.752390349969995,0.29855621486861655,2.0931140906149595,6.464265864110453
0.015414835258873886,0.009310733599684397,-9.321514520921478E-4,-0.007347331074698454,1.8299227497687522,0.513215289456126,2.4112154824585086,6.428864389216002
0.015405996240217164,0.00903105434578275,-0.0012898895901355695,-0.007223457292082025,1.7620817327064253,0.7680560859534925,2.6535761068138,5.9985479535205
0.015335748256939192,0.008808752446081994,-0.0016097165983019743,-0.007205485812883506,1.8482087655362291,1.0144539232453267,2.9101865816528485,5.891630884182921
0.01299417919852085,0.005626574322472398,-0.006406966313892842,-0.004375516717287747,2.571060513343013,7.145383854208755,3.1991319706454853,1.0018752464683558
0.012836609494504844,0.005530932050399191,-0.0065768065381759345,-0.00416325715339575,2.6089979733813604,7.40002885207987,3.004097463365524,0.7994426254339685
0.012675471813711753,0.005477685131826386,-0.00677111785793464,-0.0039957728774446975,2.702228419264118,7.766305178910914,2.8818390983297553,0.6580140880264748
0.012410037619738785,0.0052593974114670825,-0.00693933225576306,-0.0035121980613573704,2.647506721885824,7.7847992582498895,2.2841619804542854,0.2816028083601985
0.012570443577344643,0.0053420244654780215,-0.006797949536963375,-0.003738807708601017,2.5900532894598913,7.608730551868676,2.517836855931669,0.4376694987977359
0.01360579692943667,0.005919082679881166,-0.005592791015516028,-0.004920983454244819,2.2543027275749865,5.699625404277355,3.3931740469751444,1.550606517737606
0.013442317403628593,0.005735929900540349,-0.005776795416707114,-0.004637578183561172,2.256336259872663,5.885676788929732,3.131453821093069,1.2221447630035789
0.013220510816319997,0.0056110124285855874,-0.006051598439224383,-0.004416470493088717,2.34869793139276,6.316904727711917,3.0034756289630558,1.0016812133596167
0.014081702887528911,0.006606748094438618,-0.0049087863732672245,-0.005902509012792915,2.262992521459591,4.909541548341878,4.227645918394512,3.0334382825107977
0.01414660161733675,0.0067734182295751165,-0.004780550817753779,-0.006143994556133408,2.3167745288978687,4.769720242253196,4.43218777814591,3.4646683739543844
0.01442139767095731,0.006987844406702146,-0.004271947047574135,-0.006272287963683746,2.1307834296889165,3.976364618849821,4.172644817603463,3.6705369865887856
0.014304444737090012,0.006858245864615033,-0.004498328772329093,-0.006163435472893657,2.187541028767487,4.304189346036495,4.22821062788987,3.4789823114012743
0.014171448781947156,0.006417384995714365,-0.004770775138290579,-0.005542111804418167,2.045604213848918,4.52070459921218,3.6358898867848635,2.3672676157995274
0.013909339268887119,0.005839504651368188,-0.005113311810274167,-0.004759948590427643,1.8969687500743608,4.6816756262015415,2.8840215136209832,1.3118591773248303
0.014091346850592192,0.006010925098051457,-0.004876086782377705,-0.004962473264196947,1.868023873085049,4.390367310365378,2.99262034258191,1.5518333138932159
0.014257760941648373,0.0061657158045449745,-0.004644410687666648,-0.0051237475933086805,1.7895203112534752,4.094498248650004,3.0462955714142415,1.7541828430585171
0.012347840298272132,0.005040504912151363,-0.006815504857147208,-0.0031937714272001314,2.4008159432669154,7.096477320677358,1.7793727835545974,0.0740166064721852
0.010394036213322917,0.004502276410087403,-0.007655939272804558,-5.39552671879561E-4,2.181382236232967,7.070174217554832,-0.9464969138852358,-0.21425484715251317
0.010586590123299386,0.004491094686233157,-0.00759139604060375,-7.942680479484256E-4,2.1674717798205907,7.047139932118966,-0.697920623047681,-0.2719977398217097
0.010767030341955905,0.004525920928278957,-0.0075659418213068555,-0.0010419911634940314,2.2307441220764956,7.184359161796938,-0.45867421092907174,-0.31221417132149426
0.010881135347782987,0.004361283975336449,-0.00733215766068637,-0.0011125188614433776,2.0308843456217978,6.450288418815105,-0.35756969466401195,-0.323596823166659
0.011050086571073089,0.004390310542473309,-0.007281484368563968,-0.0013247621389922458,2.052061407951102,6.495785692670055,-0.16018795323262983,-0.3404234291483396
0.012167776293399693,0.004879449092922503,-0.006872986692195395,-0.002868127039118653,2.3039833737618465,6.925747212358675,1.4027346342431277,-0.07911773234327761
0.011962996789993843,0.004792796098459877,-0.007002738642884175,-0.002598572672957827,2.3234149314811763,7.004587433892936,1.1260881992378422,-0.17556241597483394
0.011297266560786598,0.004634943426255749,-0.007398861383832314,-0.0017607477040896596,2.3210430742817114,7.33009834405689,0.2717384587322513,-0.3361170566838616
0.011516002997754274,0.004731080342266946,-0.007340680543770723,-0.0020847623630840992,2.3901445507141648,7.486766453145479,0.6137467021233617,-0.30146539689340496
0.011747152357651508,0.004740219037676226,-0.00715309462374267,-0.00234201679683969,2.3084375693817916,7.176352722903615,0.8621923274586444,-0.2503425353266125
0.011235666863167543,0.004405372700207262,-0.007192312830454599,-0.0015430793856633185,2.0499820998480875,6.438620690496194,0.045827532337497805,-0.3459936260810487
0.0127209369966301,-0.005390818667109289,-0.00663338713665696,0.0038987703991167047,2.557401917409765,7.288891797819901,-2.6468868907815293,0.5633873023695757
0.012368495201579118,-0.005297705339228763,-0.007032197274290049,0.0035328778840724015,2.714406287570462,8.055842920777499,-2.3665131631036602,0.30183090115299754
0.012542417869761558,-0.005294601857641119,-0.0067979630944662705,0.0036559011949223908,2.5902331083539925,7.505452414557681,-2.4047132936059294,0.38011067380404867
0.011800644279305158,-0.005013811877651313,-0.007396874599549623,0.0026593694828571652,2.661378182306652,8.298625610749832,-1.3420077309413099,-0.14978251058756428
0.01192702543320785,-0.00512039758852797,-0.007382064312215853,0.0029060095744613754,2.769399702832499,8.499568583980732,-1.6648624219093349,-0.048794683436781304
0.012099229627476874,-0.005130675863655348,-0.0071984529524927445,0.0030892785835331597,2.680332720818478,8.113780403294554,-1.8364756666409356,0.03798749438455001
0.01224825052565555,-0.0052049188903067955,-0.007094473025190112,0.0033143475434344338,2.6725556515260056,8.02352921386983,-2.0914853597393708,0.16141174583547177
0.011527117827596103,-0.004757011670299702,-0.007365056281955785,0.0021196453428958804,2.429841541634073,7.5935656544674135,-0.6723510974783745,-0.28996068914628653
0.011475177569459252,-0.004524200205135885,-0.00715903996044055,0.0018842882367197775,2.1520352470088318,6.678616271304823,-0.3763049275994511,-0.3281744807495694
0.011772102942831484,-0.004793654474399862,-0.007191815110156436,0.002415566845199248,2.387191584655525,7.364538840486339,-0.9720253943869989,-0.225945294191785
0.012810416269897772,-0.00586459670770868,-0.006888584121623831,0.004682737582424189,3.268215391377185,8.706909775970878,-3.772423367032719,1.3071113408455157
0.012844353154474792,-0.00567366090266198,-0.006682484654495308,0.004389479313522078,2.756686745656307,7.814587141097504,-3.426654249946379,1.0419183193003112
0.012874395012363421,-0.005473619018275846,-0.00647702467451445,0.004095127747454617,2.514853977535862,7.0626648153246165,-2.825710902514412,0.7256927323624591
0.01293892622972893,-0.005954915005069574,-0.006736052820190971,0.004899543834749772,3.1865273872905795,8.469693352740451,-3.9984776167192884,1.5494951847932799
0.012980506883663563,-0.005767828022423881,-0.006534907344322824,0.004598085593506311,2.7360946440045755,7.587017300574689,-3.632153309588986,1.2648476828322919
0.013064534716697501,-0.006049224510282093,-0.006576646499293084,0.005111469322081893,3.0923670785629613,8.216401941602808,-4.208306081909783,1.806517425868436
0.013110452192291415,-0.005869863222091237,-0.006388735906935144,0.004807547821786374,2.7265671037673305,7.3693761787686975,-3.8321115510780284,1.505401986580656
0.013187119036995118,-0.006147433031857422,-0.006412020384857851,0.005316615585472109,3.0004598363491346,7.949928269920819,-4.399635815732336,2.0756513799904566
0.013230886536033881,-0.005977530372299321,-0.006247643158213831,0.005015608346961679,2.734096157218227,7.16878973779587,-4.025928448154118,1.7609033509823304
0.013306558565652453,-0.006249443980966237,-0.006248228661442613,0.0055081602683414894,3.2012832597237004,7.669666137876658,-4.5668696255327195,2.3504995704605762
0.013336003931626279,-0.006083549843850072,-0.006118691901288233,0.005211457329967913,2.7206817182892156,6.9940617413957105,-4.205388971194556,2.0178213016522615
0.008242286799274016,0.005045151353937231,-0.0074868332087163455,0.0026486997618741415,1.905977954558643,5.693013608915418,-3.5641486183377493,1.7767163138943887
0.00901364256096809,0.004787476082714555,-0.007779896528634716,0.0014642218421071617,2.033435551374007,6.687378837348862,-2.795410290696704,0.7780223293960428
0.008836735775602176,0.004818194792649183,-0.007710217999795119,0.001723011112182293,2.003825503185745,6.412280098740099,-2.960290290517911,0.9658085871626921
0.008697863607508285,0.004914873342127597,-0.007730055120128044,0.001972816534584739,2.035356229829283,6.472829616591261,-3.2165630847219413,1.1828677353001145
0.008367348896189147,0.0049642898214005155,-0.007514412266105386,0.0024273450795843266,1.8948628481323275,5.75805992349908,-3.3881817600274284,1.5552979243842726
0.008526542862889194,0.004907369543820027,-0.007586962323440724,0.002184531397963145,1.9031477170491706,5.98003529338706,-3.2502066604660516,1.342451886518953
0.006174650556308586,0.006389785071805126,-0.0053811377952221575,0.005703906611023259,1.9246202884333166,1.8152189029037982,-3.49441138510828,5.342935909748881
0.00601096182094729,0.006471375733809143,-0.005115627278516278,0.00578779915673417,1.8669620297203444,1.4606817399252794,-3.179323211013735,5.315748759804024
0.0062513616789944965,0.006258343163097001,-0.005492678804715761,0.005504508033873176,1.8598591769146218,1.9312503056965176,-3.4772764375178924,5.012408974770672
0.006375155431953024,0.006127811570447484,-0.0056688376121216055,0.005302970478008277,1.7946465623910364,2.1532683445410297,-3.5502295849557153,4.744303487520653
0.006526612510225097,0.006055536809072717,-0.005894011414010864,0.0051865555227884955,1.8582809099132862,2.508141578112922,-3.771394701863317,4.6718287473302995
0.008064492792843572,0.005030571593140504,-0.007288240331522811,0.002825299079475777,1.770148448337922,5.093753510320458,-3.473720093574542,1.9063063253675199
0.00787916132959457,0.005108052737776419,-0.007165106911061886,0.00309267107531693,1.7599103247322663,4.789120374204952,-3.565342611877025,2.166169305211184
0.006610816375367784,0.005905702446792342,-0.005971440636219128,0.0049379852560458215,1.773507912440083,2.57833877576245,-3.653441868631687,4.266227077595848
0.00675437494611018,0.005801714338839988,-0.006150589330207248,0.004746092707709245,1.7353021707730718,2.8561540097676823,-3.7295796722468046,4.043371655741365
0.006913564611394796,0.005756299660464367,-0.006374934361036979,0.004630401171020169,1.8184902057130699,3.2784246614128074,-3.9437664021525882,3.9760666583914874
0.00700434786915464,0.0056194273136008915,-0.006427435843974414,0.004386263571309391,1.746131850656975,3.320509103387225,-3.7865345188246535,3.605545625673559
0.007722405876421011,0.005195177343069043,-0.007065358166135578,0.0033365036731204246,1.7619419977663664,4.573273761346254,-3.6669730505238545,2.4222175516050926
0.007613204696386314,0.005317207005270279,-0.007044597718465708,0.0035815430137772714,1.8097681666049048,4.576378529881218,-3.874926030204457,2.7320096365429682
0.007454231896151291,0.005346753237106732,-0.006860761427891367,0.0037417770304658455,1.7257216990837698,4.139532329007662,-3.775610969364092,2.8694035189315183
0.007288904356209573,0.005418960906370614,-0.006694384621312557,0.00395008870175774,1.7137413139688922,3.7913489494908283,-3.7423871245655715,3.083124769953834
0.007135708003571752,0.005511188196641613,-0.006546527095222414,0.004165703254338181,1.7149862596807328,3.513989371737974,-3.7419414729398848,3.327134053482609
0.010166211921356253,0.004536121716172873,-0.007731665122007924,-2.3184996915390267E-4,2.1694688171331857,7.130283539605627,-1.2567314044862437,-0.123085365893856
0.00992023469015109,0.004490026826802287,-0.00768258288070951,1.0902942927080971E-4,2.0518652782428575,6.7290673663112655,-1.531269853694561,0.0015472560477412316
0.00965085642728672,0.004541474713751235,-0.007713981674105009,4.885913404575345E-4,2.0301244152539106,6.658796022696067,-1.8742866494109391,0.17338213822724563
0.009146448727779265,0.004605458619647981,-0.007627404166217814,0.001194695457366018,1.9076953489422352,6.136561235646537,-2.399005678801523,0.5673000177314788
0.009390623435252758,0.004542737944714776,-0.007649370468340214,8.44957323129052E-4,1.9428593027477723,6.294384700054834,-2.1224754594234354,0.3557402284240803
0.01028888156624597,0.004333874309214223,-0.007479362754003478,-3.6995324711432516E-4,1.9475499797246905,6.315428130800209,-1.0202327223451781,-0.17949576428635478
0.009015553949620447,-0.004783923680325027,-0.007776928481862917,-0.0014605198634068482,2.033007515695011,6.664429445202502,2.7837800878411625,0.7776979319133385
0.008847023681414747,-0.00478952177950568,-0.007682126592806573,-0.0016900397120160054,1.9610937718497616,6.295247659083384,2.8931684656564074,0.9400159492929312
0.011292631880204393,-0.004420518512824576,-0.007177758129055213,0.0016195601332084735,2.0426372316584565,6.451767641916277,-0.1150141302666635,-0.3467689637369534
0.011071522129360259,-0.004424734278699261,-0.007310844357392677,0.0013696706441539345,2.1023167562099094,6.612543043504639,0.11869422779360402,-0.34241519762101696
0.010866068766893056,-0.00431382524673207,-0.00729187651837252,0.0010796393680830606,1.9480688543953366,6.249891205521245,0.3759256425440874,-0.322479277521079
0.010167786174158856,-0.004530178093185177,-0.007726599968046975,2.3335019509120378E-4,2.1660574725149324,7.103151806184017,1.24725189275443,-0.12375715853582761
0.010610234112366713,-0.00424642435081003,-0.007313555988503119,7.508450523054396E-4,1.8887149787118565,6.014053502434593,0.6521516965584143,-0.2744021983767837
0.01033860875554719,-0.0042349010741178725,-0.007363793656800981,4.1731703508016924E-4,1.8549841052530436,5.9081719843364295,0.9274320001012938,-0.19859868000987432
0.009908036556899771,-0.0044918263918590495,-0.007685757100343005,-1.2636764087931541E-4,2.0489700754926488,6.723176419017277,1.538492941387324,0.0072391108265533735
0.009644116560246122,-0.004542027988960331,-0.007714177991849319,-4.979663831387418E-4,2.026721613592017,6.652534239705681,1.872699592323436,0.1755111610781681
0.009140479242727026,-0.004602242439117292,-0.007619684401912075,-0.0012010740141674503,1.9013803283223891,6.112779281570055,2.386072869613409,0.5660188790723256
0.009367229006306281,-0.004543640973996831,-0.007641723198938465,-8.77057100760168E-4,1.9381116864499524,6.258989767054974,2.131763206679139,0.369591586283208
0.008673671060581327,-0.0048194029392391955,-0.0075975547781090376,-0.0019332131202906243,1.9084540239635253,5.993555800963043,3.021609879831122,1.1241303868577577
0.008504375257585928,-0.004870106639766936,-0.007524077499523204,-0.002180936273829519,1.8766121326072878,5.758069879731632,3.1648128239032745,1.3258981761032815
0.008014263716568458,-0.005411225499911389,-0.007648463213939254,-0.0032986554847088106,2.1939119924199586,6.0675128968656,4.415621180286901,2.851577682318519
0.00802332890234686,-0.005251566197101217,-0.0074846453829116285,-0.0031121906301394,2.0302916179689237,5.735306200247993,4.014231763805668,2.2992221251234235
0.007881891053336738,-0.005295260554173083,-0.007364922069880635,-0.0033123323843126675,1.9738827564231032,5.420054420266033,4.053326975713824,2.4910176499218064
0.007871104159928416,-0.005475864446977091,-0.007539186789047223,-0.003541089721633302,2.2722676006087585,5.767125469768868,4.497340152839921,3.125894662197045
0.007732164613533447,-0.005357027122154179,-0.007241289173096203,-0.003533768264215344,1.921693200711405,5.114259753325128,4.10576131942829,2.7246888505445637
0.007730047808600201,-0.005544967222482057,-0.007422236303781423,-0.0037801486542024232,2.3245144320788107,5.465342072992544,4.561770025494472,3.406190391749233
0.008340425540901435,-0.004935671194918866,-0.007456128592758991,-0.002430579815927442,1.8567127732247048,5.562852307162708,3.316252296109912,1.5447250153861367
0.008184677435355085,-0.005015258523515697,-0.007395280426650809,-0.002682119414104548,1.8494837639847717,5.407561190799444,3.4786069327634768,1.783409680598961
0.00806549489116069,-0.005115073100659808,-0.0073800812420032405,-0.0029150757462128364,1.8803890253781863,5.394288209159881,3.6808988933892386,2.035649777533941
0.00758406606694595,-0.005430635364936798,-0.0071173633843017335,-0.003759231775841715,1.8946152378171093,4.823816475744729,4.158699826091122,2.980919120429651
0.007591233601480753,-0.005618465515670955,-0.007298192827669951,-0.004014430195404497,2.356408302547587,5.163761326357573,4.608498561283821,3.6899134365490958
0.007454795807560529,-0.0056962881580212045,-0.0071663677813717476,-0.0042452507298915065,2.4130623559375124,4.862808572009437,4.638589216949403,3.9780969630412755
0.007439760129759206,-0.005512772538247736,-0.006991548053302379,-0.003984563319640099,1.8796723748953517,4.544020328897408,4.205495107872429,3.2522456939791167
-0.006577264761224861,0.013644843410250553,-0.006069801488635094,0.005703959385348155,1.5036785897601,6.060715213170757,-3.7889972020307865,2.007677782746546
-0.006464466094067266,0.01353553390593274,-0.0058936162349879535,0.00588599725510888,1.731712660263729,5.804885072367727,-3.8960149089942906,2.2418963763689725
-0.006428299697776356,0.013690749907018998,-0.005788204248290269,0.005604532809241887,1.310661055076057,5.291300110606799,-3.5488144057230637,1.8788726584724442
-0.006693441434347548,0.013750556019033765,-0.006254894000370254,0.00550042922590139,1.9788837802580852,6.324132110889301,-3.6637724609932665,1.7755409796271369
-0.006538365837285747,0.01380646990430865,-0.0059435489178150175,0.005408487628968791,1.2913456281400604,5.484015697408494,-3.4230682186924297,1.6494406517769284
-0.006670557419727051,0.013898278135372172,-0.006136051078643811,0.005242279711745595,1.3473597807285114,5.789048016152884,-3.3495469022674,1.4739571108923755
-0.006812880963004883,0.01385256696814258,-0.006415839613836624,0.005311919894793546,1.6057331537807373,6.57662846604661,-3.52943171530209,1.5559805802718476
-0.0067894270866041525,0.014004079029856512,-0.006285056941278366,0.00504024543589817,1.4186901836324488,5.984887934789028,-3.205024132230428,1.262423172451619
-0.006935465283302505,0.01395077548971791,-0.006576584066775192,0.005111375777520496,1.5586748863037647,6.815742050116075,-3.3768419947583204,1.3418578367001317
-0.006906012252234028,0.014109336490405173,-0.006416204844840424,0.004831375004969698,1.3985336968527395,6.141987556934894,-3.0422802912555036,1.0601676228919226
-0.007061073770271073,0.014045084994930429,-0.006737691289202467,0.004897024037471336,1.7713107813774691,7.051183405333714,-3.2060485602028197,1.1347144338970943
-0.007041190044039889,0.014207027812116581,-0.006569874246486502,0.004620491990785289,1.4168377418164562,6.358841378474744,-2.8859760615536594,0.874886642480068
-0.00718958373010223,0.01413540329229132,-0.006887532840437675,0.004684074389568557,1.778727094085711,7.276484424198455,-3.0256354704716544,0.9414281538947381
-0.005141706727759531,0.01248952173655725,-0.003441692912875286,0.0067717337281947365,0.9930050617440846,2.2379478913422175,-3.0259764672505436,3.2750717340132915
-0.004985861352734655,0.012294968143044573,-0.003107919712268164,0.006870510170471044,0.9758171264417671,1.906699892950914,-2.8669652669429975,3.3967985923729995
-0.004912180380363133,0.012120229806091667,-0.0028800820724727105,0.006996964423646362,1.0076122912506367,1.7119074592923804,-2.8238573898348744,3.6337869263613594
-0.004528230402522341,0.011779467489639116,-0.002201517661107047,0.006964402458563013,0.8924113355523833,1.0982584421988937,-2.2864731901379005,3.4002917912229536
-0.004625959624397384,0.01195823396272904,-0.002451563367083205,0.006894173116050984,0.8932372757625499,1.2853104951113516,-2.393841821699741,3.2860957833667936
-0.004732173821943872,0.012088278494859533,-0.0026662162304006073,0.006864414199612779,0.900623316635375,1.4671818778905696,-2.5183441636796045,3.265638753716967
-0.0043987684029447045,0.011340831276212038,-0.0016620076711341234,0.007169535416319005,0.9760003530731606,0.7471536982839996,-2.103026389534119,3.839626505814428
-0.004445814712849136,0.011577525856983914,-0.0019414262717436296,0.007048825079640349,0.940787258985897,0.9163372885896967,-2.182965759778235,3.5645296016221013
-0.0043138763085645,0.011766775823149986,-0.002014714882578747,0.006782017758928283,0.7689558520207831,0.9311411451445645,-2.026742874385816,2.9998879418817883
-0.005954915005069574,0.012938926229728932,-0.004896099361402316,0.006738491295688264,1.6293912320493795,4.46784531643669,-4.215166953510567,3.503720635273776
-0.005864596707708681,0.012810416269897774,-0.004678891330071931,0.006891036837284079,1.534841746756439,4.19451341245906,-4.2320887274334105,3.7693380933543996
-0.005783630289274099,0.012965621254318478,-0.004630182615567584,0.006588379640901113,1.2268651200888474,3.7526778100810625,-3.851357362896086,3.2644328909171425
-0.005699107886394624,0.012832332403825695,-0.004434098332921399,0.006739243722743793,1.2566118590735103,3.5327272095636277,-3.8736511446271993,3.5166594949552237
-0.005433181124252072,0.012697787115488452,-0.003965382093406653,0.006733866168829453,1.0950000416933448,2.8730870265868123,-3.436962902102279,3.365593293189042
-0.005237760515141733,0.01269948753216849,-0.0037008138186332587,0.006579584764085195,0.9606524362834775,2.4716838162485746,-3.0123773661417412,2.947911958900636
-0.005543363795593472,0.012825341481856439,-0.004195972595771239,0.006632744830479714,1.1333792453271276,3.140193056622966,-3.5074330511517977,3.2198855494490166
-0.006355156589749451,0.013422735238775145,-0.005709554444238531,0.006064650296531635,1.8038140952609563,5.540661043641812,-3.9883271003812477,2.4822099718064754
-0.00630225651674593,0.013574640772604276,-0.005591977463747636,0.005788003831471794,1.2406600278842317,5.006496023780058,-3.6317460536014856,2.107866291099882
-0.006049224510282092,0.013064534716697497,-0.005100886707773021,0.0065848514152306555,1.4675920042221449,4.7346812366100925,-4.182506717471101,3.2434556279476623
-0.005881936454304609,0.01309563436780132,-0.004835509518260862,0.006438705220044573,1.2319845840338717,4.011794067686921,-3.836189505590205,3.022465845896926
-0.006249443980966241,0.013306558565652458,-0.0055115209458272444,0.006245061399471716,1.6555707715562498,5.269973237405443,-4.06675500915814,2.729767150390259
-0.006187592369122125,0.013476084086150773,-0.005402224778388628,0.005929874771740245,1.200456994224356,4.723522108660576,-3.6640626555268203,2.2869192392845057
-0.006147433031857423,0.013187119036995123,-0.005307822081477905,0.006419120228485258,1.5466078076892344,5.001778312745396,-4.132100943654332,2.983963237965263
-0.006075097947197482,0.013357107983904387,-0.005207895474540592,0.006094462671692349,1.203784743281856,4.460577030822997,-3.7151796831829142,2.5091691962075866
-0.005972367239426951,0.013227702897551019,-0.005018015309105579,0.00626746420087029,1.2207395860086887,4.223823436189658,-3.774853689937792,2.758232547597597
-0.00629026597596899,0.01371899709910778,-0.005538244402250039,0.00553283040156415,1.1624648592630007,4.771760058839436,-3.249174707674804,1.726683486809194
-0.005011563630733173,0.012699256075195295,-0.003413378288145918,0.006410306556210656,0.8084828349865772,2.0821854341294213,-2.6041312863442125,2.53244347037929
-0.005134651256994581,0.012856059001180638,-0.0036491511440326792,0.0063005062112038825,0.8166549077381487,2.314288844837262,-2.6660072841714197,2.4033777579858193
0.004895969474487904,0.013022049047806161,0.0034184649024838784,0.005941940946853491,0.6023091210256534,1.9672520802071707,2.18208807622544,1.8025360025082253
0.004600929775685432,0.012440234341876409,0.0027878823654522993,0.006396693402550371,0.6702100143448861,1.4644342539376052,2.173903726490222,2.382875461802273
0.004657172505892514,0.012762676191837269,0.0030303757559012935,0.0060928777205428615,0.581881156840454,1.6212235391686518,2.075172659510798,1.9520893175729785
0.012111660764718313,0.015374408612349802,0.006391333890855278,-0.0025112715791970504,1.257285928896165,3.5302610064322586,-2.80192798536244,1.6607460107824996
0.011842341929577057,0.01550010624597991,0.006472732196385764,-0.0021642866989677735,1.1362560411151326,3.710277232719112,-2.655647408211194,1.3703938927165893
0.01333938416098722,0.015076526009828499,0.005321496647216251,-0.0034745746053334438,0.944605788311497,1.8165776123006323,-2.498512541124356,2.5290605090247222
0.01250785626494792,0.015451221884912101,0.005907811146933996,-0.0026824638480656676,0.94365785335226,2.6789616027914973,-2.536516257337773,1.7952240590098754
0.01287198385368102,0.015252201410884625,0.005702919894407036,-0.0031171787099968265,1.1514347882042528,2.3402308345656735,-2.5982281900957562,2.1900220100298964
0.011580734537001026,0.01569713151778337,0.0063997463447475495,-0.0017831657987386637,1.1304567974751567,3.663000833556719,-2.3860912949139608,1.0490548219007139
0.011162553874664364,0.015779845290524782,0.006545124328454049,-0.001303154095714567,1.0564824978861653,4.003851888612485,-2.1792459260428867,0.7207341030718558
0.010525400971155641,0.015714780042368575,0.006902719409825164,-6.301739241172969E-4,1.1503208882031635,4.841652482691731,-1.8778811238682038,0.3223992604837705
0.01079723511036571,0.015718599707352735,0.0068082304274351664,-9.544095459351731E-4,1.2407271791620584,4.5855488351889475,-2.0588073892717436,0.5029999011283597
0.010215621527719109,0.015861116376300964,0.006724076638213907,-2.521004522238518E-4,1.112498336447297,4.629943660823983,-1.5631301523089969,0.1277350557448713
0.009880922559996468,0.01589416345091501,0.0066804063446589314,1.3320112471280573E-4,1.07339316692519,4.651893318755811,-1.2907933572923496,-0.02147874333958328
0.014148328448044664,0.015470865927892059,0.004235901661964814,-0.0031936971317807965,0.5920172788571358,0.791399424350871,-1.64386385842008,2.0280778115695117
0.00848831432443858,0.015486593128257873,0.006741750114702685,0.001855339218860871,1.1114056193920887,5.38386582780255,0.04086665737642764,-0.34448169643374255
0.009538025897864176,0.015928901052243098,0.0065819389257008865,5.051240787992025E-4,1.021130602747605,4.606358156375086,-1.0164672256769884,-0.14829194408923282
0.009046180775158971,0.015616349938999291,0.006898978389941557,0.00116056781384626,1.1796728449226943,5.4294258303256635,-0.5360486827255556,-0.30283110038850475
0.008723889356467484,0.015589165894037518,0.0067509416164757115,0.0015365739019810047,1.0830714483777168,5.285706727053391,-0.2385888768348674,-0.3414893170398852
0.009201907706667482,0.01587487735728365,0.0065649543813669445,8.838292871343637E-4,0.9871849203650929,4.6886865022513184,-0.7413884924722137,-0.2416290383597924
0.005406736733775547,0.013666040617247594,0.004205284996392605,0.005358869560389236,0.6343583834474787,2.7073858976038743,2.135122888924197,1.2080812170815844
0.005553608851248038,0.013778263722522104,0.004405364556783241,0.005253905917900141,0.6827174398254539,2.9185217930867733,2.1510299910193162,1.1283151577031452
0.005830792649179686,0.013915583598448376,0.0047804438298156065,0.005133416510076343,0.7673051941594728,3.3651507780087724,2.251779384867792,1.0660466393479335
0.005629243253787328,0.013915500508572546,0.004498263259596237,0.005086663866626549,0.6841098833950012,2.9880503173957598,2.0542868385591038,0.9720673899457468
0.005947829004488408,0.01408496155270333,0.004909570448583243,0.004911170546102478,0.734267311728758,3.475570120854498,2.115602144574862,0.8641360751132837
0.00615297306188574,0.014171701390874026,0.005177791916418517,0.004804777791489923,0.8197659368956975,3.8212939909887766,2.160132936565801,0.8079353362903621
0.005136143600477852,0.01363372613150357,0.0038531992849513102,0.005302880125202788,0.5215591227005972,2.291087479236069,1.8818552762383638,1.0641693244460706
0.004813363812762445,0.01340293399803315,0.0034342123534995077,0.005449543925789223,0.44745506933794843,1.8821233473204197,1.7781467043446157,1.1600686637363216
0.006261015145583993,0.014389055534607002,0.005228179059630495,0.004498454871223547,0.7430702972324764,3.78048445585561,1.8861932945184627,0.546663753037871
0.006728912838504117,0.014699116957974831,0.005678710943245697,0.003973024443050537,0.8461844784180929,4.306723617061451,1.6153085410918189,0.2355921776794578
0.006486410758765437,0.01459189944466364,0.0054236622754475486,0.004182013222041685,0.7760637792220709,3.968448546681806,1.6922759474558766,0.3435043731145275
0.006815594077459758,0.014925445288634119,0.005612010266342297,0.00364701338504618,0.738184329505735,4.1065557980243375,1.2916500216483815,0.044825187156775866
0.00697959681516312,0.015040799794880974,0.005720949544085213,0.003436526881398763,0.814601406098836,4.194474037037938,1.1524438146609357,-0.03817402086200724
0.008231217673157635,0.015488335952206268,0.006536279229319716,0.0020978315411276254,1.071657577137872,5.082400745085045,0.22568727748487635,-0.3344739991817121
0.007749563574007591,0.01532531153737317,0.006294332981816419,0.002650684417999392,0.9513277171312104,4.8600118944208655,0.6331349644682823,-0.26637357774393516
0.008000133969697537,0.015340050421271654,0.006527389786942857,0.0024323653875944246,1.0743247377335663,5.1835529728565275,0.4989124986439232,-0.29677419528585625
0.007063144951117011,0.01522957096144309,0.0056443563138617306,0.003182016073651117,0.7371546452386103,3.9707292003110766,0.905578420328136,-0.14063758792430225
0.007283228518036577,0.01539429448304993,0.005724527972790486,0.002883294350759616,0.7511568844274733,4.010317798885198,0.6972691323075049,-0.22446030853088964
0.00753867908242325,0.015485884084184165,0.005892496783098575,0.002628403038176734,0.8191454952093282,4.196726842680921,0.5421317330171656,-0.2762171118559266
0.004153847081327842,0.009590272255575112,-4.889980481820326E-4,0.007321787989997682,1.3586364539008409,-0.19424046304666487,0.8663041871688418,4.888832557217255
0.004144004053216019,0.00979919190668293,-2.380675353305558E-4,0.0073429695476267,1.3133691187886878,-0.12792161982390193,1.0329322146865145,4.795327030884948
0.0043435637637735565,0.010416388403938132,5.417005706324211E-4,0.007522763832745057,1.3155874955601492,0.16853785215350284,1.6234637863287626,4.993119909307042
0.004248564560545863,0.010240622900093031,3.0505346973864E-4,0.007448829599806951,1.3041267179777922,0.062125916200472135,1.4244521015297396,4.849495582652794
0.0041750208499240354,0.010019610878311635,2.7172544597091842E-5,0.007385913766926318,1.2985189849926622,-0.04385069866680849,1.2162631622869287,4.780565564426451
0.004359498762479559,0.011257544055584122,0.0015501646711664262,0.007187349441590379,1.0000038863203724,0.6775351435636043,2.051595713482642,3.920508105987006
0.004398140987796737,0.011041343664696439,0.0013307223665623882,0.007348739389202631,1.1277477143624484,0.5657214549900467,2.031607087504611,4.348006669057891
0.004297569615014243,0.010616851504293688,7.778427605019867E-4,0.0074197701377914345,1.198931002891886,0.27138206492010636,1.7158626332488984,4.612852568291224
0.004294695882042326,0.01085008532355611,0.0010585248095740742,0.007332085217647666,1.1212201556123764,0.4056966783701381,1.8383131418549532,4.322697368200358
0.004359595089614838,0.01195613405800679,0.0022103635937737996,0.006667282573067085,0.7347080061726118,1.0464644870508033,2.0439950063496575,2.7974476140649127
0.004265692243414805,0.01177595214621587,0.0019818346840810006,0.006736219678319377,0.7287685143946075,0.8926576158305853,1.959065753933187,2.9041410300574952
0.004263755318196465,0.011575851976248922,0.001804729562610869,0.006884636598166792,0.8244103291910839,0.793104610030698,1.9633383814081324,3.1991601139375843
0.004362420390490052,0.012214360464422383,0.0024047349283038513,0.006438295313486756,0.6258544427893126,1.1562065573760363,1.980170057992595,2.3956229973661345
0.004132775705970894,0.01140544583380055,0.0015607403679278058,0.006880240923450892,0.8374654529655111,0.6322573250956577,1.8091137582792152,3.171720787547591
-0.004564049720918945,0.010513726876871477,-7.243561209573063E-4,0.007744614545819642,1.4855484947348019,0.27661862545863025,-1.9077774155640783,5.691875839810039
-0.004511748498983391,0.010250539409136797,-3.492969695666958E-4,0.0077387285750977015,1.5257899341468244,0.10353187488573201,-1.625808985429898,5.781690764593351
-0.0045420148475463105,0.009997080454895228,3.4311615755146233E-6,0.0077886553900766275,1.6322459365693882,-0.03239530298273239,-1.3914335690281876,6.1262681588270045
-0.004507670415625017,0.00973221560602886,3.699286686941005E-4,0.007729518057498747,1.667126385667492,-0.15087745803998068,-1.081001449471522,6.118501929803677
-0.004274560666849568,0.01067835276834001,-8.460399725432037E-4,0.007373762588004839,1.1668115043622815,0.2949256452862307,-1.7212415300477952,4.438978855717416
-0.00417026113444633,0.011174444478421407,-0.001355905171821759,0.007044024996573619,0.933259828736551,0.5379808552764253,-1.8209448163834878,3.5483815422747784
-0.004023663668398886,0.010883591521717867,-9.823271067959825E-4,0.007044878388214799,0.9032744827431262,0.336066080678385,-1.6064344399448045,3.5820541005981066
-0.004546955262276415,0.009483913819370984,7.18513233180438E-4,0.0077202594195052415,1.752074866846709,-0.23749489256322115,-0.8030522517252743,6.3345806926464565
-0.004532465758371032,0.009243627339063578,0.0010370300172359024,0.007620889946502241,1.7445523156110807,-0.2922001427596323,-0.5281494003756922,6.232105133230994
-0.004568501212283563,0.009056655994328252,0.0012948815780269825,0.007575238286060495,1.7867674493549668,-0.3206164294520064,-0.3029155156298153,6.308092216822022
-0.005198530675796427,0.008605047553236286,0.002334967837141297,0.00799548388119785,2.5171657850166405,-0.20357768432263587,0.7076943525606724,8.937778157354845
-0.005028639737947882,0.008633641725961547,0.00214698958279138,0.00782470169686104,2.3436346770932937,-0.3192401503308106,0.6241054022870368,8.106550884556766
-0.005244717217658645,0.00845491564632612,0.0025743367080694945,0.007921691772202338,2.793642650888604,-0.1489365469301401,0.9911326335535584,8.913811766895858
-0.005088994885836612,0.008491400423163395,0.0023859960242372633,0.007774873475847439,2.390950263451954,-0.26820818843606814,0.8814344899507128,8.168096739381689
-0.005295594968187607,0.008306313695911128,0.00281667069530743,0.007838655856752388,2.9162296088080972,-0.07692538233842533,1.2771072476298353,8.8612673947102
-0.005140445120930551,0.008329563894534863,0.002639062978989536,0.007684428666012312,2.349865034565816,-0.20044210557964834,1.1630010518535148,8.108395688390354
-0.0053511157673393935,0.008159381790995322,0.0030724450028136786,0.007741948125638409,2.6169225906112046,0.013318253021291965,1.5640406799067132,8.787611785268036
-0.005183313195806631,0.008179286915907354,0.0028626702960492206,0.007580113116491237,2.3381740411229273,-0.12836257201131343,1.4027389719415562,7.983569877613085
-0.00541122549991139,0.00801426371656846,0.0033121037923948995,0.007642650643917589,2.6368097151593113,0.12079106996727507,1.8383682213905412,8.700317412031637
-0.005250528258450767,0.008040314068112335,0.0030926490620920076,0.007500750288457447,2.3975732607290428,-0.03275325110731212,1.6505604441574688,7.958366419874163
-0.004838515185944187,0.008656542421713105,0.0019710127513524883,0.007625545889618237,2.063962275080897,-0.3258752709539979,0.35704342788678906,7.19977444162219
-0.004604360754769936,0.008865915483817167,0.0015532280520872191,0.007509697028138023,1.8275400993107802,-0.3345219848770047,-0.07080701409078706,6.339730980442732
-0.004629630770367379,0.00868664599287893,0.001786083937858436,0.007421602423516335,1.819539889442117,-0.33413426712147615,0.1324848782669978,6.2820458249766284
-0.005325910579819747,0.007886135763041277,0.003344915547855945,0.007399457128218434,2.3606330672638403,0.09215281082778039,1.9239344863960823,7.88793329237955
-0.005475864446977092,0.007871104159928418,0.0035373224400272406,0.007540972005143227,3.038448124203421,0.24514533123553864,2.1046062667985246,8.587945374056574
0.0054665714959950444,0.006919654489468118,-0.0041982626988192545,0.0062109512359084145,1.7952190284653275,0.5386634004818087,-2.241393443844578,5.461475787977569
0.005590640059549644,0.006717997807302076,-0.004440561914125462,0.005989292567407272,1.7352784855596741,0.7172362669381526,-2.397332486331243,5.185449006442266
0.0057698829375453144,0.0065217965893406595,-0.004738628425076754,0.00578046784746572,1.7418282039955186,0.9926676633845589,-2.6479225831373223,5.000818686727242
0.004215419811235431,0.009211066432346362,-9.512093744605525E-4,0.007275094999595155,1.4478011132735487,-0.2854823455595778,0.546906865965708,5.091183887224864
0.004255795753493026,0.009031151142585745,-0.0011734279298795355,0.00723939274003737,1.4869058221011853,-0.3144443703296858,0.3858940989435052,5.170616681953475
0.003973569870583473,0.00925691838515929,-8.154053958322639E-4,0.007054454162844579,1.260548370298075,-0.26564222597212067,0.5981655894617158,4.387867176648787
0.0039251297430484096,0.009444139157732357,-6.025393663913665E-4,0.007061284862406911,1.2131064335830912,-0.2247111741150952,0.7260720391411802,4.247843983684148
0.004312984701571834,0.008859923578272345,-0.0013938463600370024,0.0072088062663696354,1.5273012698774702,-0.33310471047334295,0.22151089978871744,5.273693627320391
0.0044253537101572775,0.00870899291559292,-0.0016250343336928254,0.007230147498196811,1.627101543899149,-0.3402740140666444,0.039015834502835044,5.531193645026984
0.005137632474755168,0.006864193846725072,-0.003785457814735472,0.005956320028320524,1.5276009973343856,0.19442979978604516,-1.602586184286953,4.570990181364285
0.005028827801686596,0.007100321028221827,-0.0035468777002683814,0.006184230690723686,1.5893064429705175,0.08173412370145328,-1.4603425976990658,4.828197798836854
0.00500376545165261,0.0073059061094442055,-0.0034069253350697964,0.006412919685388409,1.668281599210755,0.03147282957601359,-1.4174986813444934,5.193843122712448
0.004658927344223023,0.008126716050960317,-0.0024035777260242707,0.007001794025147745,1.7238122225268473,-0.2765980340506585,-0.6089217138826111,5.649858310640715
0.004559330257701679,0.008316342776494243,-0.0021362460973580783,0.007072346237907779,1.6674215802677426,-0.31766984086093814,-0.3725352297720343,5.570225417797304
0.004427791718134721,0.008520953977042786,-0.0018273394894558939,0.007107152462454305,1.5933497972189157,-0.3394613755910209,-0.1169295614170549,5.381014589998302
0.004645528915538964,0.007924924001046536,-0.0025704317028353205,0.0068040285905085285,1.6542188734277925,-0.2500749591880163,-0.7112646920438318,5.3097898976595035
0.004859556402622245,0.007454354601374185,-0.00314969990638863,0.006481703718556056,1.6043078616076325,-0.08433599989783697,-1.1684551397760021,5.101837762716937
0.004719215047840476,0.007678599302129025,-0.002841679999151953,0.0066189699010648015,1.6125388679751673,-0.18788481815625946,-0.9099480674519368,5.1284308043996125
0.015367026588070515,0.015891977964293633,0.0030103759138167844,-0.002747614648297057,0.3130821749378117,0.05035675056083998,-0.8023556741903073,1.453326110795542
0.015217397855857628,0.013393613769132957,0.0033616104996120545,-0.005175816379203846,0.992073423578175,0.06851518851055892,-1.372748570555579,4.0860106635006455
0.015341462470728193,0.012832646152268494,0.002997960072249807,-0.005673969316059762,1.1977922584575456,-0.08653391906156126,-1.1328590386782549,4.653290264623962
0.015396526715011636,0.013954203318979464,0.003239651752746638,-0.004472173217226166,0.8087585977225231,0.07767894652825935,-1.1702141248982736,3.0457286304207276
0.015936339753852734,0.011593568962648008,0.001623370178375224,-0.006066995467633347,1.1311401541270714,-0.33157799371873947,-0.009318794328727668,4.728418629687588
0.015679132483087107,0.011925596897626898,0.0021021760274675554,-0.00616357001181004,1.1715139050985115,-0.3071436499081946,-0.41068435950103854,5.081625045722383
0.015692014162572147,0.012410951601532244,0.002420436181669683,-0.005747796225173651,1.1233618488353247,-0.24465639117323404,-0.6733021894480647,4.515071271831151
0.015914418278452434,0.014596480721490685,0.002793798634281516,-0.0036107891854983455,0.4418790348464672,-0.10406543271675951,-0.7460727171741633,2.110574901189596
0.0156273449877663,0.009918987471612437,-9.173930340507053E-5,-0.007111331404317153,1.592282524060412,0.04742351607099644,1.582519451305442,6.094620103372291
0.015725589174217854,0.010149490081354028,1.8955604762468773E-4,-0.006945298504756849,1.528078953935352,-0.07054127662439534,1.2909582915002844,5.802921348270858
0.015724263534630172,0.010429308180611146,5.209998569280816E-4,-0.006914188264445409,1.4834126674161396,-0.18139193496913145,1.0034171137619496,5.867157520266115
0.015678842145097613,0.009684103212720525,-3.777950277452917E-4,-0.006991767289744649,1.5340879413748976,0.18992577960094567,1.7931196051689027,5.707250930122194
0.01599831790658881,0.011211899009044478,0.0012442302015033037,-0.006199228242568148,1.1435923251102673,-0.31707820906735934,0.3163952264745455,4.808404597467228
0.0159023241453426,0.010878722022821717,9.636673648668679E-4,-0.006486956063538105,1.2540127137602202,-0.2790337234482755,0.5757062401870943,5.218353574836139
0.01593397078221356,0.010595718866784384,6.47940706506835E-4,-0.006534917035261899,1.3622972654082495,-0.21068451241404404,0.8343200987463518,5.171811094834894
0.01630970536209942,0.011387115511923429,0.0012441440304978022,-0.005712872637643194,0.9587329707420199,-0.29878979142243045,0.3229647643630288,3.8615295354309596
0.014895376960645444,0.007569118867022658,-0.0032744768170151653,-0.006602936058519492,1.9048252822200331,2.668094599625846,3.7473011037525326,4.312181870718896
0.014806976671231452,0.007405603492970664,-0.0034986350369345283,-0.0064915928470509745,1.9108668169491503,2.9343624492196714,3.8071410895660285,4.070470926339411
0.014687561878269383,0.007268525589575946,-0.003744699549342426,-0.006431700830010417,1.9972210658284746,3.2488368482433345,3.934582910389136,3.956832853438936
0.014610312372283921,0.006957423134389344,-0.003994485514983726,-0.006057317467694184,1.9085609682339106,3.5071149676206175,3.70358593923141,3.2147340915293774
0.01470794342052609,0.007093288474875319,-0.0037991986633301366,-0.0061610887592516315,1.853756404178311,3.2618527011373097,3.680051052320495,3.4106687196525876
0.01499908142418732,0.007733159076843847,-0.003023358558209279,-0.006676881652147713,1.8630199836696513,2.3758005345113467,3.624145165211328,4.480657085307104
0.01531135885285636,0.008553226088045977,-0.0019197145540381592,-0.007055577773472537,1.7885763052308017,1.277011977849204,3.067868038260762,5.467453498135062
0.015205599190970222,0.008358364606639128,-0.002221859905473487,-0.007054770509082735,1.8868767117556928,1.5558726156944536,3.3126155358145914,5.429566724734104
0.01511252384413929,0.007942375580655466,-0.0027206143885022305,-0.006764200258514527,1.8226950363103394,2.0475023483132557,3.476901004392986,4.699490733236021
0.015272359972454592,0.008148402710071976,-0.0023616904459248488,-0.0067513227446998865,1.6846795087707112,1.6752160642401879,3.1937368031429227,4.702584005630832
0.015704621939758884,0.00938550452683744,-7.272049489133143E-4,-0.006876625089747824,1.4825713078382758,0.3807569774324347,2.0208338407991864,5.32699296680222
0.015598767426674782,0.009130509639220822,-0.0010702408954490874,-0.006942282098125502,1.6235925560627735,0.6018647553685701,2.31682614829328,5.374752997844969
0.015653612140895324,0.00884477299911724,-0.0013626443999743608,-0.006700750806333581,1.4792925019236323,0.8007089591349309,2.415890346155331,4.783664465465645
0.015539077809991001,0.008620968309210868,-0.0016803797458675323,-0.006738920954371691,1.6190498521611552,1.0502837982114428,2.667139454160072,4.781051638986397
0.013039439359171252,0.005448467079439378,-0.006219503934004434,-0.00412552832409735,2.345825833994986,6.458525578363688,2.6966379054475884,0.7199420632381123
0.012809246900327545,0.005301978568301474,-0.006439083965491096,-0.003823404220151402,2.3587124274279847,6.719790180871896,2.410485359546484,0.47144857878244295
0.012618685649671205,0.0051262478682444455,-0.006557021605460028,-0.003486305988684502,2.3213748225803825,6.703435727929539,2.035280044381091,0.23759675203204575
0.013726621515895175,0.005655268811543922,-0.0053279954152459915,-0.004519429142789819,1.9373465128093834,4.9189845951371005,2.7106205122929317,1.0490305161913922
0.013481184455467017,0.005489729290862302,-0.0056158196746466165,-0.0042805307627421406,2.011465852243177,5.28959055979244,2.5729484285221864,0.8259997701196315
0.013266563089952438,0.005383153791507186,-0.005862768286954001,-0.004098018003578216,2.0992558828784684,5.651766017922297,2.474576234858213,0.6719719570743616
0.012654811484217758,0.00483722556017861,-0.006297294805907426,-0.0031611829926624503,1.9876476826190113,5.772720646685401,1.544422457001455,0.036697306507562706
0.014335776662597693,0.0066070720758207345,-0.004497935120278397,-0.005740413788446328,1.9863394636943872,4.156024718462786,3.687310139720999,2.670869694406863
0.01449071088242055,0.006776781887614163,-0.004226401258548686,-0.005888954915486324,1.9083799435799527,3.794105477149341,3.6695401595641037,2.905828370439059
0.014697886173966664,0.006778675626011288,-0.0039284686738925685,-0.005731080901692676,1.7087469990083997,3.287328619959177,3.295075033683265,2.653690567052762
0.014462738061196988,0.006323977168374491,-0.004344671601376669,-0.005248999219551098,1.6996966900635762,3.6883571240765645,3.01394752110032,1.9216750834705962
0.014042766952009574,0.005597894739306978,-0.004884467950050161,-0.004405198351245659,1.6520249333870585,4.127992953788781,2.3897461754981992,0.9302545093827971
0.014158058460909655,0.005792862384752137,-0.004759975657217841,-0.004638086185836088,1.670789073484928,4.065794080096733,2.5854344011541563,1.171185593956216
0.014354504790166828,0.005903456957150224,-0.0045073703397741785,-0.00472495294399275,1.5815652095598045,3.7306336191013822,2.5562258212880913,1.2608505593754786
0.014489661572699566,0.00607355556940601,-0.004325111393285722,-0.004893204355584354,1.543373434034329,3.552226180312035,2.6446691942369083,1.4562789972639953
0.012415799593824453,0.0047024862469370755,-0.0064590372524078185,-0.002865279468164073,2.001062004899726,5.8627932498358994,1.2587058337724442,-0.09869742975048601
0.010478109924626227,0.004253652602470898,-0.007353562958649195,-5.906594660727372E-4,1.8908328466023578,6.0619646300085925,-0.7960185454361781,-0.2410899178234819
0.010694476018114442,0.004305834421251021,-0.0073455899383355104,-8.672506567340854E-4,1.9600840448295764,6.265715685804053,-0.5745933944665524,-0.2917056381480972
0.010864240546758944,0.004181262336484793,-0.007150648700833243,-0.0010169500403328056,1.8396890610132992,5.817441295547113,-0.4128764803440296,-0.31859141000105967
0.011132858470405588,0.004242237633703226,-0.007085039890235081,-0.0013396045623757268,1.8871253441257807,5.924995236481147,-0.13952417025204095,-0.3434697921428474
0.010997303223024824,0.004239394512996337,-0.007150650720935399,-0.00118902255063818,1.9160162195786643,5.974359309349538,-0.27057431106556096,-0.33382525096504084
0.012174394193565679,0.004577773153272182,-0.006606256735653466,-0.0025659404911975614,1.9784074963026652,5.916768743485857,0.9763797952844634,-0.20262930861489734
0.011906764543665465,0.0045714762817902765,-0.006847953661057169,-0.0023399654110350153,2.078071575155534,6.285420032884189,0.7910566854384375,-0.2558118742059593
0.011441046957479904,0.00441286448049715,-0.007067203550331796,-0.0017673995551452549,2.0325595112723693,6.297983123330319,0.2539013340514454,-0.3392425369219219
0.011667337446662023,0.004443923347368342,-0.0069321454485396375,-0.002015907695057753,2.004512427816984,6.170170609003889,0.4834359549302116,-0.31458738537018327
0.011323037806921572,0.004154213693094201,-0.006895447427284168,-0.001484566095616216,1.7986714167108488,5.515019306371044,-0.010840099058378265,-0.34798459586444297
0.012898957239969146,-0.005267389489082644,-0.006296726351329866,0.003816529003421261,2.266816312769398,6.3844684828314096,-2.349583488831826,0.4692453545402538
0.012742913585978746,-0.005186095022136877,-0.006445356678914366,0.003633497202279301,2.2837991529445314,6.578791045339204,-2.1864967562323714,0.3383103461025884
0.01240362470944789,-0.005121249451813203,-0.006821707081798168,0.003333984965366313,2.4533753197454966,7.2630556344023285,-1.9766761125087466,0.16176546550514867
0.012596318690425181,-0.005091296163037187,-0.006559382073051473,0.0034278447202129034,2.300188201170375,6.672541698502604,-1.9781182738678118,0.2050709905920975
0.012002805431615353,-0.004918818657501821,-0.0070903612879133346,0.002764828029334389,2.43979735853863,7.43738028608395,-1.35862999662182,-0.11442732443616663
0.0122474285360359,-0.004985295641206307,-0.00688487493537555,0.003053279982143798,2.380029894259959,7.152704790475258,-1.6381325747734383,0.006416242845763586
0.011700293749939977,-0.004527140955803773,-0.006990441224670837,0.0021130433933685693,2.090011980997383,6.417775825527719,-0.5904229597484418,-0.299204294158377
0.011534488946063083,-0.004251860785579534,-0.006856583639887822,0.0017511967484832496,1.8458756848194382,5.622435820951268,-0.22519389394984166,-0.3410205400850912
0.01197060221622205,-0.0045962696621061425,-0.006820983625700849,0.0024209692477098646,2.084331428406429,6.274889288412339,-0.8781218613726737,-0.235821715384291
0.01302200462318099,-0.0055672931941390105,-0.006323826148928173,0.004293678517351206,2.4813099008237174,6.852639642096263,-3.0078012675934023,0.905714713468534
0.013059861636783908,-0.005352927230814101,-0.006131847212504132,0.003996650917387088,2.217425540425768,6.160053326619187,-2.4969812376446097,0.6073504156610431
0.013162188590927193,-0.005674460724813528,-0.006177257729522372,0.004500093529906601,2.4563331629698237,6.667633953468115,-3.2040232250295326,1.1120551673226615
0.013290336351824791,-0.005793863996823557,-0.006042930989896631,0.004714263041131959,2.445541198785579,6.515887459652725,-3.418236020555891,1.3484697643568515
0.013399536935283595,-0.005920492987406768,-0.0059290846322485454,0.004930960239422358,2.4564417660246955,6.408174155954419,-3.648857756150548,1.611786152785348
0.013422735238775144,-0.0063551565897494505,-0.006071570260286052,0.0057022286000274125,3.12051843697022,7.3672198359810315,-4.718232369196821,2.6386723417359574
0.013458106781544785,-0.006186659810716294,-0.005946648582366075,0.005393102593315086,2.6552968397058048,6.705411917175897,-4.341250059156089,2.277666536238016
0.013479653436251113,-0.006039034353753246,-0.0058467478829289776,0.005129836373146539,2.4881175229937234,6.3528825626333685,-3.875708959442947,1.8759484051081796
0.013535533905932737,-0.006464466094067263,-0.005888489716245143,0.005891175274899231,3.004690784397106,7.057253049644175,-4.850989752986174,2.934920536919762
0.013568393066636217,-0.006290447414118597,-0.005784215079160392,0.005564979802718687,2.6397185174224895,6.4494822706931645,-4.4596298034499675,2.529539356704021
0.01364484341025055,-0.00657726476122486,-0.00570827989886095,0.006065934859593675,3.2518143401579604,6.743435798629693,-4.963341773002983,3.2360553878219083
0.013692125743693512,-0.0064217759600099945,-0.00559281748083757,0.005771211538468207,2.61441545190952,6.1496918858870275,-4.596064003377122,2.8547655114456454
0.013750556019033765,-0.006693441434347548,-0.005509504365327956,0.006246856491535269,3.02882460772697,6.413999153519978,-5.057374312854311,3.547229413991181
0.013811333868397738,-0.006525788312351223,-0.005390855540087411,0.0059145819033946485,2.525642692672846,5.798845132675164,-4.639587093136555,3.0956345839147485
0.008216888376170559,0.004859908358548836,-0.0072582365706540695,0.0024967980749584194,1.7108383422283053,4.941650828050968,-3.129804838755202,1.549202649925774
0.008880945060653195,0.004613430223878459,-0.007496718677808797,0.0015380831729566726,1.7920300915154919,5.637564456084693,-2.5637441995098986,0.7852103030693812
0.008634686232431162,0.0046995674294949795,-0.007432360711289872,0.0018939826954277607,1.7524505460684259,5.414781182699861,-2.8004771306902936,1.0500136642551914
0.008382785405901648,0.004746732296475118,-0.007285929816485628,0.002219334586693923,1.689960278113604,4.983660094791866,-2.913857235885271,1.2900153943726564
0.008965132043364417,0.004365058123841347,-0.0072669707991559656,0.0013001576120137486,1.5898295270703773,4.907949918325241,-2.146002172585139,0.5648037686114852
0.006063177707590488,0.0062498540893907275,-0.0051923981838312,0.005453549824027682,1.7155461563785686,1.4760016126480464,-3.0013402179693176,4.693132291108313
0.005860097797476499,0.006306977041488773,-0.004889688380812565,0.005489469302513459,1.6035534641913247,1.1000447029922116,-2.6299892482263476,4.549455744911763
0.00615820506942253,0.006049897051518781,-0.005311197295189261,0.005166000924235899,1.6169335153401796,1.5639224470578386,-2.92426394701751,4.233988092044928
0.006373985482460608,0.005895087824238674,-0.005600690640324756,0.004939178418019464,1.5995133167575983,1.9217280247806803,-3.1161574451096397,4.023419375275755
0.00803525953038713,0.004820029578990625,-0.007042096538837327,0.002637792766691814,1.554717228005669,4.347019960485553,-2.996202181822877,1.6188382109037203
0.007880025267912441,0.004899820907000298,-0.0069604451745963495,0.002861681996502417,1.5702968990353998,4.168789650984238,-3.091717784079167,1.8258221607573926
0.00769921932007098,0.004992430576828793,-0.006847946967559572,0.003115119977245341,1.5459331821050843,3.9273219875826633,-3.1741707579600558,2.070111007099431
0.006552555939829882,0.0056901086194381155,-0.005792778981924576,0.004615838573012731,1.5273564883697552,2.1417388423078383,-3.0993881537738255,3.605921197312408
0.006780987119224893,0.005579448094580384,-0.00607223641195447,0.004403912039359584,1.566076465119115,2.581371198747202,-3.2902160801925318,3.43085871737761
0.006944463307843596,0.005422027457113306,-0.006213505767430552,0.004124088335745649,1.5330466146815713,2.7753099271899075,-3.2322826578677284,3.0829884059753208
0.007504448644604706,0.005128183105517929,-0.00673546995269071,0.003424354701581478,1.561106834562239,3.7250622947809338,-3.302867840311475,2.3929580305849574
0.0072873285108983905,0.0052105743497248905,-0.006527424043631735,0.0036707531638716386,1.5342014411967109,3.3135784965031916,-3.2497693482037717,2.6104115421788614
0.007107027016558503,0.005307069147462225,-0.0063604706348537035,0.003894132176837053,1.50356824677036,3.0095881566670806,-3.226190911749615,2.833124176124579
0.0073208682191713715,-0.00577835898009388,-0.007027266249713163,-0.004471846890947383,2.51071213669817,4.56442137781269,4.654229364605966,4.272397039802167
0.007302236975730496,-0.005603393995868473,-0.006867543301220236,-0.004209932703127199,1.8738739736145342,4.28221563100201,4.249531453035403,3.540194683533383
0.007180983357139363,-0.0056985193812771825,-0.006757021634462901,-0.004425133366240969,1.9051026017162125,4.06085273680824,4.297728877815235,3.8376537408358264
0.00718958373010223,-0.0058645967077086796,-0.006886464346036992,-0.004685832386576284,2.4298210343856943,4.268951496191838,4.653495623411769,4.565876316291442
0.00706107377027107,-0.005954915005069573,-0.006741149310522686,-0.004892386911231511,2.1826190062461848,3.976336637316301,4.635269432643055,4.854825187057399
0.007042943567313314,-0.005800186351171606,-0.006610933625917221,-0.004651853399252017,1.9624630666329212,3.7768464810487017,4.305356964082661,4.145448354323286
0.010076562600435556,0.00425358623947906,-0.007407961575987681,-9.719772322312844E-5,1.8109773712825545,5.877257657594661,-1.2065065823418328,-0.09989011897699455
0.009784351222272758,0.0042152435197199715,-0.007356933773475592,2.65822199903112E-4,1.6941474682396291,5.499340549168678,-1.4468405104474886,0.028084686278682467
0.009489074305812866,0.004232279708892444,-0.0073229409050140195,6.309339314477419E-4,1.6527232184942424,5.237691052368697,-1.6907614743158128,0.18787844477575846
0.009232023724723122,0.0042924659717245035,-0.0073073583442555745,9.564113792473495E-4,1.6175073981430643,5.094467558721526,-1.9170271616388084,0.35832462544120736
0.010320126478033265,0.004046874315935184,-0.007162416884601737,-3.6410189912790204E-4,1.6806797225878942,5.275826451942101,-0.8988562583183658,-0.19340804506527998
0.008722617640715592,-0.004609680157545566,-0.007389223282661123,-0.001725461768982448,1.7028616324496328,5.275919272310413,2.600249138781511,0.8992315728084649
0.008916778182122071,-0.00459916927932767,-0.0074982562508457565,-0.0014843164646883256,1.7851093054013127,5.648901229025147,2.5087166026683927,0.7414052156508523
0.011160960610263355,-0.004135596472511676,-0.0069726589125741496,0.001316497759866291,1.7847488390306567,5.495820016427544,0.14182069886445195,-0.3432723970406077
0.010821934133892949,-0.003984142708927188,-0.006974267111820737,9.019853486581924E-4,1.6508642403967178,5.113125402432439,0.45404764247448554,-0.303369792778881
0.01004110983941214,-0.004219894638658533,-0.007372781424147279,5.154758008973914E-5,1.7766571535302667,5.680916153793853,1.2160625962263314,-0.08560481182970227
0.010501094469510336,-0.003928981676049504,-0.007012461370751206,5.467246599449735E-4,1.5887116554272458,4.9273712014018,0.7132551538859505,-0.23961838237544986
0.010208199609381834,-0.003996125397735159,-0.007122838861209814,2.342354666381472E-4,1.629696697562577,5.026045244624123,0.9679445808634416,-0.156314404763809
0.009762194733821498,-0.0041923873874137865,-0.007328135743116362,-2.883677981540536E-4,1.6708696643401744,5.349319136546836,1.4408053960549942,0.03860327913187329
0.008996796989032064,-0.004405796123109063,-0.007322364166019633,-0.0012828777730290208,1.6418540537619926,5.068174583799014,2.180519896084036,0.5690032375265013
0.009456608224814223,-0.004221004086830734,-0.00729955905227369,-6.638352279873379E-4,1.631758656412987,5.114985418490014,1.6963486816978575,0.20684045717202107
0.009186536988408406,-0.004312258210648111,-0.007305649944801402,-0.0010176659303056852,1.6286040205448735,5.0493085002472275,1.9607773821007246,0.39956010138028053
0.008535920377246849,-0.0046555373478705045,-0.007307049925991529,-0.0019738705725942606,1.6677825088939862,5.022746350024419,2.720676204977465,1.0801734840532993
0.008361866702803354,-0.0047280331477535685,-0.0072454688808831725,-0.002223750480687847,1.66128514322832,4.856831258194975,2.8656348199414947,1.2833839980746797
0.00790732270945709,-0.0051139451923585145,-0.007203166418701804,-0.003072874091033895,1.7668329203820203,4.893918328610382,3.596861218158576,2.1583009468971572
0.00774264751386506,-0.005161464216502382,-0.007058314180987231,-0.003279765250338579,1.7350066673686229,4.5320466086527205,3.5972987424074496,2.35025088718394
0.007581599369676025,-0.005232474479432247,-0.006926294779510109,-0.0034994225438572013,1.713031724119631,4.235510574031694,3.6260508563333267,2.5716487994271637
0.008188270409740656,-0.004808764680086234,-0.007176542367145748,-0.002477196704884409,1.636688300504458,4.684201827135001,3.0088890192398012,1.506316440258126
0.007996004653171265,-0.004917269725909736,-0.007098210418080084,-0.0027749859480631295,1.6414833080717126,4.517180767755026,3.178336746496672,1.7837048205001536
0.007428071017397756,-0.005316696393856706,-0.006801191433991191,-0.0037206842033564104,1.7070605786524198,3.979566072637653,3.6653073238817044,2.808770862855503
0.007277203271365346,-0.0054102400836816165,-0.006672597388755961,-0.0039442244073832865,1.7057410172099965,3.7346150938724283,3.701394183960518,3.0594019179304968
-0.007171450814764616,0.014298075426914669,-0.006705159479272994,0.004413011501111304,1.4627942449482483,6.547583268379344,-2.7166002353768763,0.7011038687746529
-0.0073208682191713715,0.014221641019906126,-0.00702841928004853,0.004469895693726736,1.6730048406847537,7.484408552854844,-2.832504028694874,0.75971766689528
-0.007297814201251106,0.014392736294841972,-0.006815938202517395,0.004192573755292989,1.4681828692750767,6.674836312148588,-2.5220929006077246,0.5316861221933006
-0.00745479580756053,0.014303711841978798,-0.007166820041995123,0.004244380387001872,1.7808328487668073,7.680820829396123,-2.623665224642542,0.5893272675624059
-0.007434144110411075,0.014481263624082905,-0.006932989203568134,0.003969330165841188,1.4706560490429734,6.824284992656659,-2.325190998068131,0.3764907925560658
-0.007591233601480755,0.01438153448432905,-0.007298365485864901,0.004014033246198562,1.869605767287019,7.865499835657855,-2.4030455117829645,0.4330203855844427
-0.007576641445833553,0.01456150348021877,-0.007052773368411483,0.0037467899699260812,1.4878645876426646,6.988573057480839,-2.1261143892531753,0.23705118465179217
-0.007730047808600203,0.014455032777517945,-0.007422035349137053,0.003780553367433563,1.937581198380003,8.037091598469216,-2.172119765242062,0.2914379229822647
-0.007721894943098762,0.014633541485347791,-0.007170699972284206,0.003525636297919719,1.5142085071794649,7.156830110245557,-1.9234983329838524,0.11313067773313969
-0.00787110415992842,0.01452413555302291,-0.00753771107181903,0.0035443392532786672,1.9875141598579795,8.194593827330237,-1.9315828753151267,0.1647144121310072
-0.007869773771563051,0.014699324911783862,-0.007284725691518035,0.0033023690523715232,1.5460732424565486,7.321542219281825,-1.7129259716003513,0.002528326659235688
-0.00801426371656846,0.014588774500088612,-0.007645430810015451,0.003305536630724053,2.0150111933861248,8.336868848250601,-1.6822666929744103,0.05312917358508818
-0.006366699042667121,0.013859244390096337,-0.005624435823593488,0.005304995356651166,1.1225155251586234,4.815544864394691,-3.0328461139562495,1.4485863222538944
-0.006509168875156667,0.013977487524037827,-0.0058157416335060325,0.0051095963044381215,1.1716900133011183,5.0732628524641425,-2.940834236353494,1.2580979450186973
-0.006660932367449683,0.01403692051142414,-0.006040942089257694,0.004999947219342772,1.2445270518110407,5.457818166963263,-2.969644205025337,1.1765225708300941
-0.00674399862661807,0.014172092679879273,-0.006093318702078749,0.004760724178100028,1.1914635353997662,5.438773695183095,-2.7121197963895356,0.9324780474320183
-0.0068840205226529455,0.014294909494209432,-0.00623305142572705,0.004524147608725761,1.2280682386312411,5.597056266269392,-2.525274802259036,0.7335952418793831
-0.007034999174214442,0.014359357173948473,-0.00642165068495418,0.004368858058770237,1.283946638712637,5.906253570393711,-2.4626457552629666,0.6267092141739479
-0.004854471113572581,0.012491948792556495,-0.003101934751047308,0.006535243847182682,0.7959187441570945,1.7884891466587953,-2.5024379717168004,2.6856215113719775
-0.004750829262828219,0.01226514264000609,-0.002825735891840922,0.0066991710673977274,0.8160865910875302,1.571198551790169,-2.4699704537302547,2.9415648858995955
-0.004366691207869312,0.011973551458915786,-0.002232348580316951,0.006658276012855094,0.7313763291673196,1.066776770110084,-2.0601514141231956,2.779172406269188
-0.004536376156603249,0.012164002906572708,-0.00253510370182778,0.006620876825417143,0.7643567125111937,1.2970902978304115,-2.2134000375065805,2.748909017293347
-0.004116582829810985,0.01152930936672466,-0.001658252469523157,0.00678283122811235,0.7424242163524719,0.6868761739299128,-1.8135647834896749,2.9785617395796753
-0.004083589444269165,0.011895559512014448,-0.0019416698359776446,0.006492978720442838,0.6376788488839286,0.8266411603681268,-1.7620344050250571,2.4529137438712643
-0.005722238750981228,0.0131110745620204,-0.004583093955215972,0.006318119738039774,1.089556263874078,3.5600866592936784,-3.4355812228777785,2.709283199812784
-0.005576196916483993,0.013004314712628843,-0.0043233264327612675,0.006389190305111382,1.047194755926261,3.212171888619373,-3.3005501732231792,2.7633301410727396
-0.005346766202412496,0.012911321267066244,-0.0039560722610864915,0.0063718092082939585,0.9281579200103034,2.713775369799635,-2.9812801292148694,2.6227311016315418
-0.00613789751217083,0.013655421314516995,-0.005295109398478482,0.005607268422788903,1.0939805244457184,4.374826213118478,-3.1433627701175157,1.7678583043676366
-0.0057927021649509325,0.01325737259718843,-0.004728318267807653,0.006126895801197581,1.0441481646414061,3.695602945114882,-3.314701275877446,2.407749942294751
-0.0060059405112762275,0.013540733280714149,-0.005089776776232066,0.005759124679995695,1.056600779527076,4.100005634939411,-3.1597675936410545,1.9283918852452635
-0.0058878093279691665,0.013404448682719354,-0.004898633201836762,0.005936411498388797,1.0459657987967945,3.8724928154315457,-3.219094671706125,2.144478393155118
-0.006152013458078813,0.013874336917839753,-0.005268754584375022,0.0052538442099658595,0.9610405721854579,4.159636768993867,-2.692702585157263,1.2940064228592603
-0.004758839888436694,0.012733529467116249,-0.0031352925120719465,0.006190615924371325,0.6393342889170385,1.7437402531114987,-2.216464636696091,2.0979891502188885
-0.004941937579461118,0.012923965766395411,-0.0034409834402397434,0.00608831632535961,0.6838550794758489,2.027077041125329,-2.3195889423654807,2.002105880698782
-0.005135235124320182,0.013045818810856195,-0.003729005946263924,0.0060563825447529085,0.7326232714550951,2.3310574870787746,-2.473107742113683,2.010127841804642
0.004467503215379627,0.013054059337617739,0.0029532238081025554,0.005668876540926967,0.44827273496213643,1.4765326520766582,1.6905205929850389,1.3368297201612729
0.0044029012084866575,0.013521243530780122,0.00301178460959898,0.005161425759731852,0.28373906132608556,1.471546958718806,1.4070118661539974,0.8566988571359205
0.004169201273965978,0.012657879879626265,0.00248384669979481,0.005897595026352975,0.3962241866593197,1.1464200857865905,1.6288398863974085,1.561953559036727
0.012101065886542174,0.01587849868642873,0.005773341204738656,-0.002071547880622007,0.9687651719241216,2.6320436789278108,-2.1741774093009916,1.2501988094105367
0.013059303975349308,0.015921561015946946,0.004942334886677992,-0.0025047085208827,0.622783236159154,1.5788338041990149,-1.934872354980186,1.572277459416085
0.011471923238664864,0.016196031123371736,0.00581121218851895,-0.0013629300100579439,0.7728668674632849,2.8414124637059586,-1.8807603689815087,0.7752314699772483
0.01068906898476655,0.01618166804458643,0.0061641070658895935,-6.87367662800826E-4,0.8925953314780476,3.5046832689516347,-1.6488352485533555,0.3439689584809661
0.009926823400033518,0.016320705634429944,0.006068902819447829,7.336585788545011E-5,0.730588171754624,3.60060691206716,-1.206715587790624,-0.0028320895997348762
0.01115455170797061,0.016657460731566688,0.005417594010780776,-9.054980621798163E-4,0.5984184611658939,2.5894188301540293,-1.548893641476016,0.47425939016529334
0.013810144570052568,0.016684642449989226,0.003824840644816948,-0.0021907073444877912,0.35402482228779236,0.6268234707218284,-1.145137874276361,1.0943441569347927
0.015001150592418251,0.017042059543266593,0.0028869264519406114,-0.0019735106145153726,0.14421636484743944,0.15027746144458884,-0.7515345595828665,1.0092663457480906
0.01620642459900051,0.017454803763324568,0.00209168291809691,-0.0017270408829160885,0.11637038985087188,-0.12870919209338674,-0.3894802125157964,0.766166036129399
0.008423171524290288,0.015801257074637313,0.006242385388597797,0.0016943408211429164,0.8228482877698114,4.405942695791929,-0.15935693888874927,-0.34737021209865754
0.009232333343927696,0.016261986703613424,0.00602045741971071,7.301279453659171E-4,0.7780182928067095,3.785233668349091,-0.7966366553137952,-0.20697083340918923
0.008840783529415605,0.01594914180045606,0.006301177038598981,0.0012002064000278343,0.9560737258145541,4.341921260994483,-0.4913741210568059,-0.29801944040712375
0.009385554910933647,0.016844968554964392,0.005312894432289629,4.309951667846623E-4,0.5565418876055823,2.8078428463827754,-0.8200386780014066,-0.12967440940413608
0.0053551721794335766,0.013956871928996872,0.004135735684917874,0.004966088935939486,0.5193840846147609,2.534516023546573,1.7668902761557173,0.7861456355661479
0.005667389229911266,0.0141292987868898,0.0045121386149644125,0.004806498899572589,0.5706808626918058,2.928475391015106,1.804948795741242,0.6919623976481749
0.005910524934299494,0.014365623872659904,0.004774692616221082,0.0045215502828025575,0.6726077765187953,3.1703485980771227,1.691372669535361,0.5053018288523016
0.0047786841586889214,0.013957465399428014,0.0034617422765091,0.004822191404509439,0.3240877103239819,1.791493953487883,1.34702626439973,0.5950190543957298
0.006092197893526762,0.014753547619840022,0.00481551583691963,0.004047381398776342,0.46323499693403064,3.1187150545124536,1.3096811079274777,0.1700691953085691
0.006487331708427676,0.0149624153182972,0.005180618933840079,0.003701871128026365,0.6445396177872301,3.4754257341522874,1.1590472894689439,0.027051727336057752
0.006739252573237089,0.015227108846859632,0.005292656497289465,0.0033177528922160066,0.6849572699994608,3.5251049357714597,0.9129371547111428,-0.11341339633115861
0.007827214893627702,0.015774695853213838,0.005836902225776113,0.00216788970134755,0.7702106950313401,3.974738612332033,0.1764436885513192,-0.3548259972761874
0.0069139709890871405,0.015583570117377968,0.005171974500739796,0.0028862770252847778,0.4945850181930193,3.3342105018892383,0.5720357043672927,-0.26302408196690225
0.007330624664898538,0.015704729429563438,0.005470960848502043,0.002547420536705718,0.6543606946212248,3.6136460901874443,0.3808996959393697,-0.3170012683081489
0.0038714925974414126,0.009653233516988534,-3.693321790132188E-4,0.007050861316778445,1.1344434468199076,-0.17090631262588538,0.8578551424910871,4.065501874911117
0.003871744974731023,0.009899658277936037,-1.0323963548553192E-4,0.007076779922794569,1.1211151277835396,-0.09808070746169197,1.0123429416673346,3.9876073701763453
0.004075349663543028,0.010442658878835052,5.170829665038005E-4,0.00723270561112227,1.1216060276657582,0.13517727033850302,1.4377475986695705,4.149215778302888
0.003960564851622743,0.010153701189790773,1.7363274764333492E-4,0.007160793623895087,1.090814606797692,-0.0029638066116894845,1.2076941762685387,4.0839871595398884
0.004078047524744255,0.011096055027934459,0.0012272377901600756,0.00700563678332833,0.8891627119534922,0.4560054413247897,1.7072648134137653,3.4557013996609816
0.003989154524264449,0.010748125653311638,8.25197627428597E-4,0.0070643654290657104,0.9380300903848117,0.2609004332754899,1.5218886179744153,3.650106245741671
0.0040614743888843065,0.01200003478067067,0.0019984723637532877,0.006393305431753843,0.6033811007898793,0.8503724157597446,1.7119944635794828,2.265780627666668
0.003972555466842043,0.011664417008917776,0.0016733049099744168,0.006571207522767311,0.6279667313554769,0.6672336885656405,1.660036738593762,2.542438467512994
0.003950970731916638,0.012332605634141215,0.0021151496972898766,0.006042154402007939,0.4291355123620382,0.9033702769432663,1.5503720124506228,1.7402660947424473
0.0037074295600885857,0.011401316303833724,0.0013057289780694474,0.006520109932409555,0.6246422949914371,0.44603643498047524,1.438359755016965,2.4525240888500437
-0.004230876153326248,0.01040018441785419,-4.970605654242163E-4,0.007400901208256999,1.2078606159189775,0.13456189813721464,-1.5129424775041809,4.598328511847136
-0.00424024667135646,0.010134188833250972,-1.6893941917719274E-4,0.00744617988837015,1.3008865322846888,0.007933805185859613,-1.328994710771484,4.847406793538394
-0.004280419332928854,0.009849203046891113,1.892584426281188E-4,0.0074898196204783605,1.4002131194683896,-0.11088959414323961,-1.1125695335236812,5.157834507099892
-0.004271982007411265,0.009563420020415101,5.462616839746634E-4,0.007438103774435919,1.4675065022850549,-0.20812890092805672,-0.8559283846059415,5.217189240394853
-0.003934629072880095,0.010543294982769026,-5.980284154727366E-4,0.007067905478153508,0.9937192666428382,0.15502179611397662,-1.4004133956358056,3.7189304054850907
-0.00370351853915395,0.011209264793058197,-0.0011438396984717175,0.006606675265290892,0.6711026682061476,0.36404430452539677,-1.401564273154978,2.628306654900349
-0.003712429419081579,0.010752684179896603,-7.428742580265351E-4,0.006802706805269032,0.8145580988596788,0.19175495688355293,-1.3047668931328715,3.063771094833441
-0.005544967222482056,0.007730047808600203,0.0037851902820819016,0.0074195159488952165,2.6249445998858074,0.3879894588720221,2.3701668830674127,8.450125686549145
-0.005374568167429395,0.00773798670362303,0.003550617298668257,0.007262654413610345,2.2919100419091762,0.2015187685350032,2.1290845703639363,7.667421198529177
-0.005618465515670953,0.007591233601480755,0.004017955248728965,0.007296279768758813,2.547358694648135,0.545076881703951,2.6201912809243852,8.305079680227434
-0.005452012376550966,0.0076039169083792135,0.003770174610844494,0.007159506212986436,2.350440745434423,0.34085644488255834,2.358411005742117,7.575837833782933
-0.0055456807335498145,0.007455644712270327,0.004018902233953527,0.007038260289326275,2.315742555382865,0.5201608300347127,2.616567030673701,7.4608309269195265
-0.005696288158021204,0.00745479580756053,0.004232657562981029,0.007173808546921258,2.940040595973128,0.7173462198738152,2.857148775688373,8.139735197482501
-0.005778358980093877,0.007320868219171371,0.0044659268362743825,0.007030808963357015,2.585498796215859,0.9074290118707501,3.089366071372883,7.94883062241465
-0.005611495020356486,0.007311979593307759,0.004215827892983126,0.006883543034937039,2.234881118745742,0.668872612262697,2.7912939439649436,7.206264045547882
-0.005864596707708679,0.007189583730102231,0.004688017044395818,0.006884926617228808,2.41556147860764,1.1087564427544319,3.304954678821785,7.752422070274345
-0.005697526788631575,0.007187329848324316,0.0044191755392145845,0.006761419959546191,2.280178538049339,0.8436716564507841,2.986231199749071,7.061792635294076
-0.0042662880294246025,0.009322469533485742,8.38521340635312E-4,0.007364465236707887,1.4619070675980863,-0.2690441348360619,-0.6407679255005273,5.20593351319492
-0.0043333699200450645,0.009087911922028048,0.001144170461731586,0.007339439607176993,1.5359921462891697,-0.31245334678443154,-0.42027161580398537,5.378224070530368
-0.004426197515453629,0.008928095713745523,0.0013770918818102147,0.0073562303938398575,1.6381179012836256,-0.33085033253100793,-0.23690071367564897,5.637007489082933
-0.004908415752925354,0.008504047769220355,0.002215635761476872,0.00758192337664381,2.096307708001849,-0.2965499668924538,0.6104932884813364,7.308957180354139
-0.005008934902005602,0.008374056027272795,0.0024597559669715624,0.007578344606088266,2.2013170431181175,-0.2485121481258837,0.8917912582874161,7.5600280895326275
-0.0050074784741289124,0.008206538427801571,0.002651443250272865,0.00741825682747268,2.1357461781613973,-0.20105233696600464,1.0503567809991787,7.230314928442895
-0.005064612398293131,0.008036710245776128,0.0028923998631541245,0.0073017533131585,2.1056507165804095,-0.12469500694628928,1.281846751004319,7.115174740298548
-0.005182409299847746,0.007915036211086598,0.003144036470490294,0.007286003576979427,2.1993492423583136,-0.018187143086964227,1.5927319354663616,7.333786574694047
-0.004691260487973757,0.008503046528670968,0.0020421531787763593,0.007352173584022238,1.8552621917828709,-0.31719634843591354,0.36523013249638936,6.325853213782572
-0.00440251590782391,0.008744601542039326,0.0015720777977744598,0.007227127222665524,1.607519130560829,-0.3417281245122326,-0.08597402527313762,5.431514028403417
-0.004448212015634621,0.008526072989542886,0.0018380122704109681,0.007127374863434445,1.6036076336606186,-0.34121678666845034,0.11963309146267563,5.399319223740359
-0.005199158658999126,0.007748485531872693,0.0033199322738529245,0.007106693823346285,2.1232597830855635,0.05639607524298693,1.7155945519595381,6.9714125133765465
0.005308665688933199,0.006652780379637512,-0.004073241819388489,0.005768279599107018,1.4848521445835006,0.36898004231697196,-1.818178501784476,4.437627604204265
0.005527898226434843,0.006506813105756292,-0.004396419926836447,0.005665301525565887,1.5621948022712788,0.6184636913229706,-2.1252373970299407,4.488180336936025
0.0056046152112746855,0.0062599536175304655,-0.0045295014759220145,0.005356940626995607,1.440924302079322,0.6877837437510261,-2.0867406792041128,4.017685390079028
0.0039997092404760615,0.009061132715243201,-0.0010285445836049846,0.007006883404114989,1.2975007900568925,-0.2989158592668168,0.4588793137657308,4.435374719644855
0.004040206628473458,0.008865108797734392,-0.0012459269716757618,0.006954599262396824,1.30839874318516,-0.3238986833018094,0.31742654591411174,4.485394804172796
0.003740988295332693,0.009300287543849928,-6.991206098507787E-4,0.006850702721086677,1.1277307664131935,-0.24652136342332492,0.627676736458324,3.815145922445043
0.003776710151923001,0.009126788661917821,-8.794301105380396E-4,0.006827220653724099,1.1333176745884368,-0.2779720864388543,0.5263561213128897,3.8875600111046653
0.003618635063362378,0.009466092592812706,-5.103508837872653E-4,0.006781475215870622,1.0130414618838948,-0.20774621514633343,0.7166241906387415,3.5286476478079414
0.004138605626528681,0.008620550377317458,-0.0015378838102974408,0.006909178412662323,1.3967255498326483,-0.3433166378349132,0.11651616610722484,4.633737657678438
0.004944285526454118,0.006557357588223225,-0.0036484584301794934,0.005498011295031433,1.2520084001661733,0.06736724903565176,-1.2600315285349535,3.671317714331978
0.00478289667098445,0.006854563057786734,-0.003368621872227484,0.005764465171311014,1.309387243188034,-0.04708528844171405,-1.1087839740760668,3.9218277272409305
0.0047535514838863285,0.00719236403986379,-0.0031838243989260983,0.00612099632286251,1.4419420266012504,-0.09726387917131633,-1.0658407242950012,4.410488210457296
0.004390045856947195,0.008057581100778664,-0.0022311659453489157,0.0067114632589087226,1.4748371476238387,-0.3155995405721656,-0.38702202388832974,4.79980987690469
0.004201594441180586,0.00831604836469276,-0.0018640724551423767,0.006759942784036255,1.3762129804776224,-0.34580169011845957,-0.10512631678479765,4.583361921941087
0.004357844521351659,0.007732992991794001,-0.002450359849286503,0.006406907376000749,1.3902655717032077,-0.2922049937817223,-0.5093661183775539,4.364728771540587
0.004490009855261011,0.007415064879034815,-0.0027887891036368286,0.006190319509069838,1.3344696090387556,-0.2273391780815508,-0.7331424409930393,4.228043218447006
0.014588774500088612,-0.008014263716568458,-0.0033188958425205014,0.007639700926608967,3.0135553643567063,3.1349462850382177,-4.86476883116792,6.671362810913852
0.014648884232660605,-0.008159381790995318,-0.0030713068222838736,0.007742397257438861,2.806199453167096,2.8238876124352483,-4.734141589909048,6.9601927666086425
0.014760524919728358,-0.00802476077690746,-0.0030659761591385957,0.007395110634770702,2.2444337704449446,2.501806756392359,-4.374532197229592,6.251979812662214
0.01452413555302291,-0.007871104159928416,-0.0035452703159733387,0.007537315050118943,2.702148392505421,3.4446801241615783,-4.974158881320313,6.380516646827945
0.014679192356469854,-0.007885550069629923,-0.0033111946581789666,0.007331323300835334,2.325293634624923,2.8247888223498667,-4.5382314124555725,6.058767742351759
0.014455032777517944,-0.007730047808600201,-0.0037778143098372977,0.007423308379599342,2.664856980041038,3.7593923108855996,-5.061695282132666,6.077818387967391
0.014611878349147449,-0.007732664858472792,-0.0035425181491581287,0.007209421377165153,2.3763451214278466,3.1183515780616133,-4.6281275839013745,5.7488392202193985
0.016847790228288917,0.015345887251965173,0.002112411679503791,-0.002749783638917563,0.22049330544809012,-0.21765642204374439,-0.3616133771519307,1.3218154595654923
0.01786824512389523,0.016390498067522918,0.0015037445353987856,-0.001908109615187232,0.12095140555896425,-0.23553910333369146,-0.147567752273602,0.7911086381065293
0.017441868860844062,0.019085177524684145,0.0012242396977598761,-9.360435207269952E-4,0.002698191369261086,-0.16819639876469375,-0.1913961641355251,0.4760679805300398
0.01617932607377311,0.01320956566909982,0.0023624788811812893,-0.0046019669618758375,0.6649134910223804,-0.26037539342337496,-0.5051196332004806,2.9379534795174576
0.016320462695254626,0.011999085408564899,0.001699771404358069,-0.005345145042016065,0.8057818358616873,-0.32717523342687554,-0.016746378753259548,3.54119169677569
0.017387984569736618,0.013797926806871329,0.0016837851771835187,-0.0034254812379035707,0.3775457432623688,-0.30330942744550077,-0.10846251740828027,1.6026383234624808
0.01591724174521034,0.009884448795942026,-1.101357794119592E-4,-0.00661985339449941,1.2893117704540085,0.06514304717079249,1.4574881467451402,4.986800409230863
0.016044445292354863,0.010256922080764876,2.938185802148986E-4,-0.006427319349922037,1.1753293108552365,-0.1029084709127449,1.1119277917128212,4.814372159180292
0.01598579483922649,0.009545663242465566,-4.844353417448725E-4,-0.0064727470713259435,1.3576136395481389,0.23692813263856802,1.6608405972642912,4.552175633078256
0.01643458283482061,0.010772166446882944,6.899407322649222E-4,-0.005790995346140104,0.9792225640065569,-0.20292142716301065,0.7118897471120269,3.689371950516993
0.016857895513357566,0.011362914807563481,9.938359034480089E-4,-0.0051089712161781495,0.7199337227699202,-0.2833985591967607,0.3742422515139149,3.006840643802586
0.014976460515349309,0.007400335367911681,-0.0032808397602864005,-0.0062889452882474465,1.7740955734874166,2.6016453146875738,3.427497686326183,3.6547761078772454
0.015079344837589496,0.007546082547760927,-0.0030583196400972763,-0.006351556753124853,1.6744265680630162,2.3510317513486982,3.3327111941464738,3.787635147717375
0.014938825371654333,0.007179611543114622,-0.0034444593967962113,-0.006049257453279117,1.6391026526751522,2.754555186998861,3.3026134392174558,3.1819406287033276
0.014827927388560064,0.006948246258289572,-0.0036985374079024115,-0.005853251869833082,1.694212877888557,3.009665073362209,3.267953611893463,2.8492055027439847
0.015267884103047559,0.007653027971505822,-0.00277333494243253,-0.006247577719052621,1.5812418552538159,2.0012483468716726,3.0295804270305813,3.591579174442423
0.015551940657240438,0.008322146001073087,-0.0019518100661627595,-0.0065001456450849635,1.4225062296131237,1.2573903423797652,2.688955678951767,4.176058447820425
0.015466701456582159,0.00791455722308004,-0.0023875425901314844,-0.006264933960103361,1.5103331405782805,1.6071231689098726,2.786893599337502,3.6663559942739603
0.01607146413177804,0.009081730493443536,-8.952841416682677E-4,-0.006198637823112794,1.0779220832292398,0.47253600263328627,1.8411317291354654,3.853432083908934
0.01592914972309658,0.008563457634304902,-0.0014987437243858522,-0.006132820050857687,1.311585776081742,0.8570040412088115,2.160891451642811,3.5996935424065946
0.012685482987484379,0.004518360323449505,-0.00605020077006154,-0.0028333203378066475,1.7270814632995923,4.94792969942167,1.1120595930117059,-0.11799591390166043
0.013140279941912405,0.005187888114311736,-0.005926104875575925,-0.003802868966098359,2.000282081728724,5.541678152157684,2.143229146058047,0.42804072682102173
0.012923091544588023,0.0049731000329475035,-0.006071503596393797,-0.003455891166250786,1.960683729311462,5.55075651127748,1.800825380506444,0.19634788645471893
0.01383245189034862,0.005346863406991807,-0.00510054424226009,-0.004101522932477314,1.639392461898023,4.282657428511798,2.1418639157341777,0.6402722004450653
0.014147100188008101,0.005399050601047508,-0.004717799747975177,-0.004137005498434667,1.4987213518093752,3.7017380398024584,2.0162644401572924,0.6656920196728556
0.013451400876891527,0.005178672044336927,-0.005527226660986943,-0.003862157626339465,1.8079836230780095,4.840002434568544,2.0525367609459617,0.4599388244944706
0.012947678847120732,0.004661982170935923,-0.005860407759069544,-0.0031102622334159232,1.7160573494729248,4.830015361987737,1.3470812823094802,-2.1512665848258093E-4
0.014673603016491819,0.006497575719640389,-0.004029140483988821,-0.005359972859984075,1.610716943653229,3.2764436995461597,2.9507877096221944,2.078626041583087
0.01488687721007698,0.006713351130122966,-0.0036910734264543714,-0.005500439505227338,1.4842061459708025,2.891865305400986,2.904833509373288,2.284623299846009
0.014732981967116641,0.006141480792051103,-0.004007007400834779,-0.004860923027983667,1.3979199882893776,3.1150606142227133,2.4533427377893635,1.4031330204528407
0.01438423576085129,0.005607053862100783,-0.004455646193466168,-0.004341308394247594,1.450684866372454,3.4346500360673824,2.116912923121966,0.8499145247521025
0.014640322103369,0.0058331471249092595,-0.004150081167208802,-0.004534417102731427,1.3530445143922611,3.128255270517623,2.181874682120588,1.036900782025793
0.012414323239664082,0.004322261089880767,-0.006188669113744136,-0.002485329587061975,1.67527307518994,4.89176694197563,0.8017113908624921,-0.23240934365951002
0.010690093884695032,0.003977927018064824,-0.007013600284302647,-7.536472592557027E-4,1.6536320630644015,5.148103541432394,-0.5734305490015846,-0.2848868029091552
0.011058194107023099,0.0040218707010739015,-0.006911365082097795,-0.0011531556675814147,1.6663218113026868,5.226749377134559,-0.2774569856311064,-0.3337869444697228
0.01201153034840352,0.004175466931790699,-0.0064376085884018715,-0.0020921153021549337,1.6978163162892344,5.024025171385119,0.4937023381308215,-0.31278748600519574
0.011606970069587401,0.004107653373790397,-0.0066752560137535,-0.0017175145335622097,1.7384648331304537,5.178120653480491,0.18895066227125404,-0.3442757381579408
0.011362277682551231,0.0038614989135024856,-0.006616664916543375,-0.0013554556842626199,1.5560013969715671,4.696467377352745,-0.07835650782770842,-0.349104937720693
0.013086986913510441,-0.005124149879331177,-0.005961793890774106,0.0037008986045489593,1.989935101202853,5.52810258697977,-2.0440869577652396,0.3595036496719435
0.01290968996897302,-0.005076171982756152,-0.0061571534986862375,0.0035724228684776487,2.0689773191998615,5.835488027341456,-1.9711451082206857,0.27733854036690697
0.012767989380191233,-0.004945506380343311,-0.006244249824444361,0.0033482723987293896,2.0303558145836487,5.8130172872212205,-1.7317983871031577,0.1342376620267378
0.01248959392275935,-0.004845692036936196,-0.006495803430972538,0.003071356876897929,2.089075005385654,6.1258527972554,-1.5023561452874705,-0.004666174846392598
0.012241066999260359,-0.004690418947024477,-0.006640273846017381,0.0027306095213136083,2.0599846905842027,6.128077256274234,-1.1687597809811061,-0.14156213525727676
0.01145352355823945,-0.0038547810764728886,-0.006557403380353963,0.0014292958138244398,1.5442824768969698,4.574733126874591,0.02080125266040141,-0.34696584555775584
0.011890093616554694,-0.004288776025513057,-0.006622861668798702,0.0020879862671991274,1.8196153884783006,5.3849930578648255,-0.5175917428347688,-0.30319797405973453
0.011757650956115352,-0.004009700233099071,-0.006488741431954435,0.0017724737928616666,1.6089018253615368,4.7701967490189485,-0.2405041080075844,-0.33869426187635765
0.012205673926113774,-0.004346372000365294,-0.006397840672357263,0.0023735548722760686,1.7703411569628098,5.161239821517743,-0.7526404976812482,-0.24818977355582536
0.013215019012741837,-0.005459661151344134,-0.005974944539719192,0.004192782575673595,2.1877472147309436,5.973397324527574,-2.667170404114517,0.7749519872719647
0.013263505038205484,-0.005224857408448798,-0.0057858765948914865,0.003883104193308285,1.9423890119067335,5.31785691771618,-2.1825702193926815,0.4902009373709379
0.01335905470088112,-0.005586979738036017,-0.005830926837762978,0.0044063241967462466,2.1735261779335437,5.830506278737226,-2.8647172650261754,0.9783021052904325
0.013482740998809703,-0.0057329758959009484,-0.005711819589410756,0.004637472861300603,2.1935376235801276,5.749478707526699,-3.099422539446103,1.2259409317683991
0.013578625216730929,-0.005895693476049367,-0.005628108309194835,0.0048900593641486865,2.2517326537155493,5.747415487810454,-3.387462498145181,1.5315742525396587
0.013635296450327492,-0.0061023266818601655,-0.005605101976714876,0.0052211739724119305,2.370956839340255,5.900788592773521,-3.824049926708121,1.981153383391845
0.013711073166283408,-0.006269748755051621,-0.005523689599445124,0.005490681500148361,2.459768015319029,5.884999821367094,-4.1478024403844955,2.390568566485991
0.01385256696814258,-0.006812880963004882,-0.005306144437498011,0.006420476923239241,2.9257951945277347,6.087497941997758,-5.13282255165133,3.8625340806180524
0.013920772348179287,-0.00664729395664859,-0.005197591034786801,0.006077765313356138,2.5187701902987665,5.48991745571087,-4.704257674172815,3.3802290204006664
0.013873620578662732,-0.006346474294089597,-0.0052592462835045544,0.0055705397959044415,2.3267645993370345,5.407091554380962,-4.056364038067702,2.495022789006318
0.013986085415221653,-0.0064684792723079905,-0.005079027268335202,0.0057277063641088255,2.3002152184134634,5.143555428529262,-4.128231463312887,2.7413037378553713
0.014381534484329049,-0.007591233601480754,-0.004020177788019319,0.0072949377572773776,3.03629594055961,4.093025852963918,-5.134276294362102,5.765451636498131
0.014546995128482499,-0.007586363886238215,-0.0037556790784012144,0.007078815684698204,2.337995051295382,3.3877280511294914,-4.6824524297263475,5.436964815811515
0.01445744762045882,-0.007454688710553561,-0.003988500964999001,0.006986766379013454,2.3842940888910533,3.724122820474378,-4.784884871025821,5.20810420914495
0.0143037118419788,-0.00745479580756053,-0.004240955017429136,0.007168940295264797,2.865492162929852,4.425606909985941,-5.188530659090351,5.45720056406605
0.013950775489717909,-0.006935465283302504,-0.005097758244892142,0.006587245580000434,2.771617930630837,5.759482709572569,-5.1883564444660575,4.182669891558094
0.014021539014270676,-0.006777233880870045,-0.00500693501952114,0.006247116459028679,2.5220160424319764,5.200214451309633,-4.766642988082531,3.684447168608251
0.014045084994930427,-0.007061073770271072,-0.0048935546270751085,0.006740374294356613,2.8926201820036237,5.432981825959625,-5.220428420390018,4.499931224624529
0.014106536540751863,-0.006909947413160947,-0.004830342950181942,0.006419585504640749,2.5342791432833924,4.951760578020349,-4.834264312244204,4.004673906835108
0.014375824488580966,-0.00731926340808636,-0.004203215901144266,0.006862166229339393,2.467689338500275,4.032573989722973,-4.832941805629429,4.921911944498607
0.014221641019906124,-0.007320868219171371,-0.004457426751984829,0.007036297846664866,2.6792015607593975,4.754197217313833,-5.218709881872889,5.142203379069196
0.01413540329229132,-0.00718958373010223,-0.004684138063601267,0.0068874483904999345,3.0106572191337997,5.096731570712961,-5.229226073322063,4.8180249652891485
0.014203455223397388,-0.007048491167136225,-0.004620023674697251,0.006579180073448235,2.479855389682467,4.631988580491128,-4.854941597950098,4.327096753699299
0.014300192018367415,-0.007177904464601435,-0.004401676651576404,0.006706980604300225,2.4425552420259766,4.299907169724691,-4.825248214357411,4.594307638164396
0.02055081204763472,0.021112783973581295,2.4331288942144118E-4,-2.14455424622523E-4,-0.02749804040552625,-0.11090639001568871,-0.021429726128093376,0.13929072076708024
0.025,0.018733575722169347,0,0,0.20340813340974476,-0.010461138516595726,0.05922025126635557,-0.00655262670713274
0.025,0.025,0,0,-0.00586549202841012,0.026194835373635088,0.003865881800735638,-0.025353965329560503
0.008160726610618353,0.004603586677955615,-0.006945819125694098,0.0023190708763186556,1.4441222709019785,4.028885207529278,-2.6165411411186397,1.2722724995592805
0.00867685629437766,0.004398725215795433,-0.007135278008474961,0.0016408539619588748,1.485744854177051,4.491862120932773,-2.2787463954814444,0.7691929141535246
0.008390519457111471,0.004445671947630735,-0.006980977748036931,0.001968541527029657,1.4226247639124854,4.08075325937907,-2.378733960357214,0.9811180861377397
0.00880878756224926,0.004150385848751012,-0.006960469935211548,0.0013568786021514471,1.3670853696372502,4.031007899423516,-1.9114711714856025,0.5332305612381065
0.009040955726856656,0.004125126337651189,-0.007050860227013724,0.001099600614448104,1.3892430381686791,4.302653788905855,-1.8129572828026006,0.3979725654500869
0.00585183933986418,0.006031898925207339,-0.004868579614811992,0.005097547922097091,1.4063920937376226,0.9697537850437782,-2.3017490854007234,3.8050591041503443
0.006035232851799933,0.005752673480089188,-0.005083397362897999,0.004733804691039331,1.3249561081543346,1.1426134114306714,-2.308727974262872,3.360754116499845
0.006268831893940446,0.005552411873272111,-0.0053456224750110535,0.004459251672966242,1.2781676369854618,1.4195913212360016,-2.4198497609648673,3.09318767182778
0.007887562135630926,0.004662260560751565,-0.006747893787223844,0.002613496571734904,1.3526981835272933,3.5726531735441465,-2.630343759168951,1.4854702424496073
0.007714456498947473,0.0047855803945138775,-0.006680241237805506,0.002876473156879812,1.3960713749557323,3.464954936047299,-2.762783007526777,1.727804489554329
0.007495568989795235,0.004832938956632619,-0.006482782826001559,0.003081816540342699,1.2961199298752517,3.0573366675573097,-2.701199221446975,1.8756800847087727
0.006526035989531402,0.005405922448582953,-0.005633790856565852,0.00422178983321551,1.2866636440206853,1.7777468205730609,-2.5868707365703156,2.9146545499043524
0.006747615577890926,0.005335482600018868,-0.005893481719711489,0.004074869100636226,1.3605024497086062,2.1781621597093483,-2.7914559642911203,2.8425798290774296
0.006891094260660854,0.005179549390375853,-0.005995821450595862,0.003819886299597022,1.2970909524046312,2.292024912058124,-2.7201445324982867,2.554510854944756
0.0072634680107170725,0.004937597480514249,-0.00629483275056942,0.0033478357503376028,1.3061208144935053,2.732342174971978,-2.6977842053602057,2.102549230663843
0.007094632244552477,0.005100059667850444,-0.006201993614858866,0.0036316249025801833,1.343433838895768,2.623420091554276,-2.813002437450556,2.4083412312187216
0.006935465283302502,-0.0060492245102820915,-0.006577235485596734,-0.005110635933832363,2.5582848411448618,3.6795775137833266,4.598844716917755,5.154676095667322
0.006909295643316126,-0.005884552319072493,-0.006447262235347807,-0.004839392677760418,1.9342287199742516,3.477448870635449,4.2519486756086735,4.369069237641223
0.006795188073906055,-0.005990088405596143,-0.0063151901994362445,-0.005045929690336023,1.973588118050819,3.253014108955776,4.2517047316744945,4.671478881154386
0.006812880963004882,-0.006147433031857423,-0.006419803432775463,-0.005307153395050075,2.3113908750544274,3.3922629033907548,4.5473521852293,5.445769258685215
0.0071355109209808275,-0.005522781687289888,-0.006555308597826781,-0.004183132530841759,1.735611956727132,3.538802382156708,3.7674565462525513,3.3506513671845295
0.007040611191504066,-0.005648110342188201,-0.00650234168856678,-0.0044141222508328765,1.793627492980025,3.4874400563364274,3.914099198431212,3.6827672004528367
0.006880001330076809,-0.0057012990733050165,-0.006290841544347364,-0.0045554392225138525,1.7193651302289032,3.0756522826539943,3.7457188809759416,3.7990527971507366
0.009979569724554011,0.0038993767490298216,-0.007037109829281132,1.607616566512196E-5,1.4668533271515056,4.627924709463779,-1.098977333976405,-0.08885869675860392
0.00958980957806621,0.0038747168380044543,-0.006976101518222764,4.393408341298948E-4,1.3979318837481676,4.239862225810459,-1.3232928726132809,0.06064998579596726
0.009248609191205072,0.003964230051890962,-0.006970471192129271,8.228080039516909E-4,1.380089712055792,4.11371486104074,-1.5617807141695217,0.23562320681743773
0.010368815485645676,0.0035631261487262715,-0.006703818983228803,-3.444942800004389E-4,1.3426998677426167,3.8519336291477266,-0.7247929094404258,-0.20164172721234103
0.008567742431666045,-0.004414717947357554,-0.007075012465652898,-0.001766416210960849,1.4839937276003001,4.296271222170067,2.3092875190283326,0.8518413698230242
0.008797842075322013,-0.0043738336381703175,-0.007179197216291246,-0.0014900776379973568,1.5029675513106315,4.596560988746867,2.2052775417061405,0.6799303150877307
0.01110539418891915,-0.0037002962494922984,-0.006603263540632128,0.0010603072611841888,1.4583693096702752,4.303363809345977,0.275208505088782,-0.32398460604624296
0.010709403040087922,-0.0035873614189693226,-0.00664273196517984,6.695768881385495E-4,1.3797136395272516,4.041554877764546,0.5227914541759383,-0.26940747474813026
0.00993281087689508,-0.003852761331066035,-0.0069844396408845775,-6.533046979196211E-5,1.4286575156575683,4.428066816644353,1.1059044184600049,-0.06836847479038806
0.01026487569687152,-0.0035771196853294756,-0.0067150952232754866,2.5405933654569566E-4,1.3190900321992072,3.8994347461610066,0.7851114372328027,-0.17945534520753356
0.009573344838745633,-0.0038196818831496325,-0.0069176192629989836,-4.427843627688827E-4,1.3313719668458022,4.050850525168528,1.2916997887400843,0.06353042981128788
0.008942110136839994,-0.0041403930353885,-0.0070144283333692355,-0.001212623393758868,1.4025951944258725,4.148757490614155,1.8580670112175042,0.4658473232742731
0.009205930138821691,-0.003914685057210618,-0.006906749826284377,-8.469614719712879E-4,1.3389169167230988,3.9076277331673706,1.5294877370959252,0.24356111420878931
0.008385141852368664,-0.004490230629455326,-0.007017600276113215,-0.0020065254322015175,1.442827275333565,4.155727167881842,2.4395601990860865,1.029135918718276
0.008216869225856138,-0.00460735765759779,-0.006995749472328017,-0.0022682588846045975,1.4834656484493565,4.125446716670752,2.6186893064094248,1.2463225127436874
0.007769366992628583,-0.004950250973736231,-0.006887411420280332,-0.0030134561618689066,1.555442251699054,4.003273623025021,3.1246698107234785,1.9624813418902922
0.007582908404944257,-0.005019252926691426,-0.006737113491921894,-0.003237805710582019,1.5183941510490444,3.6796218389977864,3.1317900131829983,2.1608481474518793
0.007418218170110823,-0.005108390591970074,-0.006613826166699802,-0.003460033181157439,1.5178127526793102,3.4451514810417128,3.1688232884910654,2.3786009691103653
0.008010770615448429,-0.004634719491096762,-0.006838039638669232,-0.0024824299287796296,1.387824786279155,3.7394839121773393,2.6154808528389206,1.3925819278744138
0.007797765153298238,-0.004707056487035048,-0.0066970188107393835,-0.00273325854178277,1.386756204039253,3.4411284692843833,2.656531221213513,1.5880941793322256
0.007258915076378444,-0.005197695240181675,-0.006483240690563423,-0.00366955513520801,1.5012329707798404,3.2008071887349714,3.183459088241674,2.591419545330078
0.007089685250713937,-0.005302452428979639,-0.006336506398551039,-0.0038962492843804615,1.4986042432172517,2.948030360652432,3.192087102036574,2.8295875966675936
0.006355156589749449,-0.006577264761224861,-0.0057082317953593325,-0.00606590211242253,2.3064192826029517,2.2879596540897893,4.157965707395195,6.5610057635700265
0.006464466094067262,-0.006464466094067266,-0.005891362205531259,-0.005888300806854295,2.4061355340298,2.551993299551671,4.280040865026035,6.2958966245098535
0.006304670901760167,-0.006424400767086372,-0.005606551284375933,-0.005794351425127449,2.0844884856021864,2.1709959266615058,3.9080236652981033,5.691527033122551
0.006693441434347547,-0.00624944398096624,-0.006253596847830956,-0.005501828176594451,2.1798445916875,3.109277568934813,4.476487073839787,5.72706334247809
0.00666136959951516,-0.006095246446365704,-0.006136331911300265,-0.00524578711210051,2.0309190836188837,2.9546413804760197,4.1803146559732625,4.936688311783569
0.006534352324622246,-0.006186558406397164,-0.005952965407909087,-0.0054089390863168415,1.9795682421722034,2.6655291053404118,4.07024319597508,5.126345517331665
0.006577264761224859,-0.0063551565897494505,-0.006067583099157434,-0.005706364053692961,2.6046066236917698,2.824611052371928,4.385043959109225,6.017232397665286
0.006430578845695216,-0.006302691462857524,-0.005805010737951221,-0.005604129292201036,2.0266682531527898,2.451782768898545,4.0269013290902445,5.428872332922267
0.018733575722169347,0.025,0,0,-0.24730507246031866,-0.00415712391849551,-0.04656619126492486,-0.0028473651560559244
-0.007137175344203809,0.014473512436779037,-0.006474654747048115,0.0041453389449183945,1.258442355467306,5.901702130633381,-2.2282231372285985,0.4541528871691379
-0.007267978206565656,0.0145786238591252,-0.006566317147001221,0.003918622364599175,1.2748687456750785,5.978468736621256,-2.018476840197131,0.3044196142275783
-0.007415061060864268,0.014670728355292269,-0.006678598801262692,0.0036963201971898893,1.3000785117144893,6.106983053737662,-1.827632230186239,0.17680878241723622
-0.007565971622155211,0.014748567312564256,-0.006796560040207295,0.003483806224797152,1.3310023338196704,6.259319925349584,-1.651005116574541,0.0696969167059648
-0.0077167616705560264,0.014814180951136617,-0.006914742976127508,0.003279281882140772,1.3658200033245576,6.423493773445943,-1.4824247532698156,-0.021119742366517685
-0.008020216295571264,0.014760936870677253,-0.007391816673877927,0.00307398726062998,1.5784410231017232,7.472230566689034,-1.4905746899411134,-0.09582052166874323
-0.008159381790995322,0.014648884232660607,-0.007745875238822504,0.003062725306820051,2.046607042285061,8.464260219854776,-1.424237196144848,-0.04311021960286603
-0.007873887349062098,0.014875339315310014,-0.007032387961239692,0.0030666334795266983,1.399798513815224,6.590560633814669,-1.3024052658388945,-0.10456621527398223
-0.008172396497860413,0.014816853058584179,-0.007493167874524376,0.002843784794492501,1.5986883291503828,7.611642086241403,-1.2608101696090486,-0.1793454030788378
-0.008306313695911128,0.014704405031812395,-0.007839475260060475,0.0028147665435483368,2.2080900154566265,8.58003819643927,-1.1565790646640044,-0.1240188474404011
-0.008330497690244784,0.014860414845997672,-0.007604741364233469,0.0026124159849787473,1.666842095303496,7.783292884339018,-1.027285835106427,-0.24543264503183712
-0.008454915646326118,0.014755282782341355,-0.007920514160759971,0.0025780072780919316,1.9750415894837563,8.674705231789645,-0.8879847771420143,-0.1892961753352631
-0.008605047553236286,0.014801469324203571,-0.007996039040772163,0.0023328830044279055,1.9029820268675721,8.745849546323054,-0.6156165181001594,-0.23798942268365966
-0.008494285295770414,0.014920588518277551,-0.007676161580582936,0.0023490899792784135,1.7058755308939941,7.838786542867168,-0.7500884087366932,-0.3090469952528638
-0.00863554103378752,0.01497730622876253,-0.007713494260010699,0.002114121769388594,1.685754568089985,7.824564750488618,-0.507776074813422,-0.3513107687738138
-0.008756573701192635,0.014842921746160495,-0.008067012097159987,0.002073945101256658,2.0768121719969153,8.799765070715685,-0.3332205238624584,-0.26785243302052336
-0.008789845911427027,0.015019328263890743,-0.007772442877411907,0.0018734378712495497,1.6831898644767656,7.871525285497429,-0.25791011177011264,-0.37661410531667555
-0.00890933457005921,0.014879595159429935,-0.008128932248360586,0.0018163296817251208,2.140840722832482,8.837015951626853,-0.049279301885983735,-0.27931228876437786
-0.006310904520549585,0.014063036931329518,-0.005453941557868398,0.004969991090135635,0.9689367377307861,4.343088271667681,-2.5014598632668346,1.0162250541899416
-0.006528801399207188,0.014199753085201511,-0.0057284026844392905,0.004746028476449193,1.0338951835918964,4.721662656137208,-2.4343582314699357,0.8435656246394175
-0.006689141287811476,0.014386518343606734,-0.005857102870829973,0.00443077244480532,1.0231618089630716,4.810998019444553,-2.1707088197730386,0.586158388397381
-0.006926631039084677,0.014518608803432885,-0.0061126452746124525,0.004162077530642378,1.092860495521724,5.163716030644417,-2.0314966894944337,0.41627284642196344
-0.004510249818614397,0.01247513890874739,-0.0027187574625767573,0.006290024044855421,0.6278325484385637,1.382314318447182,-2.046678487172547,2.186361393251827
-0.0042323618172062415,0.012223875686545857,-0.002294392209336023,0.0063370385905998335,0.5533097420744487,1.0597714345782308,-1.8513163881307813,2.2178096206764994
-0.003702325452665237,0.011737276932271619,-0.0015512579960541128,0.006312684917555363,0.4783996580206605,0.5537672166706277,-1.4116898955148496,2.0855680505268133
-0.003849326961345126,0.012136251081998397,-0.0019284640068344932,0.006130452272795318,0.4956242726922957,0.7629800287455996,-1.478151248697428,1.8282310285973835
-0.005574891227152746,0.013231777537398818,-0.004389254075278504,0.006051690977529424,0.9069350276098483,3.1652963886229735,-2.9494240695273337,2.183818999363538
-0.005350365367264003,0.013147196011375007,-0.004049201522320459,0.006048292198908587,0.8083287430030829,2.7194374909377608,-2.6995787253713064,2.091334699454814
-0.005959201035347784,0.013754303565189994,-0.004992680086875842,0.0054056318243129176,0.9028140140560855,3.7832155539141215,-2.6686500223225718,1.4175526052380425
-0.005679283583368541,0.013436505049067514,-0.0045776673449861435,0.005798031968747928,0.8957858770449999,3.3220792498563765,-2.807420491328079,1.8531642105933994
-0.005799478388083546,0.013604999847661127,-0.004760557400261367,0.00558988483042222,0.8442236426212218,3.508775733570989,-2.7074196910347155,1.6000346496048936
-0.006080487952925786,0.01414308977236476,-0.0050748621955985125,0.004838986474813767,0.7905181167766201,3.678183578273885,-2.1321897785580624,0.8187064643023284
-0.005906880622217772,0.014000394638968704,-0.004865314861823241,0.00502789402621654,0.735179700080005,3.4394937358670323,-2.1945118809945146,0.9670668208921948
-0.004713926926378486,0.012981701857890238,-0.003197716683465233,0.0058824743295481105,0.5313606233902252,1.7269462226025627,-1.9952942407267105,1.6742115038241898
-0.004520727675436835,0.012828879912063901,-0.0029230148540367452,0.005930445683720561,0.5253282016467022,1.4851500072614225,-1.8881031925227147,1.7134164895284827
-0.004897859742051296,0.013186906740458845,-0.0034841922471595915,0.005745747554701647,0.5770230485833232,1.9693963780650916,-2.0377540179726736,1.535776998858868
-0.005139811254755585,0.013248577199349729,-0.0037988595093866656,0.005800317302150575,0.6494391932510287,2.328607879036552,-2.2721813784497007,1.6533608652756306
0.004175248969617629,0.013897978528022117,0.0028455027868840347,0.004706046970978109,0.20255941244185074,1.313895637785324,1.089184003897768,0.4804941360060897
0.003769483121097512,0.013305913276864976,0.002349896080393689,0.005112682553437537,0.1266587172853877,0.974599761386531,1.1224006009708043,0.7560585890733886
0.0036534938082539744,0.012634556737694067,0.002043148297653187,0.005615953384792295,0.31539067951877,0.7911464961313471,1.2421560006305434,1.2077357036765624
0.011963009292574333,0.0171584452633064,0.004569025766731609,-0.001193926173604006,0.28248480090558586,1.4446677883000854,-1.2901364981883623,0.5571022689953077
0.010534866254431821,0.017308657310547818,0.004785386087574942,-3.4597681255283736E-4,0.4233595217686047,2.006089406587821,-1.0885090981916081,0.18879828128602666
0.014420231112574346,0.018787289360224495,0.002407171740273408,-0.0011050341350726809,0.029000254090845497,0.01943111881014344,-0.4845628381606669,0.5142849411247993
0.016389040864147192,0.02199662688416145,7.694464322366971E-4,-2.8473896492471927E-4,-0.15449106077883237,-0.09400099432484156,-0.17942929964527377,0.21844602061966192
0.0084187116544294,0.016555689070484714,0.0053411479196954145,0.0012463081057217014,0.540621781217394,3.0306116659731375,-0.40337806395508113,-0.31565641618088197
0.009101558547887356,0.017764198399068412,0.004302034059382961,4.56641751306517E-4,0.2897116748364575,2.0551591318705182,-0.7129339100044706,-0.13580451087160658
0.005315862636218725,0.014615098622179204,0.0039710171823990545,0.0041659764683286095,0.41750734648584314,2.1693307105237274,1.084236575159547,0.17302424574779593
0.0044174719079696535,0.014422045621786232,0.003067572133605307,0.004279572522708575,0.060002546898877615,1.4898041457215487,0.957547382339871,0.22235299939423
0.00609135804461386,0.015591758097766303,0.004352630918104058,0.0031455873831764064,0.29450916799247584,2.4210512858593245,0.5840247927915397,-0.2194202161524579
0.007120600885682156,0.016318108332329995,0.004772141091128256,0.0021495645589275016,0.40953093878404495,2.661783802690548,0.11473283671746401,-0.3487254325832533
0.003513949842214438,0.009719679996089269,-2.54495594904695E-4,0.006734560648526579,0.947168450253583,-0.1482181724017322,0.8264372020189722,3.2964059045346095
0.0036012867330558257,0.010066776604809535,6.854426285442986E-5,0.006824053033825973,0.9431202398496508,-0.05003156006764865,1.0055964553378889,3.2975679577318973
0.003596434150314614,0.01046742560384136,4.399683516835112E-4,0.0067770197501332,0.8018015970500991,0.07495958120911946,1.1625594527610252,3.0557322712098904
0.003605463818242387,0.010979638598346301,9.142467959447014E-4,0.006637744571811657,0.7184285009709375,0.25414245031709853,1.3024060446841332,2.6860450556125497
0.003459332673362346,0.01197940357117455,0.0015372396577394024,0.005983836483386674,0.3393423050961616,0.5325319368839015,1.2350265243323368,1.6092055018151736
0.00326876365323184,0.011352636058492956,0.0010434885632169789,0.006204824787425271,0.4982675237119665,0.29077737045149743,1.1302323742496045,1.957723535277367
-0.0038976970344255938,0.010231199563139996,-2.471040742362893E-4,0.007083173971811906,1.00231486532294,0.021056021257977342,-1.2246596567446122,3.8748250956991357
-0.004050268377340862,0.00996690265825754,3.509538572925847E-5,0.007249623429267597,1.2332370738031366,-0.07221834784761176,-1.1230166341838876,4.435560149187292
-0.004070333678293211,0.009701410708498986,3.4788501531812636E-4,0.007250042808055732,1.2392829108973786,-0.16266820053426972,-0.940355017542766,4.597957178600074
-0.003933788008680841,0.009436564642914098,6.08606067574755E-4,0.007064546441522879,1.2448257522197794,-0.23113988552835382,-0.7302429228460493,4.293531525161913
-0.0032872547189193475,0.011440430616239882,-0.0011318391740986371,0.006167021228925643,0.536042704261127,0.3133645921458578,-1.147373750820986,1.911710004070617
-0.003534663987661092,0.010389770430095075,-3.725976308121068E-4,0.006730080834143177,0.8542570465435025,0.035047349044209176,-1.086029724556426,3.0237765319127345
-0.0032516215024938192,0.010789637744572056,-6.174712639093887E-4,0.006397317346710341,0.544218529429672,0.11494066463693932,-1.0597781867567948,2.34175335955663
-0.005805694620388287,0.007052193300847051,0.004656526610400279,0.006626195324382001,2.243889322392206,1.069992167112151,3.215880754537635,6.918050552036547
-0.005954915005069572,0.007061073770271074,0.004887805735205603,0.006744530501261148,2.9030065758156827,1.321171520700522,3.502044096770895,7.5397162101509165
-0.0060492245102820915,0.006935465283302503,0.005106785135353432,0.006580102255675876,2.483805437105534,1.5508369670873827,3.691788669441799,7.302834741007779
-0.005884345539506613,0.006912015095173927,0.004838989359894645,0.0064484259818336775,2.1494892078072136,1.2475410793486779,3.3467347156541165,6.616996130176889
-0.006147433031857422,0.006812880963004881,0.005311302863878979,0.006416284134242019,2.469874590726839,1.7877753267633618,3.8634022923662514,7.065555343152089
-0.005983265553820966,0.00679343389199673,0.005034460182449656,0.0063061013029170635,2.1747373233167875,1.4604268138538423,3.511507936837187,6.432669605699053
-0.006249443980966237,0.006693441434347548,0.00550454505943737,0.006251248302162125,2.651207165413108,2.0342973938991458,4.017790557955557,6.814919930511721
-0.006096426645834163,0.006664149170838749,0.005246996292942274,0.006140214935944725,2.1301625116421152,1.7119517318721051,3.6811952716228338,6.207619830313448
-0.005271451936535131,0.007581993976424626,0.0035502446271498084,0.006964594425315861,2.0766704985826987,0.17400775656015968,1.9219494323489137,6.797258857268047
-0.005393806537857902,0.0074725224963848955,0.0037927018814494424,0.006927992767574958,2.147644919865207,0.3332024593228817,2.224631000162894,6.938903677338267
-0.005430024290661805,0.007304146036324408,0.003956736098213656,0.006727058795689462,2.062497098553789,0.4306064027593582,2.3081021608887933,6.547514658644091
-0.005521091171180641,0.007149092936195607,0.004175670336664362,0.006573803499532327,2.017484527783165,0.5874479302257701,2.4921115629198525,6.356431487647439
-0.005656631152200358,0.007053472741897964,0.004421393344513483,0.006527003599929719,2.0828234734503437,0.8092120885648845,2.8005812369755496,6.461013290567129
-0.003979167219762997,0.00911937945712264,9.655386317063208E-4,0.00700732449513201,1.2476120580115475,-0.2950118896693023,-0.5107172980031974,4.4002757659793765
-0.004168384345950692,0.008876052637081825,0.0012971026144179857,0.007074570828528728,1.4241972269729295,-0.33262499906198634,-0.2969518413586822,4.825130168011017
-0.004797383968243219,0.008299212021932987,0.002354752592282069,0.0072908541587261445,1.9167309034025009,-0.27359862542434726,0.6625713512013842,6.466136244994344
-0.0048517024353199965,0.008041636306771134,0.0026687357485430606,0.007101674999222569,1.8726756210626105,-0.20567231593554033,0.9261769353180522,6.227756542943893
-0.004987928309827038,0.007822897932785965,0.0030121170218692403,0.006997985911691652,1.920797093819415,-0.09489305722936256,1.2651077217803006,6.299392688116321
-0.0045054893028018735,0.008295690984392482,0.0021120962861703005,0.00700766731113059,1.631999058940609,-0.32213808227429824,0.34086134491788794,5.343181824338823
-0.004138310044767203,0.008584826435169631,0.00157619288044785,0.0068833065987459405,1.3511687125278682,-0.35055263119413255,-0.10404855289033725,4.6105645342025205
-0.004275332794859285,0.00835839866379937,0.0018766585029896578,0.006849361460469765,1.4448833275946744,-0.347380038441731,0.11745291980411313,4.787471095218007
-0.005063608799218731,0.00757332121406985,0.003301593631231528,0.006778990817696641,1.8645613753519186,0.019175230809587152,1.491855864269594,5.995569963641608
0.005230560096866281,0.006283555221609058,-0.004045053014444278,0.005273088841314883,1.2566118993838995,0.2820722908136651,-1.5338007012115538,3.568549537777869
0.005387410874434239,0.005908679779753077,-0.004264369247759011,0.004856430246697977,1.1538964485190408,0.38655765552194815,-1.5458545115639037,3.090110073961949
0.004731314863386438,0.006219180189238509,-0.0034804526462961197,0.005040317921011026,1.0582736610082912,-0.0566120745253556,-0.9486089878112535,2.926263552436589
0.003726847338319069,0.008933909447857,-0.0010343050647443031,0.006708443320969975,1.1613495985536597,-0.3018555990316971,0.4247273340240234,3.751344706147485
0.0038090408324478117,0.008684598164739064,-0.0012982858810502722,0.006660085676084103,1.1622048810199705,-0.33036837646971523,0.2766843152200411,3.847545969663499
0.0034703684609567425,0.009155755584503938,-7.491505281565165E-4,0.00657032480363747,0.9845196603326005,-0.25898291194419504,0.5557065793144355,3.3008490580469494
0.0031898814411805746,0.00952345975771221,-3.7771827395408785E-4,0.00643949358802618,0.8695986249283355,-0.1906622009064174,0.6777782086998928,2.9014903670741172
0.0037532673537350805,0.008388226843147937,-0.001503204967147732,0.006450675677746266,1.1689514116620823,-0.3466260155876271,0.1474717784494862,3.618930098228439
0.004476954291368802,0.006592391927398811,-0.0031256048754446015,0.005344228571446667,1.0820368411107546,-0.17710406061024006,-0.7587451937917082,3.111649231744394
0.004297755984869765,0.006984502921415163,-0.0028093511871649496,0.005658367329369155,1.1254247797336356,-0.255087147836845,-0.5976519915326274,3.33466050312255
0.003917049661687253,0.007928462419684128,-0.0019540443166173056,0.006259934337491237,1.1712179419153037,-0.35278350748351983,-0.11260689346467714,3.6341568930546453
0.004002264826871571,0.007435350370111793,-0.0023234274582587516,0.005915890641932794,1.1220835537204918,-0.32999000929768285,-0.31486434955028847,3.3884238242816944
0.014704405031812397,-0.008306313695911128,-0.002818876885487971,0.007837836768508398,2.6540332271339966,2.5267222068436728,-4.590214385391506,7.244783579759471
0.014828039014325846,-0.0081749077715344,-0.002823974673511982,0.007475430719960687,2.241060338160889,2.209887253621399,-4.223419904486625,6.487546611432683
0.014953942322077883,-0.008033490137570981,-0.0028146906628055235,0.007101347788769291,2.039450305432899,2.187915902997814,-3.8700892097134765,5.531846560973702
0.014864320730656869,-0.007880971516524591,-0.00306666759735311,0.0070457899954215674,2.0889726093845753,2.4769639217803605,-4.037884178534971,5.388211967888281
0.014746548962212187,-0.007760246127175386,-0.0033271094617979336,0.00705478633528656,2.181698592435973,2.809219441501898,-4.274446335142756,5.396090552917005
0.014729958356324608,-0.007594250355267608,-0.0034783509446881682,0.006845631463496266,2.1032532725743143,2.977468776999373,-4.189289643921659,4.901303385095864
0.02074038683864774,0.01686132371047283,5.226383920370462E-4,-0.0010024265541572778,0.1220321664702758,-0.19590494879672676,0.04532608428341323,0.3675163360205928
0.018941408882997467,0.014763270402439934,0.0010734037910689693,-0.0022356172197916285,0.18257679004040214,-0.26420907094762924,0.03130906628042205,0.832564593056027
0.0175869963983033,0.01210430273901597,0.001106674143356946,-0.00413351086238319,0.3931234279579402,-0.3031620077180572,0.2471645718946889,1.9229158713370735
0.018857967556604457,0.012768054057216385,8.546145893495105E-4,-0.002982040697233554,0.2603958792808955,-0.23656680470055522,0.20722715901236405,1.0423492923329107
0.016557587002387745,0.00969888628487268,-2.1858828157132355E-4,-0.005715098023066515,0.8698377758502883,0.0876805472704947,1.2381334381742055,3.2325988008586544
0.01763184861489186,0.010554268218817317,3.226831896076255E-4,-0.004493960649850941,0.5156594895892622,-0.12984562894537333,0.6429258486796604,1.88203779714714
0.015265243261369429,0.0073056954603163615,-0.0029843086769802897,-0.005857632209047414,1.4335172709260355,2.1701732542837457,2.835728339237256,2.8760767186022775
0.015158492498580764,0.006902294454763182,-0.0033085031046690074,-0.0055017410087677575,1.426814415410699,2.427594882903154,2.70457060453432,2.3213302242753966
0.015568202411719047,0.007555519973592665,-0.002520824260564868,-0.005808598260761161,1.224278358746277,1.7079461415918877,2.5585903839381605,2.8651531322423947
0.016060645709841417,0.007863721962423634,-0.0019273911418070352,-0.005496427574242782,1.0966044819796592,1.1412877912142358,2.0030221305521363,2.4285028388993912
0.01669815788883326,0.008647406040561047,-0.001041130335692516,-0.0052380652581546444,0.7921781090909668,0.47900139595835123,1.461772795666808,2.3443097099489063
0.014374778699948021,0.0052732878681692385,-0.004430720296198621,-0.003953748830033417,1.292679254787444,3.2663823073430853,1.765246843687213,0.5164399721870818
0.014090829440001472,0.005182694798742573,-0.004747097996863485,-0.003880661703651876,1.4395116613386234,3.616336725261964,1.78114716674014,0.45770394503134665
0.01295187321036348,0.004402299000124321,-0.0057123929842043735,-0.0028370500610318972,1.5722763042764412,4.339540853695185,1.0505736346178527,-0.11692862365825267
0.012744441874583507,0.004183287113780655,-0.005794570415032246,-0.0025356882477605464,1.4840319990203652,4.2267073603028935,0.8120514043177558,-0.2102674195936618
0.013351939801138466,0.00484195650643245,-0.005501671058709959,-0.003441726475633931,1.6383730115482449,4.470397723933934,1.589936004687363,0.17191176315679507
0.01381594941532528,0.0049149699616746305,-0.004997776520225511,-0.003582808900027781,1.4453872498969271,3.785632049492731,1.5802083510723792,0.2552194220896662
0.013266987420798276,0.0044755512686187075,-0.005426971162590739,-0.003032716373797887,1.4122714623349717,4.028286802904308,1.1666315635951008,-0.04187948346373701
0.015164588216085528,0.006363866899129633,-0.0034398907578683208,-0.0048845344433122795,1.1450179490130508,2.4305985714812786,2.2022651549891044,1.4209606856137265
0.015002001946630397,0.005882485774575821,-0.0037382051256174024,-0.004428612582062744,1.2453840505736045,2.5927066717612632,1.9403555811655344,0.9595567642369918
0.014845265254062386,0.00535334747878921,-0.003913962698172163,-0.003920220392625801,1.0923638837199814,2.6310942383046814,1.5725102643513418,0.48857103573022076
0.0125601746696753,0.003759941972222225,-0.005724484015173557,-0.002076607078203405,1.387125643135919,3.6085923444873886,0.4455055577968348,-0.2951439996368513
0.011046694632663568,0.0034728686005117046,-0.006455108437590063,-9.056221769818058E-4,1.3931221965486975,3.7413003131156555,-0.3341970668665021,-0.30863502155657446
0.011776491796560507,0.003550888199042223,-0.0061492642634679105,-0.0014975623910867765,1.2807904569431814,3.724006593647111,0.026123922418488287,-0.3487471997311055
0.012412241681881125,0.003038684104579991,-0.005438181280604918,-0.001482773059671173,1.1479870749621528,2.7285996778696346,0.11057486362294063,-0.3445403087308019
0.01330744195681955,-0.004968928477739664,-0.005605518005375215,0.0035685782707219724,1.7336201619631815,4.697826812257861,-1.7579395242490996,0.26585115967312095
0.013044882535265917,-0.004851068528800066,-0.005857907591924098,0.0033513924192007907,1.7953730144080724,4.98328117918281,-1.6044029647590976,0.1323182861814607
0.012824067462171363,-0.004628563337248604,-0.0059750951766348245,0.003014587206154386,1.7178020121588482,4.901992166788013,-1.2862834393000873,-0.035552617854166496
0.012530550554574112,-0.004457728497737659,-0.006169968119789956,0.0026866846906076526,1.747299800812182,4.98232741822821,-1.0078814556732751,-0.160986700276701
0.013335741605844852,-0.004740352858071664,-0.005468040728672189,0.0033060269892830397,1.5723139654105527,4.259574789870285,-1.4329155639604083,0.09616310951614646
0.011446904665181862,-0.0034527619030703125,-0.0062483442304287744,0.001196347235635832,1.3811940678236425,3.7213152137433085,0.12816972914643274,-0.3325870108798711
0.011829764050009016,-0.0036267518362649805,-0.0061444228172491365,0.0015694142324766812,1.3330494140012152,3.883334123763842,-0.09752520261906093,-0.3399466834106495
0.012097557694993625,-0.003984526238407632,-0.006218724500691955,0.0019921619500300036,1.5689326015681202,4.438885082073598,-0.40225833207350165,-0.3188812484904218
0.012504172475077804,-0.004060512631402801,-0.005928381624859257,0.002298933515548926,1.485911423644131,4.2040412127908775,-0.6180036414633973,-0.27033298036443526
0.013425079607073856,-0.005350908154511921,-0.005629969629881961,0.0040836029746270505,1.9258642816049785,5.165665820770989,-2.3484944250783957,0.650728052601527
0.013486641102303333,-0.005092569556951784,-0.005436463531383765,0.0037542216799561702,1.6783536117841156,4.548701316779518,-1.900127334957622,0.3924522441311804
0.01357971228378486,-0.005509782964898661,-0.005480997349280956,0.004318347340330255,1.9128433638712703,5.054470629897779,-2.554396216894586,0.8588231120090768
0.01368945672405253,-0.005690957766350585,-0.005388947862526038,0.004575261542893069,1.9661902257741877,5.064009971525844,-2.8202989628221253,1.1219507495079897
0.013785066755661138,-0.005888373171024492,-0.005306132102979689,0.004857505387444546,2.037871314502912,5.087546315881517,-3.125927143590093,1.4520705656150892
0.013881107983616331,-0.0060997716138058485,-0.005205647619706579,0.005164257191464802,2.1132160994901263,5.071471371911872,-3.4482796758963445,1.8477758463495364
0.014102552854785148,-0.006605939844430055,-0.004881279734750721,0.005894494925253755,2.2688984941958528,4.859155896773831,-4.195408807877542,3.0179683376055535
0.014042708427569417,-0.0062659599368834204,-0.004974695628564438,0.005372318609024159,2.08603354113055,4.756962486949717,-3.552614167790153,2.1293122213431945
0.014157455450986465,-0.006406584054304828,-0.004798739409480121,0.005539479528447861,2.0593345497939555,4.53369098148871,-3.6417454018892106,2.3748027647386434
0.014635689520678409,-0.007432240272152185,-0.003727420814161778,0.006729325896182561,2.1640956054051146,3.2932103218672286,-4.2747943724773485,4.641849294329863
0.014512748216489766,-0.007329986043449982,-0.003975616745139996,0.006719676043233839,2.2589533473178385,3.651901651134294,-4.473317832499173,4.619580625037223
0.014196029884047279,-0.006751875824673296,-0.004707232081693521,0.006076176456379618,2.255493153536453,4.628053100975593,-4.294886557790388,3.3401998299430358
0.014241584046638403,-0.006915760500075874,-0.004594407520038048,0.006314953022079439,2.323680236359879,4.521477373623703,-4.506162301283493,3.7912356410251897
0.014482124096352125,-0.007167850537792605,-0.0041056892200583,0.006499068295922642,2.17064904679815,3.797392689457991,-4.326423843178923,4.142084897507424
0.014387331316760791,-0.007013647013879256,-0.004323573784867991,0.006345498536842187,2.2249968653968755,4.088471555319834,-4.322299931323882,3.839408825635101
0.025,0.014410572767669348,0,0,0.3117640639430083,-0.021177505730415866,0.17395140904365833,0.06683681831733984
-0.006693441434347548,-0.006249443980966237,0.006241607298525911,-0.005515685121992973,2.60571992687324,3.1006980232843087,-4.477650598928331,5.737244553419582
-0.0066480570167162046,-0.0060804445700453095,0.006110559592118319,-0.0052231337679382326,1.9279448157397419,2.919638990363756,-4.134682635708374,4.865488681775347
-0.006812880963004881,-0.006147433031857422,0.006413841199958015,-0.005314283050710407,2.4700230658272275,3.3840375876206554,-4.5487243185237105,5.4452417707812755
-0.006577264761224861,-0.006355156589749449,0.006073004328752028,-0.0057007316010219645,2.340075413132475,2.8252319573966864,-4.38968428353037,6.016308252851364
-0.006545478149372308,-0.006192215458918757,0.005974499036388473,-0.005419427837903664,2.0056961189233498,2.7098437758237925,-4.111983816184204,5.172503384455574
-0.006464466094067266,-0.006464466094067262,0.0058894126673481794,-0.005890061218914243,2.424596039519898,2.5509182527464573,-4.281224976317552,6.292371002770767
-0.006423184163870311,-0.00629938808254921,0.005791459202968442,-0.005597632925226396,2.0409899974697665,2.4358186301365397,-4.010500663836422,5.410709958498805
-0.0063551565897494505,-0.006577264761224859,0.00569694100000749,-0.006076519492486302,2.6667588476881092,2.282772965818603,-4.155823914214108,6.567445192262581
-0.006312112713807302,-0.00640949290325048,0.0056179583584805215,-0.005770375041072658,2.034901606193467,2.1958094535402384,-3.9138488254343726,5.649975771772975
0.007903081523626381,0.0044366371761560015,-0.0065657541092581815,0.0023898443566121538,1.226978344170468,3.079000488015419,-2.2631562970171295,1.2273426340185616
0.008112250977203991,0.0042468303363667435,-0.006579361597618265,0.00206584611987475,1.1836955947414334,3.0590835932221947,-2.0415110442167594,0.9525716635312723
0.00848019971490641,0.0040571224439953915,-0.006676974331866043,0.0016140477969458502,1.1680030501823897,3.2510972075095554,-1.8312701929733473,0.6479447005901013
0.008880794031741161,0.003805897122471698,-0.006671204420690184,0.001112122406044448,1.1683972413943853,3.243011263830286,-1.5139185053481834,0.34888949184941953
0.00564728485241313,0.00561279778157485,-0.004563964615558572,0.004531136704617799,1.0605667374934615,0.5848709945545059,-1.662278171136845,2.797969717353716
0.005909771673216641,0.0053728303735573356,-0.004840444095331661,0.0042461328921822895,1.046150561841813,0.8050867648007519,-1.776064601745844,2.5662496886535275
0.00621502975330376,0.005197530202915734,-0.005160005351417384,0.004012330754240723,1.0634541173544825,1.1144777799306886,-1.9531661900934345,2.4202202327104096
0.007610140954134877,0.004527753400392375,-0.006364321319531566,0.0026859655527241913,1.1578647426990447,2.694588971678356,-2.2699728760317046,1.435563277441531
0.007247770545278688,0.004615206982601446,-0.0060580868569692576,0.0029953467015696876,1.0866640291742895,2.18115737810284,-2.1789619239199305,1.637740184747032
0.006591195652998498,0.005080553301272506,-0.005570460029137363,0.003795458266870566,1.1281124102935882,1.5851533011052577,-2.220629673918556,2.330410136819864
0.006922070588104821,0.004850464436981217,-0.005844042921977842,0.0034110152875693324,1.111626627964286,1.907119617130114,-2.2432249452932744,1.9984758210453373
0.006741101835027004,-0.005811600569010536,-0.006134641776907944,-0.004767839561922695,1.7653491770533363,2.8304995539914084,3.7235203187339514,4.062294383303629
0.00664972628660164,-0.005954091622613055,-0.006056374734268463,-0.0050114721056260005,1.835179322044913,2.7474241154439585,3.8372496347081873,4.446827290027832
0.006922345479431756,-0.005473973891744215,-0.006215923978990049,-0.004206170910086964,1.556299921545875,2.79597518231346,3.3063047514855843,3.211556149941852
0.006686855821690019,-0.00559286529448666,-0.005944610152349334,-0.004450823227609664,1.5347448561291464,2.360514462238371,3.158006252575287,3.431139176778903
0.009754189705423542,0.0034469934452645732,-0.006612614635891848,2.1655420290385633E-4,1.156514533740027,3.2935271874530128,-0.9774116512505108,-0.045050461622598466
0.009258401884021147,0.0035251160794365615,-0.006575491431784655,6.735763475342831E-4,1.1415896742826366,3.066008667061293,-1.1900243953103626,0.12051334013476049
0.010599099144978396,0.002938000660160885,-0.006175517742959673,-4.4980582156429756E-4,1.0023341726134227,2.858077525590835,-0.4852854723342494,-0.25356996460667836
0.010018900502482872,0.003030956528369662,-0.006294134732802039,-1.1196288818149892E-5,1.1169764477018207,2.770239944167385,-0.7122331477089734,-0.14679336984160038
0.008371436001256082,-0.004272235125839497,-0.006798508415884653,-0.00185625589197406,1.2812136581326738,3.5651692237369756,2.1183427418237737,0.8614204343733414
0.008593496643087067,-0.004086790785264112,-0.006773181928129715,-0.0015256834561106689,1.2350723137121011,3.503252057342954,1.8702239974107386,0.618579711512168
0.011039644020962686,-0.0031871363321535704,-0.006222648473946068,8.245819261697812E-4,1.116233584914812,3.2667348647465153,0.3384045655938909,-0.2988215908983886
0.010538849402276118,-0.0031751472720868046,-0.006347328479259512,4.2551322947707236E-4,1.1767845716875938,3.1701428544165493,0.5485689347262959,-0.23249829360012422
0.009723536597027018,-0.0033634773395998423,-0.0065261093730899075,-2.3694144230658034E-4,1.1289256440691864,3.142420100788163,0.9362139019094559,-0.04970421073224127
0.010074523028638184,-0.003038481330996132,-0.006294145218014994,6.656198621190851E-5,1.0711272632818523,2.8062216858355824,0.6822429920501212,-0.1541715697747946
0.009208157582950464,-0.0033194320364353467,-0.0063878921360769805,-6.520012271844553E-4,1.0013996472145905,2.69287006788544,1.0690276527131652,0.09198931250948876
0.008868823061171432,-0.0036753410908113857,-0.0065566279102862,-0.00105925378097027,1.0612249598099466,3.0114058811730806,1.4086509053645047,0.30388098125998103
0.008117212269045378,-0.004344024593443511,-0.0066693266565099555,-0.002137234743390972,1.233178309711856,3.2761026987265387,2.1908130319229975,1.0446211205502298
0.007261433033764583,-0.005003517019272152,-0.006341217639375063,-0.003427265069697714,1.354954956170416,2.820545759498859,2.7957348692302917,2.2106559491425495
0.007589524913448347,-0.004782491242768486,-0.006544301998408955,-0.0029667526223694715,1.3293635601604292,3.134725514982749,2.667491791899977,1.7755687016230137
0.007395754203256878,-0.004880138147087013,-0.006406734024614794,-0.003203880141060745,1.3277328106072304,2.8985127356879077,2.6964418310795133,1.9787544494604876
0.00780722281093146,-0.004399499455215553,-0.006447435049237691,-0.0024335721466093897,1.177550084073788,2.8417136325976036,2.1839888819207736,1.2306095662456498
0.007613700934161353,-0.004558108033483516,-0.006389318894223481,-0.002719986999321832,1.2023063800419909,2.7702737874669334,2.330283638951524,1.481337201889405
0.007078180643061611,-0.005044245278551582,-0.006147794237741534,-0.003570566210033162,1.2814173663658515,2.4706224503585594,2.6789721129873203,2.2981168338223887
0.006853271853369107,-0.005157257474720102,-0.005937876774783398,-0.003808438782387048,1.2706407686367045,2.1543134147000145,2.615202363945347,2.4945141783522033
0.0061900095656217445,-0.006526454818765012,-0.005415355703151101,-0.0059402078848752584,2.078184078444488,1.917428326964728,3.765371046445981,5.8639091113032435
0.006249443980966237,-0.006693441434347548,-0.00551098225971483,-0.006245533126107616,2.4473012677551846,2.0281680761795107,4.014336538619734,6.819350085330048
0.006078493752434677,-0.006645591093326199,-0.005220086275884223,-0.006103155194206526,2.0773915047249294,1.6769612445273927,3.6263942399889273,6.083284872652999
0.006147433031857422,-0.006812880963004881,-0.005307269766342015,-0.006419575008554179,2.5798504183631663,1.7785080448071007,3.854593416535312,7.070848768554103
0.006138920977394212,-0.0063531577339264195,-0.005322364486891447,-0.0056359558432105055,1.8383855088065808,1.7057930013758515,3.342520048415031,5.1571201534050255
0.006277785953731862,-0.0062772451429431615,-0.005540555773878311,-0.00553962920301783,1.8838688396234395,2.008554126416034,3.5740372531439575,5.1171025657007405
0.006500387839116571,-0.006013797219049243,-0.005838308970260365,-0.005120574866661829,1.7755156297542591,2.3823023037397735,3.6220119123975,4.510464744258666
0.006355990308671036,-0.006129433602856695,-0.005638239444364383,-0.005307458915216507,1.8097379754211744,2.103622584435509,3.506509834701955,4.725655803392534
0.0060492245102820915,-0.006935465283302503,-0.005099247437159949,-0.006586164852592588,2.7405339524283234,1.5400700172978878,3.680846151211472,7.316391122790178
0.005975284153350583,-0.006776412334685296,-0.005026393151519967,-0.006275957981723812,2.095650315252406,1.4546124831160656,3.4894845967027606,6.337160159787913
0.005954915005069572,-0.007061073770271074,-0.004896762192745972,-0.00673809109031041,2.5837028786375544,1.315644002888632,3.4954947939962344,7.544555833845664
0.005886510631955618,-0.00691207129219234,-0.00484247760909665,-0.006451542944427832,2.1655554707184375,1.2593931892323609,3.360836107497764,6.619384733418294
0.014410572767669334,0.025,0,0,-0.2982165711863308,0.10063383063552732,-0.20618030230104764,0.013296436790989798
-0.007082629414973032,0.014670098852003306,-0.006202368564108911,0.0038771256558937915,1.0840419868534015,5.202563059135945,-1.777930357271103,0.2355550379355529
-0.007240110735048852,0.014784153485253472,-0.006307649873503415,0.00363998140314857,1.0978249432953469,5.29585101582058,-1.583141978960741,0.10795340739533295
-0.007403657680010645,0.0148719321699603,-0.006430485468858848,0.003427302966212142,1.1290327668565878,5.438628149182191,-1.4207087120399213,0.01081371761094477
-0.007560374109542987,0.014941041362096945,-0.0065502624618701795,0.0032340712819126124,1.1613400655931871,5.589333373806061,-1.2735189598769692,-0.06632095505166519
-0.007708045405822862,0.01498812944363612,-0.006673619984882012,0.0030656304301294427,1.215424333540698,5.762651833462954,-1.1506329285837837,-0.1237436619774319
-0.008031391338324092,0.014936835786604395,-0.007133985261625539,0.0028444440541662906,1.4305164305212628,6.7221653874973555,-1.1013549819630029,-0.18054342013507244
-0.007879412739554456,0.015048556059874589,-0.006795103314800883,0.00285366425574734,1.2394361326029273,5.916795750474294,-0.9744448173454915,-0.19079629018760638
-0.00952952844693864,0.014977816440745884,-0.008292095116574682,7.877033625941667E-4,2.0983827905464643,8.821415061744746,1.0918168251350484,-0.146347998789741
-0.009373420771600327,0.014960584488801502,-0.008264433601583302,0.0010389026211697471,2.28235108908617,8.851987986145241,0.8106107449755139,-0.20454261601573773
-0.00944434247924451,0.015108611640713195,-0.007998904390880699,8.711435495570697E-4,1.7998231807499592,8.05099794810154,0.8120767246720364,-0.3016815709665233
-0.008949474454411065,0.015053504122170552,-0.007832067466875614,0.0016279894295420795,1.7048730584521683,7.923347886606757,0.001267167187203863,-0.38548833008526445
-0.009063168625695952,0.014911450597951643,-0.008182181474981646,0.0015589108978672423,2.138206864220882,8.85547084869365,0.23484971184777859,-0.2728503822286663
-0.009217916319918092,0.014938455742167744,-0.008228379717218166,0.0012934257343024766,2.3426921252978308,8.860964416197191,0.5243445015328461,-0.24712884593269124
-0.00927674862412782,0.015094582148397068,-0.007953116269629914,0.0011292792271809535,1.741219200638623,8.031766554283726,0.5328284770301073,-0.34748356738158354
-0.009112808554170801,0.015084290775042515,-0.007881834963869851,0.0013756873478467798,1.6983164215113085,7.946617451442118,0.2684010658344254,-0.37702199597417874
-0.008186492631063856,0.01498978886266102,-0.007230432048232355,0.0026270382317230574,1.448856230759784,6.848886295258633,-0.9017079926668145,-0.24261345911017784
-0.008371682826089523,0.01499794624451453,-0.007415549628419629,0.0024140313754410273,1.5419666416072826,7.199633019404014,-0.7332350235402418,-0.28788501684038353
-0.008506542115933678,0.015112681540332282,-0.007354503857731984,0.0021471902057824364,1.4609494253789281,6.912123495430163,-0.4284311132293574,-0.3286806879526887
-0.008660951951076617,0.015166853049112104,-0.007398240029712385,0.0019150624002842625,1.488576719638236,6.905645919814737,-0.20064621098995764,-0.3478703178331679
-0.008827201312298815,0.015195803873395523,-0.007477148497354982,0.0016859022360209486,1.5242830269259076,6.994348515191156,0.014183444934266225,-0.3544294964983971
-0.009593849270073052,0.015129811734173092,-0.008006867945812344,6.344622877557212E-4,1.8139512324316918,7.983289317518756,1.0528233741236728,-0.2511381551860939
-0.009686089839949742,0.014990136311907442,-0.008312681143712702,5.263372742430108E-4,2.141592060245094,8.766547662897805,1.3727384589119718,-0.06934050792195345
-0.006251130900931919,0.014318122325592151,-0.005248755517606764,0.00458739498924159,0.7833295194687442,3.8442809227668886,-1.9787497280502746,0.6168881905552616
-0.006042290523488543,0.014348832282862854,-0.004944735661535083,0.004549599606872389,0.6816530072714793,3.4009022872273293,-1.7917197037171018,0.5428559029032054
-0.006419569209217675,0.014488431528873661,-0.005396551344833903,0.00433121353497051,0.7952767638285766,3.973909295492177,-1.8038439861649243,0.42976856474653186
-0.006631826930088311,0.014645314470043639,-0.005591284628797926,0.004070103092948846,0.8479735172569535,4.179239077423246,-1.6542408741017944,0.2775877723229149
-0.006853619202886076,0.014777155888109097,-0.005789592440936498,0.0038219712037951136,0.8949911349937142,4.420129586883177,-1.5089461324528466,0.14530347710195293
-0.003989987268092553,0.012749366860141192,-0.0023530077852235254,0.0057091898605094605,0.32585939875661224,1.0229844233886924,-1.4388211066601537,1.3217635427882133
-0.003246835187514205,0.012254419684610154,-0.0015334799437707704,0.0056681688935968375,0.23323518095687046,0.5050747779678949,-1.090776189352205,1.257678412568288
-0.005326408912615218,0.013484725849574958,-0.004085372919242976,0.005581622743190143,0.6468427190944462,2.601997449591248,-2.2518506907768283,1.4277484339516155
-0.005696512764454849,0.013870108213015885,-0.004590189416237019,0.005174616688230362,0.705841762629734,3.106776687214671,-2.1719409420814206,1.0671521442393563
-0.0055710992185058865,0.013647397537753734,-0.004425913884042608,0.0054525197767166704,0.7043598546715174,2.9874113384953147,-2.336150450355306,1.3404838621805069
-0.005857233743741205,0.014258203015115439,-0.004729613142412578,0.004664193862826231,0.6377273399988278,3.1481600575516286,-1.7826163939764659,0.5983147533250964
-0.0056792839838766,0.01412472966781616,-0.004520136192805727,0.004824452511092567,0.5497178303253788,2.934737521403357,-1.815956432579199,0.6995891562021586
-0.004450269746506493,0.013235227403416771,-0.0030009274052458534,0.005459304143804173,0.41282393510306553,1.4679261208659646,-1.5661379840643348,1.1206991945947198
-0.004897244740302041,0.01351076765401699,-0.0035521292796005647,0.005360994181330765,0.4725063488793589,1.950707762015164,-1.7401081087955894,1.0625704021710802
0.003458824568082278,0.014304942068829329,0.0022527709421470746,0.004169819301486082,0.01621793983971292,0.9193632007222493,0.656401148797967,0.1171949663334505
0.0026578635730375747,0.012870029577980117,0.0013898869560358496,0.004991382870124656,0.04623542808660592,0.41293579738636726,0.7351980618464494,0.6359468882255034
0.002462403872861003,0.014327109475787279,0.0015005367660712219,0.003955578721511426,-0.11336210086741097,0.6083911339268882,0.4816270707528289,0.10534567076611759
0.010888695618976249,0.019144643224191717,0.00320075351809617,-2.8050303019148487E-4,0.08008605189321975,0.795329873967929,-0.6345294462467156,0.08061137051596436
0.012500943852501325,0.02193630378804113,0.0014315622842279456,-1.8026923093143719E-4,-0.08658650687988588,0.07171154930985313,-0.2915746268491566,0.105493974464187
0.007594739193441529,0.017756424320247575,0.003857699343779253,0.0011240895000936017,0.22748403713652607,1.9618713618224703,-0.3618675405949408,-0.2812697825842317
0.00858343462173797,0.019157423082357794,0.003109815778135553,4.220427629689676E-4,0.1471237065959588,1.1962904879545042,-0.4470257015425084,-0.1336759319507057
0.004248550945099909,0.015676554801348525,0.0027248571500709203,0.003165193831525335,0.018909992692576625,1.3147578139903902,0.41409431563173105,-0.2044026688324227
0.005733644632155869,0.01725299192936161,0.0031959681165106167,0.001926517949956101,0.10198045362207299,1.7308000394588046,-0.002290439606339971,-0.3447626565168746
0.0030637398463963118,0.010093417956390238,6.839632415220458E-5,0.0063685060616912445,0.6993697739043407,-0.07946334557800072,0.8254933722515434,2.5248441769762633
0.002992953740036912,0.010812273468651101,5.843027290219457E-4,0.00620784988476574,0.567888084500824,0.07671645050542719,0.9419852663478023,2.0941434596374564
0.002543579920507062,0.011615438150778307,8.654088074469673E-4,0.005622775490123904,0.2464604504294262,0.18142869338064002,0.8296949848144984,1.3240200782832046
0.002646823652327138,0.009579183409823241,-2.6828262267797635E-4,0.006072379520814442,0.6467519396063287,-0.1978985707812315,0.6116754517323303,2.4262149836493125
-0.0036367527251195924,0.00981225324550296,1.8454298012914302E-4,0.0068440045886065445,0.9615693868319954,-0.12588561872620618,-0.8956132878820515,3.468720328253792
-0.0035547745822015983,0.009215471242002723,7.317231348294497E-4,0.006665547413941206,1.0237588997414562,-0.2504928447661683,-0.5822345419767689,3.4750522960996832
0.0011506732870614157,0.012080673836580458,4.526985106754638E-4,0.0049101167520860045,-0.018703153694521645,-0.011506980375319388,0.35072689652639016,0.8075642067115457
-0.002271039874226408,0.011355822130096975,-6.464178145992634E-4,0.0055946030327900225,0.2478905189665457,0.06124787210530385,-0.7339368972578788,1.3148044726100145
-0.0027748541719658766,0.01020955286468981,-1.4922497034755152E-4,0.006158923762097759,0.6482233044265331,-0.08455268577624654,-0.7833263532211747,2.2021544086216185
-0.005704711645753884,0.006887677024648111,0.004560115497203973,0.006305428646471015,1.9922359045231082,0.9110224161362396,2.8226841115657675,6.034173022528858
-0.006355156589749449,0.006577264761224861,0.005704685221423961,0.006069097179679519,2.3711366259705278,2.2946675281777003,4.159968189368205,6.548815781217084
-0.006194987907159792,0.006537179270330516,0.005423300917076482,0.005958369654707315,2.0745065808918732,1.925505330955545,3.785165948395715,5.924162258868853
-0.006464466094067262,0.006464466094067266,0.005891907303560782,0.005887672267000055,2.349265520914312,2.560034398830842,4.283364034963048,6.281601842556152
-0.0063070083074089475,0.0064281281283032655,0.0056101542603023,0.005799623796849333,2.0927450372042924,2.172712777831419,3.914770063585323,5.716906949460504
-0.0058082619017248765,0.0067422472999780925,0.004762831957368401,0.006134407527311202,1.9349677156929792,1.0959526533639155,2.9660688101200043,5.80710649662963
-0.0059495119420742305,0.006652180419289672,0.005002857470219094,0.006057561992765252,1.98984787364988,1.3698606060380418,3.2466042227042484,5.828711192282122
-0.006014661310224686,0.006498253165543606,0.005122843272981147,0.00583490505167392,1.902253909876632,1.474614684595928,3.228209602512006,5.4292055019888155
-0.00521278533040337,0.007364044464704116,0.0036298561068902236,0.006639896352916772,1.8843853997996103,0.1865605020781579,1.8075371316705728,5.965627023612897
-0.005316399640918046,0.0071223855118407765,0.0039051197631010622,0.00639742547683636,1.8088452182618944,0.3389774211079432,1.9957479691185236,5.632982503282322
-0.005482169293554392,0.006927947213143196,0.0042193714978809894,0.006233264986446615,1.8135473837955693,0.5642635426211989,2.288385814464514,5.542272484565293
-0.0037425461265500493,0.008731392994164365,0.0012236797299362697,0.00663207319900326,1.150410708954034,-0.32274834089159926,-0.31537981840564955,3.764646013611401
-0.004571035081409575,0.008063106869806626,0.0023839782011422033,0.006868534216474134,1.6105232604951565,-0.28744752750502883,0.5532202308584449,5.250058840189417
-0.004677638678758721,0.007814763043008464,0.002694985649897855,0.006722604501381616,1.619642837835997,-0.22624492051019596,0.7975087837292799,5.196883850456502
-0.004804439953553664,0.007586420887664059,0.002999123648258325,0.0065874661272099025,1.6235947302752631,-0.13578346571392316,1.055302221242303,5.175927090260786
-0.004249530212597525,0.008080902575690161,0.002094493596413879,0.006618886457542148,1.4013991295478139,-0.33806787518391573,0.25827282433787474,4.481026915892376
-0.0038890582673574967,0.008257168990711597,0.0016951277638104201,0.0064694571888267525,1.1979363040014703,-0.3484254672541415,-0.03760966015762391,3.825685433543988
-0.004905888605994059,0.0073360844909676395,0.0032758609195328733,0.0063828959853337724,1.6121065729310124,-0.038857851234304804,1.256271470751958,4.9767062122577235
0.004291981335038836,0.006232502963198668,-0.0030192909931148447,0.004911179801084152,0.9596074826493709,-0.20786628713877747,-0.6271255041169187,2.6177923001902963
0.0050994015997205015,0.005438058086670308,-0.00391990935749702,0.004270217743907671,0.859622405130141,0.10526581848004184,-1.03513370651309,2.245160937643489
0.004890764146466655,0.00582581504592644,-0.003694365047312922,0.004654142412360095,0.9521911536454093,0.018217217151513268,-0.9918832075263665,2.561397825207262
0.004451727267594506,0.005877219277779892,-0.0032348579051566734,0.004599570391867939,0.8375856133609145,-0.1558901940586427,-0.6992292941996914,2.3945317282690435
0.003341276487136193,0.008691629380271841,-0.001062774761701025,0.006294231002888534,0.9795195767022682,-0.31428769093829745,0.3651268999857349,3.127610163340644
0.0028103365707656605,0.009148533916681216,-5.731458118102732E-4,0.006087839014882847,0.7451735577851232,-0.25194176487294057,0.5172210618031882,2.6329713929495795
0.003219779536130181,0.008060763268554691,-0.0014115662632173686,0.005891377273480281,0.9028337335409088,-0.3527393128470197,0.16555312595730853,2.9056920760033713
0.003931090661662646,0.006502651847421349,-0.0026194873792187903,0.005037953890544983,0.8915524091551426,-0.29201280158594795,-0.4158686965695642,2.603391970697119
0.0035714670145090676,0.006963952350725996,-0.0021675388741969376,0.005290850744674475,0.9058510356346975,-0.34388443373353944,-0.20059195257368034,2.6775354469261736
0.0033268258095244907,0.007543428058593106,-0.0017351717636603008,0.005617462282357916,0.9288164575132042,-0.35922562676289876,-9.893323514149398E-4,2.792430105884121
-0.006767411014895819,-0.00597009014471057,0.0062613321752921095,-0.005019265894126039,1.9118843215273553,3.1648702996878675,-4.165927955801671,4.571433438742274
-0.006935465283302503,-0.0060492245102820915,0.006580790550783301,-0.005106084260470814,2.366428775295838,3.6741979363656507,-4.605301379384472,5.1545029910111575
-0.0068971159555120684,-0.005867865085280278,0.006419371652368412,-0.004817308945697389,1.907754084382866,3.4362561770761064,-4.201974083567669,4.299359560135623
-0.007061073770271074,-0.005954915005069572,0.006740242379201244,-0.004893671440876652,2.2967057958715476,3.9693284504843533,-4.645525403105542,4.864858610712399
0.014755282782341356,-0.008454915646326116,-0.0025678802086303624,0.007923722358570015,2.589471504597368,2.24393129101031,-4.431110272462832,7.519912690121931
0.014877908551680537,-0.008327493505437836,-0.002594064864327351,0.007570692951574204,2.256503132143607,1.9574147328691909,-4.089509475299855,6.757500605246498
0.014801469324203573,-0.008605047553236283,-0.0023214071791587175,0.00799949958712414,2.6293490992694464,1.9744695229983156,-4.254938437328705,7.7797127307282175
0.014915870914107319,-0.008475968352719595,-0.002374496885433896,0.007665326985553494,2.2698254821306283,1.7334601028528578,-3.9594809626842777,7.031899125600353
0.014842921746160493,-0.008756573701192634,-0.0020799229780085068,0.008065615790697917,2.8897573860694776,1.7149922213217572,-4.060502000912732,8.025235250065464
0.01496019926753249,-0.008646293501339745,-0.00211496744357635,0.00775429256933391,2.2490955260187317,1.471865822909237,-3.7762752558024313,7.317421613231908
0.014879595159429932,-0.008909334570059206,-0.001818407010973134,0.008128422559060365,2.6855299846502514,1.46069786178873,-3.8463263181683325,8.263208619028024
0.01501675269142953,-0.008802385839131139,-0.001857707617439971,0.007786876265216728,2.1880166680753086,1.2127941012279526,-3.5449109770470657,7.469248467673558
0.015,-0.01,8.37471183079578E-6,0.008329362147774489,2.5178475333458312,0.15014833883871298,-2.0280332028910966,9.508810293589528
0.015142615935866627,-0.009919718081769509,-1.2491565762951242E-4,0.00803904220577373,2.2398532578141825,0.010206976459638403,-1.8968308952520871,8.692527470979195
0.01499753324023817,-0.009842960155646504,-2.505674940993842E-4,0.008325526322490463,2.4229658640785625,0.2818722900353381,-2.3129317805069314,9.380018243254334
0.014911450597951648,-0.00906316862569595,-0.0015560851148583596,0.008182693954140114,2.5792899521979793,1.22348513784363,-3.6214133963414015,8.491808218192554
0.015054981567286074,-0.008966008512843964,-0.0016032901669757339,0.00783969263171253,2.2040516623820214,0.98576811729889,-3.328381653357925,7.673877786543258
0.014938455742167742,-0.009217916319918088,-0.001296830144322589,0.008227854111034622,2.532925277956093,1.003870299298146,-3.38466615729082,8.705159792317941
0.015078351764348097,-0.0091272686614436,-0.0013579006648205645,0.007900808583043957,2.2263355336330997,0.7890158467199635,-3.1213346803133746,7.899813264489652
0.0149605844888015,-0.009373420771600324,-0.0010451110169214103,0.00826366510324208,2.685159824636123,0.8024059377976412,-3.1368184550800113,8.897251108107717
0.015093240537319782,-0.009284763935373683,-0.0011174329572175674,0.007959073319785737,2.237860216144433,0.6125821216258931,-2.91183942206353,8.12483968137633
0.015155112383281242,-0.009768718426746757,-3.581936245523856E-4,0.007996800973656466,2.184894119134206,0.11731532179761993,-2.1255877482021615,8.493263619241525
0.014990136311907444,-0.009686089839949744,-5.226882859274753E-4,0.008312843389676755,2.64096323716684,0.4382560691364443,-2.5969973931578814,9.229438123338486
0.01514430006615867,-0.009603344997922697,-6.143034937660733E-4,0.007982583563098408,2.14599662017968,0.2635757188837125,-2.3926231728786793,8.361316089287877
0.014977816440745884,-0.009529528446938641,-7.918074197025632E-4,0.008291703699874475,2.8235617174035412,0.6140136741177257,-2.874265820493244,9.068012321177317
0.015114628855344953,-0.009440996363404572,-8.729039439803545E-4,0.00798752802700988,2.1906733235809255,0.4370593848543484,-2.669013057928618,8.281700954986158
0.015022569634313554,-0.008198006779280157,-0.002573053466928146,0.007183298545366289,2.011395636696637,1.928495360334488,-3.7332892019191193,5.751170019002472
0.015174118981249974,-0.0080475318130242,-0.0025539266558277977,0.006791692638215665,1.7765629539762937,1.8625832200308727,-3.358726962506195,4.772404216798972
0.015082349384431717,-0.007860871114813137,-0.002817661895792877,0.00671363747351928,1.8124955930769804,2.141505486002433,-3.4970826757691036,4.57583526098939
0.014951669640942992,-0.007661957171660619,-0.0031337353746152133,0.006646265271832528,1.88265289655226,2.4980483679057515,-3.6812187647159256,4.417088729491419
0.014861235755319833,-0.007414721364139516,-0.003420174245452137,0.006436517073066168,1.8795821508553245,2.809162713184214,-3.6857230043443283,3.963629973290008
0.021374299910287255,0.01285135574838991,3.073286597016685E-4,-0.0016453575279020082,0.2154472241092906,-0.15003249392340523,0.1962421211136294,0.3974590118818479
0.019476265928286114,0.011129151418407611,3.4805419788079333E-4,-0.002958497564396779,0.22392019155773682,-0.14396182021920353,0.3562804557927088,0.7722441811330648
0.01769562821319336,0.008843209131693553,-5.820518817920458E-4,-0.004312569458679991,0.44726753401224056,0.2225903467916073,0.9450349598621975,1.3214669571692552
0.019076021608861977,0.009350359214080717,-1.8233804486462215E-4,-0.0032586065257915824,0.3218917127913587,0.05452664530123465,0.5606123341073888,0.7175042564282033
0.01586749354373825,0.006902995437605929,-0.0025451142980968526,-0.004897522547228987,0.9738451349650912,1.5611425403698416,1.8621086999866685,1.502939520108651
0.017063355903879182,0.007547923614125888,-0.0014780758665315144,-0.0043261343223453185,0.615137051906781,0.6932892263451165,1.20703356819126,1.1308413784618063
0.014406895099221573,0.004821268051338804,-0.004344727318976852,-0.0034707472423104566,1.1069495870130555,2.854610618839032,1.3068257137305739,0.18564987897160104
0.013271106340589554,0.003980630666448598,-0.005200756617701839,-0.0025587063944405753,1.1931364344171838,3.299214080138305,0.7486693087795855,-0.1982766294319931
0.01381233890477916,0.004490887999152244,-0.004878359782471277,-0.003119854492899145,1.3335941160988904,3.2728263620038773,1.123938643310324,0.005338689937982006
0.015641226204125135,0.005694402837155439,-0.003078823749768205,-0.003942056371385275,0.7776655739473115,1.823185832073317,1.3950175123781963,0.562929661539396
0.015127768129433138,0.004772500435791455,-0.0036575443314505658,-0.0032566599973825397,0.9477035338837304,2.1022969935113887,1.092636673848724,0.1639484238173005
0.013291087406044805,0.0030683757000326464,-0.004857052308773559,-0.0017996835059378086,0.9494810834660159,2.3872367640354586,0.2822183950526824,-0.325301657222621
0.011425530921380822,0.0024145808768445283,-0.005607635302696755,-7.334777641354741E-4,0.9725309338460184,2.22976079218437,-0.21263935497653505,-0.3141813790330707
0.012934939641703603,0.002021384653683909,-0.004758380163426531,-0.001054023251557962,0.8307807395379264,1.9985294499080972,0.03524661405613234,-0.33836223264507065
0.013524021613392667,-0.004810494085820375,-0.0052856171990193004,0.003420969286506793,1.5506072079105004,4.0426603191497525,-1.4775478779201068,0.14802464637013935
0.013194210522318325,-0.004478574062823812,-0.00550023743163995,0.0029836745304503347,1.533322233062638,4.057228345845665,-1.1312389145515445,-0.05918700537555787
0.012918623704755872,-0.004211591378003901,-0.0056332296156027285,0.002632900573122597,1.4506772049227035,4.000357188734852,-0.8599615135685285,-0.18274514215526091
0.013500695068023837,-0.004556385807274288,-0.005210211567835017,0.003142275463950629,1.3957224073083596,3.7612530346921167,-1.214411349988368,0.011648442809894417
0.011806197507779007,-0.002894844020967825,-0.005704531804676388,0.0011078924883130747,1.159497595776284,2.745930889570897,0.11230529583694374,-0.3295340576329476
0.012367167734128277,-0.003574653120842887,-0.005739151302933078,0.0018271749914964884,1.3231467500361214,3.495192596950766,-0.28712251101639175,-0.32037027805818763
0.012887566989810237,-0.003797678966668068,-0.005445293883541499,0.002246635495378543,1.2674898237174081,3.408133434844662,-0.5504626592539086,-0.2618366931639265
0.013680038981257088,-0.005234445857233375,-0.005245059955610973,0.003952380470380587,1.6653804219974078,4.361592756007545,-2.044079335954232,0.5443807787155338
0.013720703561777866,-0.004965360490042233,-0.005105368730553226,0.0036228585571045266,1.4790188127773303,3.911672415079187,-1.6107772940049148,0.26217524429888556
0.013848183484888829,-0.005461055026156584,-0.005098670854736808,0.00425130761222857,1.659842467851707,4.306590756913029,-2.3011210958762525,0.7938137144863636
0.013903309486936582,-0.005690468010671255,-0.005089405142513689,0.004553977077586126,1.8162388186871563,4.5111002627997605,-2.6449989135622753,1.091691725415514
0.014044224415668348,-0.005844240996099798,-0.004916174747174831,0.00474398977066793,1.7592001685971932,4.343637126561884,-2.772942011504322,1.2904790568581144
0.014104321601088723,-0.00606692925169483,-0.004863040802996628,0.005046196147235685,1.8911216988331438,4.418450412885174,-3.1031509569340767,1.675166411175504
0.014289516718222602,-0.006579665632115628,-0.004581536253820312,0.005732349041316605,2.0483921203208424,4.253029964390908,-3.7299422572742187,2.682485058152484
0.01425332025409598,-0.006207849034493981,-0.004654059471779951,0.005196580940285168,1.822733368137991,4.153792525550586,-3.154095838840828,1.8638837978570526
0.014333808210671931,-0.00638802898996888,-0.004532612387699786,0.0054157627670989505,1.872903336300864,4.067608697341594,-3.334310605329273,2.173777074052574
0.014705752046994931,-0.007213431273264223,-0.00374911297573756,0.006330808999243016,1.948855893797651,3.2235414782498895,-3.8254667061696455,3.7490633195997165
0.014431214712459495,-0.006766014189741802,-0.0043289826264508785,0.005917976847052994,2.0243058140419943,3.927645343180349,-3.775775961077773,2.9900496104401233
0.014610931538092302,-0.00695284682236311,-0.0040014655900178905,0.0060478043096174085,1.9153017544159148,3.489804551853315,-3.690486360561557,3.2068229873645833
0.025,0.010729293840437144,0,0,0.21297647823679108,1.068621595039921E-4,0.25960732885199933,0.18610033840034176
-0.006588773286029782,-0.005895301331631589,0.005934116358389442,-0.004924260609093626,1.7513135318199275,2.505890702084502,-3.5830824589394097,4.214814674922253
-0.0064790719360449354,-0.006027417203022423,0.005807899897315976,-0.0051435649268827795,1.8014316969701338,2.350210600055228,-3.6064022928020836,4.527868530467977
-0.0064002176314213845,-0.006150974190448727,0.0057157471790724385,-0.005343528053614633,1.8595271182703073,2.2499680088289864,-3.6579611810499673,4.848039873987706
-0.00624944398096624,-0.006693441434347547,0.005511806794559051,-0.006244923214172283,2.3541125587643785,2.0273093117576853,-4.017928783564664,6.8281771065347625
-0.006201059120781391,-0.006545971615279193,0.005433826819081671,-0.005976355019774442,2.106720195322413,1.9496582663742539,-3.8165911065485525,5.977575782949972
-0.0062395656333287365,-0.00622402325886059,0.005467933877555279,-0.0054449571956965625,1.8072020792441046,1.8768540497299944,-3.38683403795049,4.875508792816308
-0.0061588818750495135,-0.006392216444399923,0.00535633928863897,-0.005703551925128249,1.9072889381872244,1.7780395993435234,-3.456796603796504,5.319628062800108
0.0077447268984325275,0.0041427549042641326,-0.006196765490900158,0.002246617995826442,0.9940031603684357,2.313109554271174,-1.8220552229949292,0.9982043015872663
0.008032589919520055,0.003794396866408484,-0.006165386094953787,0.0017940301137561957,0.958227844101733,2.1923982827969586,-1.523924224154393,0.6623609110804788
0.008455316818957637,0.0036198808418097766,-0.0063044482272479425,0.0013688187141668048,0.9356712134462365,2.428715547561662,-1.3964381314201124,0.43573756484345283
0.008750788799412176,0.0032033570060670384,-0.006142354906683662,9.532394864300886E-4,0.8677172574888127,2.101893228529575,-1.057784844760038,0.19226818421277145
0.005472194411391287,0.005166930628990695,-0.0042954277597749965,0.004005055467446789,0.8470031913220107,0.3106205297618168,-1.2082845943657883,2.094571542772272
0.005819901436770531,0.004954569441159708,-0.004631936010085778,0.0037658512005353216,0.8489455640873133,0.5360450914273375,-1.3597770382567342,1.9553328417030966
0.006164852062534859,0.004766930163243307,-0.004953956089726162,0.003524482151420011,0.8791324084269084,0.7998136435327212,-1.499638395843675,1.8044943885554423
0.007304863862213519,0.0041737952357813555,-0.005831348183468206,0.0025262239035700415,0.8741986537671499,1.7311260382885922,-1.679538550785206,1.134789683003212
0.006893915697684272,0.004352236408142438,-0.005539958425245669,0.002890286833578525,0.8650631270076877,1.3796784431269418,-1.6407748856256996,1.3616129728302615
0.006504360182536294,0.004555946895742318,-0.005236882868675966,0.0032244030380149855,0.8334326496076746,1.0542187446078877,-1.5731879387551173,1.5914469072155428
0.006509827938459033,-0.00579563823705648,-0.005772166032022435,-0.004781308718243254,1.6006847189465034,2.1591846887009223,3.2131542944455553,3.8631776282271773
0.0066350907312286425,-0.0053007947580727644,-0.005732072716657794,-0.0040616499654774355,1.2832771496991686,1.8774001257514457,2.5679595774211417,2.7312022461406715
0.006432766198297537,-0.005473886279627506,-0.005538170936068141,-0.004335474809736041,1.3115671273272946,1.652836091341287,2.5413839065041066,3.005803133967674
0.00937837808796402,0.002817293205556005,-0.006078543581888376,3.947794764039324E-4,0.8447792525391733,2.089980321997967,-0.763977511320273,-0.04337836869112212
0.010143328477422138,0.00219737437975254,-0.005790781838636852,-6.409897540657533E-5,0.8360137677751064,1.8243856570405776,-0.42370473787833257,-0.20751434313728992
0.008197074941097083,-0.003985306220907954,-0.006428666930863756,-0.0018000113843988166,1.0545044199055627,2.7355648066708596,1.742658283046923,0.719808436297015
0.00841083640764762,-0.0036687168720083508,-0.006318510502960348,-0.0014386100746411406,0.9979511778651053,2.494312550882763,1.4389161309801906,0.4670893534515373
0.010645780155426941,-0.002350556042175724,-0.005794391363439135,3.5794618204343094E-4,0.9081873689851305,2.1029033491105626,0.3856450310541736,-0.24043945921313842
0.009661309241673193,-0.0026335143733280404,-0.006009107548802825,-1.9751938822536644E-4,0.8415383047159871,2.016719629139963,0.6484456999144065,-0.0941219196919567
0.010446022177416104,0.0010640388217246608,-0.005367080174069085,-1.1317562425107963E-4,0.7450348892967313,1.3348861928397866,-0.18855107450367184,-0.2372486781207337
0.008951826695167706,-0.0026440180940172624,-0.005874638210696479,-6.365629014386334E-4,0.8104371194293657,1.6493028803533918,0.7419215211360154,0.03700475464546473
0.008502740047170552,-0.0031007167732332456,-0.0059634073231431915,-0.0010724057015179293,0.7984947693299651,1.7807236234306048,0.9983642004348009,0.23260500347012175
0.0078011397139601405,-0.004040372395936694,-0.006169839833865168,-0.0021264592896828127,0.9632393337846888,2.2715524303583994,1.7298479022257356,0.8974129447973954
0.00715188268584699,-0.004783333406128281,-0.0060618284960670754,-0.0032311984480230343,1.1746465249144926,2.2581894386389343,2.3567680602605487,1.887708800645038
0.007370558011426279,-0.004583843695691654,-0.006164996629538142,-0.0028961966735684005,1.1013785846638646,2.372484026449816,2.2326925130240407,1.5828313617908802
0.007480426778219021,-0.004241762811823395,-0.0060284423352736085,-0.002505829512039476,1.0053622314784854,2.0715220805604377,1.8351939079877686,1.1628253207081773
0.006853895958296602,-0.004821216102027647,-0.005751394966436986,-0.003402467395338863,1.070588624447087,1.7978709164958653,2.1658233298184464,1.9604389034384921
0.006580697217522107,-0.004964411134058661,-0.005506681545639512,-0.0036579128794921242,1.0404758511820853,1.4869888830876068,2.082737848738233,2.152551458287105
0.006013285467851104,-0.0064648002064164175,-0.005122558546040414,-0.00578058796211599,1.8636920641310388,1.4670470126894557,3.1821613834274807,5.307576027691474
0.005895176612555174,-0.006599271931363208,-0.00492471833752398,-0.005949441255709602,1.8889230332285931,1.254132656365497,3.045159808639564,5.517543593115023
0.005954641786730604,-0.006263781169197377,-0.005029822561890653,-0.005453027284364997,1.6535414232921626,1.2655176397128283,2.775346493959299,4.557704615527201
0.0061275959312772875,-0.006136561950761482,-0.005280864935160288,-0.005293916968512813,1.655983417987102,1.5529482048528531,2.9824668828133722,4.441439990670972
0.006291060576830304,-0.005921814999006364,-0.0054856822315494875,-0.004981519743469853,1.578336716195083,1.7614075564162317,2.9978074928287217,4.02204875746457
0.005864596707708679,-0.007189583730102231,-0.004685647835315732,-0.006886438263962275,2.5093055769454478,1.103179317613154,3.294960657715109,7.753880156842041
0.0057852181429745905,-0.007047352343796883,-0.004626874343074595,-0.006605503321058254,2.2205281324856063,1.0392758860502698,3.1724044998925565,6.8284756346125315
0.005794243633658091,-0.0067527445285317554,-0.004737036505917187,-0.006144077936739946,1.9464743491595586,1.077601860313564,2.945218715406495,5.802524833703178
0.005742457877493023,-0.006905873985015781,-0.004611500141019445,-0.00635387059777485,2.031550012814326,0.9812847998760994,2.9398937699428553,6.193794939426634
0.005691420901002461,-0.007168008124915547,-0.004421861199313744,-0.006728424220668006,2.198834124468551,0.8474498588436493,2.9805241620215743,6.967158770331399
0.005778358980093877,-0.007320868219171371,-0.004457543248447824,-0.007036287446246406,2.8478322752693743,0.8993676580312727,3.0745749952905626,7.957683591497499
0.005696288158021204,-0.00745479580756053,-0.004241916036076556,-0.007168393241991286,2.627796407933352,0.7133673785942043,2.8475278661570744,8.140434778271453
0.005614944711517626,-0.007313981114723412,-0.004219703036882256,-0.006890627459764675,2.2588332499006563,0.6787872941643586,2.8079349184256484,7.225708980535765
0.005544967222482056,-0.007730047808600203,-0.0037783014735337877,-0.007423146408752382,2.843099221041133,0.38422173643216734,2.3536595602768293,8.458471451285883
0.005618465515670953,-0.007591233601480755,-0.004013538171332746,-0.007298636161257093,2.7013601873550726,0.5409837592503094,2.6062447642607154,8.306353556907819
0.005444530354010702,-0.007597959635465994,-0.0037664407618657855,-0.007146518141291711,2.281884175016891,0.3413968742268478,2.3582171617215413,7.522144661497243
0.005521462755679459,-0.007461850897905801,-0.003981095299355547,-0.0070265043261351365,2.28113388029113,0.4892052788109967,2.5692617010834033,7.383910032209797
0.010729293840437248,0.025,0,0,-0.061788883595701484,0.19447973946310693,-0.27632617490591266,0.015001258936660279
-0.009753948577697156,0.015144918897708642,-0.00801339761427289,3.832600979204488E-4,1.808772387330295,7.91230043130522,1.3058203939116326,-0.1805454807330684
-0.009842960155646504,0.01499753324023817,-0.008325221216377555,2.608674509579938E-4,2.223457275100997,8.694793821450364,1.651408537328864,0.026658939071293516
-0.009917735745480964,0.015149687812941908,-0.008023372468148438,1.2866634839795756E-4,1.7992847697453904,7.851024955060427,1.5628352628200977,-0.08971180887084151
-0.01,0.015,-0.008329422826448232,-6.729168033494571E-6,2.41323577592896,8.610162569375477,1.9283028824066133,0.14179323111630113
-0.010077397853049593,0.015137423733162923,-0.008048869483510008,-1.2105370350919694E-4,1.8507957553844687,7.836275390213939,1.821432722134545,0.021324097230829116
-0.010157039844353498,0.01499753324023817,-0.0083254767625093,-2.5831506198557966E-4,2.187502695458306,8.508928753433961,2.193972682131695,0.26963702308103277
-0.010313910160050264,0.014990136311907444,-0.008313517364351765,-5.139460696469373E-4,2.0923806655227764,8.384766379593016,2.449270012487373,0.4120818580268144
-0.010242334940995287,0.015137137723703967,-0.008030802235133293,-3.7882699734877694E-4,1.8874794914205453,7.709437071012588,2.0677908770244673,0.14427292655265386
-0.01040014881822172,0.01514124636535592,-0.007988125077245037,-6.218031748453662E-4,1.8604064671589675,7.531382948202939,2.2809827566154692,0.26821150661947163
-0.010470471553061363,0.014977816440745884,-0.008292675767175255,-7.802068477504412E-4,2.2153569990837387,8.239740089101343,2.6984028650447165,0.5744054677194234
-0.007039234027748733,0.014907147094025254,-0.005920810451369854,0.003575774348201543,0.911468403084278,4.5486552085398175,-1.3328818827038267,0.026250054794250816
-0.007229294028116687,0.015008951460630632,-0.006062149666433889,0.003354434224792053,0.9578379535935565,4.705527955577044,-1.1860764553692589,-0.06117670249680198
-0.007408286144864061,0.015080738517176276,-0.0062016518557386656,0.0031635245198041177,0.9890827011881428,4.8849667367089,-1.0619214572545665,-0.12685214290352406
-0.0075589028855668474,0.01514331044625174,-0.0063068463942501886,0.002991688983139646,1.015608796612189,5.017510216909094,-0.9418814446896272,-0.17960268598610718
-0.007738555075381701,0.015138099488985327,-0.006515779278634198,0.0028672118389120134,1.0923311709195846,5.361494701992076,-0.8931204958613177,-0.20556370193671497
-0.008055942516832454,0.015129540552519298,-0.006876322900119796,0.0026040089290779067,1.2626574345025523,5.966833815591818,-0.7459309939490423,-0.25650855463804145
-0.007871721407681843,0.015224130863912146,-0.006550650651319547,0.0026662512281310303,1.1091698172720528,5.350295476414494,-0.7263008045299789,-0.2530376433976303
-0.009361634306098878,0.015220088961979088,-0.007742789663322524,9.475323084501819E-4,1.6367098405893816,7.376432232547804,0.7288361154747688,-0.29690924603956137
-0.009493605886487578,0.015263997968734495,-0.007707963118888863,7.413837455691225E-4,1.6118067219675354,7.1992022132156395,0.9296703348998338,-0.2483818623612181
-0.009013586116251674,0.01523916830186623,-0.0075244652773598245,0.0014163730728952299,1.5289276635536824,6.985879896999575,0.2796375567781451,-0.34453594971105034
-0.009197473624972205,0.015277467131723942,-0.007557425486122009,0.0011492454504743318,1.549010284578044,6.958928080843186,0.5356649746949339,-0.3179490251563288
-0.008280764775543945,0.015222048978303888,-0.006965935773704317,0.002290814758634453,1.2702357674043612,6.023045636011404,-0.46675377175402166,-0.314038534363767
-0.008505455770004174,0.015325254379586626,-0.007007217453137892,0.0019616331502557757,1.2712304482557883,5.97650987106008,-0.1712337568641531,-0.3445230401042582
-0.008701125563008486,0.015370744008704912,-0.007085862372944119,0.0017091660401897576,1.3028094595702668,6.05054498862788,0.04736232182649106,-0.35020640560014327
-0.008885566379248401,0.015354179390735186,-0.007239300632750631,0.001504645623475301,1.3718966327016988,6.322683302954501,0.21982105664955362,-0.3444395137523088
-0.009655580390120688,0.015293389145228896,-0.0076960252862743475,5.000952496932368E-4,1.6133179844948724,7.07898433695629,1.157115378524269,-0.18124144646327658
-0.006148146321501841,0.01458130733195952,-0.004979556215431123,0.004234208310740541,0.6655744627873822,3.334467352221147,-1.5232744451503366,0.3167614699771098
-0.005883472317414608,0.014486516096933985,-0.00468542083610183,0.004377555773571313,0.541609593875529,3.0019942116447873,-1.517119991805342,0.3799816931500805
-0.006326007673662305,0.014821447295093746,-0.0050738569688338194,0.0039028786582288454,0.631503183771208,3.3855518056437757,-1.3022160017377111,0.13343030354587473
-0.006811687499343182,0.015020649605615005,-0.005537033360345152,0.003522382699393542,0.7767315647913708,3.915878208367336,-1.1542939734397595,-0.015378073487101513
-0.006621403865099896,0.014904650687894302,-0.005387081026718498,0.003734239143064245,0.6772155993553493,3.767539038485038,-1.273077185043574,0.06816173236192619
-0.003558737907266289,0.01328670477437536,-0.002183953526077599,0.0050383843290755966,0.11061393411782343,0.8484200722823304,-1.0324241912334016,0.6883773109670909
-0.002287421138667647,0.013109833352772788,-0.001220983938150866,0.004727988377158973,-0.03433121707695829,0.3541666356309472,-0.599565860729936,0.45921344077769316
-6.871953895836089E-4,0.01271883166702626,-2.950566869621032E-4,0.004568541988210444,-0.07879755779561072,0.05115509668371778,-0.18197538546164774,0.4972133891829172
-0.005260397220431527,0.01397136613144018,-0.0039995080119460125,0.004942829855276114,0.4143658806896977,2.3205789849378573,-1.6285197534297464,0.707812319336046
-0.0055509870625239256,0.014445655631746171,-0.004295830744876289,0.004400310270757307,0.5145169177196055,2.5225331530688826,-1.3648234990527548,0.3615133581819648
-0.004394359781245816,0.01391869618254868,-0.0030546904293568843,0.004735007697574373,0.25028311763943684,1.4450105435023952,-1.1466996680616932,0.4866858474146519
0.002480749586892663,0.01563496320001606,0.0014797792607381002,0.0030634345407993518,-0.13710884583938174,0.8147944736265574,0.253383482857719,-0.2004759338280905
9.041658411174498E-4,0.014257391732190091,5.106648589424911E-4,0.0037654431537120707,-0.22215496253611858,0.29025424676194017,0.14995293990785527,-0.021584944742019413
0.00873907982383047,0.021624213258353432,0.0017174777336295772,1.30003915548715E-4,0.008419107451186207,0.3419651093416665,-0.2497100455749142,-0.0884585797587787
0.006610484818756423,0.01949013510788292,0.002443284677982161,7.612272853848404E-4,0.040374012000183125,1.188163817544324,-0.25382838697743826,-0.23794966802598946
0.0033753838455800166,0.01725000012006321,0.0017749034825662402,0.0021049205165762502,-0.04236689265943936,1.2102134145121701,0.0908563211874706,-0.30846349163557535
0.004682075036089655,0.018823382384265615,0.0020068298495246133,0.0012502739078943859,0.02970264053261452,1.281278928338286,-0.09317538085264727,-0.280076139767785
-0.006789703249636108,0.005995072308036847,0.0063087287802019625,0.0050542523853319655,1.9702151358312918,3.2378733064036527,4.246399192612157,4.688315539390135
-0.006812880963004882,0.006147433031857423,0.006419799429764864,0.005307143863471406,2.256022882281604,3.397280397825218,4.549715840128687,5.432040792670331
-0.006935465283302502,0.0060492245102820915,0.006574593772990124,0.005114022524541267,2.645154223141037,3.6819191696879634,4.6013606693705125,5.1441578992631944
-0.006429078181150828,0.006314171064081366,0.0058041631713413476,0.005622068037528113,2.044622324375011,2.4476700762697026,4.036843446556433,5.478347914873788
-0.006577264761224859,0.0063551565897494505,0.0060665381779531485,0.005707501287075691,2.6296195351344567,2.830440162892932,4.387113396345484,6.004750505430963
-0.006693441434347547,0.00624944398096624,0.006250032887016018,0.0055058463189735845,2.2896385164600552,3.113494801139131,4.477533091913108,5.715254511904802
-0.006535884223143604,0.00619401257366506,0.005957945992866241,0.005419975205808638,1.9819534526535232,2.668758795721647,4.082101611924614,5.164058903123486
-0.006655470406123479,0.006097369815100203,0.006127298006146634,0.0052485258806965465,2.0166612598399882,2.9342327565653012,4.167571843298279,4.9418502578620265
0.0018797410515292551,0.01036508444405744,1.2034266932017325E-4,0.005620591873920076,0.36848707157390437,-0.12161436312830906,0.5783781019826081,1.7130517281053594
0.002114465760085032,0.009260486957384776,-3.3274127293246293E-4,0.00570085709962725,0.6371712844040913,-0.23684406135645455,0.4685476239743144,2.0974049269622426
-0.0028407255455780763,0.009432374961554888,4.098086785917945E-4,0.006158217641069577,0.647658329766135,-0.21986800345372207,-0.6007118709700894,2.4961819627721193
-0.0031208550188307725,0.008827760346007723,8.745610716330498E-4,0.006196609036937337,0.9424044704102024,-0.29225423380751475,-0.42102339152299517,2.8589880676223687
-3.819028272133643E-4,0.010673154272606282,-4.8680672675527484E-5,0.005167745483085522,0.15496247827602191,-0.20238231220229183,-0.12237983907155023,1.4960235151565693
-0.001751252102630227,0.009859260532802524,6.32320633543265E-5,0.005594300559139057,0.46895790207092386,-0.1778380928545865,-0.4921965593250304,1.9023260418800427
-0.0056026258251245424,0.00669244205452621,0.004465694466995993,0.0059613874301669,1.738749918422607,0.7464343784225985,2.4179348735963813,5.148831165424363
-0.006141359007264387,0.006364436523806688,0.005327453861661165,0.005654185867056169,1.8609548108362934,1.7097572483261612,3.3617586356011238,5.20335333814544
-0.006278457306763372,0.006283922607979754,0.005542414689813684,0.0055504808341472105,1.8971667002012738,2.005288905977569,3.580777898476115,5.1457362717990645
-0.005791696684299163,0.0065145341806936916,0.004775782407324174,0.005780231307052184,1.7414282781176271,1.0310553477232316,2.688817508204287,5.021898332870179
-0.005937770843931038,0.006299115610130669,0.005007328163343684,0.0055023353442139105,1.661088373105929,1.239163122444113,2.780016590981307,4.644973234551446
-0.005005220907399389,0.007094540937573484,0.0035231164384427398,0.006162406674882323,1.537363291420901,0.0613711352998788,1.4137283465541193,4.728329425434539
-0.005170154729647644,0.006872346070635341,0.0038230154678147318,0.005982269795759444,1.5378457697997756,0.21656186968728727,1.6435753455719946,4.617009573124277
-0.005352048802589434,0.006666949141095842,0.004124944124043967,0.005808447264574786,1.5289667308257862,0.4102959463497064,1.8884120855636095,4.5252652002877936
-0.003199709644049601,0.008199116218251867,0.00131908855484171,0.005955998963706697,0.8900621578241453,-0.3459004125577554,-0.20846451372222036,2.8743896646531515
-0.004307067595296224,0.007766821788826964,0.002388236855749026,0.006393915476889853,1.3177564564466273,-0.3074205197472652,0.44581478741113395,4.2768441977040235
-0.00465207222750668,0.00738059677644585,0.002971773447191226,0.006257384349749778,1.4025430651689945,-0.17084147874415762,0.909280562262458,4.485704789552628
-0.004538194268506014,0.007591027368261824,0.0027189436831518343,0.006397108587255762,1.4678339851675757,-0.23356802167898322,0.7331236582433677,4.555817219294045
-0.003949198233860696,0.007744228156603927,0.002098409710050956,0.006136689357357118,1.160186480624091,-0.33448611997828864,0.21684847953820882,3.6009957664552075
-0.0035360029552956524,0.007815749386649584,0.001744745601155545,0.00592746001029578,0.9923805835495056,-0.35966528538484127,-3.8213853230124433E-4,3.115075479806571
-0.0046653488528755685,0.007080713097701959,0.0031364216955325056,0.005949146080219694,1.365099621556894,-0.13065176652355312,0.9618336919944329,4.056553876650512
0.004883361233661013,0.004934221090356026,-0.0036600651878594226,0.0037301318727110664,0.710488267630346,-0.038076376053607426,-0.7413084852152309,1.7375245069557306
0.003821182043612584,0.005873963903259415,-0.0026325631475258497,0.004427986621120063,0.7773238877870138,-0.28858976545579756,-0.3754700235264731,2.152078565834149
0.004410780881127217,0.005378078602808246,-0.003217711042857879,0.004100437358769465,0.7444124719425969,-0.1777113403550528,-0.5907250285391044,1.9622791940234452
0.0023213923365093545,0.008396968172683428,-8.08798430489239E-4,0.005534812010179211,0.6577027740500333,-0.30798054415552717,0.32440739445208794,2.271321744605167
0.002630515814201614,0.007703986637569277,-0.0012157957074353262,0.005355123024833947,0.8218782656878337,-0.34484437609206603,0.17605905168733174,2.364124582823662
0.00312720330057682,0.006368597018530041,-0.0019609206773368343,0.004630261176756263,0.7663459881676679,-0.3506660746830879,-0.11184296422657246,2.2027052995654084
0.002682000196790093,0.006997650925324276,-0.0014956182789449322,0.004932292542541974,0.7211051695190472,-0.36294171368286476,0.04564047998343291,2.276168610390369
-0.007189583730102231,-0.005864596707708679,0.006892334115194656,-0.00467697819268696,2.2617774505917447,4.268530639353394,-4.668167205075111,4.574817394946064
-0.007032762724404436,-0.005774106844558347,0.006578585586467941,-0.004616368549762159,1.9133587775652927,3.725089888080809,-4.235407776162076,4.042737923631754
-0.006719874289809041,-0.005778447210853851,0.006086014594722806,-0.004719311203038117,1.718741737484972,2.7242825333246086,-3.608184747493152,3.955597591250513
-0.006863705919609776,-0.0056782771853532,0.006252515428274645,-0.0045272150368279125,1.7093295819571608,2.9944269080218433,-3.6664047049706063,3.735433601169722
-0.006522394223456212,-0.005683350212678417,0.005746604392471217,-0.004611222790571589,1.5104797639665308,2.0732899073645186,-3.038271438934693,3.5669856464160117
-0.007320868219171371,-0.005778358980093877,0.00703897425124739,-0.004453399772640431,2.094701264133464,4.5715555626733435,-4.673068825399392,4.284290709698668
-0.007169695652345243,-0.005689091210149395,0.006732338548421038,-0.004417545595494259,1.9414185086986169,4.018897399395389,-4.259333045109709,3.7992257226421153
-0.007311105399043539,-0.005621249716235477,0.006893931999024904,-0.004230615888617732,1.9740425146079523,4.34560070399662,-4.301933351714687,3.5992201888156
-0.00745479580756053,-0.005696288158021204,0.007169712751370922,-0.004239748038932877,2.367332151088536,4.868399403566018,-4.6571974758562265,4.000153084019247
-0.007591233601480755,-0.005618465515670953,0.0072976138341481625,-0.0040153454952465235,2.4301056056930057,5.169383865786913,-4.622665935777383,3.7083684865375584
-0.007461266888219312,-0.005530453428817419,0.007035861513115026,-0.003994142322023767,1.9383143259294193,4.6540769043442785,-4.271120867888989,3.3018968390995025
0.01513300911614629,-0.010079999899604238,1.2588947732299383E-4,0.008058965604490058,2.2376948449968945,-0.09551705105704038,-1.630750018082953,8.847047771922055
0.01499753324023817,-0.010157039844353498,2.6627983531255726E-4,0.008325085856294842,2.595527175371254,0.03536202529358384,-1.7309986736452514,9.613909911387362
0.015124331899636015,-0.010243671918114114,3.8351477651068355E-4,0.008058501181246286,2.2450884661664765,-0.18852641341402687,-1.3488341071657992,8.953067949014992
0.014990136311907442,-0.010313910160050259,5.295277273549106E-4,0.008312507842306327,2.484032635496444,-0.06312116271877376,-1.422560881289937,9.702243491600942
0.015105369381333944,-0.01040417757506099,6.389241811365424E-4,0.008060043693837907,2.2737809287656634,-0.25860158806042405,-1.068636115960742,9.069128468549117
0.014977816440745884,-0.010470471553061363,7.832874151001432E-4,0.00829246593304982,2.668521447351482,-0.1411702172168604,-1.1127117389379317,9.769852164143874
0.015091555432132983,-0.010560231037466087,8.849085741174635E-4,0.008035916797640109,2.226491332218913,-0.31535436367442204,-0.7798670376002602,9.11483937187596
0.014960584488801503,-0.010626579228399678,0.0010380965676888962,0.008264363281356305,2.8121386215874975,-0.20164807193460288,-0.7978212525493814,9.812009513352567
0.015080164585080666,-0.010722953181309926,0.0011369809963349793,0.007986331996871737,2.2222799301166236,-0.3591350892847834,-0.47912852056243177,9.09802501806476
0.014938455742167744,-0.010782083680081914,0.0013049594615464697,0.008226431321322732,2.5529949243662924,-0.24387120167936502,-0.4765689636253227,9.839869895864727
0.015050019073263489,-0.010882050691473131,0.0013902471119223937,0.007955292304189204,2.2595867773962994,-0.3771149682005223,-0.18624729613570504,9.13596530878735
0.014911450597951648,-0.010936831374304052,0.0015594105760095834,0.008182107784257287,2.6465402575377697,-0.2645423158173482,-0.16076688199180225,9.852474007851683
0.014455032777517945,-0.0122699521913998,0.0037747808100717078,0.007424856875134253,2.809300346748198,0.4161331288276457,2.5401906765678186,9.059925983838271
0.01460739069783848,-0.012267236545305432,0.0035557562799476937,0.0072267993303817835,2.1883448094437488,0.2471861094232123,2.344927158030622,8.344482700992188
0.01452413555302291,-0.012128895840071584,0.0035435677901821737,0.007538077927222108,2.7119583736243893,0.26741978181767745,2.2682233939282015,9.227853898035931
0.01506655356413843,-0.008360650379485976,-0.0023531511789328156,0.007284246821766614,2.002453591828205,1.7039345440070008,-3.6263972890658684,6.031703653378789
0.01505487629356898,-0.008531579344729496,-0.002168991160488534,0.007471716741559381,2.084254105965241,1.5275886029911159,-3.6114029520980298,6.544758714602766
0.015150386021953406,-0.008680338213150672,-0.00190323246190262,0.007436520951115133,2.008514531072651,1.2741468120142232,-3.3436419688760863,6.495345655776127
0.015209953583525145,-0.008859967754735841,-0.0016316908055751284,0.007469977457706446,1.9801355917209207,1.0406825820580208,-3.1200956614945223,6.629442477934248
0.015253470443570508,-0.01001253391172556,1.8780340205789558E-5,0.007816661584087434,2.045694176224496,-0.02628874260919766,-1.6889228983377638,8.099969432240036
0.015303815077641223,-0.009867401404797664,-1.9089605139330798E-4,0.007709559398386045,1.9698444724516355,0.07812150219494257,-1.8721219233007387,7.709845497434849
0.015228512318625782,-0.009347351956998418,-9.617920914147041E-4,0.007718209506644943,2.037901898229872,0.5244424453604136,-2.6337986901638484,7.478147111956217
0.01523536283336329,-0.00903690811590718,-0.001385790423366679,0.007541797051769525,1.9822229965826914,0.8415573058265319,-2.9389361735198,6.8756062565882194
0.015238910054630626,-0.009201629538877097,-0.0011607201075686782,0.00762865211074813,1.9953398324791873,0.669977819792808,-2.778583096710182,7.169089801901351
0.015312439001205736,-0.009698039013396362,-4.33331046367302E-4,0.007667357913990016,1.9689046005877169,0.2050585652815655,-2.0958161743414805,7.499620019693972
0.015306145117262547,-0.009496137133163144,-7.211814062664749E-4,0.007624749868458583,1.9619208181026477,0.3732059737438863,-2.3556836458207475,7.285016779191045
0.015234855372408682,-0.008243967068627539,-0.002307560297688211,0.006901851539650048,1.7735478211385598,1.6213753944816618,-3.257380033283883,5.056817516755118
0.01500807007961965,-0.007187020279544025,-0.003357549836097404,0.005979073314744334,1.6137919577731392,2.5992675685659843,-3.1669540825280738,3.0740277409101036
0.015419190633612757,-0.008063642334712653,-0.002294571093967388,0.006461990264986517,1.5198344832823774,1.5373035090012228,-2.8739818572075944,4.068641234467965
0.015353716494630123,-0.00784404298050485,-0.0025360875774904225,0.0063339441058248005,1.5186077849545307,1.7537434059447923,-2.9358664520373168,3.7831028019634547
0.015271887698786008,-0.007619443375781518,-0.0027859375124447447,0.006197453517932417,1.5226584221825192,1.9893615431477152,-2.98832327286269,3.49826905854232
0.015136468098956768,-0.007399259144577262,-0.0030818525105000025,0.006101728846743714,1.5992104643374783,2.2997288463419263,-3.0999005551764363,3.3033284366151254
0.021555385550700034,0.009103876147640678,-5.627738693098305E-5,-0.0017869119625579055,0.13049234525561726,-8.789180580281331E-4,0.29643052191495795,0.21813181051942146
0.01902097973723852,0.007121291153844422,-7.666769010092812E-4,-0.0028256433302777492,0.2439257873370895,0.30339254822153316,0.552591871947917,0.25923113847132045
0.017037230330430288,0.005908917958626744,-0.0019422393362779767,-0.0033830150518791894,0.4641338565915895,0.9240382751689898,0.8601383144259448,0.2824675689407858
0.014543653806296363,0.0037311879418067692,-0.004005432614792067,-0.0024373343101213875,0.8462937010223779,2.053252712298647,0.598802680495434,-0.1978122365366524
0.01623266921787063,0.004210988008218763,-0.002753036986478281,-0.00254248191879641,0.5519544591584933,1.3135527053238987,0.6093398390924771,-0.11246785520406265
0.014194085652334076,0.0023444902432888793,-0.004024967080632238,-0.0014082600970742366,0.7531915870126018,1.8259125715459708,0.20221157259199996,-0.3180229762394891
0.012199219582271437,3.9437862046250887E-4,-0.004809742932466165,-1.6641508063781172E-4,0.7698899165545602,1.4111144943469351,-0.021628572222356663,-0.29936420748942894
0.01068365895188402,-6.683360199168674E-4,-0.005258052063215143,9.363415472704997E-5,0.6963621193413583,1.2649517007886446,0.10039295113339487,-0.2649444886294057
0.012323303854898998,-0.001621500844401013,-0.0049516525086211296,7.179071294325525E-4,0.8526664389298784,1.8023997707549702,0.060346784870924645,-0.3221804354854772
0.01435601981592106,9.583824280540798E-4,-0.003760077590625711,-5.431791944778081E-4,0.6804564478755587,1.3815717217946861,0.046055370983990096,-0.31766773520426694
0.013851391619560042,-0.0046045346481647,-0.0048589724431960775,0.003228628599290652,1.3392160773278634,3.361383892069432,-1.240051547404587,0.07068131313265608
0.013570176619107897,-0.00405801595720404,-0.00496439402172465,0.002647972332044973,1.2229825547717696,3.136939878091656,-0.8201550509785027,-0.1593146552302502
0.013077694415981337,-0.0030836217458867113,-0.005013111485601559,0.001753062690213417,0.9846823125580001,2.592448604204176,-0.24869630994586453,-0.3359151983742009
0.014061799949082812,-0.0050847043856560165,-0.004728914557116688,0.0037692547929568743,1.3311822941553564,3.460599871761644,-1.627769890993063,0.35211754322626415
0.014169707890522375,-0.005559458602334466,-0.004708630868551057,0.004325012487653209,1.567082359128925,3.7437703821248207,-2.220028096281814,0.8648336365255272
0.014395157879460965,-0.005906301828865009,-0.004439732228257204,0.0047202528819278436,1.4914049514754046,3.555224394130737,-2.4906618793526554,1.2471394218889669
0.014536209747152681,-0.006488352012765212,-0.004227866291161837,0.005434839725026595,1.7343833123076753,3.61148688445673,-3.164618845179102,2.1877457426585587
0.014458684544060588,-0.006241144237086769,-0.004369728026833332,0.0051396951106860616,1.7220733435838647,3.678332616717077,-2.9357206122667394,1.7975832242376228
0.014884811711163237,-0.00690866216587063,-0.003637251531780086,0.005738546472154659,1.6333974592225218,2.891494373053287,-3.112416964727833,2.6567009897530713
0.01477435534482325,-0.0066474757536301434,-0.003867120253041273,0.005482105332980971,1.5951870836106663,3.1226114416646724,-3.00291889260162,2.2583407561983395
0.013981386228482584,-0.0023139711016621706,-0.004170038315730936,0.0013488687859713718,0.7908959669722374,1.7834956679155127,-0.16872670984618057,-0.3205295797576941
0.025,0.007110403506374492,0,0,-0.05656112015685246,0.017529838747825002,0.2617022411206867,0.17410276687130857
0.014381534484329045,-0.012408766398519247,0.0040187207972745215,0.0072957268909670655,2.389869077106036,0.5827226686603988,2.8054663443679275,8.874584764435957
0.014549676917645318,-0.01240993947203243,0.0037560185241901508,0.007091745509464745,2.1699026498809215,0.38068333895652534,2.554111814740733,8.111828497985329
0.014460272179321105,-0.012543117175627847,0.003988875749943547,0.006995511668432849,2.2142490924244433,0.5550104309792511,2.8024436016119076,8.002689122026409
0.0143037118419788,-0.012545204192439473,0.004237549987176614,0.007170952371814442,2.664466166264092,0.761254117579406,3.0496086605033486,8.68371975635214
-0.006147433031857423,-0.006812880963004882,0.0053072339139953835,-0.006419671271257588,2.6533573410236344,1.7754389071166683,-3.85889586132711,7.086729144574169
-0.006089563971336518,-0.006657081650961865,0.005236958867475554,-0.006126941628693768,2.1216845573778857,1.7050905283332363,-3.664981727138666,6.161284567810131
-0.0060492245102820915,-0.006935465283302502,0.005109068735122415,-0.006578578439632531,2.4974880123954706,1.5363988385713725,-3.6872503935163827,7.3289560264220945
-0.0059947992200136005,-0.0067828535190520905,0.005056262736388543,-0.006296292197303851,2.165161740636769,1.4988909405216087,-3.542682029992882,6.418588518143743
-0.00577835898009388,-0.0073208682191713715,0.004464634830535049,-0.007031813627714355,2.6460049209094145,0.8924293041555721,-3.0785780220067434,7.9557594201244415
-0.005678076549693716,-0.007165884881394296,0.004401986834515971,-0.0067171512841273625,2.1938452139390585,0.8329299941534755,-2.954386079386181,6.916231271234085
-0.0058645967077086796,-0.00718958373010223,0.004687124198610931,-0.00688547160521952,2.5455592844279225,1.093821218609363,-3.2964690437934556,7.759670896316348
-0.005778225255291921,-0.007033442167967815,0.004621646175073665,-0.006579730784366703,2.198148056648053,1.0368299017589069,-3.1553856415308563,6.7527673224722955
-0.005954915005069573,-0.00706107377027107,0.004904825159723575,-0.006732189946685276,2.413065084924609,1.3102359260831784,-3.5016315249872445,7.55067890706233
-0.005882508104647211,-0.006917872808798369,0.004833376487027036,-0.006458282341227549,2.214972749587686,1.2529767802403986,-3.3539207287262722,6.631277849782626
-0.006392574931407119,-0.005831363611834969,0.005608437115423336,-0.004842636982862216,1.5709722091171345,1.919480714754301,-3.054835758816933,3.8682853395511887
-0.0062974514802624955,-0.0060143610873933245,0.005516532852588018,-0.00511925541764463,1.663006403888189,1.8566199376350576,-3.1673351154169125,4.29558598287393
-0.0060226380062776514,-0.00648859699163068,0.005136422479407991,-0.00582079681180083,1.8853701247403887,1.5000752783077935,-3.24391070003326,5.405345979981337
-0.006100665689899404,-0.00605650661529791,0.0052287431901126506,-0.005166895535714626,1.563198155950026,1.4510573959052953,-2.8218632729544533,4.190580058170421
-0.00599498328057514,-0.006259295924921614,0.005088617294881934,-0.005454934573896218,1.6807275435394475,1.339284666792434,-2.8634986491618077,4.619527434877045
-0.0056962881580212045,-0.007454795807560529,0.00423813968148927,-0.007170599342715015,2.7226982856066164,0.7064709314284806,-2.8489031890107515,8.137068529168499
-0.005586970407384849,-0.007305519713535637,0.004184333110041526,-0.006856902009290791,2.205996675053147,0.6478944602629931,-2.7523328002267236,7.095932080183213
-0.005618465515670955,-0.007591233601480753,0.004006336229343398,-0.007302630243997343,2.825078804492209,0.5354865363485272,-2.6074147326656307,8.305728851861097
-0.005505678139737084,-0.007448400576789083,0.003969518206022641,-0.006995001911672501,2.222688705874733,0.48209903856494,-2.5484878334347805,7.281379510736067
-0.005544967222482057,-0.007730047808600201,0.0037713912265806026,-0.0074268082116417085,2.9722866639050918,0.3795077667033542,-2.355344325913125,8.464035822184167
-0.005437450444831835,-0.007593270045142688,0.00376160135995164,-0.007134288487965649,2.2444262796613077,0.3383598415193752,-2.348867992343117,7.483912385365463
-0.005475864446977091,-0.007871104159928416,0.0035463041899211263,-0.007536928093781069,2.7603886513691536,0.2395298456811483,-2.096881473113412,8.597690023528935
-0.005385859526044222,-0.007734510890978184,0.003568265543426877,-0.007271462914991395,2.3162719787372907,0.21978109162531043,-2.1611665967380804,7.708167634470898
-0.005411225499911389,-0.008014263716568458,0.0033169471428813814,-0.007640565433693043,2.5757917950901814,0.11467149558679453,-1.8312171482575537,8.70398901618938
-0.0053147020614375574,-0.00788586284150429,0.0033315507975436656,-0.007388493611509144,2.378032582075677,0.08503948396426948,-1.909489854079885,7.839509104080007
-0.0053511157673393935,-0.008159381790995318,0.003072945791001737,-0.007741843222395277,2.6710493618778792,0.006549724900312528,-1.5536754060670444,8.788761769943982
-0.0052380054486688005,-0.0080250642635753,0.0030953007440197165,-0.007472142711258998,2.3533926482334895,-0.03201716276515829,-1.65524561344576,7.867238586880117
0.007505434153896346,0.0036771164104798353,-0.005699245190834285,0.0020046645567093815,0.7561249709555957,1.4434272718341443,-1.295268742896937,0.7301497730056584
0.008019016941066645,0.003147571085386635,-0.005732727099407794,0.0013827943623225638,0.7423912043500926,1.4228767954930408,-0.9990770397159359,0.3504130806008812
0.008542338573624802,0.002596338784479047,-0.005708133335979719,8.301896263354372E-4,0.6876190649659109,1.425448021015872,-0.7410833102263431,0.08509878310652141
0.005360359612150855,0.004655259163949866,-0.0040917576479300175,0.00347015877686022,0.6849071481075963,0.154002072698084,-0.9114163727417077,1.5939424131028976
0.005797201108025779,0.004567936114301311,-0.004504576939586295,0.0033627085978380203,0.7490738559673931,0.413071692122263,-1.1310406088262985,1.5801527551913828
0.006059500943494178,0.004238988625718388,-0.004674130984691671,0.0029990140422887644,0.6593997240681934,0.5035664430868542,-1.1013649043683802,1.315947212053265
0.006890246473005715,0.0037971426223246674,-0.0052620651810210825,0.0023705690848293552,0.6733327434168516,0.9623819563316042,-1.1936686864997752,0.9223638999588893
0.006502750171760606,0.004119657167414191,-0.005048294106976994,0.0027909157122787192,0.7217693976917521,0.8027285938206976,-1.2451839062277363,1.2054189399729704
0.004713608965442736,0.004259983809733722,-0.0034272774222397656,0.00309266224241389,0.5532222311874223,-0.12575134723902195,-0.5220214200549512,1.3300786162640101
0.0062277098531880746,-0.0056392226780246045,-0.005316733646106763,-0.004578658956702717,1.3344437135300735,1.3939173867297807,2.455783570161188,3.245394355071079
0.006334607817061325,-0.005142374473799442,-0.005285860385779144,-0.003929988761848572,1.082237609135496,1.2547149961213047,2.0342738111617966,2.381230272475784
0.0061826002355386735,-0.005366525933753091,-0.0051740474942729535,-0.004224870301107572,1.1504005575683944,1.1739269863343724,2.1005323488091907,2.7020182389653953
0.008945666172387703,0.0016795477968800038,-0.00542961948159213,3.720858005714006E-4,0.5955822250422983,1.0094232216564156,-0.38765816842714085,-0.08966415382960725
0.007888671252090222,-0.003500156800309484,-0.005872090456642178,-0.0016747367279513605,0.7711526645050811,1.65990729106999,1.2413946919124175,0.546671038462429
0.009363631677635646,-0.001590259189147469,-0.005495991942110527,-2.1297651462642934E-4,0.651726800463594,1.1941154320815117,0.35802572671706484,-0.15055362136088554
0.009123996263654996,9.388251403583195E-5,-0.005205655503194183,1.6222580405086376E-5,0.5630879586184275,0.7674954230005185,-0.030035693449991473,-0.17077872404635075
0.008249145515402751,-0.002180639357331774,-0.005393374727616436,-7.951033691606185E-4,0.5877012414765207,0.9278662870072046,0.5542976502794917,0.07390873742848984
0.007804752031277425,-0.0028049325135211384,-0.0054477214467875375,-0.0012842754401977948,0.5896642804921921,1.0424225904171673,0.8006934298873152,0.2957183653161763
0.0073162339271757235,-0.0038055529709825724,-0.005620178070653822,-0.002212317664425315,0.7857943428421953,1.3873024389033795,1.357296279752093,0.8642718594658211
0.006958130113008847,-0.004352252146188052,-0.005593428772642576,-0.0028623233971176052,0.8739672139367193,1.4391605749679857,1.6642423106443813,1.3522789328881175
0.006582251034182804,-0.004614875958963559,-0.00534445647156997,-0.003268589387555298,0.9048513337845445,1.184420698709411,1.6725478529014204,1.6564097800860105
0.006223176224430818,-0.00475133688488141,-0.005014857392241583,-0.0034959333376517365,0.8666984475195271,0.8596625151427294,1.527252028623761,1.7870897682909967
0.0058224558251077805,-0.0064005323392099115,-0.004831929853739072,-0.005618255429193791,1.6583181407508951,1.05897809449011,2.6352205780420346,4.728511564129133
0.005687141962453003,-0.0065554313148577445,-0.004616198834513869,-0.005797275900313494,1.6881829027554611,0.8586558005428234,2.4851459014018737,4.9184875121994125
0.0057695551629282655,-0.006205332251449705,-0.004760611340903767,-0.0053227263554639975,1.4935651060037183,0.8993103215027075,2.3179396149502134,4.1093319519479765
0.005856037355824978,-0.006022302533420326,-0.004874628100981913,-0.0050865764991547885,1.4288535041435855,0.9711978835460248,2.2917530740453067,3.7783080593875895
0.006023289880997278,-0.005814794605478705,-0.005079295387647291,-0.004818400179455087,1.3407569269515316,1.148087144305183,2.346589074487247,3.4716083043532158
0.005606699390738257,-0.0069967081578995475,-0.0043715367360166535,-0.006407237653337756,1.9740504190684363,0.7423920475587765,2.638279938398513,6.111878117218484
0.005578651042067744,-0.006767220860416399,-0.004409755747721092,-0.006055464214439851,1.7823852598027532,0.7055813669598188,2.405984127031473,5.294288806725278
0.005475864446977092,-0.007871104159928418,-0.003547387965999462,-0.0075362217964594245,2.6960293568124682,0.2446642819446541,2.094750687814837,8.588843942329646
0.005377135560020511,-0.0077453852626355795,-0.003547629415672452,-0.007276339223440267,2.3204101304315725,0.2032036522754798,2.135244171477932,7.700117883205556
0.00541122549991139,-0.00801426371656846,-0.00330333916920904,-0.007646400483164831,2.9132643984481223,0.11986912219818298,1.82262277619786,8.703841480286785
0.005255567785996024,-0.008029782907381494,-0.0031107637979382106,-0.0074964829233330225,2.358229796188926,-0.021394316998814274,1.6785080255865819,7.953579137636287
0.0053511157673393935,-0.008159381790995322,-0.0030705971611998087,-0.007742851051544562,2.685344330578745,0.013036806290111532,1.5491866775030199,8.794127570021669
0.0053083273728855756,-0.007882224369460619,-0.003328704074348368,-0.007378251705342928,2.3156062605907466,0.08073241367974172,1.905263594581207,7.795295280172197
0.0055108806739453745,-0.0071390266472522185,-0.004165150461570785,-0.006552288904080219,2.000624998602697,0.5772182140570625,2.4644471481940315,6.283101143653204
0.005461644647632631,-0.007320144402316131,-0.00398950005584413,-0.006773278719656832,2.1107755639417944,0.46604820724898516,2.3868359514004873,6.692713806472767
0.0052916303105495985,-0.00761647499952386,-0.0035470805674307207,-0.00702694897604462,2.131369714149944,0.18055887797241116,1.9620929936986797,6.958093693695465
0.00531121645801425,-0.0074391842766572324,-0.0037064249299029834,-0.006812270795345341,2.0269195144233554,0.26010767962097997,2.0270775568902715,6.513054113628001
0.007110403506374536,0.025,0,0,0.15687732704824436,0.11294848463880854,-0.22611930809831357,-0.008589289379330949
-0.009827452177374433,0.015308983004310326,-0.007694400285412237,2.496716989467341E-4,1.621644652796493,6.988308197189279,1.390357183589951,-0.09816039727616903
-0.010004592834504238,0.015309319697877405,-0.0077041078691453815,-7.533945449145798E-6,1.6346099449229528,6.932299154627361,1.6276501242063326,3.7358015793698536E-4
-0.010162250181389164,0.015271507705606636,-0.007770256067322097,-2.4006734178128034E-4,1.68540326133887,7.034181343568589,1.8579372402382357,0.10206348269618229
-0.01030986787176037,0.015305217790673202,-0.007682639800336064,-4.4919781030503117E-4,1.6365126090642643,6.742546214107786,2.0194118563822063,0.21237147906927475
-0.011090665429940793,0.014879595159429932,-0.008129710607592683,-0.0018127790183065315,2.1716885116247306,7.533272824144469,3.5962909689273466,1.3793065554273138
-0.01093683137430405,0.014911450597951645,-0.008181055187421814,-0.0015653579663632055,2.410367588683576,7.731001278478392,3.391625078002041,1.1605049644869565
-0.011047325196289101,0.015026809901555045,-0.007887625317574769,-0.001642356986352657,1.9312607974196057,7.022208549813434,3.1954016243862107,0.9971391567668161
-0.010782083680081914,0.014938455742167742,-0.008225346221975014,-0.0013125719520380517,2.4801548601004386,7.913314906969482,3.172007928933675,0.9515722329985502
-0.010877183991648425,0.015065866679164937,-0.007926947945652107,-0.0013722227301922864,1.8764983988591768,7.184637382870069,2.963146084299066,0.7762428574126697
-0.010626579228399676,0.0149605844888015,-0.00826315094544419,-0.0010477557342530857,2.3505742940898378,8.08208378062116,2.9393871634712574,0.7546174298713564
-0.010725768630552546,0.015104854499275495,-0.007935202974192377,-0.0011277106725449558,1.8376164669794155,7.265326427567579,2.7356067993989606,0.5890189781114213
-0.010565520779188967,0.015130743278184955,-0.007954785445026561,-8.767123038102134E-4,1.8386523824819208,7.379649492750192,2.5072915121424355,0.4187779136214333
-0.010496678192749373,0.01530896440628532,-0.007628657312820954,-7.142727686289597E-4,1.6437587213348743,6.534758319930483,2.2298964023362475,0.36073425771800377
-0.01240876639851925,0.014381534484329047,-0.007305546757897115,-0.004001083157772442,2.1593065573273678,5.258868409188047,4.789324790257087,3.849609296571742
-0.0122699521913998,0.014455032777517944,-0.007423685833158421,-0.0037774687636437866,2.322744144736153,5.538199495872974,4.72719226666842,3.5567746573588104
-0.012411369885155892,0.014544231326062366,-0.007097078265025772,-0.0037654493800134245,2.014154124642476,4.948035278946389,4.372503206046562,3.2037782035223885
-0.012128895840071584,0.01452413555302291,-0.00753542880032466,-0.0035490650645215644,2.4883843509338868,5.815094393185837,4.643305709685789,3.258374816122719
-0.012254556577949665,0.014618673420283466,-0.0072298244883208665,-0.0035285896270033147,1.9754273982198092,5.245788820234432,4.305748043615413,2.9111649081143867
-0.011985736283431542,0.014588774500088612,-0.007646580177030867,-0.003302719913335346,2.221773393069382,6.089688478484458,4.540684112234976,2.9587690050356925
-0.012119472437234187,0.014690704606557067,-0.007317650315855261,-0.0033056533314919988,1.9504898400282042,5.4545218479197795,4.202197992478058,2.63714968103606
-0.011840618209004684,0.014648884232660605,-0.007744574829668667,-0.003066060272993176,2.3592359297289938,6.353523118090245,4.424277922174789,2.6752410580760233
-0.011971645029901355,0.014743533037021545,-0.007434772683086586,-0.003088832950399661,1.9822323230195698,5.730060498263691,4.126983380550377,2.4024176070126617
-0.01124342629880737,0.014842921746160493,-0.008066409923574996,-0.0020763224814466567,2.481091537098527,7.318743317745189,3.7934707190961166,1.6192761659980366
-0.011202976877598235,0.015001749061885417,-0.007814824399007284,-0.001878885861301148,1.9088921775554812,6.798732471490271,3.3605486569425485,1.1862203343000575
-0.011351231442974202,0.014953355265686398,-0.0077737921676242815,-0.0021201947225382967,1.9303353366835745,6.655955223793797,3.5513239325724215,1.409232101736609
-0.01139495244676372,0.014801469324203571,-0.00799914524615012,-0.0023222197258846037,2.3046178973606826,7.095093323893585,3.9741745373325172,1.866503534656226
-0.011693686304088876,0.014704405031812392,-0.007834897559451366,-0.0028270140266284573,2.5197649159130107,6.607565596122409,4.289043552512324,2.3960170247566754
-0.011813679299485699,0.014805744209747413,-0.007534093000388063,-0.0028423139089186165,1.940772323911457,5.98815205572923,4.000651783237884,2.1282890737028377
-0.011545084353673888,0.014755282782341356,-0.00792359966977562,-0.0025678565100745137,2.1739451682579354,6.858939412961278,4.136808187196449,2.120775285322617
-0.011514749901359287,0.014908231021836433,-0.007694500759629546,-0.0023741639749256444,1.970041619989512,6.425382659723906,3.7206554777589,1.6492947181601274
-0.011665493955794373,0.014871539528241412,-0.007597147909198355,-0.002596245057541824,1.9217967820292146,6.168165887405448,3.8379332497032976,1.8590241999276322
-0.007017539700509516,0.015182364668202697,-0.005642550086083105,0.003248031136550694,0.7811423600100108,3.9878801652112155,-0.9710326141867217,-0.11500222510711487
-0.0072653485486359635,0.015228877817125282,-0.00587801896051721,0.003077347625832013,0.8043281811298059,4.298749364647641,-0.8915661795216037,-0.16501851924180277
-0.007435176262539581,0.015288299338805655,-0.0060057330957131155,0.0029085506484637044,0.8994817555316065,4.446009156640034,-0.7874547957749733,-0.2089167338942645
-0.007664919307858418,0.015410306483827685,-0.0061054348685206155,0.0026334249938547816,0.8929030538139137,4.523546643685038,-0.5906860312611689,-0.2718319242195948
-0.007993146882546355,0.015396706345492372,-0.006440444390721054,0.0023915016987840023,1.0128025250401744,5.031993336374716,-0.45523422066433145,-0.309212592996406
-0.0093652783415077,0.015388425856190557,-0.007425817216725938,8.740030852358145E-4,1.4406625252299075,6.525216446324578,0.7905252839906544,-0.2631089869120458
-0.009535894563766146,0.015443827160446197,-0.007380863027677337,6.281603278382729E-4,1.4281157723732625,6.3258331159071135,1.0024094617535535,-0.2023799078987127
-0.009034726981748743,0.015446919301241903,-0.007169496727679303,0.0012695414482939975,1.3097310816903203,6.078001738115902,0.43579627942705873,-0.32391903698633445
-0.009219646136079207,0.015487546477565612,-0.007189054661876966,0.0010209263364919282,1.3330034194348646,6.028706193777814,0.6526267280439658,-0.286132032888316
-0.008254019714833496,0.015541018438830458,-0.006476791249644399,0.0020326944924496447,1.0111358002893505,4.9702862004400155,-0.15639688039519828,-0.3454683550249203
-0.00855051233897845,0.015589213415540296,-0.006638216918298627,0.0017121795222282386,1.0812470430365562,5.14865854756681,0.08795120336981761,-0.3502120601250556
-0.008840157093121428,0.015583121477700568,-0.006834081661766871,0.0014143478993829952,1.1515472402839133,5.420540453460242,0.3244827814672501,-0.3353797513651663
-0.009722339265234749,0.015470095635086684,-0.00737378509158194,3.732459403519778E-4,1.4221084588267316,6.20913435977046,1.2263466742646667,-0.12437989188781491
-0.009605701198805425,0.015602242912769407,-0.007114459486624136,4.982963675538472E-4,1.2769495052850013,5.659496687749956,1.0846000171025187,-0.15662712990028263
-0.005829557350546579,0.014941847584524576,-0.004417757281333763,0.003842265174404756,0.37126793607275793,2.610314140489048,-1.028228629809494,0.04033760027035393
-0.006523751077677609,0.015344035535346169,-0.004978350990263649,0.003252426122788941,0.5520507517304547,3.0907578292650237,-0.7808227769641816,-0.15742059039465658
-0.0015412489723241486,0.01453474054666401,-8.937142602921405E-4,0.003686070171526687,-0.20295677300039047,0.42970368354997884,-0.25991366931056853,-0.026689733300443413
-0.003311353472291885,0.014678696654144832,-0.0021159764565423455,0.0038435462852720514,-0.047855462571502985,0.9053864015086407,-0.5449446835303445,-0.01436696005628685
-0.004887331261513765,0.01482856985876167,-0.00345472800849102,0.003944328034083593,0.16511678003547134,1.750635445505411,-0.853314504169038,0.04446075866968857
0.0011455666637836754,0.01675535357979908,6.107625170247267E-4,0.002333028184940364,-0.16167898963886881,0.8529514644380809,0.05783795136148465,-0.29338479324579886
-5.538382078891085E-4,0.016088589920083635,-3.104738802984024E-4,0.002688043498341363,-0.16239538057878855,0.7195828173000388,-0.04907034699624814,-0.26114493773789793
0.004879201464255853,0.021633180771810454,0.0011332255247664803,3.6169380081322705E-4,0.08553496484507941,0.44640520690443714,-0.1210258618268306,-0.178019717632684
0.002394992890698175,0.01946280516649964,9.001308405219818E-4,0.0010644931626929118,-0.005513184682347901,1.088732293094126,-0.033731456111684384,-0.26968793686524745
-0.00706107377027107,0.005954915005069573,0.0067414254033325615,0.004891760375722947,2.2208904585682916,3.9801747082532715,4.639070454989381,4.8446883546739405
-0.006904862386382018,0.005878805467582114,0.006437211764336864,0.004830194063144077,1.9038290717994715,3.4548858703321383,4.227612848665962,4.345846147848057
-0.00718958373010223,0.0058645967077086796,0.006895338534786054,0.004672697054224323,2.0408547622939404,4.277379317577422,4.660905041050855,4.557974022945834
-0.0070339418754224205,0.005795665933345538,0.006592606444801501,0.004648261849978638,1.9841699798966566,3.7399569103990373,4.27484812228579,4.123003457780428
-0.00718539509314137,0.0057151704091863344,0.006774766933134003,0.004448113351369642,1.9785658888299438,4.096132071178264,4.337506384825091,3.8989624628114075
-0.0073208682191713715,0.00577835898009388,0.00702877871932072,0.004469458932148307,2.581704616810821,4.569049940097444,4.659315178305009,4.272617234360811
-0.007454795807560529,0.0056962881580212045,0.007170411637841344,0.004238324433938433,2.2035640930261096,4.871426620401273,4.6412335243446226,3.9744158766225817
-0.007591233601480753,0.005618465515670955,0.007296260951452533,0.004017824268392842,2.4874941562246837,5.166777205930598,4.6075175052631545,3.689290171432576
-0.007450090969450932,0.00554249473453348,0.0070307230020319475,0.004018099187176341,1.9491260002447002,4.628201360782852,4.286413076089834,3.3499396706653974
-0.007314520549930044,0.0056150028840000355,0.006894133010270107,0.004218347069993855,1.9218596412231592,4.333746084714143,4.289231689675867,3.583828725727431
-0.006745391319852894,0.005814393030190872,0.006143930462121794,0.004770770363775516,1.7739998162339259,2.8383574602665083,3.735806188530202,4.079088452516543
-0.006650745525586987,0.005957715601436971,0.0060594236222805825,0.005016868391620035,1.8456200243540863,2.7458997489596086,3.84361028279769,4.465744869458475
-0.006366385313005391,0.006134457559677873,0.005656211303984992,0.0053164756649417425,1.8298655791654175,2.1259359382110303,3.535617802056207,4.759256252408549
-0.00649594854638115,0.00601396624373448,0.0058317747582076794,0.005120494729667948,1.7738464302946084,2.361107860703719,3.607242824766406,4.5101131581852805
9.63984800452413E-4,0.008890980614940947,-2.0874668259383638E-4,0.005175711540953749,0.5056219716897945,-0.26263792542887304,0.25812755003071275,2.3631582298907574
-0.0022665191957745357,0.00856044631406477,7.218608563518533E-4,0.005562405474471671,0.6576962248700159,-0.2955635719070436,-0.3758026635390254,2.2724593437510845
-7.658350183174566E-4,0.008812977976989975,1.801374580505229E-4,0.0051168400226591255,0.5109754404396538,-0.2791561257347375,-0.1900989185958741,2.369368803557416
-0.0054929803448151475,0.00642152685482341,0.004363516254581171,0.005537624416604578,1.486779381665093,0.5625285648038824,1.9996506969546317,4.202516943965967
-0.006129280773608429,0.006144924353505776,0.005285882573250361,0.005307376069515506,1.6632606829981236,1.5558907435567837,2.996338722074787,4.474950994815964
-0.005637367031341947,0.00620279535204319,0.004578665295383039,0.005285945538947018,1.3929594755952637,0.7143306891921141,2.0889477124104237,3.9115923669233665
-0.005829935584821185,0.006021497663416174,0.004838767885086492,0.005078794738151641,1.3863228098831135,0.9411726588167103,2.254325746359186,3.7389387718633462
-0.004818868969091841,0.006760387601343497,0.003445806897374544,0.005666761752510396,1.2545058993535891,-0.026523966434354496,1.1336723484398148,3.8124189120887535
-0.005092805650190828,0.006620117824590584,0.003805400505975328,0.005631595482983074,1.3926584328762688,0.1760094375185828,1.4749891694469797,4.001439889085172
-0.005240479286512221,0.0064292908426789135,0.004034898870868577,0.005452783633274784,1.3091251971207045,0.2993226184183408,1.6145722385052885,3.858073358155169
-0.0026519554251275093,0.007698499364298553,0.0012296683079589528,0.005364436897522256,0.8454260166085273,-0.33820513952306996,-0.1743004132413694,2.389535019887114
-0.0031726590703980203,0.007609901392152865,0.001600714785687754,0.005574357601027324,0.899895007719939,-0.35955998764010566,-0.05614836791541274,2.7101748383957016
-0.004251761243465951,0.007310747847146329,0.002610794747068235,0.0059449403574869325,1.216812782584211,-0.27742406533010455,0.530341257660946,3.6604067631463915
-0.0035615488626699783,0.0072634393084599624,0.002042757089602274,0.005524911670638392,0.9682235668883471,-0.3567966532447146,0.13351684416145845,2.8128839222419066
-0.004383927413545287,0.006680987466326427,0.003009476919340237,0.005395661323693221,1.0701238837950673,-0.1980255749460356,0.7098793271361012,3.1713826566072267
-0.007730047808600201,0.005544967222482057,0.0074209693935833945,0.0037823996896556235,2.3809504265355987,5.465919670062398,4.556481619837034,3.4009879065540596
-0.007587020626184382,0.00545569519693085,0.007143850664890579,0.0037891973526572695,1.9182393739373713,4.887193787658162,4.22131589270246,3.0553331589599
-0.007871104159928416,0.005475864446977091,0.007539392252457733,0.003540696908670985,2.1827448462059422,5.766941633667206,4.490736667648053,3.1193931270133732
-0.007726519878521793,0.005382179510399705,0.007258192250580753,0.0035697359434986764,1.968924695466191,5.155462002768826,4.165521812089229,2.802683348852842
-0.008014263716568458,0.005411225499911389,0.007642123653769095,0.003313114704576257,2.5747991248126527,6.060347431668599,4.408104824115381,2.849272805682773
-0.007888590571217973,0.005319629183129847,0.007397768580096278,0.0033344304269081,2.0063083733207923,5.50499620116183,4.120577011297214,2.556567029758856
-0.008159381790995318,0.0053511157673393935,0.007746179973976201,0.003061739306625006,2.2942478222010942,6.358220563002399,4.306190418148561,2.5745588641470656
-0.008032075669999158,0.005244086531406569,0.007486381667089501,0.003093905363733686,1.9914676667343152,5.739870641507944,4.002195151265759,2.2801171764037274
-0.008306313695911127,0.005295594968187608,0.007838272887015748,0.002817922776402616,2.354176807177388,6.648146660555561,4.191003240784524,2.3152539757924058
-0.0081803853937702,0.005194507371418568,0.007593107525838433,0.0028725206158482677,2.0742491259442417,6.039152791675378,3.9233057487664627,2.0626146338979017
-0.008454915646326116,0.005244717217658646,0.007919998562691462,0.002579159136951075,2.6610547005505945,6.929955963859659,4.057717346348301,2.0626578725730784
-0.008343899288793947,0.005142322583730135,0.00769867767584478,0.0026230395328402634,2.090219063953256,6.357306320234428,3.809721173946844,1.8200377580214209
0.0030130744785031747,0.005702869396823263,-0.001972528200037007,0.004075137316945004,0.7011625063490018,-0.35011077015780945,-0.11962100455689847,1.9700018306882057
0.004088090076672894,0.004576573571473604,-0.002911820302045938,0.003329851881997433,0.5706629740221186,-0.24900923701344158,-0.3744323006023333,1.5067134884973645
0.003492404943879132,0.005041719127105528,-0.002416544711074714,0.0036382211802097205,0.6035691519971217,-0.318861950405634,-0.23846332066546552,1.7223239001664723
0.0016099621418025237,0.007402448670551948,-7.684351066570284E-4,0.004774997877543523,0.6447816656256372,-0.3305759399150454,0.17702246810910596,2.4039168086488627
0.002215046593082112,0.006100983608047943,-0.0013361599437941984,0.004165712521935926,0.6943621986641116,-0.36775078763262364,0.02473606483593047,2.0962806257391144
-0.007014175417026906,-0.005588590324248969,0.006422903496069052,-0.004337457675966362,1.7171551797829256,3.296329645130125,-3.7319965189204574,3.5276534957226935
-0.006677028791433201,-0.005573604286742847,0.005920415806338188,-0.004423695427852843,1.5106341128481937,2.3179638244872547,-3.106215870751917,3.3692569822565166
-0.006839138549753275,-0.005485290093692173,0.006104137806362718,-0.004251225364852756,1.5136372863034497,2.6078015542368846,-3.2009981869750592,3.20950818644052
-0.006283309558880516,-0.005574807756022749,0.005372252577761353,-0.004485108291086881,1.3065700236193745,1.461832289786951,-2.4691782104998805,3.1489179780289365
-0.0064709253621172995,-0.005446734111122629,0.0055775961625180665,-0.00428884463606232,1.3075571577539247,1.7142306799920501,-2.570274742364117,2.976873069983565
-0.007730047808600203,-0.005544967222482056,0.0074243759419947005,-0.0037758606130232244,2.179395371574705,5.474273112611219,-4.572192546508179,3.4169404235640024
-0.00759509017032249,-0.005449032964677899,0.00714780019416411,-0.0037745603764229823,1.9471138273535755,4.904124171031345,-4.213708754939979,3.0315639789945457
-0.007739153305349741,-0.005388921518463182,0.007280574993925732,-0.0035672495268544093,1.9961719761936825,5.2192051675951125,-4.191730080576202,2.8134823031648373
-0.007871104159928418,-0.005475864446977092,0.0075358046050551875,-0.0035484073834129107,2.427686173680367,5.769812320678882,-4.505527467019364,3.1395579803683193
-0.007166716582144958,-0.00550216241521108,0.006585454423808572,-0.004138068154892707,1.7135697262846261,3.5998579533100554,-3.7751286756055866,3.308693897130206
-0.007328312619400432,-0.005473921495759239,0.006794715830931467,-0.004003763205833819,1.7968030699886046,4.05545917270876,-3.941606878220809,3.2119329844811206
-0.007438334239981567,-0.005344187322886481,0.006836789729248075,-0.003751216806541327,1.7420982979906923,4.093613075971138,-3.75944886324136,2.872969680352927
-0.00801426371656846,-0.00541122549991139,0.007642206214851028,-0.003312810203276844,2.5163960922262834,6.065956170920842,-4.421039328524488,2.861917239737797
-0.007894967737777817,-0.005311481605911982,0.0073969122795915785,-0.0033185486146281164,1.9731628575857225,5.517047756195566,-4.1035973511762505,2.5259159361756924
-0.008159381790995322,-0.0053511157673393935,0.007746277088640446,-0.0030616153891504863,2.2794947037817046,6.362893136142762,-4.319884097084524,2.587262645612964
-0.008030148338306979,-0.005242428677114284,0.007481944006309236,-0.003094699887981791,1.9906913360728054,5.74392577492564,-3.997015132469643,2.2724099007514043
-0.008176525356810687,-0.005195170490544772,0.00759063685258394,-0.0028771055085751083,2.0591379419173363,6.047139335447748,-3.924628431101038,2.0628969217517903
-0.008306313695911128,-0.005295594968187607,0.007836870436225015,-0.002822043398957929,2.4443292694262606,6.649764917797429,-4.205198751282404,2.3288702213150523
-0.008334891715346753,-0.005138786418485898,0.007687847039211017,-0.002629645972810846,2.056648443987807,6.342765061941818,-3.8027837575055874,1.8154280070467286
-0.00845491564632612,-0.005244717217658645,0.007918339291248489,-0.002584528970950347,2.725124153132999,6.929519432804734,-4.072194780822615,2.075397362248096
0.01502007854608904,-0.011039540970542414,0.0016384161965327705,0.007908684023028079,2.2213606589866406,-0.3786626604407383,0.11427750212094646,9.131390281084597
0.014879595159429937,-0.011090665429940796,0.0018073133421727925,0.00813091982917222,2.8840485306660564,-0.26600916496662025,0.15305403624305414,9.838610495090181
0.014842921746160495,-0.01124342629880737,0.0020695467267959544,0.008068086926234634,2.635564093827624,-0.24829558189782533,0.4720188113342149,9.806896208541952
0.014999250673842009,-0.011200845842902901,0.0018808009890861007,0.007824615902675825,2.190260601805843,-0.36821841471870304,0.41021834586381806,9.025787478341371
0.014801469324203571,-0.01139495244676372,0.0023219002802411263,0.007999116516449939,2.6970312055473964,-0.21057542768814794,0.7837299082747776,9.761376088459604
0.014958673145693447,-0.011358950519249376,0.002127484914067899,0.007760534169770235,2.2125180398396718,-0.3333899415865073,0.7037274628707851,8.980975855737936
0.01467625001632953,-0.012109497346784138,0.003316122593420949,0.007352061304944576,2.2538126950756774,0.10256650251435502,2.078459590016117,8.537349236336238
0.014588774500088612,-0.011985736283431544,0.003313745964063699,0.007641816119912351,2.4568670404411845,0.1357633961930622,1.9895273004771041,9.372653365036793
0.014648884232660607,-0.011840618209004684,0.0030633017701384396,0.007745582513928388,2.779047177697081,0.02053220007246784,1.6947174119958583,9.50350852501391
0.014750636553136812,-0.011966989016677814,0.0030765794531836693,0.007431642093490491,2.2161376085212106,-0.022421837824442067,1.809939824525676,8.608974205772698
0.014800089391947394,-0.01182043248997646,0.002857976026821699,0.007537018204138947,2.235948348498822,-0.1178075902611575,1.5608527141114499,8.768722920349397
0.014704405031812397,-0.011693686304088879,0.002825730465060241,0.007835406976067728,2.5343944487262267,-0.07572723735013313,1.3981214602995775,9.610555464066932
0.01475528278234136,-0.011545084353673888,0.002576750394664074,0.007920709045439386,2.589070638435707,-0.15306306493457636,1.093956597226388,9.695540491044612
0.014915831598813887,-0.011519362795248499,0.002373434186585949,0.007680699735958343,2.206109003780711,-0.28003011946859285,1.0007077447777475,8.892051048192956
0.014863717560782199,-0.0116656578919622,0.0026069259141664335,0.007612969718033792,2.2412156115798214,-0.21196586210285115,1.2702836740876444,8.835199249367946
0.015270013183894612,-0.010161782296837486,2.393958780628313E-4,0.007777479463757894,2.018576810466657,-0.11357748921847488,-1.4505984372051868,8.08061692869534
0.015249475064497295,-0.010345233120166766,5.138715302214198E-4,0.007788367612075552,2.027915926946571,-0.20741001494821767,-1.1636708449591826,8.232343094848636
0.015198825289117663,-0.010491566226072122,7.428646267507147E-4,0.007848024277482478,2.0975342808181767,-0.2722780664133865,-0.9213165866002401,8.505044251464312
0.015226572407718249,-0.010645638460892434,9.557651263045736E-4,0.007737799864026272,2.0424225069341966,-0.31340101822214256,-0.6748163800021053,8.29739312913071
0.015213749245031303,-0.010832266281185578,0.001225547143399353,0.007673062145303161,2.0116100165166704,-0.3486928923224322,-0.3758599679679902,8.248666105338545
0.015136215723260543,-0.0109786286614149,0.0014734067083468014,0.007731359277984603,2.0910210023143216,-0.36711692148502967,-0.0959162917212946,8.531489767600773
0.014732615455696844,-0.012401270729928757,0.00348330098731462,0.006872447236130569,1.9683712426892221,0.20150814110147078,2.1023867773152314,7.433859807614536
0.014752758747446859,-0.012234353760047464,0.0033238073181520783,0.007074555875694113,2.0471563405088036,0.1119660804696631,1.9868183350575581,7.836586413828895
0.015415165773530205,-0.008945254167282176,-0.0013906998181286094,0.0071629340231163805,1.7394609039638598,0.8349500909690127,-2.7048961006675007,5.8651450983503715
0.01528781423328985,-0.008470052880255105,-0.0020278462297608026,0.007027188701772406,1.785467221938818,1.365171004817044,-3.1333420321042285,5.395012201016201
0.015387861913267097,-0.008730740115294075,-0.0016586800360562598,0.00706879757285669,1.7133048708304959,1.0471129903039005,-2.864633146907036,5.557610209956007
0.015417898904303786,-0.010033767875618906,4.9744217194820414E-5,0.007497196167114377,1.8288868303853258,-0.025661440686883703,-1.5658459543605958,7.211221171243944
0.015454776923627794,-0.009826558874541312,-2.32528126714844E-4,0.007416322651226708,1.7842391844777088,0.10517409681280952,-1.8082349256542904,6.889068065745101
0.015391902373595237,-0.009321160171540102,-9.282056279606129E-4,0.007396856230158955,1.822425959933957,0.5096508928984173,-2.439194684251346,6.6066726180723885
0.015418996859812479,-0.009130295711287057,-0.0011614350115939037,0.007259833643421477,1.7680617351528392,0.6656181773472428,-2.5685536172917174,6.185271994661477
0.015480943018833364,-0.00963434220474491,-4.837080934699898E-4,0.007335259026909673,1.7405165866786731,0.23993366650630002,-2.0106915526255063,6.579065088936104
0.015505382998491479,-0.009463458543756128,-7.001404390789814E-4,0.007244211932944803,1.7018657481370447,0.36360319814353725,-2.1651825201199446,6.273798737096024
0.015600459449286067,-0.009056872046814912,-0.0011586320809958957,0.006911149565500452,1.5708266280082652,0.6455174836685239,-2.3553163459587756,5.2747279005132235
0.01550556159499324,-0.008312142740050241,-0.0019989021589467346,0.006560848001806486,1.5160444942892053,1.2721167616411935,-2.7375730377190837,4.3224702092197935
0.01562960221858045,-0.008118907179728067,-0.0020623078284849818,0.006225419143855331,1.3455900406421124,1.3088626898628954,-2.579171498551861,3.689544593565535
0.015252398079585778,-0.007176555675071892,-0.00306628461438289,0.005718831299569795,1.3961545833148146,2.2223279371643727,-2.779190521623179,2.683399872269734
0.015143223414516944,-0.0069551958231758625,-0.0032978731128013193,0.005562239511726663,1.4632128240677333,2.4384752468481956,-2.767963322156433,2.4267188266985813
0.01561207088848128,-0.007869611650934975,-0.002267989755817892,0.006033813364559038,1.3122176347207615,1.4619296423888601,-2.5640802876722932,3.314203539058592
0.01556399374692718,-0.007605615776872874,-0.0024909090603372343,0.005839298515896928,1.2763843570302884,1.6485416799351018,-2.556274958151779,2.954698377504643
0.015469514010069782,-0.0073306564222873315,-0.002752466061922015,0.005665946202611457,1.2653797300009328,1.8840207498420385,-2.570510293034024,2.640019931071215
0.021938049030708007,0.005435543330248158,-2.818743325796135E-4,-0.0011647253248162333,-0.004040836255268796,0.2000356679146805,0.2614915885407139,-0.023387569838582298
0.01876896599024369,0.0036607673793183633,-0.0013396611684165418,-0.0015738491161826405,0.18919181463157592,0.6349738197140277,0.30164274537614677,-0.1818681657660739
0.016053079182061385,0.00220239650086064,-0.0028099482733259856,-0.0012613727441297806,0.4926532333828638,1.2160584892247972,0.2023717368770848,-0.29382174995259486
0.014432645464115507,-8.442158330332478E-4,-0.0037024365053721403,4.766018198019683E-4,0.6600414750444968,1.4759708239572453,-0.04341707789512888,-0.3212210358270979
0.01597089660429652,2.720166888565789E-4,-0.002802043711238561,-1.5860932434882193E-4,0.47475039465673313,1.155702024176654,0.021538297212918833,-0.30404597476908196
0.014345789378833627,-0.004384423302544755,-0.004295267781271452,0.003031097584386598,1.0072952628631517,2.668344585569766,-1.0132406626782793,-0.008452723682053685
0.014537119769994881,-0.0033928514343087796,-0.003977464269909906,0.0021595542587144775,0.8333831562128721,1.9762615225792184,-0.47422725861469545,-0.25236122988637955
0.014765572127096713,-0.005369981366558133,-0.003980241802226344,0.003949432601244851,1.1603983654220593,2.658407776383472,-1.579720923065716,0.48890785165467593
0.014828065006728805,-0.0061874386164643275,-0.003905616298286685,0.004857602504182761,1.4261009659158856,2.912072404050178,-2.402892946825997,1.4220668702215336
0.015151010061857513,-0.006607297666718307,-0.0034080961019910152,0.005147853771133962,1.2701079895320113,2.4598218747615235,-2.434994056440706,1.7809798759861248
0.015536167637422198,-0.0026276656506811014,-0.003165930651571261,0.0015718202083408357,0.5833951943821455,1.419332847996194,-0.2818726744055942,-0.2854267998549574
0.025,0.003548999430447187,0,0,-0.3008809443050367,-0.001972463474425205,0.1480621128921974,0.04359600475654155
0.014221641019906124,-0.012679131780828632,0.004456761879704501,0.007036681080791463,2.7578656002809967,0.955084174327868,3.282968288386695,8.468017461054073
0.014380433133151588,-0.012687168904898245,0.004206174674116427,0.006855832347856131,2.1365346573646686,0.7381259428122008,3.023880454573423,7.772579172085508
0.014639540562307577,-0.012559595197608393,0.0037280058808289566,0.0067588670329522425,1.9431561867960048,0.3565811635488154,2.354525237712734,7.30226984240529
0.014518568156511487,-0.01266581854917051,0.003974007903533523,0.006737179958409806,2.0186395026348993,0.5402972710937838,2.657584454457325,7.384960690684858
0.013797497494953674,-0.013451191999008886,0.005420161396199104,0.005962510721968759,2.1042935638078664,2.0605171471344073,4.062699389773626,6.380169896933723
0.013750556019033763,-0.013306558565652453,0.005511668069775817,0.006245056922729991,2.3886851643193325,2.1213380959701307,4.239230635486782,7.210493244472219
0.013644843410250553,-0.013422735238775142,0.005696211954826264,0.006077128215688082,2.7409781297490086,2.3823568765687537,4.377803032868658,6.928070219395422
0.01413540329229132,-0.012810416269897769,0.004686420362247181,0.006885828158967446,2.4206495845391793,1.165804547222268,3.5076934655022587,8.236405758462062
0.014309737679468304,-0.0128239833387431,0.00439331501097675,0.006703251076561755,2.111043629837086,0.9063764644033024,3.1959589651228772,7.505659647625328
0.014045084994930427,-0.01293892622972893,0.004899176785868297,0.006736276453580441,2.4553868425732306,1.3861918079169093,3.7130879237437218,8.002654798753664
0.014212548744100807,-0.01294828715234593,0.0046086392957948455,0.006583250687662633,2.1615730272114786,1.1149965571884828,3.403330184413426,7.341775374888489
0.013852566968142575,-0.013187119036995118,0.005312564544485066,0.006415128189149911,2.4202538560386335,1.8671794341670491,4.080510490820437,7.480870913402559
0.01391333299736834,-0.013331843538134484,0.005213188625679494,0.006121515884164049,2.134186252257385,1.7954594187776551,3.9060285940088515,6.616997152512412
0.013950775489717909,-0.0130645347166975,0.005100434269385583,0.006585138884083564,2.7145234486305934,1.6183129178947828,3.9016179994387126,7.750874464999053
0.014017229474677666,-0.013217904741266684,0.005018601780290853,0.0062626015271164195,2.0868474260105656,1.5619474115760157,3.748296020980861,6.824958517960375
0.014107657660904441,-0.01308139010961198,0.004831684566678751,0.006439571382708598,2.1325334320760194,1.3521873288920487,3.6083017909829187,7.126342909925287
0.01353553390593274,-0.013535533905932737,0.005893454142888309,0.005885939874261839,2.3475811105444677,2.6581638231975484,4.503865981643596,6.628575861002427
0.013697868021464039,-0.013579745086794865,0.005583311001936107,0.0057655425592808346,2.053991892578171,2.28285561085746,4.143034230028714,6.045724155487977
0.013422735238775142,-0.01364484341025055,0.0060745845974348065,0.005699027361097478,2.3634562609373293,2.935175459473926,4.609827032412787,6.335794027395035
0.013581201840711302,-0.013682702169922352,0.0057686675829043575,0.005608428622732169,2.1073726449669583,2.5453003826233167,4.261782104287744,5.820376112917391
0.013187119036995118,-0.013852566968142578,0.006419997979532067,0.005306660277210881,2.333406876938882,3.506864378941348,4.763673382700123,5.717664392558375
0.013064534716697497,-0.013950775489717907,0.006582455564342338,0.0051039029327726885,2.399342646715632,3.795979192384419,4.813999893164103,5.4114115693478055
0.013217007055813438,-0.014006947538392905,0.006272849047558982,0.0050347156990892756,2.0589202581318116,3.3444344041123344,4.45975360093913,4.9516746138693435
0.013450036478941912,-0.01379613767146139,0.005966214214874418,0.005421327910385895,2.0715533850208243,2.844979362810132,4.370779133124585,5.543609103315717
0.013306558565652457,-0.013750556019033765,0.006242078101875358,0.00551498570886555,2.7149459002278657,3.2155973761102694,4.694621434834214,6.033812661326555
0.013341916570443504,-0.01391342672748277,0.0061056053622965826,0.005212038615231296,2.0145543285117813,3.0683870562529094,4.393485267854024,5.202319488594006
-0.00547719290880399,-0.007146610284940785,0.004112793407025111,-0.006539638837425824,1.9860252999822097,0.5354038902842015,-2.3831754820262794,6.200741257501201
-0.00590405479351225,-0.006617609037391484,0.004934825059420333,-0.00598272127834086,1.9146912723264295,1.279505114111626,-3.0958279524662475,5.602521511939188
-0.005847586826885236,-0.006778521341933009,0.004814363358786261,-0.0062121424131301095,2.0143400581089654,1.183250398511577,-3.1137696414957454,6.027613381705594
-0.005581528722228036,-0.006998480176792479,0.004332660397836673,-0.0063960147740904525,1.963898460761892,0.7071780019321863,-2.576191547389105,6.046959401641079
-0.005706303296920022,-0.006867012149057334,0.004569225929692383,-0.006272658688424603,1.9439592981774412,0.9186067368103444,-2.809522173809187,5.962346569405335
-0.006105526019235363,-0.005799539430063113,0.005187485082655882,-0.0047997026281556285,1.383149861370608,1.2886332411713577,-2.4731018338565,3.517711977401439
-0.005813099806620981,-0.00642856581798455,0.004815361069648988,-0.005657262021200342,1.6762883102968809,1.0461689169261055,-2.647542550849836,4.803863310321578
-0.005865802036095288,-0.005985313375250908,0.004883968494875038,-0.0050374436171461345,1.3898712721009436,0.9885097762864784,-2.286279535285027,3.711121663518373
-0.005747291132240923,-0.0062127572336325605,0.004728470934731402,-0.005327690737980182,1.4991941170693635,0.8777404667450288,-2.2954902026495705,4.104897153685853
-0.005385361894630397,-0.007296167051517755,0.003900703405294212,-0.006679512833146391,2.006521824070615,0.38635368668854414,-2.198480147917857,6.358828537997063
-0.005309321976895435,-0.0074493309171749485,0.003697368779925551,-0.006824242905254699,2.0434081480030684,0.26054536856917393,-2.0318342808297722,6.547947227639882
-0.0052595252889908045,-0.007604948911078731,0.0035152225897724884,-0.006982760230194077,2.096424240955413,0.1620063237014168,-1.9017340078122593,6.8102067995410005
-0.005251260451581908,-0.007766870920007266,0.0033669629143198107,-0.007177217697646748,2.1884052361506714,0.09422647823061597,-1.8294382926005828,7.227671102568766
-0.005295594968187608,-0.008306313695911127,0.002825171547328389,-0.007835677671042332,2.7222733934633383,-0.08254438509688646,-1.271077042965588,8.85337507905363
-0.005169012852668562,-0.008173724789647091,0.0028540912447497023,-0.0075606380751397735,2.3259134104094765,-0.13232468083561508,-1.3967259274059438,7.912932077902643
-0.005134257136804314,-0.007883069122735672,0.003120289639192505,-0.007200586229211243,2.0976084883560495,-0.0295764718807579,-1.5208869701301275,7.036775142121132
-0.00504730337079393,-0.00803378523482781,0.0028750593235055996,-0.007281495835500188,2.0921685474091096,-0.1250883842886177,-1.2608200162341285,7.0219343499266325
0.007109729665300793,0.0030343406922110094,-0.005088178346978029,0.0016932099526128913,0.543029986200661,0.6941908230753359,-0.7937855648549156,0.4906324210353901
0.007736920656754711,0.0021075669962512546,-0.005124519461403863,9.387339423921466E-4,0.5079649902061086,0.6613736346358151,-0.5063228848221805,0.12928758923212966
0.0054601780444156,0.004027252998375734,-0.004059042437983356,0.002877314283480749,0.5724696150117693,0.10539014027506043,-0.7248756703230057,1.160014207782279
0.006158196924977408,0.003541156040627129,-0.004548009390990531,0.002357205333978146,0.5433116264404846,0.333803391602669,-0.7798942116602114,0.840248240927316
0.00391382654380386,0.0037203450507584403,-0.0027167697729104236,0.002616808209225691,0.4928272465520724,-0.2901475433025669,-0.24955398671773657,1.2500236047819095
0.004621040360273039,0.0035026562760541308,-0.0032623109836215406,0.002459784284527057,0.48858711577663605,-0.19710730491486125,-0.35961247114786665,1.058580508586071
0.005926714289005619,-0.0054626760132254855,-0.0048815067463081055,-0.004355557788960632,1.0900361222132313,0.8683426029919331,1.8842755323894613,2.7366126272168696
0.005936640244646428,-0.005049409038951624,-0.004788553230972937,-0.003865296472704665,0.9195804875272298,0.6850205230911909,1.5210816839404446,2.096296409740668
0.0076102295445869324,8.822828318045416E-4,-0.0047940037329445954,3.87841058887499E-4,0.41516698519108663,0.34953175361732197,-0.18843187144890028,0.012433896181470104
0.0071879217506472665,-0.0030954999284150335,-0.005183999361879667,-0.001728489750906608,0.5830892439429908,0.7900085142328147,0.8550596816139789,0.5109778399145725
0.007768193530747135,-8.23082023780261E-4,-0.004862209268065355,-3.4113267295968577E-4,0.4178127687759274,0.4039366130592478,0.1671246493491125,-0.025765704768712823
0.007195281591076331,-0.002147649708316156,-0.004863354896234934,-0.0011130650955741472,0.44659567049683574,0.44850680282529504,0.47709984052524174,0.22331733749841962
0.006635401515213535,-0.0036031888815233138,-0.0049563545547970655,-0.002302119368166221,0.6198627417997965,0.6438013458680293,0.9715658087535578,0.8416018340943142
0.00629401051275727,-0.004176384805575139,-0.0048715205146740255,-0.002895550660808551,0.6994555750976652,0.6546660596123371,1.1781886181665067,1.2612318286499804
0.005887959728865648,-0.004544859339034028,-0.0045933084008052,-0.0033316865548452786,0.729395432503563,0.4770717162066297,1.1678443241811092,1.5601394107270206
0.00559683495816165,-0.006307745851905051,-0.004519122660182107,-0.005416275215057226,1.4432534915328679,0.6708776193919519,2.0928798972399125,4.104529784588647
0.005435478177017391,-0.006505064568571858,-0.004274547818665976,-0.005629541880485978,1.4795495134589345,0.4957224847919499,1.9473720930042255,4.308076313616836
0.005576403387094796,-0.006014845440464081,-0.0045006418681622145,-0.005024564171202847,1.2677443397073664,0.6057836074778268,1.8682486972814762,3.476726669205306
0.005678081201249125,-0.00569292997801417,-0.00460986613649162,-0.00463410726321303,1.1332876726023293,0.6519230630474787,1.7759536722398563,2.975888077609546
0.005389694107668884,-0.006930353442318887,-0.0040887170976880135,-0.006180607878975356,1.7324897157901777,0.4398908698354735,2.0711999778240027,5.27441144115564
0.005324223826671787,-0.006694289199303505,-0.004080571935800422,-0.005832412326817868,1.5583885098487849,0.37819079747399853,1.8541907812568073,4.554224905720238
0.005295594968187607,-0.008306313695911128,-0.0028301023717530282,-0.007833860162515244,2.599574385500485,-0.07594341239764232,1.2714279667413357,8.85660032592334
0.005186207343644856,-0.008186854673349722,-0.0028572974496569666,-0.007592165370664829,2.3768676849506565,-0.12887122207466753,1.3994201738805956,8.010513369385153
0.00512170475577827,-0.008323808592415743,-0.002628542024423374,-0.007659172727869247,2.333753460953044,-0.20953796185101378,1.1520679823527493,8.005204117842126
0.005244717217658645,-0.00845491564632612,-0.0025761482674072217,-0.007920924893467903,2.730893170977923,-0.14665817563919264,0.9836099065748284,8.897687149373356
0.005119284627553752,-0.008060669765260505,-0.0029246558297662535,-0.007384528717583379,2.1867364584764353,-0.10709745895899991,1.3698165870471517,7.394120466660648
0.005200786066541929,-0.007737607286916599,-0.00333248265345433,-0.007094399407705585,2.0994822514069473,0.061350596063788475,1.71868867510361,6.9258701120177335
0.005129200792831926,-0.007895055105199522,-0.003103067782803597,-0.0072114504114031,2.1166868629841136,-0.04217288327396065,1.4989829177231195,7.038050679251724
0.005245007231561866,-0.00717104279747217,-0.003784557642014842,-0.006411982517731651,1.786981535217636,0.2539024499213219,1.8506617116124107,5.5284951813872
0.005123244265973588,-0.007559432200737589,-0.0033809953694920185,-0.0068089233981208875,1.9164760638673555,0.0622900156518276,1.6056414712171232,6.154126513491288
0.005090672036520998,-0.007347163258370053,-0.0034854077826858105,-0.006525753370829952,1.7636317616239985,0.08805516755152193,1.5689251831619178,5.5305924612451935
0.0035489994304471924,0.025,0,0,0.26852356973452157,-0.006152356382111627,-0.12439046913409284,-0.013431698009077257
-0.012553491956507257,0.014489284443119031,-0.006947137714712267,-0.003951313843654728,1.9858734667740288,4.6364281776250165,4.373744201244229,3.4202811191850517
-0.012545204192439477,0.0143037118419788,-0.007174164737265743,-0.004231846344080929,2.2183262516557636,4.968182190863168,4.82954071249286,4.14928886772662
-0.009910516251208805,0.015486486837018415,-0.007365408245664915,1.1921454779524787E-4,1.4290761693471348,6.099700440163956,1.4404507298152327,-0.03299688225568454
-0.010170127153471629,0.015473959946032841,-0.00738315374882509,-2.3138065656400786E-4,1.4585288304059392,6.0393770316616795,1.7323609557426674,0.11426538293167446
-0.010384047038036616,0.015500522583351934,-0.007301191767299895,-5.117922746454631E-4,1.4317231389187668,5.771405228186379,1.9303825560108725,0.2556587286322991
-0.011157195735670852,0.015173894549660956,-0.007534902222286341,-0.0016840226870887124,1.6976056738108063,6.119650638808783,3.0076185403025,1.0282469516579467
-0.010991260818199372,0.015156840107083753,-0.007679936169105647,-0.0014752380128336341,1.7599273696632884,6.516796390710238,2.915264842604419,0.8640368584495557
-0.010849760583627108,0.015251146172645553,-0.007587830361838699,-0.0012283174982770392,1.6850925266817407,6.325785368414572,2.651153773133633,0.6860579848720466
-0.010673360933398946,0.015291140217737823,-0.00759762306725728,-9.664660444095027E-4,1.6462000709247164,6.398164964460844,2.4335512840481517,0.5142498794694775
-0.010595359948389026,0.015482867056407274,-0.007274872101366381,-7.904945501788801E-4,1.4318932263687258,5.6310828736284115,2.143617365556842,0.4146754434791092
-0.012543110842930506,0.01467205755207725,-0.006744090476523155,-0.003669329054555788,1.729438579545019,4.189621555419044,3.928817335439654,3.029332014825481
-0.012383694075038646,0.014687470629967076,-0.0069522206687619974,-0.003534897998261605,1.8186282510283251,4.635896815404287,4.036503485727825,2.888903281003378
-0.012264480176870173,0.014802355368288209,-0.006964940889392915,-0.0032832526594297573,1.7545392969732359,4.665176941216946,3.850148842693539,2.5827073365176303
-0.012106099446616777,0.014881034312273972,-0.0070605804660477745,-0.0030437357691930535,1.7215926299148936,4.877302807288989,3.7487055432182737,2.31789842053004
-0.01192992333088209,0.014882210816997192,-0.007273055313895794,-0.0028747806771885374,1.8097247300373307,5.367372084222788,3.799517442710422,2.1476115950965418
-0.011328017161907093,0.015133917748819664,-0.00747187894267162,-0.0019333648697319097,1.7198536813112248,5.930966459199529,3.175372237982572,1.2349329143710632
-0.011468876987241531,0.015047174771416396,-0.0074978711772377095,-0.0021818840859034647,1.7782410975244933,5.962655561078075,3.403233967889558,1.460276870926265
-0.011790943307603195,0.014986899272021943,-0.0072701456439584625,-0.0026109822576010967,1.746047653337549,5.375204370908904,3.5816940735569456,1.868226821135661
-0.011625397128259345,0.015045238581076942,-0.007349893143775374,-0.0023661746128985704,1.7161510317232074,5.578059546308309,3.445433137951366,1.632088688375385
-0.007235923021534918,0.015584526496473836,-0.005504500119157388,0.0027099284482842495,0.6909080843786757,3.596766839710433,-0.5053268214996841,-0.27633590703342475
-0.007843037728920301,0.01575174240555147,-0.005864161635841657,0.002197558939067408,0.7610187516281521,3.9177939156131916,-0.17929753031521467,-0.32911647653195314
-0.009372862300440746,0.01564481144466714,-0.006976539217096873,7.73538057391306E-4,1.22322552748672,5.445054983505059,0.846053718185569,-0.22833443579875717
-0.009127889431726634,0.015680108654004515,-0.006829138510552596,0.0010475206898934543,1.1180836716958116,5.252042077698753,0.6244736929772953,-0.28369079991091356
-0.008312716150552107,0.015878749566334945,-0.006069090775958185,0.0017187883464754,0.9028646600890998,4.072782881364652,0.13149902653298703,-0.3346941225675209
-0.008682544019336451,0.015845083931569155,-0.006345366260937344,0.0014266673530009886,0.8840788841361784,4.433747235851254,0.33683496023497045,-0.31870948148580347
-0.008965932363076662,0.01586368222510514,-0.006469099047841186,0.001128336840650563,1.038604850092015,4.555406162686723,0.5549800276105399,-0.2815396620727165
-0.009775297590288005,0.01567958761533451,-0.007009283226821012,2.734988181974972E-4,1.2354627524688888,5.361637089075036,1.2435674244134527,-0.08055148893642057
-0.009582780453181708,0.015764520021538046,-0.006832990937684446,4.912226489703058E-4,1.1486560537031858,5.088721034222378,1.0521381835885153,-0.1473644439053517
-0.01281041626989777,0.01413540329229132,-0.006886037873193127,-0.004686387172796581,2.48919119178465,4.382848886619912,4.861513308217287,4.778921082081366
-0.012679131780828632,0.014221641019906124,-0.0070282880495828705,-0.004470105211363194,2.5850687750415693,4.671735722683588,4.8541557679728795,4.466045344186396
-0.012838668557935203,0.01431349774718519,-0.006678745219880113,-0.0043945091893875755,1.951404509263286,4.096345754604666,4.4409406322160345,4.01361575323348
-0.012704122015850805,0.014420375001452088,-0.006787858932517334,-0.004151650777777355,1.912534746252457,4.317326577432687,4.370304926445485,3.665799559330663
-0.013064534716697497,0.013950775489717907,-0.006577240373653637,-0.005110688653645757,2.5959332135538395,3.801658402711482,4.821067330350138,5.412290648042338
-0.01293892622972893,0.014045084994930427,-0.0067348640147221585,-0.004901100128988599,2.5303358397427878,4.09137512011428,4.8498706857996075,5.094517662019224
-0.013100966728290758,0.014111644139902688,-0.00640549329151452,-0.004828789816119744,1.9954336297139077,3.5841133799328584,4.465789726114735,4.644730977810647
-0.012974812870327352,0.014213498986736503,-0.006541437677745061,-0.004616027755884592,1.9780357030055489,3.830729055637766,4.460356023699242,4.334223617326696
-0.013187119036995118,0.013852566968142578,-0.0064176986419509675,-0.005309591163606236,2.409569942892095,3.5152561486500864,4.773313163208021,5.723853706604937
-0.013222409591665601,0.014004242783289492,-0.006266087902534165,-0.005040132778898777,2.042362299948636,3.3342788651893223,4.458773624104054,4.9716768737459285
-0.013339804517017911,0.013910524140605746,-0.006111423841579176,-0.005217664067436044,2.0495687292403226,3.0769967157686846,4.406102322127868,5.229648857675508
-0.013306558565652457,0.013750556019033765,-0.006244531490713474,-0.005512239955683858,2.6190072865505605,3.2251332873133762,4.704713073799547,6.038793170898873
-0.013455599835782034,0.013795906292133401,-0.005956738186727123,-0.005422220403900366,2.090591076071434,2.832432616136099,4.36416966283003,5.550035236290507
-0.013422735238775142,0.01364484341025055,-0.006074141811487754,-0.00569945851248384,2.40769651719203,2.9433451547720106,4.619563937053748,6.34398464566527
-0.005589844607276609,0.015827487788959024,-0.0038070007470064654,0.0029869837370469043,0.19547206028435357,2.012982705243058,-0.4696645128532681,-0.23220740854555347
-0.006657095149132496,0.01621009753360485,-0.004474865620021511,0.002405859945080298,0.39032559266885375,2.5162048044031913,-0.2264521925868557,-0.32772542039790437
-0.002281587606021068,0.016687564364079064,-0.0012428265422742663,0.0024003859714072542,-0.10218309310621775,0.9585877200406493,-0.10062589964351114,-0.3012768798032089
-0.004227295541066384,0.016391654037436847,-0.002533020261945716,0.0026375546658140674,-0.014496122878469771,1.3373109092179796,-0.22164733764500574,-0.29518263865168487
-6.174964165005179E-4,0.01868034848780935,-2.6863055176474035E-4,0.001392294799459169,-0.04564550711344067,1.1472080253815786,0.005512450331071978,-0.28250642999853787
0.0010683747435945164,0.02203172948567155,2.2863972883490298E-4,3.2030847031718434E-4,0.11308921707446366,0.36587342749819657,-0.02469796473577172,-0.17636415331505184
-0.014588774500088612,0.011985736283431544,-0.003309451578593679,-0.007643649569202407,2.512354051713893,0.136620291135343,1.9861329003039145,9.365931823222358
-0.01452413555302291,0.012128895840071584,-0.0035433958790137203,-0.007538056903960927,2.6975968968962394,0.2676651010470829,2.2652568296340285,9.220347369610513
-0.01468351944161852,0.012109925244690232,-0.003308310201796571,-0.007340502580156261,2.1866487276188304,0.0980197475802157,2.065801542397604,8.493458484394147
-0.007450488524432776,0.0053936530855941455,0.006898177071607228,0.0038087390415188624,1.7901589005858356,4.234377998180988,3.88480662351562,2.9801187171611327
-0.0068842314480828575,0.005697565730044426,0.006296474359869116,0.004549204038337009,1.7303198442850345,3.071849093030277,3.742437414236619,3.7987236114031298
-0.007045902480930281,0.00565971325771237,0.00651865175906498,0.004431007347294473,1.8060568752867017,3.510993273414166,3.9485330108301837,3.728766590963416
-0.007150018629144892,0.005528792329487561,0.006582500005047038,0.004186073880521485,1.7419248907917024,3.5847874888733497,3.8037610985597294,3.37409698314339
-0.007305007015029538,0.005445752827195367,0.006741025609588066,0.003978792242770191,1.760305468582444,3.892161265084846,3.8267979745501166,3.146709943097408
-0.006705331644433637,0.005600787793313066,0.005977263349569612,0.004456969363272517,1.5431383477255378,2.4168504553345973,3.2030399819268562,3.456338408682082
-0.006517799710163529,0.0057910136255353555,0.005783857033533983,0.004773216644172933,1.5992363871407578,2.169073727079041,3.2157776614728104,3.853752411737364
-0.006290383644244529,0.005922703315261876,0.005485364974869692,0.004983527703426613,1.580004611637065,1.761209129086143,2.9980648969671773,4.024445353418003
-1.3713274083963657E-5,0.00730590772132558,1.468379894347123E-5,0.004513496570594622,0.5859453044838246,-0.3081746980406592,0.018027601357738236,3.033199018915966
-0.0016545924861015417,0.007301613688528633,8.081788980785633E-4,0.004755479384438159,0.6619122670115684,-0.3440759539196153,-0.1846916552521856,2.378917054771413
-0.005280174138490257,0.0061390478061149716,0.0041175419360670144,0.005109134070433942,1.224159938708712,0.3184235367941417,1.5365014350193122,3.3821578306506592
-0.0060194202313152935,0.005825808337818294,0.005073666741435671,0.004833290672182412,1.3573037993365153,1.1669194796644884,2.365478711988685,3.486760509838191
-0.005505096516818235,0.005901127201860194,0.004407452277596375,0.0048617435846318975,1.162686819888757,0.5015497119792832,1.6891731023926406,3.1855736120305256
-0.005746015227478378,0.005757143809163723,0.004699201675977311,0.004715387472820816,1.1987156571850315,0.7401551438098198,1.8966908974673067,3.1274075659631495
-0.004863310738500182,0.006294666510986104,0.0036116179098295777,0.005162119049900971,1.1200853740608052,0.011663217807910369,1.0963595970078954,3.1811990243442874
-0.002840307122421961,0.006892179270878449,0.0016355304577343052,0.0049213764629060545,0.738486573235635,-0.361030379078351,-0.009798675667108772,2.2870134088886878
-0.003730379794827671,0.006651385631229301,0.002403493042321118,0.005096386878814398,0.8691129535751901,-0.3289236300498377,0.29915328782560685,2.5551097766669795
-0.004149429570145942,0.006108373023321886,0.0029095888224202854,0.004740780346780213,0.8696342032215963,-0.25043768200143895,0.5144633902211594,2.395433905359664
-0.007564073815243228,0.005252156718371677,0.006920618405028918,0.0035360172560041023,1.7175696584930902,4.214162183679669,3.649860937960949,2.621674309375569
-0.007756000076819863,0.005229546643358592,0.007140349726790692,0.003350682125615898,1.8280081865585465,4.7744064952360095,3.7785177374105294,2.473801497273805
-0.007892154323901833,0.0051278126778529646,0.007200946627632101,0.00310339295082301,1.7915330259483595,4.895236074978736,3.624498012201251,2.192921165939044
-0.008057678223541156,0.005060228688787246,0.007313416569708838,0.002863392221302351,1.8140012848047584,5.17930887915174,3.5444986185877485,1.9584398730060169
-0.008222440608999737,0.0050589233204888055,0.007481927658987797,0.002684645024084473,1.9148176963092216,5.671310519299148,3.5919478537326732,1.817869144125202
-0.008605047553236283,0.005198530675796427,0.008000207657609986,0.002318415888818419,2.3394109990419283,7.212796265716566,3.905788105119471,1.8114094419377251
-0.008493353060942507,0.005081744278857509,0.007765463347631299,0.002376507506320945,2.105653639592108,6.577905680372534,3.6502004453542187,1.5731542803949503
-0.008646714982454732,0.005049104613449003,0.007854194646143424,0.002144489009160208,2.192745341065516,6.879148435976885,3.5292735971707434,1.3775619802357892
-0.008756573701192635,0.005157078253839507,0.008066994624796113,0.002074583507765724,2.636132586476966,7.481856214491967,3.7437545417767075,1.5801968112408273
-0.008909334570059206,0.005120404840570064,0.008126226831389244,0.0018287279153854233,2.865811865655084,7.73837114016892,3.5635745615113485,1.3553799418599664
-0.008800258180345485,0.005005898580175501,0.007917305893717433,0.0018992226999060954,2.1757484441324686,7.124584599709084,3.3561186025719496,1.1590940147865398
-0.008356273318557742,0.004955091873112188,0.007492905163061403,0.0024319274018269085,1.8835434529728634,5.681559675538825,3.364637332377056,1.555592054520597
0.002331131423228711,0.005019318024157766,-0.001533462758715711,0.003435164958218117,0.5578963921536187,-0.3678563697194947,-0.062333387056772376,1.9170554337314343
0.003114557892123407,0.004125093748079666,-0.0021192964077858304,0.0028690160958892512,0.5401400506175662,-0.3396894820954485,-0.14123086049221337,1.5285061144047127
8.613048953413382E-4,0.0056280762468300626,-5.199208755013669E-4,0.0036342040657373824,0.5891161657592169,-0.33405176505575973,0.047295471402860216,2.9093891492189914
-0.00701149681106303,-0.005386712218397418,0.006284161582486197,-0.004049469532628817,1.5458135532366908,2.912405850313897,-3.2660438148805686,3.007642456149511
-0.005964282424372709,-0.00541573325203221,0.004916689401098248,-0.004297721030854921,1.0738348845826737,0.8827193893709625,-1.8711563746172504,2.6640574600866955
-0.0066452182897381975,-0.00536881245789195,0.005776164233410282,-0.004147856182030806,1.3409154116169637,1.9961783510623052,-2.7048085027665603,2.8842137556956042
-0.00683791851005287,-0.005302314145244321,0.005996622120438571,-0.004001062434438217,1.377123855759818,2.327048005889356,-2.8518055310012542,2.7937030826576144
-0.006229992880816324,-0.005260940291419124,0.00519932426221199,-0.0040839562250226365,1.0911022513407433,1.1644902566561652,-2.02659164212001,2.522614527538369
-0.006464249931871137,-0.005215567753020083,0.005472719780261987,-0.003991929136970009,1.1706354290564533,1.5047560201149137,-2.2522633050143503,2.5286799577992154
-0.007599526337803166,-0.005269556578240191,0.006982194839114068,-0.00353073895214167,1.7431451941616085,4.406331061328756,-3.74795756522717,2.642337318886662
-0.007765938204282211,-0.005245188114739084,0.007167819793330322,-0.003359598817856594,1.8360953141484877,4.871478194596003,-3.8337963226300653,2.494452189311135
-0.007214744240319936,-0.005285866053631138,0.006489959530858084,-0.0038124773002744103,1.560484772237272,3.2764128079937374,-3.33057549232793,2.784248775054693
-0.007423424188311515,-0.005137415793926469,0.006644122777455676,-0.003493047096181643,1.5381723784519392,3.5349508954271016,-3.2495379642570748,2.4400540090324054
-0.00788717270992191,-0.005128157248831509,0.0071932665508577754,-0.003108660355176569,1.7963351751236534,4.891965607883827,-3.628272535861434,2.19620334089846
-0.008478596932199408,-0.005072882442396819,0.007744138296573562,-0.0023870487936595557,2.039735532081281,6.536527647213468,-3.6331346117969505,1.5624272154769077
-0.008605047553236286,-0.005198530675796427,0.007997384227755415,-0.002327869219069839,2.6122871982838607,7.208443232978561,-3.9208236991076078,1.8242979546216205
-0.008048578717767674,-0.005057421450146655,0.007298844937460468,-0.0028681921336565705,1.7910203601487904,5.15083100900521,-3.5383700507355376,1.9596633905440026
-0.008217211320691642,-0.005054238586766163,0.007470424934060578,-0.002684775219468655,1.910440149178121,5.6505528886533485,-3.5791714392522023,1.8098687773458906
-0.008346107909629126,-0.004955523571664105,0.007482832223608841,-0.0024423665102937028,1.880955802607799,5.663292696661331,-3.365417406340622,1.5612709246006604
0.01515845073681061,-0.011144438953303026,0.0016814876758546049,0.007578236469548453,2.0208610336493646,-0.3632181462031135,0.13361947850289557,8.217755449593561
0.015127505002091427,-0.0113297982728737,0.0019432376078518455,0.007488094146096433,1.9924644735997517,-0.3416115738985128,0.4203304067671394,8.111038429919299
0.01505372252599561,-0.01146968655164164,0.002177950956472931,0.0074914955621712045,2.048983835583763,-0.30732904317242055,0.7021372197190084,8.250957716042166
0.01485287387742022,-0.012104433681516058,0.003079565391650873,0.007105566767161147,1.9897691020886132,-0.01334058418041934,1.6928099652155646,7.77470779467104
0.014917966625816615,-0.011938682230864103,0.0028407623122762454,0.007213259226322874,2.0141271905924376,-0.11405830070823954,1.438790583295753,7.906525637466401
0.014938855517502847,-0.01179377967104806,0.002666511393195551,0.007347420386171073,2.0561081035088917,-0.17821429428953592,1.2659583766090552,8.154190185821832
0.015052668122675632,-0.011650333267127952,0.002388482288995627,0.00731715211959596,1.965198454320333,-0.2585046528153381,0.9109338978269453,7.905526122344945
0.015419246005779862,-0.010267297292416948,3.712070322117439E-4,0.007477565919090289,1.8226445228929788,-0.1476509395224607,-1.245950077972828,7.290198707562111
0.015376951534829942,-0.010503604542045445,7.047804937222528E-4,0.007503622705558455,1.8408228665859103,-0.2475411465182278,-0.9210195176846473,7.514796115452945
0.015390367767741983,-0.010756783975071783,0.0010366244888400215,0.007385878845825629,1.8136355337682064,-0.3106497222502693,-0.5669084506942667,7.358866830448135
0.015347783961144987,-0.011015447973557215,0.0013912265919739223,0.0073281832034088595,1.800627855831177,-0.3509509862818411,-0.19906079504964896,7.392718189638992
0.014859479947834042,-0.012551113922243638,0.003415712991339499,0.006516211809199643,1.733667220840066,0.1438082362902224,1.8479171966813233,6.554943028841621
0.014933121046590524,-0.012306393386586179,0.0031459408764093416,0.006742618251145456,1.8050160705480347,0.007695195905207919,1.620107796450817,6.920260525229103
0.01563869670205171,-0.008857765559258698,-0.0013570365511971973,0.006739994469370466,1.480814970529327,0.7772404577859677,-2.39994547826566,4.821465006957428
0.01562543324294755,-0.008571663152649763,-0.001661662336557683,0.006581256501774275,1.4717152898159174,0.9871594048330564,-2.5135341621142326,4.432824661039725
0.015570468105306625,-0.010171936993800309,2.2738865431108003E-4,0.007208687978130459,1.6527364371379718,-0.08042416458055512,-1.3289572110655379,6.513595975279839
0.015615162377857685,-0.009969740794809678,-3.179611278949352E-5,0.007135697731232535,1.582329474857585,0.025150738764270774,-1.5534098803983059,6.223090961249384
0.015598403161924956,-0.00975606195388035,-3.0758710926642247E-4,0.00714947518176145,1.6479605704843823,0.15110176444848475,-1.7887072634531056,6.14715462089731
0.015653365684227115,-0.009288215748832901,-8.644856638995768E-4,0.006928028676242517,1.5328134124181871,0.4497435306774689,-2.1382986804338944,5.399836763744532
0.015694487183798365,-0.009577504230336289,-5.041084756801785E-4,0.006949641243323412,1.4802771803788868,0.24734585062877598,-1.8741977086688875,5.565033200680584
0.01587607222680884,-0.009062829047413727,-0.0010222447343724206,0.006479691428968281,1.3154530079216518,0.5351322661418615,-2.0385959661853437,4.423135618235576
0.01584279057841062,-0.008363487629097091,-0.0016943366736917734,0.0061231523177148785,1.2034443827804109,0.9968658961140181,-2.289898929065517,3.575903173169308
0.015841295312757964,-0.008002912305561927,-0.0019871009079088574,0.005865224152013443,1.2168070980715582,1.195255817536672,-2.28431965541882,3.087075093124962
0.015563369212576752,-0.006892233461748677,-0.0028611434307925405,0.0051339896894902525,1.0964785225136107,1.8905255587924827,-2.195675960971347,1.8211941419176176
0.015922594170707613,-0.007661141300281941,-0.0021261410519721733,0.005504635975484108,0.9918123949731069,1.2914374377206075,-2.110681131341297,2.423601398554631
0.01574301189082188,-0.007312114675814177,-0.0024987590486672553,0.005372745584280724,1.1789510261436786,1.5923800921190592,-2.190891231411681,2.177847876242454
0.02181142981101829,0.001970895991720067,-3.891578867669814E-4,-4.628673470886391E-4,-0.09011201491299402,0.2933416155551445,0.1085833511362303,-0.15995021834136622
0.018334046775966284,5.064502671653073E-4,-0.0015980104540319925,-2.2582793864153863E-4,0.2049192916416949,0.7549467452969864,0.0405348077024538,-0.27019731208380554
0.01667869178341835,-0.0014629299187638848,-0.0024327544341866923,7.871864648273864E-4,0.4011379206458568,1.0637511271635427,-0.12911925614240283,-0.2892341655325954
0.015644983716132033,-0.004415521984599094,-0.003184545109813568,0.0028424659607280663,0.6789275969805522,1.6439071544768424,-0.7714647495531156,-0.04567999192912382
0.015712235681336114,-0.006052780179420205,-0.0030076946644321595,0.004219377443852743,0.9022735749682872,1.7614125409070096,-1.5422180482103334,0.7812095223028549
0.017233127553051168,-0.0036060672820254335,-0.002135822349179965,0.001904803603101663,0.3570987956514213,0.9590714622171089,-0.3857509819669112,-0.18570428564945637
0.025,-6.938893903907228E-18,0,0,-0.3814131136902274,-0.006170114102721426,1.3593858534042782E-4,-0.02559262966250665
0.014489322857338106,-0.01282434460144723,0.0041023031664475995,0.006523569384230081,1.9406321109939426,0.6353209771762276,2.7095056899902694,6.967208685561107
0.014704068964020458,-0.012770879223888115,0.0037571408175079727,0.006384431503559767,1.747052853649713,0.35736730075282097,2.1965202462999334,6.446229768301776
0.014981215457305855,-0.012732119543416172,0.0033667679618949284,0.006150330400081036,1.5218409091270806,0.0967750728250672,1.6532128867989508,5.7757461136713735
0.01386787238577012,-0.013622882650939859,0.005271421209335234,0.005629883876402137,1.8838136410380726,1.8399764159968794,3.6511988018315225,5.677420137691615
0.013946150093314931,-0.013473765562540574,0.005151780142391653,0.005852830367170323,1.9398593442580547,1.7002682001531926,3.6454280442579394,6.058497696047209
0.014392952181035763,-0.012976013881920823,0.004319775055731751,0.006375490336441193,1.9025681240222807,0.8166433810638766,2.901335020369762,6.754591934831649
0.014256031384890316,-0.013081168976452482,0.00457563486943379,0.006321253846237193,1.9755444772087247,1.0646409568400887,3.196333067041676,6.761496128325487
0.01407957461488209,-0.01339055099401263,0.0049240781107343715,0.005922874025324446,1.8746718104031224,1.4206987956923607,3.396197405005323,6.098863511022272
0.014199469117050657,-0.013251990052148395,0.004707672234911226,0.006080238371251794,1.8916158118406996,1.1882136662496634,3.221919089979765,6.318351483559076
0.011545084353673888,-0.014755282782341356,0.00792260952636279,0.0025709716471635476,2.29461927801217,6.855789250312921,4.132435050285167,2.1103873833341016
0.011660677973549527,-0.014883004937129301,0.007585993942322383,0.002579856633503723,1.9098599576775541,6.131438862161617,3.808178485648057,1.834996378030134
0.011693686304088876,-0.014704405031812392,0.007836965825099143,0.0028214181989702374,2.341258029699967,6.605780221038487,4.280517251303239,2.3793269086277267
0.011811196587439053,-0.014828147167542204,0.007503376052612095,0.002814221930346845,1.9142551484390016,5.9131005932043825,3.9458011010306246,2.0809663438825474
0.011840618209004684,-0.014648884232660605,0.007744285513351652,0.0030666856695057676,2.3388833527918464,6.347048546356432,4.4110621814771624,2.6556487938909012
0.012128895840071584,-0.01452413555302291,0.007532256492204475,0.003555847340380761,2.5579167310824964,5.808296741188695,4.625384574777212,3.2384712717284274
0.012254100225224433,-0.014617045066033195,0.0072327197869536805,0.003530190427109964,1.939860458591191,5.241203740221095,4.312057145576772,2.922439884681013
0.0122699521913998,-0.014455032777517944,0.007418937821822478,0.0037867572943862896,2.5111810776867864,5.533592962733189,4.709236308296959,3.5405201370460317
0.01196434567110164,-0.014767627483006753,0.00740903566292131,0.003051593871125785,1.9188296893617711,5.675133960389595,4.070860081517687,2.3427756965658584
0.011985736283431542,-0.014588774500088612,0.00764297676871439,0.0033110123036399802,2.3799604862945154,6.080114161539611,4.52496561174377,2.9408299072499506
0.012117221761857836,-0.01469832485554161,0.007310427903373427,0.003293289772193699,1.909455415000658,5.432973673538872,4.18719504693939,2.6231090557937047
0.012403711514710166,-0.014531447841623713,0.007124094749606698,0.0037777222177203707,2.011319701067759,4.986708536125555,4.410245171281308,3.2438011527105606
0.01240876639851925,-0.014381534484329047,0.007301858901604212,0.004007672742573342,2.188557022686064,5.253790280059112,4.773374634041204,3.8414720244872225
0.012545204192439477,-0.0143037118419788,0.007167027622197939,0.004244029418681153,2.569737655465821,4.962398156623945,4.82037617336332,4.1582407066991856
0.012548633739364354,-0.014465309876739087,0.006982444651226913,0.003984362576195263,1.9864120016609166,4.689406959465448,4.4339069019121995,3.4903949399380845
0.012681029506558073,-0.014375197085557507,0.006872537120719874,0.00421063611310071,2.0111758687394694,4.460710018263797,4.498796050273902,3.799193049126106
0.012679131780828632,-0.014221641019906124,0.007034866584001838,0.0044597412926974415,2.3082658199581974,4.674593655327159,4.848548655104125,4.469433281304813
0.01281041626989777,-0.01413540329229132,0.006891586672467111,0.00467793814921183,2.3055044213045544,4.381858687608718,4.854835214700915,4.779738259685382
0.01282492792826698,-0.01429137604874034,0.006721059589971649,0.00442328861275404,2.0369730652215954,4.159491589495584,4.503391131030852,4.08052165944622
0.01293892622972893,-0.014045084994930427,0.006735613343695824,0.0048999288355225604,2.5786563588816174,4.085821775081196,4.843396194956305,5.099557771480587
0.013081961708962904,-0.01410803983458866,0.006440003552625177,0.0048307082273037335,2.0257460460024386,3.638855813001903,4.500958952963621,4.654883919638537
0.012960151727436475,-0.014208964094264843,0.006568723998527793,0.004618743606189011,1.9958682679438657,3.8745725764811287,4.487266573054591,4.339475782004229
0.01374992553421357,-0.013756069247087896,0.005447183419794861,0.005436725687579513,1.8368932953635453,2.061681668197124,3.736954829769512,5.391092503183134
0.013593145390888614,-0.013824520311482076,0.005696748091952285,0.005351938141767273,1.9169434660996494,2.4208478551380757,3.986075326961584,5.326963810148064
0.01321780116605324,-0.014147680003405544,0.006174494692649467,0.004789592611220572,1.8848961533364055,3.1598112206737365,4.1520435237847755,4.518280163045316
0.01337676577114274,-0.014094772390274355,0.005940222071010726,0.004895650185362403,1.8042019846372674,2.7678790009066,3.9525999425308274,4.623719184004083
0.013513831719784083,-0.013975540579180712,0.005769831145828692,0.0050998617488696866,1.8388571412777297,2.5156279749504127,3.897440729711373,4.9073485274908615
0.013943913210356238,-0.013822049615293605,0.005109107537031139,0.005272999273391716,1.6473599171988262,1.5898527812729346,3.2057973298926545,4.945938130974739
0.01139495244676372,-0.014801469324203571,0.008001122906336422,0.0023153529648119973,2.154103445543664,7.097574930586913,3.968451507013248,1.8513481166235097
0.011508355902734342,-0.014929269482690508,0.007667518503144839,0.00234621324767996,1.930961042402117,6.353166337819083,3.6665108823632573,1.6067150107877943
0.01124342629880737,-0.014842921746160493,0.008068357682019725,0.002069312754960159,2.2811062697277515,7.3219394123697095,3.7908953991648615,1.6088352115550244
0.011360945734098805,-0.01495761906476733,0.007758913079615226,0.002129670624578811,1.9621469422411104,6.60253152687666,3.544808811642517,1.4161748005117964
0.011090665429940793,-0.014879595159429932,0.008127073949866821,0.001824891260457263,2.509134246435338,7.5313653095234905,3.595857247707644,1.3744026036127976
0.011193895305296834,-0.014996987884275371,0.007832774411104712,0.0018711409153899879,1.9273746245804915,6.831738272466414,3.363291743252574,1.187059229835599
0.01093683137430405,-0.014911450597951645,0.008181333478461944,0.0015630733930967165,2.3426322191700817,7.7287703175658145,3.384662088685572,1.1477687629886084
0.011045062749210112,-0.015044568755192047,0.007858294148535202,0.001627450269757032,1.8781801567396246,6.944858395434918,3.155719846264361,0.9731489477154934
-0.005244717217658646,-0.008454915646326116,0.0025739849552772406,-0.007921748567111185,2.7685465153222677,-0.152443883751649,-0.9850816509431598,8.897560762870322
-0.005107989964926639,-0.008327379375704881,0.002611231186321568,-0.007647915081081674,2.3067481628536943,-0.21474241793872317,-1.135508268075828,7.960779825503876
-0.005198530675796427,-0.008605047553236283,0.002318386819921637,-0.008000286001197317,2.8476512843496207,-0.20340107899937457,-0.6955388774740149,8.923932848714044
-0.00505637174594688,-0.00848442915287095,0.002367965746506058,-0.007733607708420361,2.284275274206602,-0.27862408668303035,-0.8725477277821042,8.011376924247202
-0.0052645092192189075,-0.007138798825551207,0.003826760933811471,-0.006381163213020632,1.7737471938406097,0.2826146464627453,-1.8896176470953687,5.511943109325672
-0.005366276605312568,-0.006974605978993919,0.00403811729510565,-0.006227861373524179,1.761534293592163,0.42006641026490105,-2.0598077390934826,5.3570118757011125
-0.005669464940498546,-0.006643401134964181,0.0045719056136383955,-0.005919050138161482,1.7459746181338995,0.8405153188722545,-2.525703769846207,5.145771182873987
-0.005482168706666217,-0.0068028467415110795,0.004260531856683914,-0.006056902866259684,1.7263003861416546,0.5752521645611889,-2.226445642912179,5.179246415852746
-0.0057135758838753265,-0.005653867780832728,0.004650562620165327,-0.004588387785347251,1.1377653022962686,0.6637159158006818,-1.772371322046926,2.923874910787711
-0.005537307911985884,-0.0063410920341003705,0.0044353282166997845,-0.005442419594779009,1.4220874806558121,0.6080635063642004,-2.025668486336643,4.103095987956812
-0.0054801348136645925,-0.0059795977593869835,0.004378932295950904,-0.00496189385435936,1.2032233462016484,0.485475317925291,-1.703679246645134,3.3011147749132155
-0.005168444258194726,-0.007288329161449984,0.0036203630434041875,-0.0065075060271885254,1.7879530361137232,0.16340003968022085,-1.7137799886977063,5.615935214108064
-0.005099418449241055,-0.007466271483942601,0.0034198122385059927,-0.006676267000111717,1.84791822143387,0.06798893110556474,-1.5717748912913614,5.840078755497074
-0.005047561927514009,-0.007676627475117302,0.003200712664666257,-0.006882544279137591,1.8988851420475894,-0.0228759169915139,-1.4264966099723433,6.166563938383013
-0.0049723395252709475,-0.008189985975344984,0.002634905473610128,-0.007364257918382415,2.0810939003391304,-0.20035019058694534,-1.0135334104672744,7.023900911568879
-0.004910666148865239,-0.007854567958971832,0.002899036467015176,-0.006960803289993365,1.8522278695944536,-0.14084421150380175,-1.1175735139824077,6.0635100905656465
-0.00483451928111342,-0.00803439918218505,0.0026565970973203156,-0.007075680514091512,1.8713152638921329,-0.21091941850563953,-0.9008001924795409,6.1293452632727865
0.006355041344894554,0.0019362199701845294,-0.004280976666298515,0.0011540998347980317,0.3455034725629185,0.08353937096213195,-0.3337069195897308,0.31482445593208414
0.0052337764347131135,0.0027782808642282278,-0.0036400521528192208,0.0018769886494969348,0.4075731687781385,-0.11880342857838189,-0.35281719946119366,0.7275834007550177
0.002999923607721805,0.0029188522573740504,-0.0020073921879465964,0.0019817135140694675,0.4503449375068978,-0.3323856872579476,-0.1099120904815989,1.3960743316878197
0.004008980147629055,0.0026862140842653028,-0.0027279617201154886,0.001835234409548004,0.37816400911787,-0.2792534843052152,-0.20795828311204043,1.017932940874086
0.005562043571366279,-0.0052431349746084495,-0.004409554797495898,-0.00409356028207947,0.8963843918909141,0.39784952320082473,1.319875365762498,2.213730315083565
0.005488697826242483,-0.00467796288350061,-0.004221618087593013,-0.0034924296186480304,0.7180295440377605,0.2383433942502214,0.9985651168155368,1.6397564165757255
0.0061839300080064885,1.5372608223242776E-4,-0.004013138435056491,9.693636843575115E-5,0.30647667513944027,-0.03521229191517828,-0.02431425525033888,0.20554563267532225
0.006321684538207756,-0.0026340879705826015,-0.004415944714762944,-0.0016379635474739987,0.43593808052526134,0.2035272575054705,0.5116845044089576,0.4890933751828271
0.006184840641488727,-0.0014228175193342987,-0.004101409749392878,-8.586989398050808E-4,0.33618005272273366,0.008146793163773688,0.221331519968865,0.28379091237289505
0.005862985580512893,-0.0034167083450631786,-0.004260606562589357,-0.002305783769536236,0.5005019999096928,0.15664248596897057,0.6459756877168549,0.8382243160427073
0.0056108642984835835,-0.004101835061493505,-0.004219478457006793,-0.002929887621072671,0.5906861037203334,0.19678864930516607,0.834483510671259,1.2449308506739571
0.005289975234368666,-0.006165269196877002,-0.004137505991111426,-0.0051457776967935055,1.2103173996968544,0.3390876029304338,1.5770158950382163,3.452632903844751
0.005139076595944744,-0.006444029666581521,-0.0039098404735243225,-0.00543996109804886,1.3049475078627542,0.2166296845397824,1.4912714754672365,3.7670294290136215
0.005222889964876618,-0.005683521605935481,-0.004070005608566245,-0.0045633073237945935,0.9910908665016922,0.21698825129794663,1.239143157293691,2.5928841648933205
0.0050720425133170734,-0.006812643254582241,-0.0037244323277546903,-0.005859197112745367,1.430872976641243,0.1396846303699704,1.484625284911392,4.334176041804944
0.005068125179849759,-0.00847932210785284,-0.002384174132545783,-0.007742191809315198,2.297528294498322,-0.275389457085018,0.8885201639562911,8.048134689566169
0.005198530675796427,-0.008605047553236286,-0.0023197785203478076,-0.007999789087227045,2.820346909897945,-0.1980777568619125,0.6931655810155872,8.920850365366324
0.0051570782538395065,-0.008756573701192634,-0.0020618905942715714,-0.008070194506402357,2.9267157248427105,-0.23067076836037068,0.40097815225415534,8.92878355820728
0.005026819415342575,-0.008641655969797568,-0.0021364321438858223,-0.007829919135528536,2.277568532267885,-0.3218181797378752,0.6191279917697758,8.112302167599637
0.005120404840570064,-0.008909334570059206,-0.0018116992015793385,-0.008130093057769731,2.8471311063858997,-0.24554145386126733,0.11058809020478684,8.916802795752503
0.005001149674823198,-0.008800335398290966,-0.0018990091924797738,-0.007916915977176168,2.283044424050985,-0.34638242940510106,0.3574075981548133,8.197335867471502
0.005088549402048354,-0.00906316862569595,-0.0015665501070623738,-0.008180792864685458,2.5225696107879876,-0.24405652963264834,-0.17434617621283002,8.879950596043873
0.004971821226641526,-0.008968134985388657,-0.0016396648396799754,-0.007989805864995298,2.318756841183127,-0.3573039824573514,0.07034006614127587,8.224372162547398
0.005002351108739008,-0.008177415822204338,-0.002679223578917806,-0.007383528234500283,2.0885534542908974,-0.19165920219923094,1.0702970055081467,7.1285534361107485
0.00493309759625768,-0.008338040037015155,-0.00243377349003493,-0.007463289086916847,2.0810326072544147,-0.25440797471670357,0.8188787196230435,7.124938362546588
0.005061544257832261,-0.00921791631991809,-0.001301062673934805,-0.008227116182394013,2.737067721470973,-0.2224328622907306,-0.46293900633431867,8.824113606582845
0.004930126067174,-0.009124880024235789,-0.0013845006170298713,-0.008027119075715917,2.2578054753472365,-0.35741044588817344,-0.19196812377761152,8.135343650060323
0.004911192011114078,-0.009275683841556904,-0.0011486264069342316,-0.008074387598780626,2.219009621965761,-0.3365317207089051,-0.43948147942556076,8.1147932896981
0.005039415511198498,-0.009373420771600327,-0.0010441251688115118,-0.008263705474484313,2.635778006518921,-0.18400697658116572,-0.7446315294251237,8.749182577756079
0.004903793840746524,-0.007970034051359366,-0.0027876407288983103,-0.0070769427152351985,1.9082020381217464,-0.170028659695773,1.0511134538072027,6.272068278948665
0.004974944173708011,-0.007726929225194423,-0.0030795834520844,-0.006878927717723123,1.8385661758799543,-0.07827269725659335,1.2837740385285932,6.031347776414467
0.004927932956712158,-0.007115942879393675,-0.003422075734093682,-0.006143171167447006,1.5201874332956882,0.004210167385314354,1.3007879993938793,4.6346391997168945
0.004844782122247741,-0.007449539007990237,-0.0031343603359073983,-0.006467414896937375,1.611272916559589,-0.09443297026260686,1.143119457805881,5.047082716663326
6.938893903907228E-18,0.025,0,0,0.29316403852957734,-0.04807698404057497,0.0014436685364824214,-0.010274954218322646
-0.012708758077087072,0.014614440071443682,-0.006568080001161886,-0.003854511502121172,1.7287884498677413,3.8388347367955853,3.8851586328934187,3.237292549372899
-0.012689198285881066,0.014824799000151328,-0.006368760149200114,-0.0035478600217393077,1.526565475540756,3.4457885730970506,3.4636857835894337,2.807259871253795
-0.009992127275781948,0.015769419769655468,-0.006872053762659689,1.0583321558059387E-5,1.1273508530009055,4.976278246566339,1.4213861883582448,0.026953071956323123
-0.010277520645548162,0.01573423102070084,-0.006913653303625118,-3.393660044284175E-4,1.249493544807409,4.955717084921261,1.6820029295088386,0.18132888126975574
-0.010487531335449008,0.01565666421628983,-0.007002033825245726,-6.059010521645564E-4,1.2785411602446135,5.072700809852479,1.904307360207896,0.317299845223571
-0.011292386724741171,0.015330925177245224,-0.007164338066258355,-0.0017358443270460765,1.5092548881431371,5.189529882657928,2.8074299573721073,1.0702048381176488
-0.011046823020921413,0.01537592742346592,-0.007252781575195389,-0.0014117193492049643,1.4994388948183452,5.44712856431977,2.614358715156243,0.8231423963814055
-0.010807077465886659,0.015468265893628352,-0.007218818768065244,-0.001065029953025479,1.4361620515240279,5.439904870758156,2.334342886753781,0.5867269110674691
-0.010705024504160401,0.01571519880434981,-0.006841485831318439,-8.466817405781206E-4,1.216111637782867,4.676287679455588,2.020150222145874,0.4588187929852708
-0.012472207202078256,0.01488188667362645,-0.006591479638387581,-0.003335980220472025,1.5747344184947811,3.8515424426961404,3.519109966520802,2.591044864085692
-0.01225582941904737,0.01502560261110266,-0.006683394662075736,-0.0029950722151931195,1.5036558529975468,4.034914859592618,3.3623784359894473,2.2236445208477815
-0.012003677993257751,0.015103533901681029,-0.006864758413668006,-0.00269380991228485,1.5521981194670835,4.426600792907141,3.2977406047801168,1.9222502990786925
-0.011526964303799478,0.015234017766568379,-0.007133650913466226,-0.002080483164974272,1.5534278980224505,5.069889681640127,3.0492336038660843,1.360326761812299
-0.011776966128030537,0.015215575561933897,-0.006934330145971523,-0.002360179655847544,1.4809115089755849,4.600263602046584,3.115330871606783,1.606471374778019
-0.011455556334452126,0.015472334840758547,-0.006818817255190912,-0.0018118341950690005,1.3255373368736236,4.437309869048024,2.6588349179587247,1.1238965858994028
-0.007748043464725282,0.016373859861662274,-0.005130006611547284,0.0017912420389316621,0.4705694878637866,3.08048559895227,0.11153022975841552,-0.3591781391221182
-0.009311562756413863,0.01603144779552663,-0.006350416395925826,7.335795655378606E-4,0.8530763416023516,4.250797240719238,0.8506387621557374,-0.19756972311016052
-0.008743402150953605,0.0163106529731648,-0.005745018433053227,0.0011234347541522062,0.7196030486678727,3.530425278917904,0.5587465971801916,-0.27263200552082445
-0.009726010226763546,0.01598067335848041,-0.006513726097215265,2.891222652175889E-4,1.0494913574766844,4.3627986587298,1.162723800877972,-0.06420077523930624
-0.013000387826938053,0.014373457298490627,-0.0063544676335614185,-0.004357462984311673,1.807663873018496,3.459614805205347,4.035524222011284,3.8946294822078356
-0.012895707245877448,0.014526769277895066,-0.006376701485261744,-0.004076948657594935,1.7171774184567743,3.48306454342378,3.8479886654978475,3.497181050771925
-0.014045084994930427,0.01293892622972893,-0.004887314797213045,-0.00674477547686373,2.7644075117976,1.3899024291501998,3.715713937283212,7.998909961857225
-0.014206058830602296,0.012962967295830272,-0.004627910003406055,-0.00656942350272726,2.0943634117547862,1.1318916206016978,3.4170579850054517,7.3175843012573045
-0.01413540329229132,0.012810416269897769,-0.004675193411697555,-0.006893664938217193,2.7284064805041184,1.168984979154459,3.5085441150037773,8.241976026520588
-0.013245869099961274,0.01415332506972794,-0.006123007666301093,-0.004783956887947993,1.8650224584726325,3.0688334605653402,4.087366254992235,4.493886189681307
-0.013159247861363894,0.014302937515013865,-0.006156118744460774,-0.004517999968762618,1.7711524183114682,3.1047757404894765,3.925831088391255,4.084931368476145
-0.013377269969157462,0.014079989250277274,-0.00594772532767907,-0.0049225578445805315,1.840442758752119,2.7827058695534923,3.9814881156173576,4.667990619862894
-0.013950775489717909,0.0130645347166975,-0.005108680395349475,-0.006578596259055345,2.4401318080109347,1.6261237778217505,3.9115518018329483,7.743343716569659
-0.014128814562345006,0.013100022323892119,-0.00480201322404215,-0.006395988981525619,2.0708530350021044,1.3164768686746262,3.553143752223153,7.009484428818953
-0.013852566968142575,0.013187119036995118,-0.005316427070908851,-0.006412056594372047,2.3625328509896772,1.8715391941900104,4.089414500764534,7.488341334122489
-0.014024922004771482,0.013219634536144878,-0.0050063415438156905,-0.006259018703786797,2.1234720053753544,1.5451732985933953,3.7293996888557985,6.8102648530436065
-0.013750556019033763,0.013306558565652453,-0.005510457422420608,-0.006246162044904059,2.492570379618851,2.1255222557950826,4.247369308226574,7.223004715371718
-0.01391283977439403,0.01333339142736266,-0.00521580566803781,-0.006121737257073218,2.1459971010227363,1.7956521686532005,3.9059049790467237,6.6206817970191905
-0.01353553390593274,0.013535533905932737,-0.0058920616627716775,-0.005887372684995226,2.4296729573652116,2.6652066843349345,4.513796077743738,6.641787827857702
-0.013582577923452174,0.013684543624662385,-0.005766860506027361,-0.005606442756008856,2.1101118545206217,2.543649139270649,4.260366722701849,5.821450935616954
-0.013693945879738063,0.01358094406867891,-0.005591516695767268,-0.00576683833731528,2.0842610340264103,2.2931676701476555,4.153027752214508,6.056885937865044
-0.013644843410250553,0.013422735238775142,-0.005699244560212198,-0.006074293693039332,2.6249942571978577,2.3894349879993357,4.3878174213327,6.939109385430661
-0.01379810302570505,0.013458897330815945,-0.0054192768884778674,-0.005950810710587204,2.114860210851754,2.0610412321793015,4.056136521460519,6.354136491482406
-0.013513611515803176,0.013977323829722207,-0.0057700232152409865,-0.005098845959101609,1.8450777242515137,2.5152256105625086,3.897086235588088,4.905843452414211
-0.013604798547272933,0.013828370450659863,-0.005676336213821742,-0.005346031874633097,1.9202949335446533,2.3878369965731956,3.9548971419347922,5.308421941927082
-0.0142908156217683,0.012818094356645788,-0.00442418565827712,-0.006735371345850414,2.16943194604529,0.928343802753714,3.2337560233672633,7.606092717888655
-0.014221641019906124,0.012679131780828632,-0.00446527642332649,-0.007031397466106769,2.468591547288008,0.9610852786458839,3.288131680957172,8.466509664900254
-0.014353696771323355,0.012947046376365706,-0.004376181399938778,-0.006464154079028622,1.9809462740943935,0.8801476000742114,3.0275746340801377,6.963357313174694
-0.014381628492155211,0.01268685114004101,-0.004206474576830353,-0.006858744936040835,2.1669729301646155,0.7322554619081134,3.01977439785624,7.781851223917044
-0.0143037118419788,0.012545204192439473,-0.004239483962996753,-0.007169731555799416,2.6146213098947713,0.7633234469764458,3.0486842338213744,8.678510865391535
-0.014381534484329045,0.012408766398519247,-0.00401477634514061,-0.007297929420492383,2.5326564889198018,0.5817178028784303,2.799028194826072,8.873592929062372
-0.0144634767949927,0.01254387373012697,-0.003986850908227888,-0.006993857842050804,2.1703413050950338,0.5527429690185993,2.8010249968891014,7.992325293922835
-0.005644018122437833,0.017298431211640482,-0.0031313317920375135,0.001889492756268296,0.11811035829008067,1.6733444463417528,0.0017449762582871225,-0.33496203610004743
-0.007162204508572916,0.017184237066273773,-0.004068611455205073,0.0015931876611571631,0.24220318970032836,2.154852262455329,0.18116837749273731,-0.3189283031141329
-0.004028668587916605,0.01885903551700421,-0.0016993563951513359,0.0012691665300938843,0.013388414400537953,1.2873838226257253,0.07209829711453562,-0.29059946580549917
-0.002083717175787335,0.022001470608130767,-4.478773450775821E-4,3.2399743629054034E-4,0.11540727553060685,0.3836557744463526,0.047534179306277735,-0.17841118663755495
-0.014801469324203571,0.01139495244676372,-0.0023244865845062487,-0.007998477953054682,2.650075972640054,-0.21115993988804074,0.7809573640380784,9.782909039438069
-0.014957126742407694,0.01135975404352102,-0.0021290040417261233,-0.007761067332093624,2.2318056642472617,-0.3314069192748465,0.6996016271791731,8.957213133021567
-0.014842921746160495,0.01124342629880737,-0.002077912576405607,-0.00806605810587828,2.516178085491628,-0.25084895314836186,0.46997016383222534,9.833546550389023
-0.015005528308110984,0.011210122365243083,-0.001886335144962352,-0.007805007772266795,2.2226883154232535,-0.3690011551829971,0.41629072482807744,8.950089309955645
-0.014879595159429937,0.011090665429940796,-0.0018231797069702506,-0.008127387362629475,2.546375373236384,-0.2708603779497866,0.15391225275421574,9.86030282975384
-0.014455032777517945,0.0122699521913998,-0.0037820355581470854,-0.007421181508739559,2.57425395947929,0.416240470615923,2.5375309314162378,9.053452567751595
-0.01454983303941737,0.012394551932277622,-0.0037472986118457156,-0.007116553441124797,2.168454895483794,0.37345266655764126,2.5468854386896527,8.164912503893442
-0.01462201749343696,0.012255562541605416,-0.0035267800490475713,-0.007224463377746913,2.151962450450458,0.22923669247714937,2.3110472056281277,8.311811715663035
-0.014648884232660607,0.011840618209004684,-0.0030600644620315857,-0.0077469548675108526,2.843603477217035,0.0209379275767467,1.6912761121934856,9.501049790889143
-0.014751557086770964,0.011965813017795894,-0.0030755196355631217,-0.007430508577705435,2.170827526247727,-0.023255977241560744,1.8011697987054995,8.59600532011489
-0.014799214138979524,0.011809281430470202,-0.0028470498621324114,-0.007549958152262529,2.2339209826530926,-0.1203452654975924,1.541043087535548,8.785629414975231
-0.014704405031812397,0.011693686304088879,-0.002828845897441406,-0.007834340244649815,2.4038969617918786,-0.07540448236041648,1.3983814126253817,9.61274948569516
-0.014766809860758855,0.012226270910778943,-0.003300600645591266,-0.007066354332488542,2.0014186538264904,0.0933790272727688,1.9332141226640736,7.777810444913165
-0.014855525634540562,0.012101383112773619,-0.003074716910559407,-0.007105726287146043,1.9765148315899068,-0.02093851236054463,1.6662153261099364,7.746419585612142
-0.01475528278234136,0.011545084353673888,-0.002573567472836642,-0.007921784712892363,2.6978981511608695,-0.15291863673279962,1.090955235757713,9.706515151059637
-0.014870964871143706,0.01165233724325263,-0.0025836910537803356,-0.0076134399195569025,2.2100288558697616,-0.21889574125301606,1.2336256329008408,8.80465497852846
-0.014914412547151031,0.01150879438228853,-0.002362056807846411,-0.007692028344397258,2.2002541794550154,-0.2804180081567007,0.9776945823184163,8.892676750453312
-0.011693686304088874,0.005295594968187607,0.007835140839467038,-0.00282638635088932,3.2640112124987475,9.932296587468926,-1.512385032584393,-0.03646290293258977
-0.011840618209004684,0.005351115767339394,0.007743360598703623,-0.0030693442230878393,3.3339802645653367,9.861579763079261,-1.8215266490044524,0.06702087319250793
-0.011806687604898825,0.005183469597496323,0.007584932604121096,-0.0028434034811708267,2.96740904182619,9.107019236910673,-1.6740095825318637,-0.08211035981515362
-0.011545084353673888,0.005244717217658645,0.007924986364579108,-0.0025639792186155468,3.679917277083641,9.990218857419757,-1.1866091958680478,-0.12074977544407661
-0.0115137135279591,0.00509298626100973,0.007766406025376041,-0.0023940033434723725,2.934428113049076,9.282508749329752,-1.1181456563328858,-0.2419903851106078
-0.01139495244676372,0.005198530675796427,0.00799797622884712,-0.0023265780135191443,3.301184880515707,10.020272674488655,-0.8680298819429259,-0.1844403445758084
-0.011669198931524924,0.005122231028556701,0.0076542605468357975,-0.0026173928389895905,2.888401620428375,9.119845021712722,-1.3982378867060328,-0.1744252354592889
-0.007333160521326084,0.0052593257839800255,0.006628784033608145,0.003707542364662936,1.6015140220283464,3.5458541767222975,3.412755177260378,2.711229748276861
-0.006932226894782035,0.005479589688834863,0.0062356953943972,0.004212337518632114,1.5738269973596164,2.83384560962702,3.333235511214027,3.2246450895576233
-0.007131762895892501,0.005335248145576961,0.006417975696899396,0.003921859851349538,1.5435717119928227,3.1257501337246967,3.3200088721143506,2.90212750785053
-0.0074046882999403325,0.005038345817532687,0.00654052556214072,0.003384388566673649,1.4510714253368775,3.26075833305898,3.016431682663257,2.251204716150926
-0.006662223917514088,0.005308043157613793,0.005771020194520457,0.004061244165817678,1.2848907611909273,1.9625400943698879,2.6283431761872964,2.75302542032454
-0.006432426063484505,0.0054560189357201585,0.0055309447347235,0.004308631962572734,1.2797115741596645,1.6525990218872877,2.527719841398646,2.967286863823468
-0.006213467290993381,0.005626049771299474,0.0052929197312420835,0.004560741674902186,1.3128722483175004,1.3790683524108858,2.431517981637929,3.2047810806177885
-7.736321746857461E-4,0.005790900224286493,4.643173312819477E-4,0.003750707682152263,0.5996660437799574,-0.3331711372590361,-0.021081875778812233,3.008532653745863
-0.0021218154533927547,0.005841644712478276,0.0013228915540484181,0.00396271118514107,0.6288548446264287,-0.3678696577434853,-0.04158843117409381,2.0775711804484502
-0.005075698877132553,0.005814474307921661,0.003902771170933087,0.004679307139390562,1.0035104563405384,0.13555164940910178,1.1718150251338997,2.7273945019191337
-0.005877706319125778,0.005495157441386804,0.004822877076862547,0.0043954796418405615,1.1100975167019953,0.8078293002456446,1.8419583616001496,2.757193704699102
-0.005465671429979822,0.005505210541251915,0.004333082458700353,0.004383768214434098,0.979040969151521,0.3886471521228347,1.4042675816441466,2.5505508865105635
-0.004565664684477608,0.005703409235898642,0.003363076450885197,0.004460545464865893,0.8424183126469361,-0.11763253492466137,0.7336535721164563,2.2702205747747866
-0.0033155945332680953,0.005838770378459772,0.002212780110798763,0.0042697018184896796,0.7292697153888775,-0.33733808264027537,0.19860142525386842,2.018539255658975
-0.004037700256256816,0.0054810189170310716,0.0028677539812226693,0.004132958638595632,0.7376053814014034,-0.2545294155888737,0.44640785561218355,1.9772900426350908
-0.007685697597792711,0.005022908604436183,0.006860074418649957,0.003162014026546225,1.5776292660499536,3.95692559023983,3.220017411810468,2.123712837499637
-0.007919546392184647,0.004909449631957399,0.007012071950504272,0.0028368451986113675,1.5943010122851191,4.27903023149564,3.120028582491934,1.81749250866503
-0.008156436072050102,0.00485527126685069,0.007196140036526853,0.002555850313565694,1.6814552309702722,4.757437432018212,3.100044950691326,1.5871735366093793
-0.009063168625695948,0.005088549402048353,0.008180670038835342,0.0015667150682558654,2.7659676732824194,7.991382777477356,3.366604700341494,1.1374679459929826
-0.008952148959205377,0.004953177066889118,0.007952535712820856,0.0016478924344417569,2.1841957437480377,7.297667310096968,3.1455657458012376,0.9369428956825842
-0.00853495476523403,0.004909762406796931,0.007595816066522884,0.0021758453013398927,1.917588370567369,5.999434077482248,3.249723859275019,1.338344669630817
-0.008694779818238775,0.004920980778825013,0.007734430545911011,0.0019811582483524512,2.038883985066284,6.472341646732366,3.2258737893235603,1.1927972459582896
-0.008826125309109511,0.004827464229327407,0.00771386504456057,0.0017420074261665687,2.0096775883183384,6.410840486991696,2.9781993659712036,0.9831413850953403
-0.008381972065627661,0.004746833684666424,0.007285349903292645,0.002219792921751267,1.688754331891235,4.9762342463418925,2.9127961143179344,1.2947711246843927
-0.009217916319918088,0.00506154425783226,0.008227175850399974,0.0013005477809689915,2.678644372737098,8.24068596372011,3.1580888705140127,0.9336828646947039
-0.009114781932614053,0.004913345930564605,0.007993749348251188,0.001388769023826619,2.2434248823860616,7.506420949286706,2.932602690337859,0.7331508391441605
-0.009373420771600324,0.005039415511198499,0.008264811368504035,0.0010355904666282465,2.6020333729322624,8.481521810806115,2.936923463711731,0.7452149937010774
-0.009279551235342801,0.004891062726000494,0.008042354792657873,0.0011325552368700571,2.3286666651183183,7.751113280387021,2.727733678762512,0.5570037604738795
-0.009529528446938641,0.005022183559254116,0.008292555064330964,7.833038926586719E-4,2.864553253747476,8.70298921812096,2.70503245878368,0.5752869787681214
-0.009437462751036902,0.004885446685770199,0.008094347418125798,8.88763529126245E-4,2.410864885444944,8.022259770141234,2.53544668696381,0.4101459928584859
-0.009842960155646504,0.0050024667597618295,0.00832546009449477,2.54857330653963E-4,2.8486513882782307,9.105739139326126,2.1899212046343575,0.26775886753435607
-0.01,0.005,0.008329518999628372,-8.656054581712605E-6,2.783495195416776,9.285831706121813,1.9184341261160245,0.14062199641495782
-0.009907887297460767,0.00485949418201027,0.008150116016461094,1.4540628834658497E-4,2.5979393973181306,8.589304404692163,1.82774892928577,0.01375853946874111
-0.009686089839949744,0.0050098636880925584,0.00831285892912871,5.242203859331194E-4,2.9505912542552792,8.908841288866093,2.454827363548451,0.4150900151674644
-0.009596726483379068,0.004869213220249251,0.008118547831994444,6.368858644273733E-4,2.4315744774593964,8.219016329138293,2.2997966272347448,0.2574132524800627
-0.009755320853373257,0.004854896527966511,0.008129950607740894,3.851335840833856E-4,2.4861452509204263,8.383688300608151,2.054612468765612,0.12058741266588434
-0.010080517503275918,0.004874062574782253,0.008169530042337067,-1.290092067009139E-4,2.649267273030628,8.827038347580709,1.560690414035655,-0.08977595982769242
-0.010157039844353498,0.0050024667597618295,0.008325666634140645,-2.5198001875536234E-4,3.3680133018697322,9.442942101349452,1.6375327475225445,0.03224053723204781
0.0014853503997345723,0.0036297139441190843,-9.726466118065253E-4,0.002375053453159782,0.483438088784902,-0.354917909392607,-0.028588010402589518,2.159536838003771
-1.4765472034268553E-4,0.003942886354319422,1.0057103155928136E-4,0.0025557081950467104,0.5128288920193794,-0.31895922107928265,0.0486028550319739,3.3838796655026884
-0.005550893197921688,-0.005212730747196563,0.004389941680732325,-0.0040611734154438126,0.9065351074027074,0.39871316185200595,-1.3087819554774123,2.171260474670017
-0.006966136102600999,-0.005127311214388123,0.006059371289090548,-0.003726818301566796,1.3256274580972178,2.3650820495507276,-2.710683433272663,2.459646137120487
-0.005901030808987908,-0.004990757967176994,0.004733862051130264,-0.003797903370162045,0.8674876415115563,0.6414344592468532,-1.4652657136031433,2.020376748406326
-0.0066631510847211745,-0.0050460955622650475,0.005640168737368377,-0.003734652362391632,1.1467131870231828,1.6889360974233456,-2.2596879997794663,2.2845408639023934
-0.006296159198668376,-0.004922040909140076,0.005155048409590759,-0.003674147759583814,0.9777280024728509,1.0474684779470476,-1.7564942926556169,2.029721979813111
-0.008909334570059206,-0.005120404840570064,0.008130229349460533,-0.0018109107068368655,2.5074899700591273,7.755216612461351,-3.5828233205112383,1.3664756269489329
-0.008756573701192634,-0.0051570782538395065,0.008070097900076307,-0.0020619678802573237,2.3705008078562497,7.487794790084483,-3.7572922662262296,1.5853919487119645
-0.00879992920477523,-0.004994861146440444,0.007903856983591166,-0.00189268542787529,2.22047371470623,7.104805541585976,-3.335367407420861,1.1385115205389436
-0.008634145871579216,-0.005019742154638351,0.007810153796439336,-0.0021386826468192607,2.1079426881834205,6.772522327020738,-3.4677590279701147,1.3297417125846456
-0.00906316862569595,-0.005088549402048354,0.00818137585479305,-0.0015634078148791801,2.7987933008686547,8.00866023921695,-3.389545550674885,1.155896182002199
-0.008962046725663326,-0.004967498945133913,0.007976250178929223,-0.0016433424101378509,2.2494955633515015,7.393284365866365,-3.167891475773468,0.9446430824366684
-0.007673611049249822,-0.005058167473233509,0.006877987917210207,-0.003213711457006934,1.6005577275014322,4.035324643922505,-3.3053445378030153,2.200777195693872
-0.007178600151015675,-0.004965020324344819,0.006216248729938505,-0.0034266304209514755,1.2804402437382076,2.5767864456747316,-2.6549615364640147,2.1568841915083237
-0.007421103528536649,-0.004843962975309896,0.006409712426961463,-0.003145896812071312,1.3016654508754286,2.8940282324376816,-2.6559545395545228,1.9142307946169639
-0.007888175642667474,-0.004908357927344662,0.006977854009466897,-0.0028650633624873914,1.5797828232342448,4.2159983063979425,-3.12095283311209,1.8427977099022057
-0.008499862134509923,-0.0048810481291031846,0.007532315976615253,-0.0021955322744154388,1.8833467546838507,5.7980980066333165,-3.1936827918498385,1.3392858082162293
-0.008150658640685706,-0.0048483112909751035,0.007182507740800965,-0.0025532930483480216,1.6503341907949665,4.7300205433670035,-3.10040731671419,1.5907727727822663
-0.00833861104141007,-0.004742279514357467,0.007241973443426816,-0.0022605664558442927,1.6465836340677562,4.867567603490962,-2.913465450314408,1.3261480979328362
-0.00921791631991809,-0.005061544257832261,0.008227645026837533,-0.0012979773883193275,2.587859499438783,8.256596691222073,-3.176466977846841,0.9500916157685145
-0.00911650359704313,-0.00493016393149961,0.00801621843991207,-0.0013954657667031585,2.2793218524530316,7.594316593023035,-2.9628379348225855,0.7487206031857737
-0.009373420771600327,-0.005039415511198498,0.00826345740140148,-0.0010461909028781616,2.860318888043128,8.492122866418354,-2.955141250919549,0.7632012575909877
-0.009280851541732242,-0.004913949715699959,0.008072173389952537,-0.00114030448742598,2.3677424575966595,7.867459894471783,-2.769687536519893,0.5798889945530162
-0.00952952844693864,-0.005022183559254116,0.00829214033704579,-7.863350956821728E-4,2.9163477701862384,8.716160561958102,-2.717472456738362,0.586543882994342
-0.009450554802359214,-0.004887976842900523,0.008102162050012685,-8.706357595487381E-4,2.388073781300491,8.079257136588936,-2.521177787999482,0.39646563048461
-0.009686089839949744,-0.0050098636880925584,0.008313325027075028,-5.169289215722902E-4,2.7497429803541196,8.929078872212258,-2.465239110203441,0.4228869816186906
-0.009600480925739702,-0.00486847497104491,0.008118633443960454,-6.316908773869623E-4,2.445272368687227,8.241202763440617,-2.294636685929768,0.25165082420106927
-0.00975565241633655,-0.0048698661115822335,0.008149159416330596,-3.8747938684830836E-4,2.532840363314776,8.471891541294143,-2.076090761539406,0.1307985794043346
-0.009842960155646504,-0.0050024667597618295,0.008325280890438103,-2.630954527197913E-4,3.0180123869727282,9.123187401706604,-2.207239762406126,0.2802397473606255
0.01531474644280334,-0.01130014882917949,0.0017618640074204483,0.0071954202521996085,1.7631360645405199,-0.35116700920065275,0.18617008928689882,7.252946362331389
0.015211747248484018,-0.011510340444166252,0.0020817083889108534,0.0071933190450676416,1.8312832568501916,-0.3209808520585527,0.527494998448076,7.422283590967456
0.015056815934194777,-0.01207645845761591,0.0028098938628319625,0.0068533201210392225,1.7713533118605544,-0.13754295895426275,1.2607441138811366,6.996189534091232
0.015082064396789226,-0.01185821434073422,0.002576218291951874,0.007055788152311337,1.8717125473911589,-0.21072575368735644,1.054251879827488,7.347779999629302
0.015233676275197944,-0.011707989575398637,0.0022746618373074828,0.006979460547822887,1.7245453514455673,-0.2886878607901352,0.7007611720602371,7.013584048050271
0.015597289722832414,-0.010397152255454666,5.104392885907596E-4,0.007131591781908385,1.6287028545041278,-0.17646748198074794,-1.051597891765951,6.440883094708148
0.01554855887969486,-0.010624779063083272,8.08665841112237E-4,0.007155863339298999,1.637825781813806,-0.25142622316570135,-0.7809910608523373,6.630471637145105
0.01558423654678535,-0.010877951432803406,0.001098887909380671,0.006996306814150443,1.5838687104700286,-0.30487444110532325,-0.5005400651814734,6.396106874913318
0.015556226708045615,-0.011200757956151705,0.001487925591504041,0.006869874978221336,1.5285913182686655,-0.33699921023081525,-0.12356591455565206,6.271059794037719
0.015113297054231957,-0.012491716477685716,0.003060484368971356,0.006300561133027238,1.4967097602607369,-0.0513860746675503,1.3666806125777973,5.91448332327712
0.015182342590665438,-0.012262747078150636,0.0028162382235595402,0.0064815817150788,1.608513271701979,-0.14152242691676964,1.1566864535956793,6.153279316826485
0.015215454652080667,-0.012692618022095918,0.0030636862448931213,0.005959027246436002,1.3606043011551197,-0.043425022492914196,1.308344053447421,5.270468695007329
0.016091767540753782,-0.008697615808607013,-0.0012670399391270218,0.005992472394806681,1.1061556966427004,0.671349678486079,-1.9674245043987058,3.4683816010870134
0.01580274351575938,-0.010191726750701343,2.320526267400302E-4,0.006811975843612149,1.37526079357772,-0.08722322168984166,-1.2524646596900613,5.551073631476794
0.015844622594975006,-0.009840189247219236,-1.8073060049304972E-4,0.006750698875511205,1.4003793776026845,0.06921590179520336,-1.5349787300383628,5.264310634902992
0.016084205644338274,-0.00948275768358421,-5.135761888357622E-4,0.006315682291054018,1.1576706523215898,0.22672469947587054,-1.5984354238164793,4.239924920664735
0.016294519366915367,-0.009142622638168871,-7.72818192533513E-4,0.005908930531581813,0.9792255476446463,0.36540747454214345,-1.6320739239816464,3.4624569782805765
0.0164299604793372,-0.00806010840475711,-0.0015486424485969873,0.0052214629373700675,0.9112799094949741,0.811779149558433,-1.640912396969462,2.0666186181561685
0.01633273879116281,-0.007060407389090271,-0.0021057999723072813,0.004658659832194593,0.709649647121318,1.150650601439852,-1.5460012151886793,1.2840727885888106
0.02182751706919178,-0.0013263844568586027,-3.8950868514759117E-4,3.12988562602078E-4,-0.108644138985048,0.2975776207403397,-0.07693963461334474,-0.17644302517841348
0.019282546237513663,-0.0026181879580629962,-0.0011792093194505115,0.0010389788452277024,0.14162128679744931,0.604547978798319,-0.20195673629679045,-0.20704595683079205
0.017285904721592544,-0.005735862743257027,-0.00187301208620091,0.003151039584419344,0.4170545902307573,0.8489046989498928,-0.7834372686063712,0.21422383209865228
0.0188967470529704,-0.0048333053982584605,-0.0012090755054784746,0.0020430227372880087,0.22096524490117125,0.5464678748672664,-0.3949010432987726,-0.06736919244085471
0.025,-0.0035489994304471924,0,0,-0.2902461087672928,0.0016837580155849338,-0.14912618471443664,0.04013839148519261
0.014628942680595503,-0.01298172915175308,0.003961540497437541,0.006155930989778658,1.6822050099984127,0.4957287231275868,2.3311765118021985,6.071776654716211
0.014920695374729148,-0.012963184261166537,0.0035570854427501852,0.00591485267227709,1.4297503157831741,0.20061464286082153,1.7784936875690889,5.411598887627922
0.01515363711709081,-0.012873774830766132,0.003233527316426015,0.005810371394183433,1.2809359039035708,0.028811361580512257,1.4348683515471266,5.095370622006748
0.014097223246064296,-0.013607415478998072,0.0048920607675976896,0.005556654094044647,1.6815817964741926,1.3406266819267576,3.1116613683200813,5.360846395738804
0.014455070388944058,-0.013222564618084385,0.004296239526954633,0.005943347731528626,1.6697372869505673,0.7580202745206888,2.618095423454441,5.8111999219210935
0.014289373489883017,-0.013460224519498333,0.004589538017100219,0.0056883643064102015,1.6287372022680218,1.0197972384019487,2.827298547837092,5.468174277694025
0.01162480232396601,-0.015069667136448653,0.007314601224359437,0.0023430489355125467,1.7020895559984448,5.4769473392379275,3.3863116788507415,1.6043267849604865
0.011778981599669077,-0.01501370450977158,0.007244589197935713,0.002568372788491566,1.7096668166444176,5.2945185909697825,3.5123160147420798,1.821018142224166
0.011928869767220532,-0.014951256810872584,0.007172319831849125,0.0027918132944936068,1.7284543900709506,5.1161550228997195,3.630562297871496,2.045813071830827
0.012383084888998221,-0.014677037156297881,0.00696718898798974,0.0035482542522383914,1.8294648445490824,4.6504460086755355,4.050965803431102,2.902774862700944
0.012268682675417095,-0.01480259098465439,0.006959625966220983,0.0032860741323025096,1.7545434467591132,4.632926314637429,3.832815997181307,2.5779226718040786
0.012102432704847784,-0.014890380539164636,0.0070527069074635745,0.003028414654642396,1.7125049065598887,4.832970945598688,3.713180280940334,2.2943933466430746
0.012546873714753638,-0.01465266440583246,0.006762307251143899,0.003699646237266842,1.75017248483479,4.219386292981881,3.9653637421149486,3.067010716997927
0.012700048122617234,-0.014561926863965208,0.00663842511190606,0.003929656848157159,1.7867255244436289,3.9794609951441835,4.016662828610293,3.349048386136029
0.012813684339457457,-0.014427911653806486,0.006602603352883718,0.004195371580940207,1.8626421597524676,3.9169500382970868,4.182973734514668,3.716178948645708
0.012980304702138321,-0.014390378819855427,0.006373414173597787,0.0043243339837663345,1.7778788944844244,3.486192605923827,4.03007948950352,3.8554696124056638
0.013124373525623954,-0.014283501575182876,0.006229590602164198,0.004544007711202113,1.815428474195454,3.2416960924770355,4.033253285233953,4.146276821710109
0.013741034012046783,-0.013982408861682456,0.005390150641887319,0.005062598948553337,1.647009329112596,1.9390478442770949,3.404946279801408,4.701401247783475
0.013344140979610869,-0.014313263846109823,0.005856564257552653,0.004538636415358251,1.6279380012664855,2.591959343986805,3.595756071027321,4.0309169745288225
0.01357290448462539,-0.014188342745773394,0.005570513674491412,0.004748646502294948,1.5839514618822716,2.1723913024587755,3.414193725582478,4.262540587551093
0.014157745357966812,-0.013868222900524625,0.004769712212801728,0.005130215544955815,1.4355627031046447,1.1878158898149065,2.7542770940476347,4.581868038435807
0.014043118239382719,-0.01408092526718939,0.004896705055288566,0.0048503513329591595,1.3685749577843043,1.3118533306717863,2.748044044339375,4.188491854133603
0.010782083680081914,-0.014938455742167742,0.008227323696556857,0.0012995181786516386,2.233930201056929,7.9166671959179205,3.1645881869692922,0.9376403610938987
0.01088423109889472,-0.01507842850821009,0.007899051520263066,0.0013752495867493829,1.8892826120843382,7.102009534980497,2.9484762567400264,0.7750384570085034
0.010626579228399676,-0.0149605844888015,0.008264472683332972,0.0010382308466230451,2.1564868877421697,8.09113560963738,2.9347296350547842,0.7443084169779541
0.010470471553061363,-0.014977816440745884,0.008292223653786578,7.872188999660255E-4,2.3313410239454284,8.244425638138912,2.696028319985834,0.5687732401986281
0.010565963580039755,-0.015108840835628802,0.007997409626487583,8.855855375063149E-4,1.9119845565704345,7.467012742392995,2.5462024883716055,0.44659151207806663
0.010722860156617635,-0.015098805877874303,0.007947721661921365,0.001126697300372832,1.9061138122527803,7.280541994565181,2.7458476036841226,0.6000556174116741
0.009759670572526524,-0.015124297686519681,0.008056009704646627,-3.7849856733577174E-4,1.8591156369968667,8.008791044879947,1.3296596452979588,-0.16295625284408347
0.009842960155646504,-0.01499753324023817,0.00832507581016964,-2.717471870286974E-4,1.976282902005077,8.70221805373637,1.6507865775358084,0.018246015617887038
0.009686089839949742,-0.014990136311907442,0.008313518936846523,-5.149940163895288E-4,2.4690142495802396,8.769366470430999,1.3767046855303295,-0.07231770756003164
0.01,-0.015,0.00832935024731142,-8.931447324682852E-6,2.113229336940847,8.610781170890466,1.9187216381809584,0.12716554001517422
0.009931251856489368,-0.015146206840022393,0.008030498959974515,-1.0765197460501203E-4,1.8794535235130871,7.8471996458986295,1.5879161205106078,-0.07309707973244416
0.010313910160050264,-0.014990136311907444,0.008312158086083207,5.355449922944047E-4,2.5396874650209864,8.376299739695934,2.4449568072804038,0.40570426158015066
0.010404834346578747,-0.015128177071521493,0.008014064039862658,6.324399329627673E-4,1.843096280012497,7.579002032005184,2.3064592868157523,0.28871944252670717
0.010080315266492982,-0.015158025628990041,0.008007021339003113,1.240390985971945E-4,1.846432177588236,7.713669509762141,1.8060903770035936,0.019245501243023797
0.010157039844353498,-0.01499753324023817,0.008325264098892154,2.57468111405175E-4,2.1364917221211583,8.498457384362538,2.181182052854314,0.2548630334295642
0.01024477374311232,-0.01516173300804728,0.007981956188598385,3.7789205519595816E-4,1.7953209544994515,7.5725050281018005,2.042494354142893,0.13825934810528442
0.011462641245579656,-0.015107417917621841,0.007404951881720017,0.002120049619736462,1.7015049527797268,5.718337249795737,3.2731192575469517,1.400445354227279
0.011305123012515026,-0.015091414142025587,0.007569246131191773,0.0019406019383239998,1.7781804440371238,6.146603620330376,3.239498057086659,1.2444287672453214
0.011168192897630318,-0.015177200577260892,0.007523958288742035,0.0016982329096059095,1.714645816595673,6.066668775729862,3.0032857645790756,1.0388933183500637
0.010996627054265124,-0.015224268018752965,0.007555075176121023,0.001441753109885145,1.693880103197572,6.181668026517072,2.805643633999395,0.8410843566457716
-0.005157078253839507,-0.008756573701192635,0.002061651896738173,-0.008070344028628102,2.9402433682694613,-0.23591603519839718,-0.4038223241806295,8.935075500085878
-0.0050190394992618795,-0.008641863261488416,0.0021302205132607294,-0.007821466661470702,2.2733335461877826,-0.32195947770034133,-0.6144535669094343,8.083994921276213
-0.005120404840570064,-0.008909334570059206,0.0018140149068000128,-0.008129660590242586,2.8052901869820537,-0.2513774407907965,-0.11492254802028261,8.923680729552718
-0.004996044604883618,-0.00879603583730952,0.0019012683077172497,-0.007908788274372846,2.2927964080300325,-0.3456991166099948,-0.36119532436677965,8.17715925459328
-0.005088549402048353,-0.009063168625695948,0.001570465489987576,-0.00818012364850626,2.478285106996878,-0.2512925201707223,0.16716221510073578,8.884247834046082
-0.004964762311736239,-0.008960277875659537,0.0016458659597606163,-0.007978062531787742,2.32698339655968,-0.3574866276236061,-0.07959440871986473,8.194012441721007
-0.00506154425783226,-0.009217916319918088,0.0013065834332054522,-0.008226254359596456,2.611902524340627,-0.23060527325302213,0.4523504924125881,8.82069979332892
-0.004917268907067933,-0.009115678348533243,0.0013911939671281783,-0.008008569266664258,2.2616332241399406,-0.35932680376651976,0.18290360052945331,8.079157341991943
-0.004907640022852321,-0.008354613925451221,0.0023917734922315925,-0.007450155311666415,2.0645904081980686,-0.2601565991967856,-0.7677703498182137,7.039936335706227
-0.004858244683983695,-0.008522451987475465,0.0021521334498422126,-0.00754051781616277,2.0638331797120983,-0.30290087802608007,-0.5355084296634222,7.089906018376721
-0.005039415511198499,-0.009373420771600324,0.0010405286688659207,-0.008264106122050623,2.6724227937744,-0.19072294587608737,0.733576407201317,8.741472442745794
-0.004886328660241554,-0.009279176119980732,0.0011327067824752804,-0.008048264846228724,2.1919172978054164,-0.34023901512070515,0.44913260631298685,8.009450464864422
-0.005022183559254116,-0.009529528446938641,7.732921972163999E-4,-0.008293472318749023,2.785650385122255,-0.1323352516477428,1.0112479371548992,8.649325236343596
-0.004870196430416731,-0.009441944150670943,8.791964098917173E-4,-0.008089778242056622,2.1362232418197196,-0.3014956909264266,0.711263949483257,7.96273276078426
-0.0050098636880925584,-0.009686089839949744,5.183732835470997E-4,-0.008313346420270333,2.6118414843204576,-0.05866799324007379,1.2793875567196513,8.538624590980108
-0.0048725303757974295,-0.009594951519548475,6.425080670646673E-4,-0.008135028813673067,2.1269500588103116,-0.24483583067404266,0.9622919966601059,7.960058125583181
-0.0050024667597618295,-0.009842960155646504,2.6429269935605214E-4,-0.008325191282719083,2.3660881069698263,0.029199490633292788,1.5378182652897732,8.40770312756907
-0.004867799479136479,-0.009760755924340052,3.804765553227268E-4,-0.008159510443608757,2.1255331829630024,-0.17061074180214583,1.2268650374780383,7.876841650409207
-0.005028799510790079,-0.007094498211555144,0.0035532285276559466,-0.006175400243607506,1.5489135915264338,0.07643831816375284,-1.4524676111910841,4.815048564496738
-0.005177193864532251,-0.006977315906732751,0.003789319454298186,-0.006118501922912791,1.6094980538524115,0.21469487133569518,-1.684868107109314,4.8936068647030035
-0.005215066210426007,-0.006783583938435207,0.003909592955676219,-0.005894288689142518,1.5500196657223502,0.26405717523980715,-1.6956640404050944,4.537313910259777
-0.005354148851244488,-0.006549878313286125,0.004156729149932817,-0.005655834620923707,1.4759812473705531,0.4064455973704428,-1.835345049397324,4.282078476945446
-0.005232722693863945,-0.005487588189324481,0.004069901678181167,-0.004340609570222094,0.8904876078655066,0.2022370707020056,-1.1640646431058428,2.347838417660247
-0.005107830603422045,-0.005010606550622581,0.0038861031800558887,-0.0038223801087120327,0.7804101730537644,0.06942683171840494,-0.886791497701131,1.8346942488474567
-0.005159707927645776,-0.006232351945347818,0.003968036141233508,-0.005191913682516301,1.2042801503677385,0.22763071898679788,-1.4314230658868008,3.4056793918530626
-0.004937337341405554,-0.005819187795909869,0.0037467938022364296,-0.004656432330507282,0.980013431484896,0.04661008176251966,-1.0290015419551386,2.5687531740644984
-0.0049232360699985175,-0.007284906331844402,0.0033252953082910076,-0.006336024484245001,1.5958911420935566,-0.021822457705497036,-1.2887444779466017,4.953970462902597
-0.004888415617746831,-0.007493485675800202,0.003154958869870112,-0.006547791217054939,1.6597449270950122,-0.07779019188320209,-1.2028317522011325,5.26939448631459
-0.004759284918229576,-0.0076579988419724215,0.0028997911282939667,-0.006628177810615442,1.6322927857826575,-0.17045257482430864,-0.9707995894996976,5.219651782846134
-0.0047667581771486415,-0.008215897836446521,0.002414468452953345,-0.007182287863935572,1.8479831771981023,-0.26743006624009863,-0.6777167327791429,6.181088970494481
-0.0046515252264616065,-0.007865759757692832,0.0026268537423206634,-0.006753476885871717,1.6257538519124513,-0.24160037188242764,-0.7496117160482668,5.260837329402583
-0.004648785813988574,-0.008073071051308937,0.002444490257749647,-0.006944403233809357,1.690946428011927,-0.27296622416742006,-0.6332204458429493,5.562085024484088
0.004564032356492859,0.0010473444262555436,-0.0030130839181062388,6.930287898532524E-4,0.3095096618883226,-0.25956018736988856,-0.08296858374654126,0.6185740882691021
0.0020750290000676025,0.002092631653243008,-0.0013479298582898195,0.001399906640960513,0.40416507928424633,-0.361912149009193,-0.05475149037640979,1.6314391938789323
0.0031849739610471696,0.0018602749817169736,-0.002101552902656193,0.0012428673560419376,0.37630718117896705,-0.32161870150238625,-0.05335959589354515,1.1622032771180448
0.005115858331797691,-0.004320472115601663,-0.0038072983525428822,-0.00316377714864033,0.6215015083207548,0.01617478139029539,0.7068726148714569,1.3888531902027774
0.004976464248520468,-0.0049281778785703,-0.003751019264781739,-0.0037340514819058828,0.7118851335445456,0.004876357486143239,0.7947691838649222,1.7606157708735357
0.004619405136495676,-6.967554212040497E-4,-0.003037628361815432,-4.675071373955978E-4,0.31015371756472726,-0.2508760474828688,0.05618003682406797,0.5967402088907918
0.005081532167061147,-0.0024455278730506048,-0.0034844547680776897,-0.0016489356047129922,0.36186579319753454,-0.1637950824739507,0.2794124078399136,0.6661117092488702
0.005004115203764799,-0.003643276834994989,-0.0036074960985371806,-0.002571925654030868,0.4745860782286056,-0.0944437805063232,0.48537395021617963,1.0353997814906235
0.0049324798933555285,-0.0060479452143782555,-0.0037272405126022264,-0.004911787136437521,1.0413869711905452,0.05754702205052375,1.0980053293311338,2.8619852859802646
0.004771954710163321,-0.006428382333765709,-0.0034867573857397843,-0.0052846114664470535,1.1289498608261341,-0.029037830194560913,1.0314981282868805,3.219988308214631
0.004637258478381537,-0.00548020994398656,-0.0034438066913623938,-0.004242706851238954,0.7983741425989042,-0.10225329138799079,0.73773305942739,2.132340432301437
0.004636393422535059,-0.006779001962213077,-0.0032374638857918243,-0.005611273812204651,1.2069594239572172,-0.1114139543552544,0.9333793505443829,3.5449447167931107
0.004883477375156074,-0.0085124981368151,-0.0021849796493539843,-0.007560377733324817,2.0833194920388194,-0.30099731411396063,0.5769981477950815,7.190126880085574
0.004856091715778353,-0.008693978217235146,-0.0019365430577340328,-0.007670318047226155,2.0983040981181276,-0.33232207100061095,0.341582136613668,7.321830445534617
0.004871721565870487,-0.008856713658090315,-0.0017320811702589937,-0.007800302509957041,2.1479674059699487,-0.3469060070384074,0.1515880987049847,7.592588502978513
0.004781376693062674,-0.008998548261546143,-0.0014847453306954343,-0.007781319725969659,2.0219587165398605,-0.34420899271176125,-0.11138719275111315,7.273823227591737
0.004794685237525836,-0.008173359458628569,-0.0024840098698152547,-0.007170702280669415,1.852190197586096,-0.24942971957688184,0.7544170411401357,6.218982566162594
0.004728191877902893,-0.00836183992267168,-0.0022280736630807137,-0.007272197643964632,1.8593658599413512,-0.29463581412678524,0.5225420363408083,6.254996020080679
0.005022183559254116,-0.00952952844693864,-7.89387012986099E-4,-0.008291865483921069,2.416300059477476,-0.12996698735869278,-1.0166320724008908,8.654028788872917
0.004890625046004068,-0.009443604745494275,-8.830313561694897E-4,-0.008111873150209602,2.210199204129061,-0.29672192896679955,-0.7170073823366478,8.04463389744118
0.004865137690061971,-0.009594622139137721,-6.41021467309489E-4,-0.008123988729214935,2.1178175762238567,-0.2515531540293545,-0.95094807695795,7.909994898278577
0.0050098636880925584,-0.009686089839949744,-5.168141414467266E-4,-0.008313374994412478,2.713187748502717,-0.055129943639237365,-1.2919242115444274,8.542406435106683
0.004868557103540217,-0.009753484831441419,-3.9160687641576685E-4,-0.008158611256011812,2.1017923949038795,-0.17775938248641043,-1.2062160791243477,7.872482758219587
0.0050024667597618295,-0.009842960155646504,-2.665646664372164E-4,-0.008325279731408978,2.3848768521953194,0.03183049033206291,-1.5533532752434656,8.416894533851842
0.004759842394000251,-0.009178178943096587,-0.0012221259233054554,-0.007849800994211094,2.0301531316158683,-0.3285398986292494,-0.36420852247437724,7.288378108149018
0.004790628697383399,-0.009342939079788495,-9.984441103836354E-4,-0.007955004961394974,2.0598319245574075,-0.30422893443561727,-0.5837493839951193,7.5047873199719035
0.004653294330712399,-0.008008546986011052,-0.002510226686832101,-0.006888109099763602,1.666839077951262,-0.26320927494559276,0.6726073744516251,5.458459153998852
0.00464668080581097,-0.007749232569363863,-0.002715054733456197,-0.00663264482095865,1.5726686711142626,-0.22528919205991763,0.78602697716114,5.018398848779186
0.004548899063609458,-0.007137079609943723,-0.002993964357850823,-0.005944889165933456,1.288736560268345,-0.1776264266354333,0.8318050989547704,3.9124624913691406
0.0044759878805449155,-0.007439647256885948,-0.002754749833250051,-0.006206179823491218,1.3810425935779918,-0.23234489500781036,0.7044305469465872,4.19721395093851
0.005,-0.01,-1.2966050023243014E-5,-0.00832946823065249,2.1828035341781615,0.13175252607346574,-1.8013919481367535,8.271763939512551
0.004856681372779727,-0.009923358588282605,-1.2124116043956287E-4,-0.008160508156545135,2.08252436562605,-0.09154189986118128,-1.4584254127791423,7.712989027185601
0.004836762245898277,-0.01007352622403837,1.1616329931518335E-4,-0.008137954733964477,1.9861316628987267,-0.011610279121102495,-1.656060556075486,7.497334725382996
0.0050024667597618295,-0.010157039844353498,2.537535934598968E-4,-0.008325543561514354,2.2409240048531363,0.2515052354901581,-2.044964273520074,8.104104277240587
0.0048313185968503715,-0.010237675294593117,3.733684362446145E-4,-0.008118161431773114,1.889634552836856,0.09362077134206792,-1.8705285250034878,7.303413437240894
0.0050098636880925584,-0.010313910160050264,5.201276735919806E-4,-0.008313222105836682,2.2581671273382025,0.387126634823637,-2.2785133583702986,7.923672693739788
0.004838384056361552,-0.010403441802438122,6.318545342809111E-4,-0.008097464964835793,1.8155334196899382,0.2172293602520398,-2.084118284042457,7.125469254084032
0.005022183559254116,-0.010470471553061363,7.841639843065737E-4,-0.008292545444914689,2.2416884827861208,0.5366930216944336,-2.500266810004804,7.7314485802310715
0.004855138138181359,-0.010567477374559112,8.883774261409055E-4,-0.008072733691794879,1.7541134591001077,0.3564150848945556,-2.2917941024895137,6.953561433467449
0.005039415511198498,-0.010626579228399678,0.0010455519331619856,-0.008263683706090853,2.196478919885048,0.6989815219081311,-2.7097107102383884,7.528382432665509
0.00506154425783226,-0.010782083680081916,0.0013046025661133786,-0.008226758410802008,2.1307328087189545,0.8729406644467724,-2.9063264412787952,7.315173887852098
0.004878546488042842,-0.010729319999025787,0.0011423583566024622,-0.008040900530642532,1.70035494659627,0.508793286963916,-2.489868019003644,6.7765445283702155
0.005088549402048356,-0.010936831374304052,0.0015623664925222616,-0.008181692744968763,2.070345340948042,1.057956752188826,-3.0898300351956727,7.092436392546901
0.0049064631574450915,-0.010889747602217038,0.0013941651206502237,-0.007999660126691151,1.648293816007748,0.6725299658809566,-2.675653664927092,6.5862097362679455
0.005120404840570065,-0.011090665429940798,0.0018187713191232223,-0.008128478099242154,2.0029630781860415,1.253181540670733,-3.2596029033196303,6.861060499133116
0.004939368878695831,-0.011049615961013,0.0016450548250697503,-0.00794945530940855,1.5977521482621981,0.8480995498066025,-2.8500766286156263,6.384103979441325
0.005157078253839507,-0.011243426298807372,0.0020769654141918068,-0.008066304167872403,2.01332803738234,1.460125157274601,-3.4171211695547403,6.622554866121528
0.004976802213436204,-0.011210352194301318,0.00189657967685312,-0.007888806617181561,1.5410395306003928,1.0351999026206047,-3.011645150581854,6.166028056937996
-0.005,-0.01,-6.393521222083629E-6,-0.00832936109061151,2.5723866595636227,0.1366907885932151,1.7941999148264516,8.261160127989008
-0.004855388550143819,-0.009921258416569748,1.2502777170170392E-4,-0.008159791598608966,2.0441944180712146,-0.09112279366045023,1.461054552711686,7.721067886479196
-0.0050024667597618295,-0.010157039844353498,-2.641165581816125E-4,-0.00832527797203536,2.4572854386007275,0.25723891113879416,2.039161340361818,8.103716811178638
-0.004866022855374039,-0.010078793064320373,-1.2480022133333905E-4,-0.008172732869279583,1.9898109203195873,0.011750306630128757,1.7007572919969085,7.633731264915887
-0.005244717217658645,-0.011545084353673888,-0.002581868239176166,-0.007919221125825318,1.999150701517786,1.902577317975693,3.7015783895256598,6.14330850555169
-0.005295594968187607,-0.011693686304088874,-0.002817752381773587,-0.00783843580861415,1.7039082733582653,2.132513008152471,3.821190379244164,5.895154089023998
-0.005141023505661865,-0.011660577603137582,-0.0026290716709025815,-0.007702891831098155,1.450649786373338,1.6779617114402055,3.456406515079331,5.581765044111813
-0.003548999430447187,0.025,0,0,0.2771477596911627,0.009802400680342715,0.12781459056871688,-0.012952236771409933
-0.012867264066390651,0.014753966073663445,-0.006198786220273671,-0.003734540273206456,1.4986643226498277,3.1472034813556227,3.4323113526611206,3.0130332870973677
-0.012845768825392536,0.014946732676447711,-0.006038495701271508,-0.003469217818861127,1.3445638777911277,2.891467864785308,3.126491575182001,2.6620799989751798
-0.0126981063449222,0.015079753166746436,-0.006088923006023153,-0.0032280553114577997,1.3039098629673516,2.9903604561538484,3.0319236921865387,2.395431859375392
-0.010128632112138984,0.016094688936134045,-0.0063622911122343225,-1.3636570241771278E-4,0.9372007915965818,4.030961843930101,1.4070603722610757,0.09576236912577306
-0.010482186251492154,0.015937006027529368,-0.006548916044780984,-5.315601649879235E-4,1.0144460632610521,4.1944857227784516,1.7069893852376745,0.2909724907446957
-0.01125614395510221,0.015604033252786725,-0.006754894992092807,-0.0015113306113880007,1.2713500340485113,4.352598124353507,2.421382977397981,0.8928739487745189
-0.010976789216353906,0.015694709808220113,-0.006769218257489779,-0.0011589014500756939,1.1888668413556103,4.449279491427899,2.196577273013935,0.6506844645516966
-0.010815933162551812,0.01596291670100054,-0.0064218215930970535,-8.921929904550177E-4,1.0954621154810895,3.9030998336591614,1.872368569466208,0.4791713129019334
-0.012490993985849156,0.015231298465491622,-0.006168180432683329,-0.002926548516012883,1.2229104516748288,3.142047468406624,2.9161357847784988,2.07899330761971
-0.012214071408203785,0.015268754208212186,-0.006421221865601008,-0.0026922326904666766,1.301030114342599,3.589939590098065,2.9698342057847738,1.8798171313230925
-0.01201360499735022,0.015436635507586977,-0.0064064327319424,-0.002370703141489274,1.226150960526513,3.5975236790192198,2.7586280011855844,1.568575025384143
-0.011699896854056556,0.01548850340956401,-0.006602597388807287,-0.00204445342759744,1.2557886098264952,3.977593095426571,2.6886491140431334,1.311968398850311
-0.011506407648397277,0.01570690403957304,-0.0064413358761180785,-0.0016936942477421605,1.0848060285502326,3.7835067811672416,2.3903694643739986,1.0242411377359233
-0.008542110274190221,0.01755489196877108,-0.004387498427857962,7.943746494379559E-4,0.32908959248455155,2.158930190363287,0.5464116489059102,-0.21470345479922523
-0.00963913218604178,0.016623812501133373,-0.0056370638702328375,3.131567460003091E-4,0.6169528727249732,3.2028302722273057,0.9981307581997196,-0.07928879773183262
-0.013128346371512807,0.014519734445151356,-0.0060299817743151045,-0.004172235922662678,1.5812146705579158,2.8743223913047227,3.551297725137697,3.554021549177087
-0.013023002599252376,0.014692955445449069,-0.006038352905882577,-0.0038842658028552654,1.4641120583674918,2.877553154794977,3.376564383846456,3.1762171429669546
-0.014328765954642783,0.013104663944599405,-0.004468509045894077,-0.006231186764051016,1.8912761454280722,0.9568912160902379,3.0095509860903937,6.501355956651002
-0.01336978761588406,0.014268723646153295,-0.005842658730447773,-0.00461142321173691,1.6549302615319377,2.592551751515472,3.6444884146398207,4.146259758990786
-0.013353379726098525,0.014493213145310421,-0.005717602572145286,-0.004264849941451699,1.467456092342198,2.374479209770396,3.2835108069967798,3.603015565341807
-0.013576856382632634,0.014162705973551725,-0.005575800845337813,-0.004791359915802696,1.6087612103402937,2.1926794313253555,3.4585971473457526,4.33950213733338
-0.014215116446417738,0.013256383321752226,-0.0046869076176875475,-0.00606897169206149,1.8792832981335452,1.1700323360378633,3.189106384854845,6.275396738903878
-0.0140932805500106,0.013373415632700886,-0.004903098427857252,-0.005950343333627032,1.8795147258431744,1.4017341038570483,3.389696365194066,6.1398308295163035
-0.013940150797238732,0.013465860371065475,-0.005165308325786417,-0.005873297553556069,1.9650661510204153,1.716109340683103,3.6731960949092892,6.101661970353871
-0.013749219866910054,0.013751247663789044,-0.005452081890492781,-0.005448996402299288,1.8584672867741483,2.068672234205238,3.750566922294644,5.4136393128432765
-0.013878519101996445,0.013632281385025544,-0.005254884434636773,-0.005613639034805621,1.873021659272364,1.8148828633094067,3.6187018391928163,5.640815916917855
-0.01375007920226728,0.013975054410989635,-0.005379164201528958,-0.005077999004827305,1.6600399231813194,1.9352509907528623,3.4143314208605102,4.729803252601283
-0.014454003018031349,0.01284128709895058,-0.004171146489506433,-0.006538500276594886,1.948928151863144,0.6962886686700082,2.801464427111586,7.020666878744952
-0.014489035231006012,0.01300776210793028,-0.00418537572404533,-0.006247708905870903,1.7910541329323397,0.6942172707413432,2.6588931975940238,6.383597937458476
-0.014556122802709246,0.012693515744911796,-0.003937848031500701,-0.006660101379981833,1.9390985698598888,0.508440223142708,2.5647172475672586,7.171019624766437
-0.014612905076695524,0.012535877086427139,-0.0037534616020122188,-0.00682962715043626,2.0089525150174845,0.37885870122531806,2.411751402240443,7.4600534484680905
-0.0069879376713741495,0.019059681913208608,-0.0027745696841072953,8.29016544550874E-4,0.06096351251270114,1.3668866916692815,0.29118093819384333,-0.2483123588082669
-0.005430659818507553,0.02191415962170065,-0.0011464548084471936,2.851967321833142E-4,0.0898874144535828,0.3654317998087868,0.1345008992914106,-0.15776279247723746
-0.009139352085172175,0.019078660208007532,-0.0032492655303044903,2.578066891324067E-4,0.1390520607958083,1.2380584152779863,0.5340352068340392,-0.09705480852912252
-0.015049408724737036,0.011053469123263326,-0.0016360410148505203,-0.007845048456422856,2.1986112872217416,-0.38878986192552073,0.12510439547141902,8.933638429367049
-0.014911450597951648,0.010936831374304052,-0.0015643465555682482,-0.008181158893640105,2.5969106239273216,-0.27035777252472887,-0.1639855617427003,9.866263905293636
-0.015085083923229811,0.010893462344454659,-0.0013849872202576668,-0.007884228159876805,2.18043790118743,-0.3889848775290385,-0.16722626371275784,8.918865535975515
-0.014938455742167744,0.010782083680081914,-0.001303199769771994,-0.008226823767896838,2.654063357396292,-0.24932834982749033,-0.48170589509332246,9.852419904724314
-0.015110918449618102,0.010731624753454044,-0.0011346163378154687,-0.00792459548952622,2.172473778612152,-0.36914000906266226,-0.45990425358931164,8.911517747558094
-0.014960584488801503,0.010626579228399678,-0.0010413434199759337,-0.008264069293954481,2.698695681069879,-0.20818186224457333,-0.7976177731453266,9.819658707206742
-0.015127797066452656,0.01056888071995725,-8.841915630512473E-4,-0.007964097156409363,2.1753863333337407,-0.3292157729374568,-0.7537168379595552,8.905092861003999
-0.014977816440745884,0.010470471553061363,-7.795670868561044E-4,-0.008292850155379906,2.7209553288069537,-0.14738204175931324,-1.1105157146171003,9.76862836637548
-0.015137875780787341,0.01040586149270405,-6.329154168072151E-4,-0.007998483528451053,2.1842465812874896,-0.2693967381322841,-1.0479764693877327,8.886253492753054
-0.014990136311907442,0.010313910160050259,-5.167686280045371E-4,-0.0083133602844616,2.740813478763902,-0.06695518462400343,-1.4209836468308754,9.70050796822289
-0.01505708418195964,0.011465639935049857,-0.0021695614440988536,-0.007487713235862026,2.0329606207390114,-0.30971170728453085,0.6792740847591022,8.222274995731098
-0.015122752000226265,0.01133704074370257,-0.00195380633909847,-0.007489442026067973,1.9966533915996416,-0.3384532661960095,0.424701648269221,8.10526192540898
-0.015183743313326415,0.011178769567670374,-0.0017060343140455332,-0.007507406504646398,1.973438550184446,-0.35420969674155295,0.1423703362718429,8.017021745743792
-0.014757642703124919,0.012405724498735829,-0.003457092291025313,-0.0068341594798616585,1.8955784615266165,0.1791096125347564,2.027256230471284,7.297156860467034
-0.01493432088808155,0.011948333083928982,-0.0028325959246776598,-0.007177282126362772,1.963809626047628,-0.12352278352268099,1.3965388143547273,7.790351356861571
-0.014952796152724646,0.011774699313706992,-0.0026301229740129137,-0.007345238813409276,2.0437603990917745,-0.19418576736531912,1.2001344126518974,8.10638537719645
-0.014941534648317385,0.012267616876124236,-0.003111016426204528,-0.006781563858984318,1.7768603799377118,-0.006595975374579598,1.5959138491027962,6.986018213348139
-0.015057993979054905,0.012091351996818503,-0.00282408730975612,-0.006835557781349247,1.7520833696799663,-0.12619245021615064,1.2832028208396578,6.9496098625923475
-0.015069187681684191,0.0116327974747179,-0.0023531416229570358,-0.007306403278717321,1.943748630365317,-0.2691538363097527,0.8550562014812337,7.845287876782593
-0.015140889763616633,0.01024283258147619,-3.809067877139577E-4,-0.008028603813337032,2.1852933106372032,-0.18944567733963466,-1.3405380156703064,8.855346580738477
-0.01499753324023817,0.010157039844353498,-2.5245770374079186E-4,-0.008325708186834186,2.901226166892721,0.03340819298367957,-1.7312222243245223,9.619762310380999
-0.015130235031434555,0.010082155704607272,-1.3006691210560957E-4,-0.008066734004822704,2.257144277330785,-0.08708831329781967,-1.6347744182529127,8.851683768291961
-0.015,0.01,-7.778912647493683E-6,-0.008329561923184682,2.4950079360682964,0.14663547435605168,-2.027391753389529,9.521292254159532
-0.014977816440745884,0.009529528446938641,7.800061152146365E-4,-0.008292849831660964,2.607741633367176,0.6027947036458704,-2.8689832576573573,9.07790004007929
-0.015149430473351362,0.00943766398026605,8.642497832942328E-4,-0.007919698570240814,2.15304404104865,0.4178292282904394,-2.616116441643779,8.08267923228197
-0.0149605844888015,0.009373420771600324,0.0010436852688054399,-0.008263879654538986,2.659214933983747,0.7925740061479605,-3.1312538662353386,8.895714860029864
-0.014990136311907444,0.009686089839949744,5.135652700198937E-4,-0.00831353638501465,2.516871910546123,0.430109635456599,-2.5953206331863576,9.24487536089945
-0.015160236643057759,0.009602178258160078,6.131190670554707E-4,-0.007952814227053009,2.1718844455107287,0.2626656787519544,-2.372820459473292,8.254198087329947
-0.01499753324023817,0.009842960155646504,2.4766522336196347E-4,-0.008325765984155365,2.41668363333071,0.2769417592131319,-2.31315452335656,9.395358065406171
-0.015157272081307085,0.009763441395801127,3.666269998260365E-4,-0.007994233752782466,2.2184787203669116,0.1309565940005695,-2.1359458006673893,8.452285475220885
-0.015141773396589238,0.009914186385719257,1.3371587380373964E-4,-0.008042030879831642,2.274689377725625,0.024362997425815738,-1.912378791628439,8.672912539476775
-0.011985736283431544,0.00541122549991139,0.007647788037340793,-0.003300336864027384,3.602153158838584,9.761499467249509,-2.125170215742685,0.19011939463821434
-0.01196329445251311,0.005252186302977191,0.007490359024739489,-0.0030957870857542123,2.9480979627970787,9.038786157050618,-1.9842294727393786,0.04143613011221108
-0.012128895840071582,0.005475864446977092,0.007539323011399796,-0.003540945859159992,3.486768375075522,9.632008383995213,-2.4272851400810422,0.3327354173865507
-0.01211575726671376,0.005303067397503104,0.007364355886146856,-0.003315470288082148,2.8862029591095886,8.8481187449462,-2.2471829679416246,0.16387932075136136
-0.012545204192439471,0.005696288158021204,0.0071705537780689275,-0.004238415234028251,3.3731547663005266,9.137591358922228,-3.268549169638922,0.8656905385344397
-0.012679131780828632,0.00577835898009388,0.007033134318752018,-0.004462749792173063,3.325699686739061,8.934184010367671,-3.524468447157512,1.077358883390045
-0.012699724572031173,0.00558925004883092,0.00683698402802872,-0.004181550451724963,2.793324344227646,8.064544610690204,-3.2210210498130247,0.8356427330371471
-0.012408766398519249,0.0056184655156709526,0.0073006803580718885,-0.004010077996031762,3.409968344169334,9.32179381419209,-2.9997054792569458,0.670678780594233
-0.01255753088076121,0.005508471574702116,0.00697596709024068,-0.003969255019594752,2.8177549106038224,8.277039114336013,-2.9941467678396148,0.6438593099533495
-0.0122699521913998,0.005544967222482056,0.007423594220933656,-0.0037776106669515203,3.4472808048908363,9.486454968718336,-2.719000484680899,0.4929096226168959
-0.012265904830648289,0.00536525572621259,0.007238859644629826,-0.003536711143664257,2.868746265048527,8.668298755861757,-2.5073330953952744,0.3076079425963039
-0.01241296347987704,0.005433807774909857,0.007109816361249217,-0.0037544115681349397,2.8429655385402355,8.478356803769856,-2.7562003503687893,0.46773757977026525
-0.012810416269897772,0.00586459670770868,0.0068888318855616845,-0.004682384828271628,3.2877579700505906,8.71252368035394,-3.76616089481519,1.304846499408364
-0.012838933242758229,0.0056767268252325195,0.00669401867923209,-0.004392297624218197,2.7694524199892716,7.845507730734822,-3.4376411365798547,1.0431936121470204
-0.01293892622972893,0.005954915005069574,0.006736623580215779,-0.004898738938487922,3.2130609684814586,8.4729705396659,-3.993045848900716,1.5477533364289553
-0.012975115653919242,0.005769526392606125,0.0065455859191308795,-0.00459955892484598,2.745615466676942,7.615106080362254,-3.640836728721814,1.2643910010121457
-0.013064534716697501,0.006049224510282093,0.006576867977266004,-0.005111128155455578,3.1141428753511486,8.217836492648047,-4.203830177008678,1.805240276935632
-0.01310615765189173,0.0058700559940114755,0.006396735467230213,-0.004807232502145361,2.733696816485353,7.389807141312873,-3.837155693135943,1.5026623860900024
-0.01512835486464325,0.009273734661230397,0.001115786853017449,-0.007888056030410468,2.150406444296271,0.5927978854783328,-2.857622238708567,7.9202362136417195
-0.014938455742167742,0.009217916319918088,0.0013047597470473426,-0.008226729627444853,2.689478608373191,0.9983644606086667,-3.381205706417069,8.69857884660833
-0.015099381718170435,0.009111008223889203,0.0013673915424208755,-0.007853284859510846,2.1584788679639355,0.7862282031596816,-3.093775557093912,7.755200490876793
-0.014911450597951648,0.00906316862569595,0.0015634592149999314,-0.008181499833913905,2.7050773191923,1.2192817496537856,-3.618102656235178,8.487277875345141
-0.014879595159429932,0.008909334570059206,0.0018205433596781824,-0.008128131877618608,2.729767529669543,1.4548475657119646,-3.8415493945632746,8.262796365081975
-0.015064418231165487,0.008949595036437163,0.0016184151654155975,-0.0078118982297821936,2.16970967441932,0.9962792300703089,-3.320659354376406,7.578742833773647
-0.014842921746160493,0.008756573701192634,0.002074937522315036,-0.00806689020725896,2.7280299082599044,1.703656650712319,-4.050227448124684,8.02613320631359
-0.0150233335889073,0.008790800906427294,0.0018674547035757987,-0.007765492774346481,2.188103275893639,1.2219677643495723,-3.537520661621477,7.395237767894529
-0.014801469324203573,0.008605047553236283,0.002329516168584695,-0.007997049188685358,2.7730680112898463,1.9669661041190212,-4.245004692253859,7.777145650778273
-0.014979023810962055,0.008635270847701677,0.002111245951519078,-0.007709649720218347,2.2052051574172435,1.4576766421007095,-3.7368943199392635,7.1945213613668875
-0.014755282782341356,0.008454915646326116,0.0025826781059267983,-0.007918995098985056,2.908051081238033,2.24585198714267,-4.427531707602249,7.518026362563906
-0.01492718435659257,0.008483383352420557,0.0023537158300610747,-0.007653496512755441,2.217058648174237,1.7093577055983218,-3.9286055606545873,6.997006801438437
-0.014863697627692421,0.008337289289150049,0.002598529906982744,-0.007605577358082558,2.2862437641110716,1.9847372001838586,-4.124594978804615,6.825686085914556
-0.014704405031812397,0.008306313695911128,0.002819310913547536,-0.007837850595692652,2.645793180025701,2.5286089611487643,-4.589701961697186,7.250206142604141
-0.014648884232660605,0.008159381790995318,0.003062855652121071,-0.0077457868596678275,2.647682820060813,2.821648623638142,-4.7334455456384,6.969484892785229
-0.01480986820951534,0.008171813024257353,0.0028491283600208875,-0.007500291937309958,2.3083944753197723,2.262672488060684,-4.269973039142768,6.522796303055737
-0.0143037118419788,0.00745479580756053,0.004233608477209991,-0.0071732712615530545,2.669292145198068,4.418493099213743,-5.186679189388917,5.461763618076705
-0.014381534484329049,0.007591233601480754,0.004016148527885015,-0.007297262167692959,2.9462657033787614,4.094860414066357,-5.135378842049008,5.769865554901014
-0.014459571561724525,0.007452578639421209,0.003987438091338716,-0.006982270192965441,2.424134628793414,3.726194861462225,-4.777025281054033,5.185453863845658
-0.014588774500088612,0.008014263716568458,0.003312236834962548,-0.007642484336025112,2.8781279258725223,3.1313092357179486,-4.8621569254764125,6.675738730431134
-0.014759729146039692,0.008026442082045991,0.003065077344020228,-0.007397525643270903,2.28578866028535,2.5071249736224277,-4.375211536562265,6.245402567375657
-0.01452413555302291,0.007871104159928416,0.0035459191780988827,-0.007536914455526338,2.7410289016033045,3.4426635884335397,-4.970907615032699,6.381028876074841
-0.014686101847314255,0.007879935444516555,0.0033067678247771094,-0.007312814569131148,2.3266886131510067,2.8119292100233917,-4.514934272149528,6.0113334490182675
-0.014455032777517944,0.007730047808600201,0.003783309803479572,-0.007420571127510957,2.8359366268481048,3.764754251242175,-5.06205702181962,6.07828002416888
-0.0146148544831847,0.007722139935835061,0.00354735751244185,-0.007191262195605608,2.339725749642788,3.120269847867865,-4.61159674398444,5.696727863868645
-0.01454508911340303,0.007591443033533721,0.0037559521943169093,-0.007090813813777849,2.351826499372509,3.394821972079703,-4.690357501568151,5.4505058030062665
-0.01124342629880737,0.0051570782538395065,0.00806621640698876,-0.0020770774428325073,3.208409353453682,10.021474500561308,-0.5489644281347689,-0.22840167261790348
-0.011348133305291065,0.0050387645150958135,0.007839925338085607,-0.0021284237377798697,2.9504340220435985,9.286459764383906,-0.7898799724330267,-0.3077160501195375
-0.011090665429940793,0.005120404840570064,0.008130836943051886,-0.0018080606066719891,3.61242562837042,10.007213990293533,-0.21773852166888577,-0.2504230898695074
-0.011201035046801007,0.004988890989438645,0.007889745199757589,-0.00188958075799194,2.8534649306805853,9.2361188210347,-0.5021797998078473,-0.34885181274300936
-0.011039518050202868,0.004972129145459397,0.007976435865208955,-0.0016483407385565892,2.883169635934363,9.321412258654929,-0.1985521517294406,-0.3624922832339989
-0.01093683137430405,0.005088549402048354,0.008180798560236336,-0.0015668519004099907,3.1379445987898875,9.967119620655671,0.09913731692751197,-0.25396260222512823
-0.01031391016005026,0.005009863688092558,0.008312811714949552,-5.247566150546615E-4,3.0292531911560334,9.584254961158434,1.337145318410523,-0.06515153775147879
-0.010241485646632074,0.004860761279254051,0.008137427434518493,-3.8328952457107254E-4,2.635555938831264,8.878765777397959,1.2686177005097135,-0.18952654796212778
-0.010470471553061363,0.005022183559254116,0.008292646709457716,-7.820538636053011E-4,3.1981730651717784,9.7104430142928,1.0391530056357643,-0.13986006669891074
-0.010397502454575804,0.004876567648518963,0.008127580936977822,-6.30729724295811E-4,2.7320002747173375,9.024018980667451,1.000346358091263,-0.2563279263667704
-0.010626579228399678,0.005039415511198498,0.008264705021802382,-0.0010359598887141443,3.411896211971641,9.814667286826207,0.732699760169165,-0.19704672379277147
-0.010568457695429209,0.004891399302249662,0.00809838188868321,-9.004896855682575E-4,2.7437483458722514,9.125839415293017,0.6865776839365191,-0.31553135051753184
-0.010782083680081916,0.005061544257832261,0.008226071759784718,-0.0013074915935045734,3.1669175071555276,9.899863698477835,0.41374000868789523,-0.23684339151694198
-0.010724441868649064,0.004896352542752471,0.008044787904836107,-0.0011413307494225226,2.754238704104577,9.12713346784854,0.39514895252794546,-0.35545133344693713
-0.010871873496059257,0.004928347094852025,0.008015389546213529,-0.0013769345179804613,2.85924742532247,9.222456895032678,0.12222263431248372,-0.3682462936094632
-0.011930657340752953,0.0051129691581231285,0.007367523109483962,-0.002900551330811087,2.7633362503625265,8.46042399608449,-1.6588873943665459,-0.049799858100852246
-0.011463747996788762,0.004952787531099693,0.0076380245489625145,-0.0022060532869546882,2.739605866189549,8.64812410838602,-0.8404205361291723,-0.28133771274038794
-0.01180693535788596,0.004998843304257387,0.007370657924926479,-0.0026503284093056267,2.64714003056608,8.213383303557483,-1.3212106200444163,-0.15272202397401866
-0.011636417131092234,0.004948741472762338,0.007480917415745954,-0.0024099722162105753,2.6722656394290247,8.323899478391345,-1.0550878476060388,-0.22991367597732545
-0.007474715524226821,0.00476550326215261,0.006408586459449825,0.0030262133626538933,1.2785776925185093,2.8723740668008166,2.574381111324481,1.7912164586316097
-0.0071360216286900195,0.0050862824537567936,0.006247213111340807,0.003595820700582296,1.3443182235782485,2.693023902163326,2.8312880812068077,2.3771762671737613
-0.006881450655541459,0.0051627824085364,0.005976638220239812,0.0038043231271590234,1.2913566905130391,2.254544160474732,2.6773592539360966,2.5101359450064398
-0.007234460712363134,0.0048438980824988325,0.006197169432215637,0.003258134698540986,1.2392327825262641,2.5197793192814757,2.5243736682233266,1.9664962527982897
-0.006646199394521636,0.005027416529100588,0.005611456226614555,0.003712518509678546,1.118750078198675,1.622384731568389,2.197582403262476,2.2407784815808838
-0.006375708852321263,0.005121663590177681,0.005326030100660548,0.003888882043612449,1.0675392329519848,1.274560242574424,2.0289299133742786,2.340657217525259
-0.006108459442814362,0.005290250647085646,0.005057915868509607,0.004133656286121998,1.0738197091556592,1.006476326298518,1.9163050000594695,2.5261975740018965
-0.0017020572779682405,0.00457852876559288,0.0011025272737944997,0.0030314446902079185,0.5336880548938479,-0.370055251810278,-0.023156759293983104,2.1599614927129154
-0.0027340795598944172,0.005008311436528194,0.0018247841937225318,0.0034875351082124468,0.6044351676362543,-0.3477489643580097,0.09572273481771201,1.7961582263752276
-0.004961951892448109,0.005270493875602447,0.0037688504176825316,0.004074474870835495,0.7898595328591779,0.023802898529292765,0.8829844105775013,2.0344671393571123
-0.00572656078298921,0.005151746990206887,0.004575828717883618,0.003992478990758879,0.9216149953618583,0.5439282168025259,1.4406727793271126,2.20245350392636
-0.005338319982397352,0.0050573105455817766,0.004138743870790757,0.0038844604355252055,0.7936531724765098,0.21571777408159593,1.0671660987025058,1.9524975491081336
-0.004383273520483363,0.0050213372901860166,0.003199199156816613,0.003769851046899805,0.6788113916457558,-0.19048647471413951,0.5339244204954564,1.746355219173185
-0.0035965502864826414,0.004903925877289215,0.0025079797083739693,0.0035539790532510412,0.6108595203888526,-0.3055529597075455,0.2705597580056344,1.666889599346822
-0.007743430213740102,0.0046992611033373575,0.00663808756420555,0.002764772280814696,1.317924334776597,3.3184673468688355,2.6245103761482826,1.6014477699029392
-0.007979756482011569,0.004685343428403207,0.006858115977466909,0.0025587385336908355,1.4456832860987445,3.8118157507389023,2.704749615990767,1.4741656622344135
-0.00816875701879859,0.004548780989630828,0.0069022668348621185,0.0022657171385621947,1.4127843564407245,3.8707113446307644,2.516080787225849,1.2119624335006554
-0.00899850951484672,0.004762940966082205,0.00774150886986793,0.001471353997327482,2.0242400185041567,6.526513199976008,2.756455390443575,0.7789970216536494
-0.008636635345582759,0.004704819211871443,0.00743877902348966,0.001894599865388471,1.763649110241666,5.4372332104363545,2.806864436572721,1.054753384186457
-0.008863905658706228,0.004614312905506538,0.007487007961630185,0.0015577614453918217,1.780821419207007,5.603176453817393,2.5692442616211273,0.8005555407165481
-0.008425777086922314,0.0044418559834778675,0.007005909442347903,0.0019314211811852038,1.4364623598653898,4.102975032661892,2.364239676701356,0.9604800913809574
-0.009176880909603486,0.004722453847067158,0.007783385783980413,0.0012065326828604112,2.058459341992218,6.7180460255403736,2.5566127540137873,0.598866974152651
-0.00935131623618014,0.004719006655378474,0.007850795157943543,9.580410290238535E-4,2.1136543929926472,7.032066189939974,2.3939586993052973,0.4463484871310576
-0.009510894048008398,0.00474604986221182,0.00793649227553021,7.359685737435485E-4,2.239523050010685,7.443540690029477,2.257660056766197,0.31751460661153763
-0.009996227043477593,0.004739013595960539,0.007996822341810709,6.546950222839797E-6,2.4114056901949366,8.041257539237607,1.6028773640098664,-0.038296659344166796
-0.009839593230383806,0.004690921280581331,0.007928020822446211,2.3710840571590316E-4,2.2776221528029947,7.631884995435473,1.7877159369764584,0.06225980944112187
-0.00966106300794344,0.004696837847460703,0.007910430309512322,5.030609859369429E-4,2.2418848114067855,7.435444506496535,2.021875128846053,0.18912584856440232
-0.010159811721301327,0.004699866637819107,0.007940636246880543,-2.3735368275173554E-4,2.403912002463176,7.9753085793218785,1.3340484762630138,-0.132149776805863
3.6216950072524433E-4,0.0016558035863934073,-2.4386288579636295E-4,0.001067295036969503,0.42464036554015566,-0.3216697083747566,-0.006642560221543985,3.299057575549426
-0.001492337855111817,0.003013370541752458,9.851469053682395E-4,0.0019791329112913477,0.4184547925494884,-0.35648936921203034,0.014901129174877901,2.171612468091318
-0.0054206538732002275,-0.00463379885068275,0.004147319963679875,-0.0034459833832494193,0.6789686655192204,0.1764883115336999,-0.9258743410289573,1.5694741655832256
-0.0047201780146893255,-0.004463546157246156,0.0034600367546174485,-0.0032783598377104403,0.6074883221917337,-0.12105509144341622,-0.5707659369868242,1.4501681709174847
-0.0068909058184333065,-0.0047778589824459955,0.005767690315969028,-0.003342347007319417,1.0650929919085586,1.8016202649990032,-2.134139288993372,1.8929274522030373
-0.005977075917003951,-0.00442615957836768,0.004649302094006247,-0.003195215361125717,0.7095150897186054,0.4775296966330193,-1.1304122339925782,1.430475159080734
-0.006540088372090628,-0.004590968763109545,0.005292285891384957,-0.0032549821489824033,0.8681411786018876,1.1321311938206062,-1.644587375972052,1.640762472256867
-0.008860695939090307,-0.004853024502109478,0.007767042968103721,-0.0017131083882781263,2.0377819349751527,6.623587169832962,-3.010098257147663,0.9659450922806293
-0.008686310637142362,-0.0048238943426808616,0.007610446940806802,-0.001920517532208085,1.9022012846649594,6.051951936689953,-3.031460530303598,1.114145108569403
-0.009001483895852383,-0.004795363125362424,0.0077822302093423215,-0.0014863123274086903,2.049732950121522,6.702723171818576,-2.815141730609389,0.7898470736918116
-0.0076626333295220705,-0.004729180770691537,0.006579915910962971,-0.0028588703663964894,1.3232983603063617,3.2038524315244525,-2.6203759228530057,1.6645602587703798
-0.007155283795740145,-0.004617685330528876,0.005960731460260542,-0.0030451863074089313,1.0437877876291919,2.0530319510003494,-2.1297665406108117,1.6537377441518866
-0.007433068657380661,-0.004556308159134164,0.006206708595139462,-0.0028314007137081446,1.1285893198948849,2.451982659702111,-2.2246887188923012,1.5199073170200563
-0.007904656710961152,-0.004623204023244977,0.006730371595772081,-0.0025633117384261553,1.3500103904210663,3.493553504972436,-2.5591339563674036,1.427222199005987
-0.008515410541085568,-0.004671935114009419,0.007309399886846135,-0.0020103527868045716,1.682146767091005,5.059365746325777,-2.77301898346097,1.1177180713349868
-0.008154055267018553,-0.004557958099663108,0.006896951764690949,-0.0022841793078690275,1.3868463560495259,3.867833514799312,-2.522831286464793,1.2240656714104168
-0.00836557175553155,-0.004538900880729878,0.007052761958209934,-0.0020662963886468344,1.4937738925126116,4.269095585193767,-2.517029062381793,1.0822981240744405
-0.009173496071600283,-0.004754019198395897,0.007820366827986565,-0.0012245370835417787,2.072525757952332,6.886706401956339,-2.6138560573266187,0.6084190461445105
-0.009349231073974285,-0.004790340423982351,0.007939641610560882,-9.884356348878762E-4,2.2218306015905838,7.398595040027473,-2.5014926593917184,0.46550796777258296
-0.009501740105560234,-0.004711741884527373,0.00789077413349197,-7.401264631305323E-4,2.187719942203539,7.289651531504149,-2.2314108566326976,0.31224053731064577
-0.01,-0.005,0.008329341149527889,-4.067810131191172E-6,3.137150499083569,9.302123254012827,-1.9330335932541545,0.15028445480818364
-0.009927732979974534,-0.0048614586161967914,0.008154466989020939,-1.1466986671637704E-4,2.5504450039599535,8.645528382533124,-1.7942012823506757,-0.003147382979114505
-0.009672145261279151,-0.004705987703070612,0.007923313463179718,-4.8737155067037167E-4,2.2314557532078645,7.516102879052462,-2.021665144084098,0.1780847221418419
-0.009835920311743726,-0.004750703458024054,0.008002842412354659,-2.493070623077353E-4,2.3718454854408684,7.950456385100997,-1.84436557237427,0.06364640061175257
-0.010157039844353498,-0.0050024667597618295,0.008325016851320886,2.688510954679026E-4,2.8990851582844965,9.468174116752902,-1.6446970168873103,0.035044975268952734
-0.01008175540921832,-0.0048530622775163615,0.008142817302685302,1.2921161417901904E-4,2.5969224810238405,8.7517553317044,-1.5317239213453495,-0.10803404583570408
-0.010239704035189076,-0.004870719158891811,0.008150048296825413,3.804267592185452E-4,2.7054951701889642,8.947242869933083,-1.2761355864941901,-0.186777025716276
-0.010313910160050264,-0.0050098636880925584,0.008312930101699315,5.244853055151698E-4,3.1005309215041934,9.614788034149669,-1.3554763288162703,-0.057291791965621695
-0.010470471553061363,-0.005022183559254116,0.008293023144785267,7.773143355611214E-4,3.3742662145891082,9.739010251710809,-1.054326446296075,-0.13307523465314144
-0.01040906785498938,-0.004883635540564087,0.008134498471786995,6.496132245205375E-4,2.718846199786245,9.084096155926275,-0.9765023873389002,-0.2615401215832316
0.015488445828838251,-0.011598617873650761,0.0019427624055040724,0.006704474193446129,1.5499197610801028,-0.32708094715425257,0.31770200276980204,6.142848896271536
0.015372527067886648,-0.011988280027844272,0.002407537093497595,0.006516328758281265,1.4405555498701166,-0.2630537246537104,0.7367017346297696,5.998456638672319
0.015865763030851424,-0.010623571078984644,7.126000094921059E-4,0.006637554705599321,1.2959434488792618,-0.24482364089031966,-0.8213675171230486,5.411402620821524
0.015796976880430344,-0.01136454483341793,0.001525826066991171,0.006408426138244728,1.1971860474485854,-0.34432257278751904,-0.11535575414755747,5.361215973588579
0.01580401772486273,-0.011047592168236225,0.00118161675562562,0.0065696637403036716,1.4127216082608254,-0.31458367029856893,-0.420369830275831,5.4965470033826564
0.015465861577451619,-0.012427887342815035,0.002629440266095539,0.005966417578814702,1.290361062449646,-0.1960170637002057,0.900884324842986,5.074442964243198
0.015445053236536273,-0.012843777575981392,0.0029009489395901158,0.0055734003296578636,1.1227277214440308,-0.11028079526580577,1.0833015709744604,4.567198549128022
0.016688423091533594,-0.008899649628988409,-8.521900604831326E-4,0.0053450338408657745,0.8462051152809217,0.3697255391138648,-1.378204563108322,2.454712474437987
0.01707798205867847,-0.008400976392784098,-0.0010051361606588692,0.004745220558800132,0.5812307888281054,0.4502805010131503,-1.2589737533086007,1.7466337546796065
0.016349990207475625,-0.01014110239132949,1.2663169308345607E-4,0.006010647089653203,1.0410073203853683,-0.07545226156675879,-1.0470931606933735,3.931453244854466
0.016737931959507263,-0.009578274305936187,-2.7543735994399774E-4,0.005439239022124205,0.6729341807670521,0.1037549997736615,-1.1709650693813412,2.805705621898044
0.01758445069323452,-0.007611261344269585,-0.0011638989694377057,0.003952087764187136,0.46801006880578105,0.4834772178667123,-0.9604440639620078,0.853939458820893
0.021585917854339946,-0.004975896815205762,-3.7060654226471555E-4,0.0012020393031879097,-0.005113679295720554,0.23342342430652832,-0.2575932780042312,-0.049369427140702866
0.019480948915983377,-0.006595941603682769,-7.22934269552722E-4,0.002437896657921697,0.1992277213780942,0.3159267562517396,-0.4624945950472758,0.14145518955484496
0.025,-0.007110403506374536,0,0,-0.052520454864700555,0.005217616188532229,-0.2584220628612299,0.1755038681442449
0.01484666821360274,-0.013234608007797804,0.00374791055833289,0.005629984968919279,1.3703932546925301,0.31483972661508325,1.8843890121604303,4.993531121151412
0.015208143504525736,-0.01313320484246009,0.0032824632945077183,0.005462673447422497,1.125415180800456,0.051312452144471186,1.3993354798375028,4.543549603486844
0.014389261196063376,-0.013764406435301657,0.00444360012929909,0.005184222395278472,1.3554461490626275,0.8625491483309627,2.4356960909609646,4.547500326378798
0.014661692002490385,-0.013565803348289662,0.004065032289272384,0.005311754816043026,1.2385416656183088,0.5345989516547692,2.0941752996296192,4.607021803326462
0.015684799046771,-0.01323812686194771,0.0028122540984687155,0.004971826336077474,0.8571827712629309,-0.13119244260391516,0.8914781853439532,3.608385652935595
0.011554012156973013,-0.015251940282635679,0.007086843755145177,0.0020964246540015855,1.531803874010467,4.956557794441289,3.0194753399043246,1.3625235650668979
0.012054910769077925,-0.015053360773248436,0.00687807056257789,0.0027929935766465926,1.5635589278420077,4.456666041115992,3.3781126782818363,2.018718090809755
0.011736584140814516,-0.015205630789818963,0.006991792989433345,0.0023290033049786656,1.5144930337679305,4.723526240361054,3.124793491739996,1.569079992700291
0.011911461618968945,-0.015144524617139159,0.00690619158513697,0.0025609398123369286,1.5153656426785214,4.5244045647762965,3.229878591213294,1.7847867046681818
0.012494098315458965,-0.014878003011998035,0.006567477172689796,0.00335495975135855,1.5451866319688912,3.795237546182943,3.507624305313922,2.611104285775585
0.012260767685210915,-0.015054609349856345,0.006638094708151714,0.0029631719107753337,1.4700898113402605,3.9459800095157727,3.296007001969932,2.1755011946940876
0.012718924094137376,-0.014798010287528413,0.006358527958307909,0.003601205248504899,1.5365415019270996,3.4077281713358816,3.4831597176562563,2.873281898125518
0.012936135907168142,-0.014622239547188007,0.006228255974339459,0.003954463300894376,1.5755828365938422,3.1808304381889063,3.5953723582212294,3.300676397045073
0.013161827797643895,-0.014501706102514549,0.0059999739387939606,0.0042124336204078855,1.5703812037968141,2.8071863759002365,3.5335616033669766,3.5960576359955883
0.013846891387344469,-0.01428599149234159,0.005116055395839521,0.004587280361190351,1.3282958714487618,1.5571772753412774,2.8353641350496943,3.862978337852289
0.013405299884109451,-0.01462362104714504,0.0055598907381776376,0.004091293124406728,1.320631549167957,2.1283535646358733,3.0084027498431554,3.3036307544883425
0.01361807576545353,-0.014464878449432013,0.005358893334848943,0.004336546296911662,1.3286102425586368,1.8530091382046316,2.945292416044158,3.58574808317609
0.014359581332293975,-0.014093511811112675,0.004447898162084908,0.004744766591995412,1.196894072938952,0.8846089374162246,2.2851067475771853,3.900091856739525
0.014177410974904665,-0.01438052910741727,0.004631172934795709,0.004408625992033955,1.0729008289390387,1.063662003278208,2.3297014916662406,3.5054061279941657
0.007591233601480755,-0.01438153448432905,0.007302020804747106,-0.004007181097871972,2.0295536578574507,7.857284143483298,-2.4002809475753715,0.43658913696076956
0.007585453469049016,-0.014541330366239958,0.007091654805917751,-0.003769924254448748,1.495988981742716,7.1080763033914325,-2.1610578884890628,0.2543370329308105
0.007730047808600203,-0.014455032777517945,0.007424205129081099,-0.0037763012112999074,2.0666037679372273,8.035855888240258,-2.1729910868635915,0.2959119261666188
0.00952952844693864,-0.014977816440745884,0.008292154638861607,-7.861447812551656E-4,2.083117105063743,8.816843859195798,1.0885400195324848,-0.1517151678747148
0.009598495648362385,-0.015130712406615678,0.008006553129748488,-6.277091533452374E-4,1.7842940954400675,7.966219214870617,1.062582623277872,-0.2438534358647125
0.009373420771600327,-0.014960584488801502,0.008263956110965795,-0.001042115376635485,2.195018896829106,8.850151568051775,0.8064775624363323,-0.20986857683879334
0.009442584891674904,-0.015109405186140843,0.007995825849089942,-8.730874992761819E-4,1.8057880244129,8.032640420458536,0.8140370737463677,-0.29820744462241394
0.009217916319918092,-0.014938455742167744,0.008227857857339047,-0.0012961892100459475,2.3079104959668744,8.861665438083609,0.521493708995715,-0.25141138205307756
0.00927194872799393,-0.015089677038293853,0.007958456212659873,-0.001138530712456528,1.755332636191799,8.041604854837692,0.5298569464311093,-0.34353765488177657
0.010514688054327842,-0.015234498953474378,0.0077672047660426015,7.633171261914479E-4,1.7314219866546494,6.877624216647176,2.3281936652070137,0.38118785888719603
0.010821963889777748,-0.01525359281956911,0.007600132972834004,0.001189904495574571,1.6793653126033696,6.339699322589753,2.617274465182295,0.6608333640560239
0.010656348141253266,-0.015253162181355256,0.0076781251234843495,9.595618656044175E-4,1.690454012390587,6.5886328030757175,2.4587807254951186,0.5062715493023418
0.009674981285090388,-0.015295273500728755,0.007697681034912752,-4.7033171620623635E-4,1.6170914231706506,7.071938404547873,1.1804666615272728,-0.1761295672219159
0.009837988267035264,-0.015254855871574982,0.007803385833770543,-2.3895181920333724E-4,1.6861822395210724,7.270948345845385,1.4187175468847777,-0.10185393538581358
0.009984922263743808,-0.015315709619498498,0.007693186691856029,-2.1459505935117947E-5,1.6126961359233964,6.90248976435445,1.5989423894365904,-0.009206173423410817
0.01036817843173611,-0.01532273833807592,0.0076376606031084305,5.282732723287366E-4,1.641689864149402,6.590671032170441,2.066264070086476,0.25322661532770635
0.010163903891258902,-0.015326971066133918,0.007663950009979423,2.3618022007503993E-4,1.6368875625693844,6.743149304900869,1.821049840601966,0.10667764269073186
0.011350034275875172,-0.015289364219043212,0.007194073819325922,0.0018365559878539706,1.5422394702179385,5.227046623255284,2.8964738694614063,1.1468356438621423
0.010930959630542967,-0.015420894741235187,0.00724049695991266,0.0012450627765936142,1.4961774096068137,5.433668375916221,2.470743838506276,0.7016941474621018
0.011129362344455758,-0.015371090172533906,0.007211568424957134,0.0015167095629643114,1.4885828971276378,5.313895047801608,2.666581964970369,0.8995631314232878
0.00745479580756053,-0.014303711841978798,0.007166615596593636,-0.004244566640063347,1.7256928143542944,7.667359342113493,-2.620712186540619,0.5925100849134076
0.007445064307678613,-0.014476435374199648,0.006955229539964555,-0.003969841738512596,1.4770965753661025,6.891560148339316,-2.3334229251124614,0.37753583258817686
0.0073208682191713715,-0.014221641019906126,0.00703038338186401,-0.004466853492377909,1.7370438705337812,7.473197941621263,-2.8264151220291454,0.7610601732331578
0.00718958373010223,-0.01413540329229132,0.006891338335989008,-0.004678645523431518,1.86565290085528,7.262782441277874,-3.016572811824753,0.9401238038262703
0.007185478998927532,-0.014297835122574662,0.006728403532414298,-0.0044080147411974845,1.46160426898837,6.612433823467621,-2.7220400744734423,0.6984323984386108
0.007309850975659789,-0.014384986789909432,0.006843081970349698,-0.004199003185611489,1.494671893250299,6.758638685404812,-2.5405282214326372,0.5379105110979961
0.007061073770271073,-0.014045084994930429,0.006745916077660864,-0.0048858924460743755,2.0158598980074283,7.03605928787663,-3.1942550867796116,1.129601973157187
0.007048327028486727,-0.014210105581171757,0.006579860957477563,-0.0046149125070771325,1.3866082003386404,6.388736825341251,-2.8860631371532084,0.8707011450602752
0.006935465283302505,-0.01395077548971791,0.0065836686808666165,-0.0051022503134771,1.7679719742115976,6.7995675785929945,-3.3629614002911707,1.3317930374707032
0.00690436866426317,-0.014130505105722696,0.006398231374658197,-0.004797914475122458,1.3221855486622884,6.0882026985402655,-3.0008852760407763,1.028118286939112
0.006812880963004883,-0.01385256696814258,0.006417209781341021,-0.005310117190529061,1.6892807620361356,6.563147051965262,-3.517534633033046,1.542943845965654
0.006770682599980658,-0.014031290663768667,0.0062362714498078115,-0.0049977451646332285,1.3162828672041365,5.850716471796275,-3.1385573398326296,1.218066103516315
0.006693441434347548,-0.013750556019033765,0.006244221414035483,-0.005512496161478451,1.5896065576301053,6.319719392452236,-3.6583142326339932,1.764589280401604
0.006643506522052697,-0.013924359583691495,0.006076082456523717,-0.005198613231618952,1.3012626647406422,5.626370046247995,-3.2716988945458527,1.4223462010496515
0.006577264761224861,-0.013644843410250553,0.006065761861938152,-0.0057083920521337475,1.4821353127067496,6.0701961174980745,-3.784313892731525,1.9957661503850215
0.006525931171900327,-0.013810627183776373,0.005921289855454811,-0.005400352163132136,1.305660204897016,5.424818885017007,-3.4042980123665068,1.6421137030934092
0.006464466094067266,-0.01353553390593274,0.00588848744796263,-0.005891209496298254,1.5852898178554407,5.816036202594868,-3.891447557027652,2.2312592094955344
0.006422207917831832,-0.013694398922236731,0.005777315024936044,-0.005597374321389361,1.3131676553079819,5.254285527092326,-3.5360545860665504,1.8729753160768523
-0.004846167127399402,-0.0086873032502169,0.0019369695955250286,-0.007654556648592755,2.097996708987704,-0.32941500094810144,-0.34007331117420314,7.268248251455397
-0.004852284872435491,-0.008850953452629793,0.0017266414350880852,-0.007775048026563433,2.131352316304277,-0.3432522960939037,-0.14320083840689737,7.490541217972561
-0.004770743962330512,-0.008991813962528352,0.0014872563360459968,-0.007766796826778804,2.0120569873996907,-0.34133545820678673,0.10856242892265446,7.2160254695903125
-0.0047179146748397875,-0.009170521077143218,0.0012135730637237903,-0.00779983601396434,1.9770388469006381,-0.32216227934507474,0.3697736183555771,7.077531755262213
-0.00468246890652257,-0.008387136629051157,0.0021627541664656154,-0.007248628400254906,1.8136444157552722,-0.3088473189071029,-0.44077612385478576,6.113051259532342
-0.004635103222258486,-0.0085797116512857,0.0019130933685099973,-0.007351099926861057,1.814557906007989,-0.33193961102086617,-0.22281874724380682,6.172796587980859
-0.004696486207437634,-0.009350779261309802,9.526542614765578E-4,-0.00785006330213675,1.949765480126785,-0.2897029367670649,0.6123119245767211,7.040856050281392
-0.004702288022317577,-0.009522812905058069,7.068363771607938E-4,-0.007911366679082097,1.9462705253838906,-0.2467346584553348,0.8407789128504134,7.087150322835202
-0.004737525478000602,-0.009674108944855694,4.917691503024105E-4,-0.00798791581327243,1.9624505747803507,-0.1967686475253357,1.052978357315909,7.236585438474252
-0.004693342677291114,-0.009831522140892654,2.5175842269657087E-4,-0.007957831978405246,1.844782615003045,-0.12433368830873658,1.2561196550522615,6.954179258324523
-0.004710740699478938,-0.0071040597636584605,0.0031821310702138225,-0.0060020803867866165,1.3924236006091688,-0.09911102218138917,-1.0299898875223714,4.178496900232518
-0.004934214524464533,-0.006851587587977339,0.003544509435766493,-0.00583274055929145,1.373112791276862,0.04279619608364323,-1.295650890287796,4.15732810621562
-0.004951347137885212,-0.006500902252312667,0.003670552963650799,-0.005434447080128266,1.2367320134082027,0.07658362368825102,-1.2636090011378454,3.6007058984692377
-0.00461470523743504,-0.005255368808662955,0.0034124703354212254,-0.004004205461351387,0.7444886689637366,-0.12354700486132796,-0.665762353808657,1.9138455169162791
-0.004685265695783907,-0.006192464673953922,0.0034354396505857404,-0.00499190580962651,1.0196488394011054,-0.08184811880178433,-0.8897909453366742,2.816791301660284
-0.004449632884142209,-0.005761530062195097,0.0032385991860567195,-0.004478312291481692,0.8368040064806579,-0.16155993953658757,-0.6661692367110811,2.2726740236353136
-0.004612575797733333,-0.007381624174259274,0.0029300595117342267,-0.006235874585317376,1.3978697035323933,-0.17851415996870829,-0.8728516672537652,4.407319591018962
-0.004444964791056433,-0.007675928009993086,0.0025728337324152114,-0.006415674515612963,1.4102381473056875,-0.26353007250024924,-0.6124133286934824,4.453856283888879
-0.004515938724586308,-0.008229748399966675,0.002184728702083359,-0.006964278657687736,1.6152074281271005,-0.3145973316693463,-0.3998658330953118,5.35557064208795
-0.004366573107005574,-0.007975851952996256,0.002278266439340692,-0.00662627287287778,1.4481804195719814,-0.30792438771407965,-0.4150167744497163,4.628026991936275
-0.0038760109763978667,-0.004710690273783654,0.002736426315500203,-0.0034211140045012248,0.5882731959367805,-0.278075006242203,-0.3351204979088709,1.5884262999924121
-0.003947268126277772,-0.003990480651710195,0.0027712326113542244,-0.002842327678262862,0.5132612548136661,-0.27047341294430005,-0.30141107782154913,1.3359553616611717
0.0023642491203986326,3.506148534380114E-4,-0.0015281482594820205,2.1862804431164792E-4,0.3010353057370081,-0.3595227795518805,-0.03204051037781729,1.384367606782027
0.004499150081977117,-0.004251107919448914,-0.003248182889798695,-0.003090467502770359,0.566693814638238,-0.18138465845711946,0.45408960237741597,1.3410562500978387
0.004347760880216963,-0.004869344910314966,-0.0031574099822437073,-0.003620036034634142,0.6290410980463391,-0.19598676095454878,0.49663299317633386,1.6519638522609488
0.0033415036242875986,-0.0018689983658750457,-0.0022106329971048944,-0.0012509065964777443,0.3802691208005226,-0.3352838851745834,0.06489167786928553,1.1028538608625624
0.0040160795105135165,-0.003327524925622639,-0.0027807449696144663,-0.002327448744961597,0.43741033806101,-0.276053271659187,0.24196568725994214,1.1154238361989617
0.004408072616101474,-0.005963998574903315,-0.003178414560163188,-0.004676607422018231,0.8946382740875091,-0.1737413577308572,0.6695488063748899,2.444436881963639
0.004297007516503222,-0.006377120257327865,-0.0029975381350943325,-0.005052436073361143,0.9758021663148867,-0.21362721769063087,0.6275617557768612,2.74989308378959
0.003935883267218165,-0.0053882714798170386,-0.002783214298799679,-0.004025376321679882,0.699807421869754,-0.26932116906948916,0.3986475771146086,1.8945972566708555
0.004199592952225612,-0.006802629157581907,-0.00278236020131322,-0.0054313340257344704,1.026057755980107,-0.25908063099539985,0.5548131297733341,3.082544301178707
0.004688353302878885,-0.008560166812980387,-0.00197609090166718,-0.0073893391059037085,1.854929863411476,-0.3241237838580037,0.2959924726506163,6.362826656147111
0.0046692669593738365,-0.00880664879948687,-0.001666618833369531,-0.007541025651207031,1.8790843545920628,-0.3383044140090559,0.027255130416891697,6.553124242455537
0.0045780203573268525,-0.009045889676289966,-0.0013122466385619635,-0.007580356062476556,1.7998617450622645,-0.32418037771378144,-0.29004972820763597,6.343913322401587
0.004546115667921833,-0.008184328635673274,-0.0022542179227579002,-0.006951045727528807,1.617887375198032,-0.30907486863376826,0.44861338356367436,5.365753485387329
0.004523422087677049,-0.008402646454917603,-0.0020192269979541822,-0.007106578719010467,1.6718458280381647,-0.3291340776707659,0.27351823997092484,5.541739809535728
0.004717342696152257,-0.009491335952079506,-7.577440964732376E-4,-0.007917423456220958,1.9375338388239796,-0.2567644436431746,-0.8063663402392908,7.155258386610249
0.004700388719003513,-0.009671205254900674,-4.882027459060905E-4,-0.007941547977219509,1.9012219106635582,-0.19387611635704619,-1.0489892609580116,7.04957243507564
0.004732354976701755,-0.009829253641045909,-2.565649357480632E-4,-0.008002379220283176,1.903787805728276,-0.1255041056342914,-1.2725498174935599,7.13811111395418
0.004584101036777054,-0.009313158522508823,-9.630746316483605E-4,-0.007704805342689283,1.8009007446372212,-0.28447442868611694,-0.6001456356418905,6.478376505395317
0.00437519610155683,-0.007965780215030187,-0.00229816457707062,-0.006620455350070969,1.4192781955416078,-0.3116959403849158,0.41624326978551346,4.622841565911343
0.004215228704979557,-0.007646196130461816,-0.002382081250833983,-0.006222113950323196,1.2697177502275645,-0.3113491175636702,0.40237560808101674,3.9306721640964946
0.0041240773872699655,-0.007216104953250767,-0.0025387553982779334,-0.005784108994469621,1.132797523088518,-0.29687888823861547,0.4550643774508442,3.4014639997888705
0.004677558074700516,-0.009972982360514596,-3.9168988629504604E-5,-0.007945797092966401,1.7787070313537263,-0.047075154206740605,-1.436370346270678,6.773713365848615
0.004649726772178307,-0.010149523017151045,2.2089647065615383E-4,-0.007908273472946576,1.7084180542083678,0.05576569716506973,-1.6285366256911338,6.490811305717149
0.004645886857706069,-0.01032797372598135,4.797888642245407E-4,-0.007880485313826005,1.6452937664958018,0.1697145795436714,-1.81774340330199,6.2801984696216735
0.0046601431436109715,-0.010503392327414937,7.350190423688429E-4,-0.007856783330576435,1.5924593718103914,0.2939113981162404,-2.0030570388577367,6.115745365138143
0.004685281167152338,-0.010674140910118169,9.855800949844127E-4,-0.007830432470082358,1.5432319038227238,0.42781304151387206,-2.1812686519384434,5.967805820866205
0.005544967222482057,-0.012269952191399801,0.0037768907239639714,-0.007423834438436006,1.5742490693476292,3.1335883552912076,-4.143185743402465,4.831109934794654
0.005438361382693403,-0.01241008473211288,0.0037676767751826695,-0.0071382805373746755,1.2783587655512347,2.7596444623715715,-3.789129019762441,4.262056313720787
0.005618465515670955,-0.012408766398519252,0.004011600136054975,-0.0072996810437345105,1.6228211580225096,3.3949802164637837,-4.1851782089399165,4.560782040900909
0.005475864446977091,-0.012128895840071584,0.0035405858481348117,-0.007539429882067188,1.5949209958942623,2.8775457641106494,-4.085479242072366,5.09963654345924
0.0053733907855265705,-0.012266972729278156,0.0035560027673200516,-0.007265539290236318,1.3200053053781584,2.5464473742348037,-3.7576428643171584,4.52671367105296
0.00541122549991139,-0.011985736283431544,0.003302662465559257,-0.007646711575965575,1.5832697628876098,2.626683729468031,-4.011430337844167,5.364202149811194
0.005315364901116902,-0.01212433881814238,0.003344944892963751,-0.00738531423506716,1.3731949167188289,2.3434830587958992,-3.717378324500746,4.791824322367745
0.005198530675796428,-0.011394952446763721,0.0023341282479501678,-0.007995729622563156,2.08000227820478,1.6791922380394382,-3.5639770042105012,6.380511777381879
0.005024432298566124,-0.011366466169131319,0.002145840512224032,-0.007828236959094155,1.4854444908296751,1.2372458901391175,-3.1686336382106504,5.963611721013128
0.005082353651786366,-0.011507677103906109,0.002380950392859566,-0.007776868789018856,1.469339105292902,1.448760254087767,-3.322721265040593,5.803312361729096
0.005244717217658646,-0.011545084353673888,0.0025788162142533107,-0.007920231902175829,1.9361156774013517,1.9043212763681747,-3.696219761470962,6.13426807846492
0.005295594968187609,-0.011693686304088879,0.0028180662088336515,-0.007838196022654696,1.6601284534194936,2.134456973332645,-3.8136771761085995,5.883324391869528
0.005141672634086121,-0.011668343667271123,0.0026393390044789707,-0.007695792571237017,1.4750659753117048,1.6854416449469192,-3.463321497608597,5.5679072807196315
0.005256937709944719,-0.011965927390945572,0.0031096027628748127,-0.007509874450933173,1.393966373047039,2.1228382880711556,-3.6592925426501153,5.089209509740282
0.005351115767339395,-0.011840618209004684,0.0030711689969500616,-0.007742543169034822,1.9305619494212916,2.3809894855605767,-3.9204838443798593,5.622389145943689
0.005187321347487683,-0.011820990394176792,0.0028691771877830626,-0.007593323912097951,1.4035461715950743,1.8824016555900973,-3.5457947084599035,5.2943742311854445
0.004716085734776318,-0.010839992912443886,0.0012301658455860555,-0.007796763891725722,1.4971013676500566,0.570133116575351,-2.348174935091007,5.816415021874895
0.004749745483058323,-0.011004040294622952,0.0014715321822431772,-0.007751824785438924,1.447620967752317,0.7213743708739849,-2.5020771544079534,5.645883635537296
0.004786352259935938,-0.01117140675779227,0.0017160099593715812,-0.007692949840903689,1.4001867323221242,0.8846393051346696,-2.644360505988379,5.449093623740146
0.004832189853905535,-0.011341159772106894,0.001965511988036087,-0.007626665603482736,1.3537305201168583,1.06218936092918,-2.783092042550338,5.251687044286649
-0.004876346892042054,-0.010245173650833165,-3.900694640282883E-4,-0.008169822165263045,1.9970464169083133,0.13484651969024106,1.944479332922642,7.493322584164791
-0.005009863688092558,-0.01031391016005026,-5.125693532422253E-4,-0.00831359018200351,2.0195730989580567,0.38620981137321847,2.267108199685482,7.929260618051938
-0.004702699529299454,-0.010013519214218907,-2.1856969400920192E-5,-0.007978587232803756,1.8327708912685008,-0.030446318419374088,1.495654604978493,6.882579395447906
-0.004759065149440619,-0.010163456732504138,-2.5070147507628374E-4,-0.00803886141954591,1.8472196391286264,0.06341721046479505,1.7246811250866034,7.013533985765534
-0.005079674648559369,-0.01151488940107706,-0.002387624469895962,-0.0077685443410913995,1.4380878002474609,1.4517505094715493,3.3148301756412697,5.7708124099580225
-0.005198530675796427,-0.01139495244676372,-0.0023304808852122483,-0.007996599490759565,2.027321918963985,1.674135694230151,3.566238929384884,6.389398631491859
-0.0051570782538395065,-0.01124342629880737,-0.0020602555738429736,-0.008070495796454582,1.6483088046690504,1.4534428707843403,3.41908419364202,6.6392810076214746
-0.005020980100817831,-0.011361492064907934,-0.002136846001713402,-0.007828032424534994,1.5081289484249478,1.2298511332968152,3.156441669296893,5.956813712102103
-0.005120404840570064,-0.011090665429940793,-0.0018124959294405294,-0.008129851601340278,1.9095865554919793,1.2549732072357058,3.2643602348171488,6.877294205464629
-0.005001164774562252,-0.011199914910533853,-0.0018991399625771493,-0.007923680743283729,1.6339803804298676,1.0651411538858884,3.0530820540993138,6.2646869995739545
-0.005022183559254116,-0.010470471553061363,-7.867426013603986E-4,-0.008292034660668692,2.320166339612219,0.5374876894955055,2.4916575412041673,7.73604621622263
-0.004867813489787527,-0.010403095718085958,-6.382538265213392E-4,-0.008131682392721164,1.891015143063328,0.24404127840249032,2.131136800624075,7.25072279441185
-0.005039415511198498,-0.010626579228399678,-0.0010487864709485821,-0.008263119961051266,2.306502353917605,0.7012228023524614,2.704400382882349,7.535766254416679
-0.004888857138197089,-0.010556361594753346,-8.820719784888921E-4,-0.008115292818100929,1.8014635932016476,0.38168111947662786,2.3364843949971497,7.108660752074358
-0.005088549402048354,-0.01093683137430405,-0.0015635849768963512,-0.008181304003688819,2.1594864700013585,1.0609490439353344,3.091014731952244,7.10398502657138
-0.004970298799451342,-0.011037688289862957,-0.0016465927886795632,-0.007991933023948232,1.6536224799497834,0.8810004035971158,2.899262328853999,6.514591716037091
-0.005061544257832261,-0.010782083680081916,-0.0012975649549864206,-0.008227705657425642,1.9289677793776339,0.8720916683532773,2.9013785392877574,7.326388239924159
-0.004933122205261172,-0.010883074097190441,-0.0013983713898900712,-0.008033716297951935,1.704955633408826,0.7018137175910751,2.719470316886916,6.693531245466548
-0.0049187418314485245,-0.010722878825578227,-0.0011493076114618783,-0.008089844538020363,1.7917507898140175,0.5514566478964871,2.5568175891850475,6.9406658092605165
-0.005351115767339394,-0.011840618209004684,-0.0030538880242957,-0.007749295888267304,1.4188009404095372,2.3620428064209236,3.920736182219836,5.638478996446724
-0.005191936492188111,-0.011817652843988505,-0.002870146069210141,-0.007601093413820895,1.4573746239753176,1.8929024411315603,3.551601404478037,5.306758717833019
-0.005050159743932849,-0.011762152798282372,-0.0026627991449042995,-0.007504072662821877,1.300378953453704,1.6483459270832843,3.23965979609942,4.977882778328029
-0.004973956902101061,-0.011641113367924696,-0.002449734423990987,-0.007537143726619525,1.3094674105110364,1.4528349337424336,3.090727124445575,5.036294840957726
-0.007110403506374492,0.025,0,0,0.15174475395838047,0.13086548168522166,0.2249084805835755,-0.012019456703162896
-0.01304127619488333,0.014918313371349008,-0.005815288657346874,-0.0035887152491477746,1.2712364120034734,2.5106789905429108,2.9776970470051896,2.7525487899236762
-0.012953526176675799,0.015180697220163297,-0.005687424412609366,-0.00323476672838376,1.1418607346238618,2.344571383409331,2.6761362239443334,2.3225617775680685
-0.012736947867575522,0.015413112000114372,-0.005709903520362838,-0.0028726944247514197,1.0161296285335848,2.4049397772680963,2.5076895607161642,1.9516111837540746
-0.01065198109794793,0.016518936893239286,-0.005711739583303065,-5.846039044815258E-4,0.7316659654762975,3.0172567933154606,1.4788135837259144,0.2934383090206118
-0.01127015370733684,0.01605325516246133,-0.006100647723883127,-0.0012652469801692596,0.8671529310630248,3.2647438438008782,1.9530933619163497,0.7066433751875173
-0.01235069937404639,0.015635737810679336,-0.005856438300610957,-0.0024322098077445464,1.0095132992326674,2.6740207248306995,2.38597496160877,1.5497680204510313
-0.011869588207752925,0.0159359913069257,-0.0058951121756278995,-0.0018603094303651262,0.9677849365544101,2.855168373472933,2.136284128781176,1.0851994476499722
-0.010277715609332017,0.017745185082279936,-0.004404445155572885,-1.5900732627459468E-4,0.27633764898766106,1.7669804778303804,0.9276309868535585,0.09234789183118208
-0.011067917266250778,0.017310722877449135,-0.004714210333972992,-6.607009866608545E-4,0.42520084319747176,1.8896489362281195,1.2254077935875085,0.3490584196379133
-0.012796069136576316,0.015772522452929306,-0.005305043309524683,-0.0025419576602311493,0.769843885715722,1.9978467033561629,2.1593058552160924,1.6481755027062537
-0.013287776878516157,0.01478395440840944,-0.005603461744590191,-0.0038445922279589655,1.254693000923593,2.1940680492133526,2.9261427412560077,3.0145327469389622
-0.014500236757204087,0.013157052514936285,-0.004217215282899733,-0.006013446573996572,1.6820747014152253,0.7051932715463743,2.5743036819415472,5.919492647438884
-0.014412614129278772,0.01329068122084769,-0.004380702053246601,-0.005877550202587511,1.658517754712822,0.8448152589972259,2.6973964555935486,5.730003180281451
-0.013610390171374309,0.014409597031000598,-0.005394972874090353,-0.004417084918311158,1.3776443956313982,1.9108998125666485,3.0299996806606866,3.711428928262649
-0.013564729457939934,0.014674331826133974,-0.0053054635730082275,-0.004048245476055778,1.238273016051778,1.8182013081123451,2.7732929184247728,3.200810240194401
-0.013841156429612094,0.014265430402645662,-0.00512857684629463,-0.004623270107153997,1.3842958140964283,1.590860378847989,2.874608008236518,3.9156036127717293
-0.01430234303434645,0.013449085795592702,-0.004569996020240385,-0.005707056430998375,1.6571900252575744,1.0202793037479356,2.831152240325093,5.492534243167845
-0.014125679552783415,0.013616303411873967,-0.004849788672340782,-0.005536798553879903,1.6534438471127986,1.3022854450221184,3.0638637378580076,5.30969623313386
-0.01396309767722084,0.013818997867862816,-0.005082315221578092,-0.0052774679241195345,1.6322410659498032,1.5621445998052792,3.188607877315683,4.951619118821849
-0.014034723839119205,0.014060029562544827,-0.004915152368766581,-0.004888745354895806,1.3983827665690995,1.3436235726855335,2.7878585114037215,4.245352802489728
-0.014634922864783195,0.012884060517393364,-0.003917797014506148,-0.006296621140233847,1.7368206206066557,0.47335615775105516,2.34777780827233,6.338040589842287
-0.014655509401210335,0.013091917887727315,-0.00397089427344648,-0.0059803398787486505,1.5773608480408365,0.49886468583647486,2.2714695613499747,5.732765710574264
-0.014789800569597484,0.01266914489653171,-0.003588788453328908,-0.0064373815746905155,1.6971638595190959,0.24330735755486413,2.014075805366191,6.466142165806941
-0.008894166447776243,0.02146986062044963,-0.0017965140437055465,1.1542799206140608E-4,0.027240278533699952,0.32872352540565036,0.25493373883824394,-0.083819864360575
-0.010686587716488423,0.019735470125200945,-0.002818156268640039,-1.5663577976067022E-4,0.02284501513449969,0.6168823797349282,0.4942373995141652,0.032452627287610135
-0.015233170091272077,0.011013104876261495,-0.0014572925720425843,-0.007532085271305806,1.9637138689052016,-0.352370087696994,-0.13415399472624112,7.950230644159757
-0.01529394506974812,0.010504090333909972,-7.301700644025593E-4,-0.00766098425155748,1.9877921630310615,-0.255641150921788,-0.9184611518468327,7.946918335665444
-0.015268188658884616,0.010844508774981896,-0.0012124907439547677,-0.007565482680682203,1.96160285344947,-0.33463286028281763,-0.4007873724812642,7.914620105965347
-0.015286676765391817,0.010674860019072302,-9.717911073217879E-4,-0.007611550275637524,1.9726098887170604,-0.3025708519449956,-0.6592082732018865,7.922377707300035
-0.015302162876329248,0.010331871418407051,-4.8256066328151867E-4,-0.007690654543710149,1.9957203632033182,-0.1900467966770666,-1.1832329962030574,7.920389429083728
-0.015222211908778574,0.011490113660924969,-0.0020506156343141515,-0.007192698328419191,1.8170641023639449,-0.3222971685040963,0.49650322076689873,7.3988480903771245
-0.015311596460136401,0.011318680782431895,-0.0017821959443923062,-0.007184810237912387,1.7664566790275196,-0.34710175229689955,0.20511439685380664,7.233191480350853
-0.015380872696024473,0.011141065896170935,-0.0015240757767926978,-0.00719341726837413,1.7390733412042325,-0.35110190765794735,-0.0651989137728987,7.116741499424074
-0.015021153433926208,0.012491279112951502,-0.003179108881752874,-0.0064088592932610025,1.5717917974830173,0.011957127434715721,1.5434341264471578,6.199598118429711
-0.015156568622866842,0.011865419105106512,-0.0025077115589251012,-0.0069377831680016355,1.7447969741478622,-0.22872273701404588,0.9524986989392932,7.015412767231106
-0.015190082278498853,0.012289691624687023,-0.002839217718735153,-0.006441773171304336,1.5127083460805812,-0.1326304104847098,1.1885825856092094,6.094593924508755
-0.01527048700229961,0.012075900043836412,-0.002581831842571783,-0.006566079652617761,1.5511749910788206,-0.21290887220500485,0.9506943385638256,6.224022236547396
-0.015317092396986599,0.011683736975503616,-0.002173627703639085,-0.006873751210959557,1.635956845177622,-0.30287861036630886,0.5801104635501461,6.691273872864179
-0.015327225555392461,0.009336549571988881,9.342239955240941E-4,-0.00753007573063343,1.9266206762331801,0.5174898876390363,-2.514826149429909,6.942499075652964
-0.01529867835932419,0.010165692761457961,-2.4251579374737228E-4,-0.0077236778439753176,2.001850391659516,-0.11108767335273946,-1.4391943378132266,7.912205464500418
-0.015247981611397367,0.010005130438423888,-7.688694780002519E-6,-0.007830533955243442,2.07805630813892,-0.018767739872076906,-1.7094383620260003,8.113884101704153
-0.01534414339866273,0.009510342662158588,6.904922108274201E-4,-0.007563240660403997,1.9254396725702936,0.3614292199702443,-2.3035922217563436,7.107241285694869
-0.015343260510818364,0.009686311927681315,4.4481563419594694E-4,-0.007611262336550164,1.932228112826986,0.2171530379127138,-2.0909904210523718,7.323357021591744
-0.015310892221425799,0.00984900452665917,2.1740731479505341E-4,-0.007698960448163932,1.9725252797502286,0.0936446816617756,-1.8995348467918112,7.652966008858402
-0.012094500305060412,0.005126315174931433,0.007196614025458305,-0.0030789692521135466,2.68358103298929,8.107115320957691,-1.8238826128748553,0.03401242865527442
-0.012255866463555637,0.005181594475340161,0.007059229488029297,-0.0032907675923996723,2.650267992472196,7.9046995602523085,-2.0428170789556295,0.1486213688463021
-0.012863469207531052,0.005479370076453914,0.00649703198652058,-0.004099149865709432,2.5358317531416863,7.119590557482517,-2.8430881705655184,0.7323067201603478
-0.012714697406803605,0.005394301028952388,0.006643988025131372,-0.003900091443741111,2.5648460318274293,7.324112802361138,-2.653432724074871,0.5663729290482179
-0.012563737989681823,0.00531523479007497,0.006785693841346985,-0.0036976383413422106,2.5926094457999267,7.518671086389522,-2.4542957841278756,0.4130239724148299
-0.012411526444638964,0.005244651426541422,0.006923327276254855,-0.003495744708034314,2.6220068913966426,7.710882134916582,-2.25205475325753,0.2747168262209581
-0.013009010700067271,0.005572454330455734,0.006347488119293687,-0.00429779213251763,2.5060646249875203,6.914288699581221,-3.028752623886044,0.9135313743377288
-0.013149309028796387,0.005675853209333943,0.006199294750220691,-0.004499798831388096,2.4801970471781103,6.719623418176774,-3.2184303943228865,1.1154378190642744
-0.013187119036995118,0.006147433031857422,0.0064107224465970065,-0.00531811799491956,2.977398940082745,7.950138915622435,-4.397003574296843,2.075907247244282
-0.013228992131981436,0.005977966261613392,0.00625178355052088,-0.005016192513652686,2.742719738777399,7.180345336535346,-4.029327495705389,1.7584916633483958
-0.013306558565652453,0.006249443980966237,0.006245943881574383,-0.005510759176693227,3.124590430453566,7.671720612793204,-4.566143937654809,2.352912332116806
-0.013335970785300072,0.0060885718461101655,0.006121677345167373,-0.005219926496861617,2.753118627323465,7.008959158005138,-4.216462738795214,2.024054545876524
-0.013281295558518312,0.005791640170342632,0.0060574630371495455,-0.004709815651025043,2.463243549074417,6.547827613837569,-3.422773438316446,1.3462848829980905
-0.013422735238775144,0.0063551565897494505,0.006074328606334428,-0.005699223530219927,3.2402602841730093,7.370717000764043,-4.71593299454376,2.6401249187962743
-0.013455972210855491,0.006198541896600481,0.00595580979216,-0.005413546393901889,2.688375541273239,6.744069018447596,-4.3692498814637775,2.2987622627167252
-0.013535533905932737,0.006464466094067263,0.0058864841827190465,-0.005892962885557692,2.9804106100058,7.05626437508113,-4.851381967401288,2.9409157433048274
-0.01357968728488895,0.006303457574201549,0.005767528552953027,-0.005585300538812481,2.634047990535788,6.423866549600505,-4.472101006471779,2.5540169401228225
-0.01364484341025055,0.00657726476122486,0.005699347437795148,-0.006074262693772005,2.960931726029036,6.743885783580711,-4.965130986319554,3.2438761697474763
-0.013684526894784256,0.006418980989515455,0.005604763024352993,-0.0057671658128713435,2.658379728370513,6.177849252038668,-4.594015693208086,2.837329470876924
-0.013792398590629352,0.0065427418823103736,0.005425524179793822,-0.005951944123603842,2.6040518343779304,5.900592300577748,-4.7015820221695455,3.143396384720876
-0.013750556019033765,0.006693441434347548,0.005513562248900534,-0.006243327276764768,3.2397929285372755,6.421043172019331,-5.0555816457013245,3.5498617917973116
-0.01439343342507192,0.007316323162661803,0.0041777005510102725,-0.006839352464196536,2.4354317842083524,3.976546062939846,-4.78475336269748,4.871473188243407
-0.014221641019906124,0.007320868219171371,0.004459292084691498,-0.007035052221005029,2.7866518277193735,4.747773545722586,-5.214107695671925,5.141615996208427
-0.01385256696814258,0.006812880963004882,0.005305675573953709,-0.006420894290098115,2.839522853055032,6.084283789727306,-5.129233008073075,3.868064847001421
-0.013910081354274566,0.006655433146676117,0.005215009669084641,-0.006097643174898562,2.54609001786449,5.54381530926043,-4.733577570532909,3.3989181335940057
-0.013950775489717909,0.006935465283302504,0.005106103052246633,-0.006580863200841783,2.9736555055282046,5.757313942053615,-5.181146956176046,4.18288847727118
-0.014002389732585444,0.006782460559898431,0.005038826530114081,-0.006269187391245095,2.563275418553084,5.288289771639438,-4.81042313108498,3.704645517889985
-0.014045084994930427,0.007061073770271072,0.004903735588458178,-0.006732953462958209,3.1383403913205234,5.42320131435035,-5.211205850521386,4.499072111289953
-0.014109570507051042,0.006919494979460871,0.004822795902601411,-0.006435063619851224,2.499194229368807,4.951016394405648,-4.844252606378462,4.024709010981087
-0.014311997851700195,0.007175911006281882,0.0043839531738406054,-0.006693753157286345,2.4246587595181404,4.265413547336252,-4.795296194740989,4.561464912791966
-0.01413540329229132,0.00718958373010223,0.004683677422247089,-0.006887692510464484,2.9228832479436644,5.082332800988382,-5.221465096458278,4.81958645223028
-0.014216474244114992,0.007040142175441413,0.004600646387659381,-0.006554875980045318,2.4300671883982687,4.589989859862931,-4.811438798836115,4.271326953659738
-0.01529800125258921,0.009164615141894645,0.0011786397484792514,-0.0075017030284151645,1.937068551958449,0.687474728510275,-2.7241020958003728,6.800115432344305
-0.0152604493933896,0.008994261054110213,0.0014239465294486411,-0.007470528899546038,1.9493468133812633,0.8726072305652249,-2.929507550522711,6.658655045612437
-0.015213817942425087,0.008827830365281905,0.0016688762150795131,-0.007439894812644954,1.9724996087370446,1.0712542484070007,-3.1307122273158856,6.52801580362297
-0.015163256662535048,0.008665445344793524,0.0019095645600412244,-0.007401367666859016,1.9944084714257333,1.2815803376143202,-3.321390477702342,6.384547346788577
-0.01511354861865198,0.008507658313242676,0.0021408576303697125,-0.007347788948293327,2.0079526086459194,1.4966289116452491,-3.488923178990912,6.209489919928246
-0.015053462121521373,0.008355431783733798,0.002373368529053964,-0.007299956842600653,2.038841908753404,1.7246839387976272,-3.6577763440748527,6.060035467586766
-0.01495528130658304,0.008212191668860738,0.0026341749891951073,-0.007306742886412155,2.108400228290315,2.0077067278601732,-3.8973367015718265,6.047438128723332
-0.01494717524234715,0.008045967987711136,0.0028109717132322066,-0.0071271527916217355,2.0467024365199276,2.1903589118814377,-3.8908564287265537,5.582415552605972
-0.014566870591583389,0.0073238097781550505,0.0038973714880021627,-0.0066513037341310215,2.1722400397652737,3.51192743568857,-4.315510251310908,4.450923984869788
-0.014612887765952608,0.007461083355799121,0.0037442407204169937,-0.006803676954989626,2.2029874982278206,3.3281723172844755,-4.362210134538571,4.7917482620744165
-0.014877750749377569,0.007888676880366536,0.0030437379747360054,-0.007036844361791719,2.077199071761854,2.452574447576362,-4.008012518795595,5.352186109301093
-0.014752976831220668,0.007755621557111294,0.0033237914923177013,-0.0070395375324637435,2.1804536030506836,2.8035548084926956,-4.2524697677030625,5.3455450254773496
-0.014741874528167205,0.0075707580981175335,0.00348151710437953,-0.0067984112557583415,2.098280921069662,2.9639950912466917,-4.130232692605453,4.779810280084122
-0.01132907179353107,0.004854552722633465,0.007629187007312149,-0.0019596313513670304,2.6188007466242293,8.357353616620847,-0.5303188379495972,-0.3222835393266608
-0.011151816247826627,0.004820701893562358,0.007715602037284386,-0.001704868384911759,2.629418516771594,8.405056169066897,-0.2468676155485017,-0.3483686320439164
-0.01097886559063753,0.0048347972573987985,0.007838174240100975,-0.0014783916187520877,2.6688726749446072,8.633953541055424,0.009245996903337902,-0.35554089587386806
-0.010340132196235648,0.0047017403665496026,0.00791611010593935,-5.05955123351898E-4,2.42921456668093,8.071043730849896,1.0620241094548912,-0.21259527963343053
-0.010494443366651271,0.004771530119358852,0.007966211864502358,-7.499840022414096E-4,2.567703557075133,8.467642816314278,0.8240290848085843,-0.2749990716514636
-0.010657138508790026,0.0047295592553820535,0.007860161227103946,-9.731259354850522E-4,2.5274046137277857,8.240729568436215,0.567611378425905,-0.31229346274948416
-0.010836911895442914,0.00474967677438385,0.007806972134449961,-0.0012376261032738397,2.5331432319020295,8.278163170004426,0.2837330038901877,-0.3404465825174483
-0.01201866964137064,0.004917478359652867,0.007068748027223376,-0.0027776130619875518,2.442393708953844,7.379794281294037,-1.349637175632136,-0.11295321142588623
-0.01152811267838719,0.004744719245870086,0.007350414541640254,-0.0021101084664663134,2.419862445927149,7.5316814256650195,-0.6383970135595193,-0.2946512235099262
-0.011798073288250619,0.0047950563781634994,0.007166531606314486,-0.0024431432741113686,2.387859575788806,7.310427721666412,-0.9777702120543851,-0.22179762081414411
-0.007231031038346006,0.004549703362969081,0.0059962150883746115,0.0029384040974176555,1.0683990756350494,2.0790914101318694,2.079316113336905,1.5531325312491637
-0.0075279447801329565,0.00444267520772656,0.006220662716198511,0.0026608466188265925,1.0973544416218675,2.432651779469724,2.111945383797392,1.359026931010546
-0.006891461360824554,0.0047756167055178315,0.0057624282834634185,0.003335314166979537,1.0697266442230289,1.768042610328813,2.1053327021913275,1.8752344732071877
-0.006415840492400667,0.004728381452863503,0.0052115837223930235,0.0034257558685615425,0.8890684205537595,1.0822189494699332,1.6875842258960796,1.81754370770455
-0.006024763278531672,0.004890837590259003,0.00484252154545381,0.0036774828940605016,0.8722116297230259,0.7389390818217705,1.512893468828368,1.9614186999429482
-0.0029343802483603543,0.00387868744882083,0.0019863572173821962,0.0026622010435420245,0.5047518679469385,-0.3448285151777526,0.10554854542665301,1.493921356499728
-0.004942462080288302,0.0046758765031341566,0.0036996318939221708,0.0034838389679094106,0.6420168851105067,-0.043629799356394765,0.6994495231747111,1.574003263925623
-0.005543763468478061,0.004671558753926665,0.00428086834585395,0.0034929851167596264,0.7529376752146869,0.2626313419189082,1.0204083608122783,1.6335947409884242
-0.00417353711032401,0.0041962086364398105,0.0029727200688020945,0.003022252379626157,0.5146931409932232,-0.24146420702637697,0.36106066271246556,1.3447102962257844
-0.00699414950261754,0.004319965972197057,0.005616898958230841,0.0028166913320458076,0.8892920668871629,1.5080422832738067,1.6928253709734764,1.34620826452539
-0.007886468694553114,0.004379102832803969,0.006504755023672816,0.00235338538964986,1.1807080111716137,2.9392497890245832,2.174222888796051,1.1703176679336966
-0.008182131711626779,0.0041842787415828165,0.006584869737927955,0.0019585389664252637,1.1676911834991663,3.071351280147407,1.98011180912502,0.873739732201383
-0.009057017129716955,0.004546739847268103,0.007515545422263834,0.001280441921611244,1.8127218707020567,5.733260917497947,2.359302627168557,0.6042453441136594
-0.008696865206250104,0.0043856438370881955,0.007134788489796801,0.00160857012241003,1.474325472272526,4.454366812690793,2.2458147418578736,0.7482605144822979
-0.008919446327610707,0.0043899138148426825,0.007267930299571472,0.0013643862971754379,1.5915476050665605,4.875022893158501,2.187129012799879,0.609319800233636
-0.008488087085343094,0.004080471158674106,0.006707641013607526,0.0016225393004627952,1.2035730256897332,3.3372906453627533,1.8638258527490554,0.6597548021075431
-0.009260058088665788,0.004501569277078434,0.007554276713692701,0.0010005053222078943,1.8389042944746328,5.920324625316205,2.1632147095479404,0.43026277327362233
-0.009501919409562019,0.004539235134957187,0.007680084919153778,6.909574265637164E-4,1.977496438621326,6.456815335030284,2.012072654854418,0.2712169697430719
-0.010008493920377214,0.00452168149993264,0.007728436869308063,-1.2567082919984198E-5,2.119827935535936,6.9665208445733535,1.4433688551946118,-0.046867065717430455
-0.009761924022954093,0.0044807110587981175,0.0076636560234644045,3.2414996128032506E-4,1.9968156330868296,6.538887769606917,1.6913435210909735,0.08884600794822127
-0.010274904385408859,0.00449104633710997,0.007672953237212653,-3.7699825542002267E-4,2.1468428595023386,6.997120152922077,1.0949186020544828,-0.17026162522917285
-1.9683280748360215E-4,-1.6710616335763025E-4,1.3371589535612539E-4,-8.624747303708479E-5,0.48534966427293297,-0.3169254508316222,0.03740581297189314,3.2824196606987326
-0.0016940925040130443,0.0014193051740441888,0.0010993376378746825,9.237429353033336E-4,0.36581265582073647,-0.34063676134200366,0.03732445830987663,1.8505276255186665
-0.0027191146593786948,0.002584523397792374,0.0018104393484715512,0.0017308089287833288,0.42099519133426755,-0.34386177988855365,0.0693452208720325,1.452478893786668
-0.005320197985582652,-0.003969257704134157,0.0039221421940801035,-0.0028236975126876575,0.5489850626316276,0.02771112351362658,-0.6563066799317356,1.1606266359836441
-0.0045315230546234255,-0.003476409081324115,0.0031937859648806803,-0.002447789386727,0.4502830242577112,-0.1930201894577547,-0.36544996084550085,1.0719330969434073
-0.0035543972404693844,-0.003226140482347288,0.002422312907496341,-0.0022412129162710788,0.45207852656430164,-0.30903813468861974,-0.17118505494033945,1.227465188320104
-0.005921225252891391,-0.0037977625542530606,0.004408964355551979,-0.0026194320746154407,0.5728108269426663,0.2777474462764157,-0.812956450274554,1.0198707535221858
-0.006855361197530311,-0.004350729098719418,0.005503356118245942,-0.002905965804102267,0.8654189968206384,1.3301169125475665,-1.6213316670375104,1.369804034957807
-0.0064237379217396,-0.004062782578584241,0.004956818416438937,-0.0027607702074750828,0.6951359433768601,0.6859151185658253,-1.1428434071905456,1.1321441478083247
-0.00885222313913527,-0.004680890920000337,0.007554264184253153,-0.001613862888681915,1.849976993348222,5.862394976073605,-2.6955523477539063,0.8537926524970915
-0.008673921668035786,-0.004609569130017681,0.007356728090301866,-0.0017826554222179999,1.6734594200174364,5.200498441742677,-2.63099969147655,0.9403030556478413
-0.009043579820610532,-0.004586165114550791,0.007553777278884117,-0.0013178120342744297,1.8323999810972131,5.880818539392528,-2.43869778710626,0.6372085001638742
-0.007655181367604927,-0.004385067163884827,0.006298377240730987,-0.0025245906454823288,1.1028632003104166,2.570786526533641,-2.1054077254115833,1.261474243222471
-0.0072711948378638425,-0.004202242096032345,0.005817728148550664,-0.002576055051092846,0.888061610986905,1.7109195201717102,-1.6943016063786394,1.1714278808584864
-0.007918360897470538,-0.004299620324159105,0.006466390014713843,-0.002260197745302676,1.1288913337562845,2.8677171934628656,-2.08353098508892,1.0828261558303247
-0.008528624141928277,-0.004435025364881806,0.007069494653317235,-0.0018218650620998812,1.4681704593707676,4.298812693015699,-2.344007446839811,0.8887366103165596
-0.008289801107476931,-0.0042810305075323555,0.006747275050928835,-0.001939869974993451,1.256229444424027,3.473986372596354,-2.132701067623778,0.9020413943786492
-0.009319646125204315,-0.004553728125291989,0.007638373337425294,-9.430411672919118E-4,1.9182986596942637,6.251861001822452,-2.1991251299951773,0.40751464812929283
-0.009550812842772753,-0.004510436262329695,0.007658214809728776,-6.187293399246688E-4,1.9549419756781485,6.41979357682592,-1.9395104144631665,0.22841396883661122
-0.009992371152768504,-0.004686386297946719,0.007928938688439626,-1.2591290824711552E-5,2.3400858746259137,7.78749148278597,-1.574480318352565,-0.039455514780423896
-0.009815018743769978,-0.004528227622887181,0.007724960288694759,-2.585998093120648E-4,2.0649081799616322,6.826359842720196,-1.6828589304760777,0.06113948522152102
-0.010626579228399678,-0.005039415511198498,0.008262885953554329,0.001050127784130572,3.0460538486046578,9.846549023998195,-0.7386648412268803,-0.19278141211310929
-0.010566874247612544,-0.004885796289568524,0.008091157783184762,8.962501596686372E-4,2.738911086585024,9.114395972025555,-0.684765100056327,-0.3193077012639613
-0.010720018638931662,-0.0049173848492393285,0.008073226900340772,0.0011426134692529,2.8400350985241776,9.250213779582777,-0.407767207281768,-0.3478523340088762
-0.010782083680081916,-0.00506154425783226,0.008226943342185532,0.001302606976904542,3.2977240710086995,9.93417752498126,-0.4284514500864736,-0.22923012234680473
-0.010936831374304052,-0.005088549402048356,0.008182564696780996,0.0015568928760991338,3.419353013020037,9.998307820381916,-0.10772249983579836,-0.2473187999859051
-0.010892267177107649,-0.0049435301860522715,0.008024570922955164,0.0014141338348607985,2.8399271165727353,9.303438775953653,-0.08089377969055132,-0.36662137033850534
-0.011090665429940798,-0.005120404840570065,0.00812774149981388,0.0018218482711427775,3.1670981719652063,10.040567473019236,0.220065625994632,-0.24609505362358478
-0.01104674123562405,-0.004965393265605723,0.00796334712209982,0.0016533656999641406,2.8691577635563124,9.293368714233493,0.21109635830625262,-0.3666761681064052
-0.011196785337821794,-0.005010247764688007,0.007919635205298052,0.001897952723692662,2.928096925176057,9.359979000053222,0.5012534882761218,-0.34134344049851256
-0.011243426298807372,-0.005157078253839507,0.008069671900494565,0.0020643429285787398,3.5260959639822596,10.060151504620336,0.5391547517515359,-0.22344247040315693
-0.010173506263531766,-0.004697067632771139,0.00793316973184247,2.588601017257813E-4,2.372397288335564,7.977475511966547,-1.316729083920353,-0.13817148342904204
-0.010329554753868328,-0.004753364318443644,0.007981850601541616,4.985159598843756E-4,2.511985309355118,8.349088889574572,-1.089986849921806,-0.2132813086592476
-0.010499200561626225,-0.004713517747598645,0.007890755103810711,7.387451788557021E-4,2.4841817356998916,8.1809091711009,-0.815224013028509,-0.2718599066373943
-0.011394952446763721,-0.005198530675796428,0.00800219333691321,0.0023119639426614344,3.6069561422575434,10.051353660514756,0.862768117919659,-0.18174783741896053
-0.01136230199585286,-0.0050422927072977285,0.007834848511721004,0.002151382506844834,2.876405561065251,9.29644152467755,0.8246549703390347,-0.30201986866310776
-0.011507587603454975,-0.005065816736521037,0.0077404783390254825,0.002362807615976591,2.849321693084178,9.172824760408984,1.092966731404615,-0.2549475362108104
-0.011545084353673888,-0.005244717217658646,0.007923990918297536,0.002567060289134988,3.503692953724277,10.016067650410461,1.1872328060571962,-0.11993548737324865
-0.011663018317485977,-0.005106580367941041,0.007643819436942883,0.002595138306037376,2.8554122228668812,9.071492986696882,1.3814991550541948,-0.18273354455125787
-0.011693686304088879,-0.005295594968187609,0.007838209283719935,0.00281828312301413,3.4610467987139515,9.964161893329651,1.5070317850570263,-0.03774606927436923
0.01594469235911933,-0.011955905350782763,0.001881135845832936,0.005806585651980727,1.1387045758032117,-0.3336449992585968,0.19372838158004943,4.391216709306011
0.016314888975715428,-0.011172191248029593,0.001091941543060803,0.005812150718018813,0.8917717790620382,-0.3276581603719983,-0.3587162329565702,4.024517644990932
0.015953589286555613,-0.012676734535920815,0.002356522901524045,0.005239551430690246,0.8095150671935577,-0.2749739793292864,0.5371089238410246,3.7855416880686796
0.017767694814708235,-0.008988855953488792,-4.696713302007293E-4,0.004243598778759802,0.46786477338411425,0.16998710658657123,-0.8862754103811972,1.3331603217863324
0.017286548111804318,-0.010597096216619492,3.76374650479119E-4,0.00480595914269837,0.658852691194332,-0.13584293248695298,-0.6946364207202612,2.1981072211997774
0.019106149205577565,-0.008586151472320802,-4.2880383093107466E-4,0.00314000650370427,0.2777292194838524,0.1405131135900436,-0.5864903955859121,0.5870143302925672
0.021613665704720394,-0.008798055352755766,-8.478617749308437E-5,0.001749214672121826,0.15621145973234515,0.03319866498922375,-0.3086981937396362,0.1954105459098628
0.025,-0.010729293840437248,0,0,0.1936015437283628,-0.009533824847052948,-0.2613314200903334,0.20436137834619253
0.015191034704353885,-0.013632511538395143,0.0034244054714994347,0.004911681585618471,0.9709204578738894,0.14377833116661123,1.4079147438724449,3.7572345023268094
0.01477343400308062,-0.013997767379715921,0.00392699568540834,0.004703428764024114,1.0158149749544128,0.445160994771519,1.7717122114649675,3.65860338627293
0.015740317920854518,-0.013761408339298273,0.002885671609271345,0.004428569519847354,0.7140861111895582,-0.0936862827001719,0.8854308199992342,2.945659002579115
0.016177441220153375,-0.013300758855708063,0.002383575552880725,0.004538727920650443,0.6845027891804141,-0.2286675813283896,0.5787127474978426,2.897615448876135
0.011680996757250643,-0.015378405468658818,0.006782590826641929,0.0021185933108382273,1.3785273805100078,4.3196057339207785,2.838949147046986,1.3715199277910923
0.011508750428287145,-0.015470766673570183,0.0067837883454018024,0.0018694591602634273,1.3158549180640924,4.360194977565875,2.673582958161706,1.1623408202734973
0.012092945399891432,-0.015262535194061892,0.006552376890866878,0.0025986950985395605,1.366165047770705,3.8100230688920402,2.988925158444967,1.793668261188527
0.01188107148202975,-0.015374351838606748,0.006612417667101648,0.0023043475324272087,1.2792347644524271,3.950271442874396,2.845407894279429,1.5270215392056417
0.012702100572958504,-0.015100989149628534,0.0060614137043187724,0.003203380492846395,1.2617022863972924,2.924976710953285,2.976519954494862,2.3528220061688576
0.012470178486309002,-0.015150144726132759,0.0062781211381832845,0.00300685234479505,1.303849537377157,3.3029340200428847,3.039840421174984,2.176406966466409
0.012325774262928843,-0.015286059156863326,0.006279172224615213,0.002752090370213536,1.2290279835230604,3.3286310541613586,2.894257042578095,1.922481435316779
0.012934287931867766,-0.014972238746558227,0.005902891443920506,0.003479376977424112,1.2481201118932936,2.643120365394582,2.986886242969989,2.629357579368722
0.013177192586528257,-0.01482682868651523,0.0057171564802682255,0.0037616767654867537,1.3018991450057928,2.3625363534718247,2.9781794436447453,2.921291122923734
0.012882048664891949,-0.01526417245982754,0.0056893756283074625,0.003107140587436341,1.0757933695287012,2.388005802899718,2.6332444384899967,2.193327508032317
0.013928919305953273,-0.014620514881999655,0.004864739267585198,0.0041253693588777915,1.0647754926773232,1.3207130040250759,2.43151069048068,3.2017718191598914
0.01343833258224955,-0.014930705502251743,0.005305870922836057,0.003689445072441565,1.0500689506572252,1.8350369551543273,2.6141711133442063,2.7855749241362604
0.013648876284303646,-0.014761277329123135,0.005145168017287417,0.003942461734059397,1.140118559732264,1.6355935092152702,2.590729688364681,3.0430302964113434
0.01461649958281492,-0.014469244836085748,0.004071941931578536,0.0041983992602105035,0.8351334191788192,0.5712664259975019,1.7702201141202585,3.0927628669351868
0.014269402023432637,-0.014733052149149842,0.004403733436755831,0.003961617170335367,0.8755784518443248,0.8587004225240961,1.954502432314238,2.8775193933757057
0.00772678625804851,-0.014602777037211542,0.007219834229523796,-0.0035644016196953294,1.588293373553231,7.3150181185587035,-1.9700620204534396,0.1366143170683347
0.00787110415992842,-0.01452413555302291,0.007534127514730707,-0.0035519250211197713,1.8031655527126091,8.193163574539895,-1.9375599922098796,0.1682156500010752
0.007861666814860653,-0.01467682528476283,0.0073077989506829125,-0.003339152066225129,1.6195655752894815,7.409317145633438,-1.750302887394206,0.020736345606504825
0.00801426371656846,-0.014588774500088612,0.007641049174630269,-0.003315363841636162,1.8127774080971204,8.331339358649824,-1.6878503629067376,0.05337993536518084
0.007605533906389447,-0.014670100344270695,0.006954097775529073,-0.0035650619983683455,1.4166481007101785,6.6618794941897885,-1.8361356161233615,0.12560399068259415
0.0074481568439169225,-0.014654200576428933,0.006746402181948901,-0.0036989372780031364,1.3361499646480264,6.250671111371021,-1.8748661963467301,0.18587631610806163
0.009063168625695952,-0.014911450597951643,0.008180836369994416,-0.0015655439722660335,2.0148082824886515,8.856925755350227,0.23125559852654068,-0.27654755838915
0.009115225603504674,-0.015077732671743997,0.007893443462863239,-0.001376384642963832,1.7141027023215998,7.966973310925319,0.27504334670121827,-0.371063997982879
0.00890933457005921,-0.014879595159429935,0.008127506940434482,-0.0018230417008941238,1.9272966543974552,8.838259741472372,-0.0509392581070291,-0.28138852491490796
0.008965301160715214,-0.015040222816177154,0.00786587557743079,-0.0016154714787820627,1.7626063404017407,7.9984029314414835,0.026367080962578667,-0.37659945439306663
0.008454915646326118,-0.014755282782341355,0.007923156004882569,-0.002569713549097714,2.1482894851438834,8.659392831003517,-0.8883059128788101,-0.1898782603140391
0.008488020381279233,-0.0149128331516682,0.007684869606514586,-0.002365683052350766,1.6815183436794572,7.874201372085628,-0.760392424008605,-0.30432525493215407
0.008605047553236286,-0.014801469324203571,0.007997090350380764,-0.0023291187002942274,1.8591563535874247,8.731431821513809,-0.6164750558802531,-0.23827767436267122
0.008756573701192635,-0.014842921746160495,0.008070245729938131,-0.002061622702181627,2.3823269765999084,8.794572780439761,-0.32979378231369716,-0.2677324351935232
0.008641447894132846,-0.014971550641623019,0.007729415309183813,-0.0021132191300147914,1.6565180122137424,7.866610117431612,-0.4993836056682048,-0.3476836732732453
0.008804809581432017,-0.014992352684730727,0.007833281006789218,-0.0018762799683392335,1.719405350866502,8.03196369576463,-0.24638558036623404,-0.3648772198348856
0.009498118853994118,-0.015287345313651468,0.007664270484212921,-7.270967002761222E-4,1.5815618370685949,7.077497714830568,0.9371024457110962,-0.2441487376777077
0.00934590861867394,-0.015214736239489303,0.00774576820914368,-9.707596003867717E-4,1.6380922027314475,7.384832548931894,0.7044113244255648,-0.3008387382996143
0.00957810153864779,-0.015484983958992343,0.0073205675350533446,-5.596954138490424E-4,1.396339044568375,6.1183424049471755,1.060207867024524,-0.17793840306638983
0.009177608952555235,-0.01525362816828409,0.0075910049136126085,-0.0011858546712102205,1.561553840966065,7.063337041266926,0.4952263542263505,-0.32732144175456507
0.01056829882118135,-0.015406699373128096,0.007422531300411713,7.810350006962285E-4,1.5256423442519687,5.963640584985225,2.1881828737354296,0.4036522703892013
0.010740758971246258,-0.015446025500234111,0.007286668763333025,9.912907993199825E-4,1.467539936616099,5.592991721944252,2.2988092137766896,0.5346858950895711
0.010437656431055287,-0.015518328757223383,0.007259849173539478,5.765305481914126E-4,1.4348343307536406,5.625226291174076,1.9648338792547304,0.2929566455884679
0.009824261443730262,-0.015460078729938815,0.00740988852504778,-2.3568748697505316E-4,1.4545880711118913,6.224795224388183,1.3479052880662665,-0.07781762886043724
0.010059282935206955,-0.015500897521317166,0.0073444475821805326,8.09340177631158E-5,1.4376735171128805,5.96368700190808,1.5938059407161844,0.050012236088203606
0.010255519336359518,-0.01551424610193625,0.007302602475466304,3.3790225116986724E-4,1.4022915954916793,5.778610635493506,1.791410138912774,0.1704634978336188
0.009692190097968439,-0.015705168409425336,0.006961097169967166,-3.697795739094237E-4,1.203686492481083,5.239589897480966,1.163362191303583,-0.11021636245015011
0.011281152424106235,-0.015554167783038376,0.006817830126581203,0.0015739130317262474,1.312709232965245,4.476972896835157,2.4886849898063743,0.9288951054601405
0.010851946970693279,-0.015683681884236567,0.006839295016481923,0.0010257613438289217,1.2192411430789507,4.631850237472288,2.1405973731092485,0.5619730868513065
0.011049464071276317,-0.015563076733384163,0.006937495020157236,0.0013106685617433448,1.3235662693359214,4.761297629538106,2.3769394136292386,0.7496324520578206
0.0055156102969559145,-0.012553122538630807,0.0039865441718586496,-0.007009039298730557,1.2470750162056365,2.997079008578382,-3.8224455147536673,4.008343756843115
0.0056962881580212045,-0.012545204192439475,0.0042411623690627965,-0.007168748313791736,1.6376304625039635,3.6594925782733014,-4.21176251373964,4.291349586427032
0.005600793437066118,-0.012694110104685486,0.004205996825207358,-0.006875275539614781,1.2270914014672518,3.2473379593864737,-3.847905253012916,3.759052370018692
0.00577835898009388,-0.012679131780828632,0.00446709564458274,-0.007030179469220411,1.6678293281956897,3.9280473277849057,-4.223574797972117,4.02285672780217
0.005864596707708681,-0.012810416269897774,0.004689579167023553,-0.00688390588039289,1.8203446192008517,4.2041196018762514,-4.2229964221523,3.7560916453307915
0.005694297185318549,-0.01283096466882258,0.004426377418945777,-0.006739766402979275,1.2037067713079106,3.5115694399254846,-3.867338995844754,3.5191879197579117
0.005954915005069574,-0.012938926229728932,0.004892555797128962,-0.00674118224749781,1.4842398086539117,4.473651910284736,-4.208360145254425,3.495516258826404
0.005798828142414362,-0.012956133332262905,0.004650057837125841,-0.006614315745044953,1.2434253165479172,3.8038392625230117,-3.8976650883852755,3.312234265108182
0.006355156589749451,-0.013422735238775145,0.00570879885577637,-0.006065429158486847,1.821281058388224,5.551738473058833,-3.982292279992753,2.471914253155736
0.006305701458517958,-0.013573094077312525,0.005598830565253381,-0.005791535517020046,1.2585696632059593,5.015839224607234,-3.64087595562151,2.1155604290850785
0.006049224510282092,-0.013064534716697497,0.005099458591547523,-0.006585925202743617,1.467803451357457,4.740223295370638,-4.1759855883126225,3.2356153940773367
0.005893106353330228,-0.01309876070147764,0.004854433541643904,-0.00644023929842582,1.2588850392655784,4.043046121984662,-3.852444175427991,3.0271127121392403
0.006147433031857423,-0.013187119036995123,0.005306309477104536,-0.006420318777732193,1.5089017921373775,5.007210613203954,-4.125405359785114,2.9757355195436026
0.005978350999902371,-0.013225532485210146,0.005027348426210307,-0.0062746781114521805,1.2258162085052302,4.241777025668205,-3.791070355595949,2.771682136851723
0.006249443980966241,-0.013306558565652458,0.005511431528933259,-0.006245122043126977,1.6644240357661964,5.277794706797273,-4.059955827615431,2.7203744351128396
0.006077128084596588,-0.01335474079790542,0.005211360441129049,-0.006099567694144537,1.2038086417526157,4.4650735511520665,-3.7249667887478277,2.5194248793590996
0.006189755846529359,-0.0134730279241624,0.005406329251772529,-0.005936104101450407,1.1974029584393195,4.729216779797468,-3.6751000586816773,2.2985111368633295
0.006284932380265925,-0.01371688463205722,0.005530184314482446,-0.005534968537927305,1.152957718544902,4.762113285653362,-3.250399947212918,1.7332264405082216
0.007058602901820071,-0.01435952604988737,0.006460097259744171,-0.004360955456393776,1.3000213219150811,5.986662026506343,-2.4838349757785085,0.625536046026121
0.007291535151959928,-0.014554761699570132,0.006628347083108833,-0.00394247390212191,1.309112708920195,6.120498758080003,-2.0887523922140336,0.32896924930180954
0.007161363368660765,-0.014455535681227222,0.006531760514888776,-0.004162990573058509,1.291189714464503,6.029814516065797,-2.28956339870949,0.47571753656912935
0.0068903728917743025,-0.014327116010372513,0.006216628430560139,-0.004471193999128911,1.2148143724064664,5.524925894814779,-2.4508794539334766,0.6843026520693003
0.0067342397181893434,-0.014219865960488723,0.006044753589234637,-0.004683476604969869,1.1739690827429585,5.291839522492741,-2.583465406439723,0.8501497690646599
0.0065936488242632025,-0.014110958183977151,0.005884195416212565,-0.004882042476321809,1.1379164472847147,5.083000218456571,-2.7064076092088087,1.0193741651642911
0.006464436605666247,-0.013990780109199236,0.005733538055059381,-0.0050874129537918636,1.1142152579881552,4.904825431420466,-2.844588496936407,1.2130898087850623
0.006354606608015032,-0.013860428153280783,0.0056035364989755155,-0.005300955667714789,1.1006909232249995,4.7757836414889425,-3.010719971009308,1.440726445060613
-0.004503702359409206,-0.009245526873244751,0.001020610586621139,-0.007592397878453194,1.736580989904015,-0.29202220782535365,0.5362610678934159,6.120486128210992
-0.004630779504780551,-0.008807993976666657,0.0016389177043596677,-0.007502372849784408,1.845298215090072,-0.33999926296056643,0.006675986297866991,6.390469249336021
-0.004531011706298309,-0.009039156017672807,0.0012951960231509284,-0.007528526024022275,1.7587426987266574,-0.32369497730426416,0.3050793958880344,6.1486509005797165
-0.004409787481524042,-0.008420113275421836,0.0019168224206824417,-0.007018554949853499,1.5631633167023506,-0.3377973088999074,-0.18002061764253793,5.229876980598944
-0.0043436638110444,-0.008642066991231337,0.0016442491877947955,-0.007110965220968731,1.5292667269955247,-0.34368215684293246,0.031197099039638004,5.213118645292332
-0.00449848709740095,-0.009444694441761088,7.585398081476226E-4,-0.007655948717519974,1.697201356126954,-0.24662984417170905,0.7623118421923237,6.130852196703743
-0.004533783674565393,-0.009664361666531406,4.6731441540237074E-4,-0.0077490525687713705,1.7064699484281205,-0.17993273838966978,1.0151774618907645,6.256926701940764
-0.00449261878553896,-0.009922867799431847,1.0391436395471098E-4,-0.0077333209059178626,1.6119080534407015,-0.07083034964055836,1.2853804491865077,5.977803317760159
-0.004358746025399802,-0.0071112858752678575,0.002816075825610215,-0.005809644072173633,1.1788214119745741,-0.2453593996193319,-0.636579769545993,3.555611563773226
-0.004419433930626345,-0.00665555940837819,0.0030465814981197495,-0.005377700847326082,1.0781559918485704,-0.2029483544187127,-0.704472417045249,3.0886961032911775
-0.003915173233992118,-0.005440578509396907,0.0027549202439968415,-0.004058046260014755,0.7055901121201691,-0.2707304238823032,-0.3954706401431014,1.9268227411798005
-0.004083479756287926,-0.006062504328655264,0.00284811042385821,-0.004674323129184855,0.8369374858505904,-0.25598384276168923,-0.49091231975578614,2.353119827537618
-0.004160739846562581,-0.007401944641077334,0.0024791157451308425,-0.00597481848828148,1.1907089372160902,-0.30933906532667826,-0.42375183138304134,3.5792952009236765
-0.004036651746542684,-0.007750507671151773,0.0021622828562283957,-0.006198214552165882,1.206151803625632,-0.3415581571784346,-0.24188701727823814,3.705015354539937
-0.004201306624516567,-0.008229778484189543,0.0019367612156724887,-0.006694924029716409,1.368183945783931,-0.34085912583045014,-0.15270140437963528,4.46164980863007
-0.004013652284027837,-0.008021417902431952,0.001960320577474959,-0.006393451644633713,1.2441263596218128,-0.3502873148499039,-0.12776346959925014,3.889104551818054
-0.0030737705672865606,-0.00412901026046523,0.002103778213391973,-0.0028763820350346104,0.5202602210157194,-0.3317033646527465,-0.1482825282348079,1.5517438058239603
-0.003105932895783311,-0.004979419968313409,0.0021153353027806884,-0.003523864210621758,0.6009734332039072,-0.3366720318056297,-0.15851220446105677,1.7481257841838203
-0.0022128855436816335,-0.003340782802564145,0.0014679988800108098,-0.002219602586827528,0.44717169750995983,-0.3636128490733052,-0.07757961805894115,1.6521039734662983
-8.584034768154274E-4,-0.0019759786565166004,5.770637213074369E-4,-0.0012413386177496228,0.3996217613575626,-0.326975188910622,-0.0025809851609480947,2.821877484151653
0.001403127555356829,-0.0017347073733704006,-9.148792090591477E-4,-0.0011523969123633437,0.4091118056036292,-0.3337504613610212,0.05894549793996074,2.2876911647040816
0.0035686650330090577,-0.0044666320838540035,-0.0024835943083402656,-0.0031903369666230062,0.5551304559968107,-0.30617135958135994,0.2446026178316712,1.5142350560529019
0.0026004129943374716,-0.003291712985423285,-0.0017424903027365294,-0.0022145851769132838,0.46264904609225704,-0.36019245263906147,0.048329513343888464,1.514728355787671
0.0038328813774013717,-0.005990821780478525,-0.0026283274082451696,-0.004537384006150981,0.7921321798172576,-0.29366350160242866,0.37688825941847504,2.221142139490185
0.0038854367786574913,-0.006466971293803199,-0.0025860239789634123,-0.0049862615211281195,0.8702000088265089,-0.29963366742689135,0.388302076644796,2.5534652628880763
0.0032240808315176944,-0.0054256931902309175,-0.0021771915041482455,-0.003903366387243114,0.6695949044934953,-0.33180149347131976,0.18890487690112945,1.854617126735412
0.003663789446366066,-0.006836611723598733,-0.0022836383827641656,-0.00522451663411309,0.9247126390347912,-0.333976847064152,0.256989973751168,2.6572096853266802
0.004419011905591581,-0.008602554169948193,-0.001738612677935996,-0.007152231668385178,1.5668239356238087,-0.3448755365832467,0.03741088627395194,5.38200951185653
0.004366479485433565,-0.008857871152893777,-0.0014243214647881375,-0.007260101026061908,1.5943276644720645,-0.33664412541098837,-0.2031385101990759,5.390075034651997
0.004337550419283753,-0.009129757609514505,-0.0010952987336380017,-0.00736528661399436,1.5400785658496388,-0.30511112989897743,-0.45596962045066763,5.407877189850264
0.004226592807347393,-0.00830832562180486,-0.0018899192537078244,-0.006774557688088387,1.3901629348151394,-0.34743129788192023,0.12203778294033288,4.5967767957624615
0.004516894899333525,-0.009554523855703692,-6.145623773256922E-4,-0.007704494259146852,1.6998163001721196,-0.215583954236737,-0.8836362217610957,6.193684804791338
0.0045229369240341565,-0.009818479758689618,-2.5116778404569E-4,-0.007756886583133906,1.660308102233627,-0.11924226945873127,-1.1808237796499743,6.144286310566593
0.004274536936806968,-0.009390621426327912,-7.588632777496129E-4,-0.007394741828154923,1.4763896241873622,-0.25038483523835803,-0.7034804206795843,5.222709979477345
0.003918482777393959,-0.007998477537059925,-0.0019103013763916564,-0.006307437644108296,1.1613635273674348,-0.3539698505054671,0.08998030916053089,3.73734211117846
0.003640966275894187,-0.007434465841032463,-0.0020255609646607693,-0.005702552757851781,0.992252642009717,-0.35385491479062087,0.1390085017754583,3.0084586141263325
0.004464509310647493,-0.010043302439786649,6.143869539168707E-5,-0.007698925421934345,1.541045131029979,-0.017628187583683255,-1.3849790153615675,5.772442510501638
0.004439907137410678,-0.010241604302386825,3.2769289110923835E-4,-0.007655671982163416,1.455152455682831,0.08332748775504108,-1.552579248991287,5.5097355948699525
0.004449957862542294,-0.010434149380662228,5.860214896808107E-4,-0.007632330014541027,1.4002096023216526,0.19590858868364222,-1.7223402102004262,5.346567874129409
0.004517500148564395,-0.010790943966233639,0.0010766479345916968,-0.007591098030677347,1.329552236787638,0.4477554971680741,-2.045440015100834,5.117525104050229
0.004478664063426001,-0.010617536813981362,8.358327847324008E-4,-0.007612860875373947,1.3578086331539254,0.3180828494267824,-1.8881464181387067,5.224544253955197
0.0053269324644941,-0.012556757045526121,0.003728475125589954,-0.006841389226787952,1.101195449735681,2.6131325624357413,-3.3623796400170742,3.529961894377923
0.005250573741160348,-0.012405037273422168,0.0035166703549678537,-0.006973065043226774,1.1221498792935722,2.404669798837943,-3.3420827369217627,3.7733658956728733
0.005185622940656927,-0.012250319735763182,0.0033070415229677383,-0.0071052746194720665,1.1449522895931128,2.2072506503542066,-3.323761464999673,4.04022859689529
0.00518075951197229,-0.012086884904874978,0.0031497854458686055,-0.007292706701723219,1.243918582698085,2.0939983962898263,-3.4188184115269906,4.489975784646044
0.004898749924444522,-0.011501966075327209,0.0022178459177451346,-0.007573817302885588,1.3380111662635088,1.2567927491032813,-2.939063250234073,5.120851026732319
0.005005764426304637,-0.011630304271493381,0.002465531034777718,-0.007580085058519724,1.3580717930689166,1.4800158745030272,-3.1612671503309584,5.181026781397324
0.005008010847266217,-0.01179410159513723,0.002655835358499174,-0.007427465364360847,1.2452235064579786,1.6226729418227777,-3.148619276013539,4.752503430137591
0.005070596158102035,-0.011963265198613267,0.002903530156102702,-0.0073183312522630975,1.230313287784208,1.8358267585857793,-3.232491824071413,4.501389932504138
0.0045538806509361806,-0.010955214539401036,0.0013032116731272658,-0.007555578888304617,1.279800772517959,0.5802941388849218,-2.183884344716685,4.981806618649475
0.004587277529878659,-0.011125329773103728,0.0015340351811194365,-0.007498905631079162,1.241974328056948,0.7216291233475638,-2.3054012031033295,4.7988133593211435
0.004624325323628925,-0.011304793427820516,0.00177307096711782,-0.007424554772079911,1.179472313242908,0.8785763857585874,-2.4175355373324368,4.5783480243401655
0.004677050123310845,-0.011497127737373972,0.0020330255172232637,-0.007340247749937029,1.136330846752501,1.0597721088988472,-2.535213573929371,4.358985985440039
-0.004711847173835375,-0.010322269832786595,-4.8241094323724884E-4,-0.007961693533666258,1.7041975659846234,0.16748339174684237,1.8723256706966167,6.609843585331023
-0.004548230751046417,-0.010165882959864519,-2.3634264101728863E-4,-0.0077916402367753925,1.5984975078371382,0.056880664360004704,1.5730521969675162,6.03060272645663
-0.00489888327757736,-0.011488339252993392,-0.0022013311973170416,-0.00758788884912073,1.3263856360998039,1.2462587689092297,2.934563875657315,5.150486741214016
-0.004865760332408061,-0.011128064564768992,-0.0017105632846845284,-0.007814256376364152,1.486092766173101,0.897906766487584,2.763491519758758,5.87142347273443
-0.004829484329037309,-0.011299754963263785,-0.0019122939048617316,-0.007655828078583655,1.348221240280346,1.026580072449731,2.7661447903509253,5.334722842650005
-0.004720986704918623,-0.010502612598815301,-7.518918591802172E-4,-0.007931764396511219,1.6623740777074516,0.3000306819097513,2.0707275491101274,6.411805006088
-0.004781484628768921,-0.010653102873033535,-9.916390015799687E-4,-0.007954211135139874,1.6619582220038454,0.43550799082373876,2.2876494850532354,6.444069094403242
-0.0048002512078932314,-0.010992678440097733,-0.0014856293738252748,-0.007820057973248945,1.5008006325606056,0.7358381615522164,2.578069862416917,5.8921617712860845
-0.0047586510643397055,-0.010826567255309874,-0.001230561855852845,-0.007855738432800885,1.523292195208625,0.5735767522532647,2.4027444069924973,6.03788552508459
-0.005475864446977092,-0.012128895840071582,-0.003554672585362744,-0.007532864850346158,1.8643443499038985,2.8714339704469296,4.086032964189228,5.107906778723179
-0.005544967222482056,-0.0122699521913998,-0.0037787775310981313,-0.00742295182251248,1.5391649793997735,3.1274730357680327,4.1465330817189345,4.846629072189267
-0.005385956823750392,-0.012256115346407553,-0.0035614799563979146,-0.007289846935188264,1.319725678982188,2.581777173801782,3.7897983403308957,4.576969322652084
-0.00541122549991139,-0.011985736283431544,-0.0033143614170739835,-0.0076414303553747065,1.8600645758668548,2.6139854871469663,4.0093518284782075,5.369974399759937
-0.005305735906215293,-0.012119437130563229,-0.003328294158231704,-0.007381667836862228,1.2856608185755707,2.323371563261478,3.695139829013627,4.776642653074101
-0.00522759409217917,-0.011974316298384148,-0.003085841033867748,-0.0074695931904554804,1.345489059394221,2.067001329583512,3.5855396419834746,4.979017769289129
-0.005032922769824898,-0.011932045088150916,-0.002829581289871291,-0.0073121404581629745,1.180855398487448,1.762516632904813,3.158483595122743,4.461158832814707
-0.004884180383807211,-0.011796806202371508,-0.0025390956033099596,-0.0072958895014852984,1.144495477067261,1.4795297344917737,2.897703653970559,4.352839807171537
-0.0047837304572399325,-0.01164030089137073,-0.0022792508164452222,-0.007335668824624264,1.128979449710899,1.2594669467239255,2.730354422308846,4.410575994835551
-0.0056184655156709526,-0.012408766398519249,-0.004011093427305363,-0.007299915251058967,1.5586689844856443,3.3895813146527494,4.190185948580051,4.57796285550228
-0.0054533060370815555,-0.012403691034759745,-0.0037813241386222105,-0.0071584407522708405,1.3125784868041466,2.804350399694646,3.821369994529259,4.297201380163301
-0.005696288158021204,-0.012545204192439471,-0.00424385429006029,-0.007167170926253713,1.7475253158879174,3.6595122277441057,4.219446101708121,4.307125123909109
-0.0055238710754681765,-0.012539346388843995,-0.00398660020431211,-0.007033009490790369,1.2573284920934877,3.0209676723939727,3.8460408940576696,4.050974051056429
-0.010729293840437144,0.025,0,0,-0.0529832977278147,0.1978635083301451,0.2804926176725852,0.020180580712503844
-0.013296774238203865,0.015179519485744664,-0.005292597850418897,-0.003356401787831524,0.9916034325984281,1.833341223309904,2.4440134165904266,2.3983599630305403
-0.01313229218738326,0.015578662884676249,-0.005151801806607739,-0.0028840980496165273,0.8477428380506139,1.7695677954865092,2.1889968999643066,1.923023754306742
-0.01181200083454097,0.016897833723432818,-0.0048563647983441436,-0.0012736839526510462,0.4790623147092711,1.8379587303285698,1.492511384002141,0.6797917691761067
-0.01243435403854221,0.016333069495182394,-0.005056090420166189,-0.0019078761521130801,0.5896373999329442,1.8431236870816436,1.7891111385097853,1.1270619589910877
-0.011535186855285736,0.018126181514741487,-0.003877973454978124,-7.055027349211709E-4,0.2317191764102234,1.1517064143374112,0.9213075775064451,0.30288522275944124
-0.013192224155214684,0.01615960681906395,-0.004647214811642912,-0.0023872748906151307,0.5931307126290649,1.3473089710099255,1.712238774384449,1.4213029732665434
-0.013673475474954224,0.015007636955495318,-0.004968965764227207,-0.003639802093850833,0.9692986876902662,1.44943317768068,2.3191656474041653,2.647222860641388
-0.01461526741176758,0.013290197865103406,-0.0040828391251344735,-0.005734780470025518,1.5083301878247664,0.5744832032173351,2.2890889373712913,5.327614645222083
-0.014515270869190503,0.013459140820011876,-0.004254879325395919,-0.00555913362004652,1.4318016742603812,0.7088483069973295,2.3988007251080097,5.093381781289358
-0.013963100232793329,0.014666802215671761,-0.004786595595496845,-0.004071795980141248,1.0570459676210346,1.2252127842606815,2.3310301289051947,3.105317062651842
-0.014111900415475657,0.014318858573066213,-0.004733140608054784,-0.0045049376013268925,1.1336643156562642,1.1412199460219983,2.4426284729348153,3.66093181138505
-0.014452096658397657,0.01369859036636957,-0.004355588739943461,-0.005254861408179025,1.3823814926927132,0.7894532502294277,2.375742481289181,4.61362173366225
-0.014252390392692778,0.013872597862488859,-0.004634863153762269,-0.005094498081254696,1.3707778680807043,1.0473126547801652,2.5906536997509377,4.461214519807952
-0.014295632935355539,0.01411516952861473,-0.004532560503513153,-0.004746163007636952,1.2611208509335994,0.9483152497763727,2.352285655110978,3.927524712028243
-0.014875577495234755,0.012978018206446104,-0.003626260965324185,-0.005943917452035054,1.4703641612491147,0.2439746727385985,1.8646236239337597,5.495091482803605
-0.014818016647266398,0.01323441611455445,-0.0037994041255506377,-0.0056562769822387305,1.3090902001419629,0.3460879319772324,1.9452688626317758,5.071982712639956
-0.015116348165876972,0.012796304935425835,-0.0032476499267239463,-0.00594120366628512,1.3449316682187922,0.03125006093134003,1.4783156694617479,5.318796712056288
-0.012076523996661568,0.021961237153660808,-0.0014719351624650455,-1.7710592076474949E-4,-0.06433159637752772,0.10198902751669868,0.29323580663790444,0.09040804825430691
-0.0124062433937525,0.018981049054801087,-0.0030037913088732907,-7.374386056770643E-4,0.0600916036260747,0.4853147232316112,0.6256504014999156,0.2621618668392961
-0.01545110205287177,0.010429102807563703,-5.828062162049221E-4,-0.0073896850937103945,1.7891742886566278,-0.2077777649213873,-1.0286884236092606,7.142393635116348
-0.015432537721984588,0.010968120032439119,-0.0012840868033904159,-0.007207998298275312,1.717645762789109,-0.3379307873862452,-0.31241454967257004,7.027669882492687
-0.015458436572138332,0.010614060522216664,-8.239125807150415E-4,-0.007320724777199143,1.7583126290723599,-0.26753924988622607,-0.7790862142928293,7.0820782334298995
-0.015461418098947589,0.010786321907405026,-0.0010431703262278687,-0.007247254828932599,1.7284432913890144,-0.3082700025164875,-0.5552579369204705,7.004171043899512
-0.015470866357320659,0.010231561371950991,-3.144429973881292E-4,-0.007391112056088327,1.7793912755366577,-0.12239784717575204,-1.289387002042034,7.018147655103172
-0.015455558731678353,0.011502786054143977,-0.0018744780671286472,-0.006816496571112641,1.5446370876584634,-0.3394414286208484,0.2628986472829474,6.389679974010299
-0.015536555600535691,0.01130397811151554,-0.0016071223229192383,-0.006835099420188882,1.5321720524960367,-0.3492207244009719,0.0022236361743035566,6.292105250641382
-0.015592137854278782,0.011109140834339865,-0.001359817008852588,-0.006867221872882432,1.5171455406514964,-0.3403371099650791,-0.23492051891145252,6.2396025061479845
-0.015339403484223996,0.012525222392598366,-0.0028422613627369533,-0.006015507845361349,1.2742472561737477,-0.13896023548437578,1.0951632782891918,5.258036332743288
-0.01545378378702638,0.011926266163856348,-0.002280692711037456,-0.006461356770162072,1.3805139788055636,-0.2913042054081149,0.6154530353855058,5.838070578679157
-0.015495923934363704,0.012216500877412322,-0.0024697070917776187,-0.006143537615514443,1.289580955298183,-0.24836724631883225,0.7668345476056384,5.32074532279955
-0.01555076443008635,0.011694691016041078,-0.0019843960124226456,-0.006528363604037979,1.4344040051124096,-0.33040689933544465,0.34388780612897785,5.827564176435594
-0.015536492393967177,0.00940988470468657,7.580597956598274E-4,-0.0071792023012174425,1.6703651262608077,0.3890025568966387,-2.1733700400387566,6.0778552514662705
-0.015507006473371146,0.009223022673308191,0.0010013413955668753,-0.007155708576455608,1.686233107810003,0.5447849467371372,-2.3664358841587254,5.9474321901310185
-0.0154810217505786,0.010013877705362077,-2.1146370211756525E-5,-0.007386003846133047,1.774166039623385,-0.010495373474274611,-1.5655930273580867,6.88533971940892
-0.015551193204871756,0.009590849060462028,5.255847615920246E-4,-0.007206912137660257,1.6779653226958995,0.25364351446919553,-1.9862443721750953,6.223642630210985
-0.015535825515585067,0.009802055662846901,2.5549434877006984E-4,-0.007273040296134702,1.6917357831745001,0.1151262543240914,-1.7792306174516412,6.48459701840077
-0.01303809123039844,0.005364138642208106,0.006167791881853729,-0.004005847583266827,2.251724776205077,6.235235106516577,-2.516393291179767,0.6134935912621796
-0.01223874208007462,0.0049746337240638575,0.006882913920425878,-0.0030322935109318157,2.394404972991517,7.111243943893366,-1.5956173141578567,-0.0066219484712820706
-0.01240716733810166,0.005049011843226088,0.006752248595985129,-0.00324868755000482,2.37121404062448,6.974749355111121,-1.817085915135504,0.10332391541222492
-0.012239050117285809,0.004730557361113007,0.006670577040492156,-0.002768017754220834,2.1019779748227396,6.267550768000863,-1.2236076003804455,-0.12580701852707532
-0.01288153634975086,0.005276082773238213,0.006323832563594434,-0.0038215546930697865,2.2886430460683127,6.439407793093223,-2.3574640182880944,0.4703692655562232
-0.01272258041562842,0.005190299444567254,0.006472011928841539,-0.0036276652321429004,2.31698212164734,6.621945991543597,-2.1790203552585496,0.3331119765124531
-0.012563020947818249,0.005118410565374113,0.006619505815846901,-0.0034403262731892022,2.355909593436859,6.815184047593033,-2.0068950955630025,0.2148182262981784
-0.01319074950102165,0.005466127468360122,0.0060132063473353975,-0.004196689272740064,2.2234357996419996,6.0453765153234995,-2.681700389508178,0.7768822117405394
-0.013334250596687256,0.0055842148260861835,0.005867106144118416,-0.0043981769118317865,2.206845626214021,5.884496860280373,-2.8622378483577617,0.967362026651025
-0.013399160631913673,0.005920630378221571,0.005930295918824898,-0.004931789039258058,2.4591324818679614,6.416349824408591,-3.6530828605568426,1.6148831988410584
-0.013476558637591875,0.0060547322778965965,0.0058598240912427725,-0.005156668928306017,2.5185593916773352,6.401430018676851,-3.925066458193195,1.915984546089079
-0.013469950908077339,0.005721080079646724,0.005727355009115825,-0.004617864505142298,2.203432297679289,5.749517330254007,-3.0677523916620064,1.1971712258948812
-0.013621685096078591,0.006124216254283603,0.0056384429547732115,-0.005259354991193697,2.433980537985382,5.9938403706887575,-3.9071274143926993,2.044046312430783
-0.013749060531180711,0.006255733926991697,0.005453981188699184,-0.005457005001643676,2.3777445109189372,5.730559016977673,-4.041576438946136,2.3225109978469654
-0.013817297363067317,0.006407442995678455,0.005364522267635811,-0.005695998888720773,2.4582118148861367,5.666945761057607,-4.303539120069608,2.7060630085906396
-0.013966849077992134,0.006487000231864413,0.005112253614589752,-0.0057668979382468075,2.3508221403202842,5.21639595268261,-4.204239677113237,2.808313017778499
-0.014497591638565727,0.007170632769707198,0.004083286807638143,-0.006490350852594892,2.1807767972081855,3.744096603615145,-4.281825952813563,4.113221236574955
-0.014096772100618655,0.006614456137475158,0.004887601808146237,-0.005912429467484049,2.274297306208538,4.870524175898869,-4.216713829136231,3.0425933041406483
-0.014157401892643933,0.006778969440192166,0.004766670586841088,-0.006150034038618144,2.3379603256280745,4.7474428126559856,-4.428286360892407,3.4738467872714685
-0.014291296196780072,0.006879213479255302,0.004520234674094333,-0.006213654753446471,2.2485586600817595,4.3490312932000394,-4.307544424948779,3.580545875348104
-0.01440748878302976,0.0070179825270641595,0.004287707401709591,-0.00633769151073217,2.197158876251853,4.01531448674951,-4.267647789959316,3.8087626607912015
-0.01546580645457433,0.009049023960782006,0.00123298429710533,-0.007139420833030089,1.6973034599555532,0.7084180985496124,-2.5525803579157658,5.8439929671863515
-0.015421800440949346,0.008863175111936222,0.0014811038504915495,-0.007101748024020881,1.7261900327964266,0.8948084808138413,-2.7341470584477015,5.693286196268438
-0.015350592124364825,0.008703128739756483,0.0017166076595255834,-0.007109359028177032,1.7702145548336674,1.0896413964654792,-2.9341893311628833,5.662990698748192
-0.015296647502688538,0.00852298809785027,0.001961331968732079,-0.007055439842855188,1.7818946302291307,1.303546973370814,-3.09757598877156,5.482140241665324
-0.015463032714878875,0.00856692165660742,0.0017817589584846858,-0.0068240377539346714,1.61637907076686,1.1275399468289742,-2.7920316577018447,4.978640279061716
-0.015264891585969602,0.008349071800040443,0.0021729700082432223,-0.006952909647523772,1.7850660279381871,1.4923227376340966,-3.189121430901493,5.2017909645854274
-0.015165041049281186,0.008138616923152226,0.002479824544510408,-0.006897978066517958,1.8311220825979402,1.7904331756625358,-3.388534372590144,5.0352410016184335
-0.015118445633874919,0.007883734544391726,0.0027581860596947953,-0.006688273366910681,1.760364172175912,2.061737522128325,-3.414623897878711,4.513239146038732
-0.01469761317715722,0.007185301854026881,0.003775168922317456,-0.006301075389221472,1.960794449853754,3.23436898717555,-3.806810170204144,3.7080469394237983
-0.014751901785432694,0.00736700037456799,0.0036004862389367987,-0.006499272466500047,1.985624107375109,3.046239782022926,-3.886918465246836,4.108858381502395
-0.014994331153236978,0.007656263592547278,0.003087967736193808,-0.006584959270736173,1.8516851203062308,2.4137145152656316,-3.567651393348967,4.277599075936457
-0.014925101246816161,0.007443723795884409,0.003321257369248442,-0.0064001906986318816,1.8426839418190952,2.664547991941188,-3.566393767760721,3.8938715839604265
-0.011304789977471119,0.004642969873961678,0.007409652911606625,-0.001776802515066622,2.3488582964731752,7.366507872677359,-0.28046204691976834,-0.33391496127568604
-0.011026275654642778,0.004627191027404949,0.007565291420279231,-0.001425858232277946,2.3610823305754445,7.542555215569719,0.0820624915833547,-0.34266767378886465
-0.010517877660372633,0.0045518031822191505,0.007692111280632892,-7.206218301078891E-4,2.25910373148685,7.347936774506146,0.7895346874489552,-0.25724445638720456
-0.010791559185028778,0.004531717264651904,0.007572034593500288,-0.0010782897992948493,2.2436990572707383,7.223119621020017,0.4267367392466443,-0.3163276418630279
-0.012035257803812073,0.00461605474330349,0.006774158733185807,-0.0024930025535803628,2.0754017417800665,6.237709329114137,-0.9443851463696591,-0.21718453681070618
-0.011530580422710386,0.00443783301645331,0.007038299295641609,-0.0018752916148786544,2.058707169746619,6.2825640508459095,-0.3570572414609836,-0.3306558882962249
-0.011784987838209351,0.0045136240512577116,0.006908321387794556,-0.002181151247912447,2.0458521594678327,6.2534424023744535,-0.6461797227825201,-0.28855570109184786
-0.007262672334523459,0.004146496208831627,0.0057742959977147125,0.0025286569557302027,0.8768228600409627,1.6714343169892871,1.649539012485256,1.1372126544311243
-0.007557305361594373,0.0039961024618655775,0.005938399052562496,0.002237171789817819,0.8816329339414964,1.8761079261431792,1.6099376226148598,0.941802914615908
-0.006548286200839974,0.0042551117727314455,0.005145172786640082,0.002907190582916819,0.7800176508153611,0.907019628629203,1.3587664745963013,1.3174195243347147
-0.0060086238673649,0.004299642529394464,0.00464805673784031,0.0030636250157709596,0.6516582121041502,0.4670529172186931,1.0918585242955083,1.3582308079369654
-0.004027691711519287,0.0029730520289888126,0.0027609978241896664,0.002045779660195163,0.40779931418517157,-0.2876474517278332,0.20195587876928497,1.0185954033250477
-0.005253926507598917,0.0038383499170682265,0.003845026510747983,0.0027176996433327986,0.5203652789746354,-0.020230089826055172,0.5839965531387618,1.0748228962597361
-0.006882046465664097,0.003870603011479137,0.0052892370312953045,0.0024436280374594433,0.693626071403049,0.9878126597855044,1.2431073189111146,0.9926320109310652
-0.007888906395357142,0.003890059743453708,0.006130810905445616,0.0019527052064834407,0.9291489188225722,2.172734050289853,1.5909657634817387,0.7646542132904915
-0.008216338284682458,0.003742590484845464,0.0062540982331525845,0.0016224206182751256,0.9507254548957124,2.369211625376716,1.4962244556671906,0.5711141334802557
-0.009103987225080497,0.00427013687071521,0.0072301634420928315,0.0010949498267489447,1.5674622152546858,4.783130297542299,1.9503165314556095,0.4300817007346662
-0.008847264240342944,0.0040823979775885845,0.006916170738481068,0.0012808539624431286,1.3162209640138676,3.8607723443602215,1.8163360027099884,0.48486474486789527
-0.008560101083278888,0.003646012993877761,0.006383108997442255,0.0013056178512330073,1.0084674513649974,2.6210848131492264,1.413259858071817,0.40556159083129945
-0.009369215992603604,0.004211828301792876,0.007268314604002881,7.610443848862606E-4,1.58919570554404,4.964352858855233,1.7399264089759006,0.25235397844314283
-0.009642240781714394,0.0041878963760597025,0.007311482248361103,4.2999088698029135E-4,1.6460678886148568,5.209878193836112,1.5263668281654201,0.09616280132966244
-0.0101814683002761,0.004225241626385737,0.007380799508956937,-2.2579841177766688E-4,1.8134575299396296,5.791509779966693,1.0814907426476073,-0.14290274489746194
-0.0099222220874607,0.004193673783469911,0.007349783880534005,9.100765585246547E-5,1.7270881627963057,5.493981210778003,1.3046041852455603,-0.037426917531889044
-0.01044164251389023,0.004245944709753589,0.007365356419327511,-5.469900560322298E-4,1.8951391172942336,5.978678605693422,0.8283463726484507,-0.22920330487728044
-0.0030859891642863865,-0.00198480483860427,0.002027069460202093,-0.001356675797541051,0.4238352990803506,-0.3461149970769439,-0.08240126449939772,1.1920142834803815
-0.002677664595350996,-1.9006667789037512E-4,0.0017297057001173421,-1.2200574866506039E-4,0.32799118993990434,-0.3633106318931292,-0.03840701531735874,1.2344133123611003
-0.0034111204318158757,0.0015960611129283808,0.0022545092615258336,0.0010655051634892488,0.35762684846618026,-0.31786342929987604,0.0746112226903791,1.0690583581421416
-0.004585333608008456,0.002054507215374177,0.0030961256223650453,0.0013842318537618966,0.35434326338565525,-0.2308255358275062,0.19298862400721234,0.7466653178123728
-0.004521510123994677,-0.0024749246801398683,0.0030789148646169304,-0.0016784182565659778,0.35751183785590696,-0.23509974930122168,-0.2197266766585941,0.8097065384755417
-0.0055446006528854265,-0.0031374804151762855,0.003944634604412017,-0.002115327669000706,0.4443116071574361,0.022324643989861306,-0.5159797303860733,0.7928511912460622
-0.006340513787245327,-0.0033931324950029398,0.004643766421192631,-0.0021969901979799686,0.5191322980233791,0.39315758046094545,-0.7842481585103623,0.7689998531307959
-0.0068715868700370865,-0.00374153333070673,0.005220213291445869,-0.002331636540851075,0.6478074503427408,0.8911303343592022,-1.1214216719066776,0.8599440928269414
-0.008793760461294662,-0.004393243334984626,0.007199430657487683,-0.0015089674838857463,1.5372837231114234,4.666464723657383,-2.234911514997471,0.6927308108942363
-0.00906281880666095,-0.004324645219780719,0.00726884039653147,-0.0011650420808963864,1.5734664541058743,4.908748065234274,-2.0406673207297055,0.48391962196793464
-0.0076544671722285325,-0.003980762136308399,0.006012398178759599,-0.0021675522877699764,0.8989921910109645,1.971864543440436,-1.6200458604200267,0.8946295283728557
-0.00734869700593899,-0.003727899316125243,0.005606610056436043,-0.002135355629798503,0.7556558229135482,1.314377864111747,-1.2653386353808518,0.7704680711878015
-0.007983899614796728,-0.004024046443555293,0.006302651979510053,-0.0019908456144316976,1.0545420083339367,2.497450290158811,-1.7583561844573616,0.8301481935953591
-0.00852816299421241,-0.004103666821315869,0.006751249447325427,-0.0016013353011008165,1.2425501787977966,3.466150179477211,-1.9061421723902796,0.6605751816832748
-0.008247838141715702,-0.003886109802928232,0.006387653769833318,-0.0016919381048941455,0.9947530394115806,2.6309796627385507,-1.6415970442886372,0.6390018850295123
-0.009355440666731116,-0.004262110745881743,0.00731692850138978,-7.963495336451941E-4,1.6463912571884443,5.143052116616578,-1.798555818720667,0.2755613323008195
-0.009630813706116107,-0.004225195441880594,0.007347910880533592,-4.5311389158177016E-4,1.6771100633064402,5.360449700977681,-1.5718721436269913,0.11138590381381198
-0.010062291856614534,-0.00448222560979709,0.007679184824228954,8.412476204221619E-5,2.0816281312867555,6.845913200237142,-1.3581730249667456,-0.07867774138160943
-0.009892479499139493,-0.004223334754811535,0.007378114875383759,-1.3223381342610904E-4,1.738629477739489,5.618786523516143,-1.3506742955384758,-0.020762210443901894
-0.011819219079193715,-0.005157821937953521,0.007543885260315661,0.0028309305589383532,2.857700583355268,8.967986392406216,1.6705695947987935,-0.08881846871704614
-0.011840618209004684,-0.005351115767339395,0.007744647176079878,0.0030661139894666203,3.4205313245643154,9.8916863998387,1.8221182729486707,0.06494425903640685
-0.010675907648666945,-0.004738640529556473,0.007860704006072285,0.0010052417620528059,2.497177416105792,8.294510672341906,-0.5353139884074612,-0.3183540427245142
-0.010827578883251698,-0.004813207439067348,0.007888975711521189,0.0012529798166491016,2.64703168604334,8.63665674112652,-0.2582319452411346,-0.3479506942026595
-0.010990888765922132,-0.004789855885319326,0.0077741856606670925,0.0014693077792076355,2.590051932926397,8.41208768281834,-0.011771786094612722,-0.35499937647113883
-0.011166148767401603,-0.004831100320294693,0.0077155110939388025,0.001731901412929466,2.609840989311483,8.458888531381149,0.2862472754480554,-0.3477667434525804
-0.011302480092529758,-0.004912044772283471,0.007717046535302796,0.0019685925078619347,2.720642950923329,8.704025732925249,0.573688716067441,-0.3250282901883044
-0.01033536037353183,-0.004536648134031209,0.007714004608687701,4.6519601481314786E-4,2.2047368527464077,7.243648854114163,-1.0385690428059127,-0.19879252607358938
-0.010598724321569837,-0.004509005888176035,0.007615212303186008,8.152394649505315E-4,2.202985460201798,7.160047544099606,-0.6879031482700242,-0.2790081457681009
-0.011459820339074193,-0.004888751965914419,0.00756444892525802,0.002147974589758257,2.6446365195171535,8.352784089112127,0.7591501115449933,-0.2922064561981709
-0.011619722983893944,-0.004912484843718998,0.0074531527178788885,0.0023580033712879978,2.6192272332426807,8.19202583885511,0.9844208848027273,-0.2426418462653591
-0.01178910077092521,-0.004956319381530103,0.007341558727329071,0.0025874691128817615,2.6063754988299106,8.067007459426947,1.2331561731226026,-0.1739553505451936
0.017148633769566306,-0.012476593338596756,0.0014304330196992334,0.004319999713306177,0.49142715272173476,-0.33845774129100054,-0.07327336872471622,2.1461240722916695
0.019083985899241304,-0.010936643107407096,3.190654855664325E-4,0.0032426126506177673,0.28572792399935043,-0.1419795604621682,-0.4298633104083183,0.9538852916283745
0.02206921959002809,-0.012836390191508028,2.0986054556372609E-4,0.0013402523202323726,0.2046891545952545,-0.1329918505966927,-0.17845323764217272,0.30048361033679755
0.025,-0.014410572767669334,0,0,0.3427217678320486,-0.015011399711784371,-0.18269373672326716,0.0908040169750516
0.015422188239152196,-0.014496661989256525,0.003231884014368184,0.003921737628788163,0.5954384689362958,0.07954548633601262,1.0944860372497034,2.526496991760998
0.01673269126769996,-0.014284304913764102,0.0022023170977333935,0.003474697012281925,0.363022110891431,-0.27270999974088667,0.3332612770184014,1.7816218477942056
0.01173834008409769,-0.015603078418081055,0.0064158739889839675,0.001993153638464734,1.2226298460718714,3.6419568772664888,2.5247866473063905,1.245620606007792
0.011466333122377251,-0.015701295411244223,0.0064769323052458316,0.0016592296712209125,1.1001312819057376,3.799979674359964,2.3666074004029602,0.996183662205483
0.01215539075854914,-0.015617312509055677,0.006053367648336452,0.002299669776903553,1.0067011999085684,2.999737607862013,2.4785565235289524,1.4838688377682168
0.012572654691979369,-0.015431254112249292,0.005859700019009629,0.0027677985429276275,1.0966794325009623,2.6547269908715774,2.579478036957903,1.8714315841498959
0.013259442547679526,-0.015269046529764503,0.005253703099335503,0.00325280407437847,0.9967367991984527,1.824361524198036,2.3894040243704957,2.2904484106681586
0.012944012815512542,-0.015547532159232122,0.005372427164298751,0.0028260684762638137,0.8648314481156062,2.0292813372269567,2.3161189879981827,1.9152516220694573
0.013853753883752432,-0.015166666764787227,0.004661974880154892,0.003485554671398696,0.8545478971879399,1.1552340956628588,2.029616308379754,2.421317840942255
0.01469698092402543,-0.015113946579862264,0.0038307610020913373,0.003491789387669229,0.5806279540076701,0.4623575460034824,1.4477974368879103,2.2860934082826607
0.008007003712383729,-0.014752572709318611,0.007389788614964746,-0.0030971172275337344,1.6111300887966011,7.4868238128368185,-1.5101356325445539,-0.08728380542486676
0.008159381790995322,-0.014648884232660607,0.00774324524061179,-0.003068997658675772,1.9317867614120658,8.454483915157065,-1.4273249724021158,-0.04505230311934053
0.008306313695911128,-0.014704405031812395,0.007838728211359674,-0.0028164604702075866,2.1114175641824846,8.56497004700524,-1.1596241622984214,-0.12577816063188688
0.008317652862116465,-0.01486557469393216,0.007584765352778859,-0.0026221034402288605,1.6154773625295726,7.740609816602658,-1.031816397759204,-0.24580085573124366
0.008163911206986355,-0.014819855162848112,0.0074810157763634975,-0.00284869556727712,1.589806041300795,7.588675829792181,-1.2612114010313384,-0.17965255789986648
0.007706911389463316,-0.014749237897454914,0.006991773184233169,-0.003374736644130055,1.4020248121529753,6.640378314375451,-1.6331175926554884,0.02952307203197393
0.007843707364063951,-0.01484303232972624,0.007043497104539343,-0.0031345165146376614,1.3900297183276449,6.62752162279718,-1.3815779707191391,-0.07638614628003026
0.007546383420861868,-0.014793827198315016,0.006714446617386849,-0.0034348963335303346,1.2795138321596433,6.032944566635273,-1.557736954723933,0.0378849455159384
0.007261986458735926,-0.014724619016945684,0.006400039726733925,-0.0037111839755825248,1.1438636617318119,5.504289949865469,-1.6980559491505687,0.15635753351710394
0.00738812539459061,-0.014810352750549824,0.00648007686593072,-0.003517801851951634,1.1721458503296736,5.576654664615438,-1.5332047546666847,0.05874574368237705
0.008997444507256503,-0.015216469370272706,0.007553818550206328,-0.0014527429310599337,1.5083510460704181,7.077323403096867,0.23983618626907519,-0.3519883665012204
0.00885726007935863,-0.015130003440893856,0.007617003472743458,-0.0016957443425934297,1.5852890085055251,7.35390480293631,-0.021492707578339952,-0.36142753063800664
0.008359294826916282,-0.015014010605136043,0.007377645786409674,-0.002414617580091842,1.4879241715018594,7.068507020811357,-0.7259926213362426,-0.28510481771378055
0.008502872059175746,-0.015108520555070549,0.007358330167489452,-0.002157787171229209,1.4548409160642375,6.900110103124436,-0.44878971328402023,-0.32693080023652926
0.008690297893759547,-0.015141701430890947,0.007464789816846922,-0.001901124779080239,1.5024573554904193,7.053325597806036,-0.21019914627280642,-0.3525868564702426
0.009323589360677158,-0.01544489646021209,0.00730909826949635,-9.039891439159859E-4,1.3816563870990617,6.221363825337657,0.7634206299462187,-0.26369135408332567
0.00945546819042637,-0.015717141339997576,0.0068877779178583695,-6.504375318364433E-4,1.162045074828226,5.183020768648933,0.93761466244524,-0.19280515500513598
0.009065515968363195,-0.015454044860960163,0.007172863433263034,-0.0012252890989675293,1.3082934351188482,6.03061005091396,0.4822582512711322,-0.31460220914591136
0.01061503637402894,-0.015658122001880465,0.006967621841309944,7.580525344207838E-4,1.2753973292193745,4.9561880792728354,2.0033762122286913,0.3992676978526569
0.01078117269259877,-0.015920285468960346,0.0065015094449684535,8.576459777363047E-4,1.0672497284697409,4.017411312273054,1.8832296256304697,0.46027434649093213
0.010370927006874269,-0.015774981581851876,0.006837037011758242,4.368285066580323E-4,1.1730393715948229,4.781256020977609,1.7335470039991083,0.22836206355532987
0.009939513534465637,-0.01571660634145736,0.006967118580863665,-7.129430160046642E-5,1.2100289627137946,5.158712747915281,1.3968071870700396,-0.0015366492908907433
0.010161504514620815,-0.015685492793280527,0.007013726032569142,2.0194054736049298E-4,1.2755798261804603,5.180574134361179,1.6073554619433819,0.11310199370422092
0.00978284963922738,-0.01589061479860955,0.0066704975149620245,-2.3674981974949535E-4,1.0938289860679355,4.664402932407473,1.2125172730394629,-0.06094671785165715
0.009608901258050436,-0.015897020838170958,0.006634766907759012,-4.341691513167898E-4,1.0251054694082915,4.655683292991774,1.0711096107436797,-0.12529026780055955
0.011146981909552574,-0.015929057718376168,0.0063293658580329815,0.0012287567390721144,1.0482669119078325,3.6538148667117945,2.0394604781200076,0.6853834977378153
0.005412366782288442,-0.01270422757220727,0.00394012256615056,-0.006709371130671206,1.0866729603307634,2.8317284395568447,-3.3822833856171606,3.3035242849941766
0.00521671835765149,-0.012706688558227255,0.003676996692710669,-0.0065542479598846085,0.9435620063290031,2.4306339785606563,-2.9575882453716194,2.881878057411759
0.005506644447931325,-0.012852395972218843,0.004155270256588632,-0.006569272575154391,1.0789501512760984,3.062407343083189,-3.3946443016757244,3.077413206680777
0.005616404349786808,-0.01299398860617568,0.004381386828764579,-0.006434075361771122,1.0797333606789365,3.32209114041375,-3.4227720430924307,2.881089763677671
0.00575095373929131,-0.013091051589822641,0.004623323745791156,-0.00636744246537087,1.12449538360451,3.6528664353839617,-3.5481498976305006,2.825570570084822
0.006145030334617312,-0.013653198921903803,0.005307419436792515,-0.005612801998809286,1.0934885961947336,4.403500137817624,-3.1670092168771906,1.7854960367655373
0.005791605645459243,-0.013245583918577324,0.004725254101117654,-0.006146331501436525,1.041652746519979,3.7076188256669735,-3.3481792046874843,2.45094981457371
0.005888199195379415,-0.01339865682600852,0.004899600514738194,-0.005946988885662362,1.0485188276126893,3.8860187104739197,-3.2429316728817486,2.170850639656976
0.006009409707665285,-0.013537661350576534,0.005095593224036782,-0.005766172594925899,1.0553303743748952,4.119646809047512,-3.1815676642987794,1.9478692046245734
0.006142197362605961,-0.013861622497857495,0.0052559928700954455,-0.00527202010819322,0.9678580287898501,4.135468272037226,-2.6960796367690922,1.3085459421414132
0.006991162417815484,-0.014506133779845217,0.00622017716477299,-0.00415679767225171,1.1303757236197673,5.361620171618909,-2.0870315743930354,0.42975055048570354
0.007111264285865818,-0.014625575874057151,0.006286547787042304,-0.003928818895575992,1.1348497157121775,5.380946256223868,-1.875948162029357,0.2805612287478185
0.006827344980760197,-0.014519389046004994,0.005963617732784179,-0.004192884945828701,1.0470519117716999,4.884034359121826,-1.9699074601636053,0.4136538718333841
0.006697236049446965,-0.0144155135551989,0.005848282663298599,-0.0043841473425460025,1.006291155883677,4.755881547353301,-2.1039372603293742,0.5421917541226571
0.006549433204849628,-0.014308310033063792,0.005695215783267774,-0.004573494058527847,0.9879794384019044,4.565498732926552,-2.214175761701909,0.6768200361860095
0.006399577864193928,-0.014191282355347988,0.005530314528415646,-0.004767550190295781,0.950292667157748,4.366850669124191,-2.3191819525426287,0.8232566445699251
0.006269348643572292,-0.014047025195121642,0.005393749696250234,-0.004991914996222753,0.9424103216870706,4.234807443263821,-2.474102790035314,1.0219697500269243
-0.0043071112768170074,-0.009338660538105815,8.318855178453919E-4,-0.007416378189973214,1.515296204244652,-0.26373543527088095,0.6561528317744457,5.394858883132665
-0.004258815150583205,-0.009122050997021292,0.0010684653938678587,-0.007284970897946569,1.4959104825009335,-0.30313647378321434,0.46815551294972474,5.198374590073129
-0.004289298092435146,-0.008886108918843756,0.0013500990948863917,-0.007202501625575988,1.5253727676200957,-0.3322639921236838,0.25759951380264634,5.200602691260614
-0.004080243600215926,-0.00845223749680661,0.0016583713472847399,-0.006750090861489275,1.3132641599317212,-0.34690225169063266,0.046304086628135316,4.334263405662834
-0.004002285544303147,-0.008713120427322172,0.0013690358078320853,-0.006841393675625117,1.307320298937369,-0.3348555476223893,0.23834434190092438,4.291685570862955
-0.004241816272934754,-0.009546227718594617,5.615244483285268E-4,-0.007407434111999969,1.4208497788774703,-0.21015083553248434,0.8397694617469441,5.163536072300192
-0.004226725588994349,-0.009808377175526534,2.3496607415482407E-4,-0.007433878066123139,1.3842036318005322,-0.12446543153849753,1.0657420920571792,5.037165997602982
-0.004250930492037038,-0.010053543639557056,-7.10827626577734E-5,-0.007468290449020397,1.3411411981146435,-0.025278637177582334,1.2749952569752867,4.979704483486144
-0.003890239852597812,-0.0070132413889660294,0.002419566383625792,-0.005475092915269413,0.9781510661259825,-0.31381260843706427,-0.34300157675700144,2.957066876126026
-0.003624988806509676,-0.006469312512721065,0.002353809771781507,-0.004884342174758972,0.849247240921346,-0.3287353728049622,-0.26291838459019873,2.415055520623794
-0.0033132526022814114,-0.005812858602226567,0.00220400346958583,-0.004229506715689085,0.7287159237254013,-0.3302122192620606,-0.19342645141846326,2.0142565106539503
-0.0036519803014916376,-0.007480434257358034,0.002003016230159284,-0.005744642386440846,1.041475626172006,-0.3461204365404104,-0.13389640802816286,3.0457999130625715
-0.003656580531924022,-0.007905193592749101,0.0017777952805479939,-0.006061855025929232,1.0588284522820544,-0.35222271942926947,-0.011869678062621562,3.283069823528591
-0.0038285243008456355,-0.008220341179697374,0.0016830091066735685,-0.0063967704961691825,1.1648153115923263,-0.3524824903301093,0.04890272760767566,3.686357523311981
-0.0020242378695990012,-0.004624537298718473,0.0013327658652056349,-0.0031093288507123454,0.512973271323426,-0.38038500948313386,-0.06379959387908267,1.9752083772878983
-0.0025103945539144785,-0.005506395363605251,0.0016318153047400832,-0.0038250134892884964,0.6075075189221721,-0.37582750205559734,-0.07436425353949654,1.9843195974140109
-7.276367888333325E-4,-0.004199900868278877,4.525858616371001E-4,-0.0026932059450892015,0.5319113654011512,-0.31704152984619155,0.0707010761638084,2.96835456928213
9.649678507356778E-4,-0.0036204643727705058,-6.304985011786833E-4,-0.0023844562838586745,0.4610236711336006,-0.3410261629268952,0.017221763909826337,2.827199952899617
0.0023081330774090427,-0.004731954390933949,-0.0015232054314214493,-0.003208849079281513,0.5488251183343865,-0.37543812204203725,0.014727462081389078,1.8500533360790634
0.0032468072544101826,-0.006322875886788815,-0.0020669257199388783,-0.004632807881474152,0.7759363850348565,-0.34237003539571514,0.16498279870680774,2.224994801871919
0.0025147811435561407,-0.005765273563313409,-0.0016078017658226946,-0.003985761050583873,0.6064138901823996,-0.37421623998841275,0.003704944385475651,1.9288259829203445
0.003226078788795654,-0.006948086460921929,-0.0018952451585551456,-0.005117909362275645,0.7950617405195677,-0.3519516535994799,0.09298500276933362,2.4764594709751035
0.004053040870570354,-0.00865313200665335,-0.0014543860234190228,-0.00685015594744489,1.3338842886563134,-0.34308685686934837,-0.1735993606984008,4.417340733825291
0.004087240405437449,-0.00920683603281433,-9.058209476036618E-4,-0.007143731745220566,1.3716278951144791,-0.28088304365416006,-0.5568428750158653,4.684679597293469
0.004134924293920626,-0.008964168846252235,-0.0011923887162577633,-0.007087439842468864,1.3569475637789237,-0.3183423986281374,-0.3667312496315711,4.75299835227727
0.0037094654061694283,-0.008412975921902929,-0.0014681343992936277,-0.006432342743501191,1.1183139255226067,-0.35061758323819553,-0.17857012838208977,3.621607000502476
0.004225174186146273,-0.009648437978462206,-4.3239767881774214E-4,-0.007404514046431581,1.394979385246472,-0.1785186016100515,-0.9239483873174504,5.032783544250205
0.004199326216198034,-0.009899132248952761,-1.2251480105590377E-4,-0.007404055154748644,1.3321061376971457,-0.09043597881044718,-1.127388905972735,4.856066593312337
0.003905445399223208,-0.009438236392290265,-6.069681780977164E-4,-0.0070366053728875165,1.1735755746246708,-0.2291493013446679,-0.7308698208125454,4.2148004336681515
0.0033362374366949863,-0.007956161812179095,-0.0015380449592924316,-0.0058967987235872986,0.9309413077693632,-0.35086386816516685,-0.09694575697961921,2.9443981988446253
0.0030025980709522415,-0.007439538256335639,-0.0015539363359222914,-0.005369335650539776,0.8713226199016864,-0.35242278049319503,-0.04005399523232793,2.547193447776552
0.004202955286008135,-0.01013952342964701,1.7248894599361235E-4,-0.007404719933396001,1.2823830336945423,0.01007089602797065,-1.3142886330360515,4.722191003058154
0.004224906798462938,-0.010355290925186287,4.394010793241783E-4,-0.007399914550265838,1.2469953309520576,0.11508441421616171,-1.4802888072838594,4.6134340971502015
0.0043765143999744075,-0.010901340796056543,0.0011516232768686847,-0.00738730243488985,1.1617871004426168,0.4668375131057931,-1.9389534037036178,4.447783625022899
0.004248326281683017,-0.010559739996959467,6.918959744460863E-4,-0.007377306098278621,1.1665111386700293,0.22746854963666682,-1.6316716623453458,4.478371403958291
0.004291950930772322,-0.010759977087094067,9.479947815700486E-4,-0.007357226377768291,1.1543285701758392,0.35122135571131063,-1.781765971840653,4.379183942571777
0.005127964226215007,-0.012561381598556352,0.0034740171761573585,-0.006670827263516324,0.9504212918691827,2.2353488390686134,-2.929909729952921,3.0627407366898836
0.005049729536133665,-0.012391428168043948,0.0032589812763311053,-0.00681277910719933,0.9713632271424005,2.0453819798538277,-2.9199384990355433,3.30801933318634
0.004979085158900923,-0.012173905352149548,0.003002788875288961,-0.006998999672836805,1.0448789559947083,1.8360760278829265,-2.9277426459859166,3.673691623487961
0.004798369582528591,-0.01170057947301493,0.002358992097178655,-0.0072960250096243415,1.133284548568482,1.3179778007019578,-2.744169262462466,4.288155656399458
0.004844333186033427,-0.011967755335394585,0.002673669175236475,-0.007089842624833187,1.0382460413857528,1.5434486072044897,-2.7685251720239177,3.8140296457071243
0.004375085301653522,-0.011070387831972176,0.0013485842271021141,-0.0073029258289548865,1.0793832775959977,0.569854448970646,-2.006988854037372,4.1986701337947485
0.004432882049701635,-0.011247320358234041,0.0015837237028290142,-0.007259949586869717,1.0707236497199786,0.7104223175226164,-2.126956059024899,4.082529331767218
0.004426182257052503,-0.011448060955100935,0.0017938775093491405,-0.007121307981777445,0.9541321612815746,0.8267477895702201,-2.1504465314963883,3.7306031323361384
0.0044768513645529326,-0.01168784887066738,0.00207507390753388,-0.00699090149550004,0.8980857435194264,1.0011254445678377,-2.2218824239096158,3.4439230452747105
-0.004517274677790183,-0.01042305101160082,-5.877947218755965E-4,-0.007716763554037251,1.4732619832252196,0.20921929477862225,1.7899688717720987,5.631966405093692
-0.004280097931556484,-0.010312370668698372,-3.9785157084576373E-4,-0.0074760017591636195,1.3045104638989773,0.10248704592433612,1.4954518368675782,4.864148042459852
-0.004704215178320446,-0.011472844977067444,-0.002027396701475503,-0.0073894906691018844,1.1658005140158607,1.0618185872181307,2.583899348354173,4.526198319915512
-0.004687493660394495,-0.011134384712718999,-0.0016061652594056644,-0.007607886404298818,1.3183323351580976,0.7900632596448164,2.4672890180741462,5.15697165096347
-0.00462587864440955,-0.011313584470860167,-0.0017846662691513547,-0.007423450124141746,1.1648242966047304,0.8831732985623113,2.4287435242951543,4.597093661244856
-0.004574010155905526,-0.010672610097462091,-9.43520165733169E-4,-0.0077078128094219215,1.41771744329476,0.39078937753849036,2.048928398621039,5.520138506548646
-0.004585538902096759,-0.01094688683569449,-0.0013120276438145018,-0.007601084952588218,1.3244703895561873,0.5912626578785818,2.2307621949369962,5.130115675024144
-0.004600944113076579,-0.011628202559963682,-0.0021129141263296902,-0.0071600162342515235,1.0077036612323782,1.0709280021450571,2.401017271282052,3.8703959818580147
-0.005308562525208168,-0.012373320265172348,-0.0035644510203490416,-0.007064655948440234,1.1796506945385237,2.4925200639563774,3.499480950427498,4.013342143260585
-0.005215320905092697,-0.012259481309799128,-0.003350569728084078,-0.007120982515403987,1.1712321442324274,2.2573920099234948,3.3791739349751317,4.093861349353026
-0.00511807511685309,-0.012111528332686944,-0.0031006614244049355,-0.007201946694315856,1.1711809101973518,2.007746647021761,3.2592621978154246,4.232800866779859
-0.004825779904031803,-0.011962416229226213,-0.0026464410372277745,-0.007076798483033951,0.9987267265684384,1.5178582252274473,2.7378645196601092,3.786076405923578
-0.004911641397465343,-0.012108618244211049,-0.002870793646640944,-0.0070065899021339835,1.0185319593043671,1.7143004520772287,2.840393647318123,3.668797916209847
-0.004645928106018583,-0.011841941079756241,-0.002360733130131396,-0.007019490141203933,0.9322394155286543,1.239250569553022,2.443756693303564,3.5552829867981726
-0.0063551565897494505,-0.013422735238775144,-0.005696914840334099,-0.006076424170071908,1.4350288913295906,5.550649894422789,3.993349803769663,2.48826295401426
-0.0062060030214178535,-0.01345790956708514,-0.005435482338157009,-0.005966594082117145,1.2966100365432336,4.816215851012732,3.7270994581469687,2.338960763610267
-0.006249443980966237,-0.013306558565652453,-0.00550991810445921,-0.006246605112509567,1.6703071659631632,5.288346022778036,4.071014167685386,2.7353747444962586
-0.00577835898009388,-0.012679131780828632,-0.004458152100232361,-0.007035855557988236,1.4176395505454813,3.924479411166912,4.233538918042747,4.042336065193869
-0.005621862992221559,-0.012686194521546438,-0.004230466716890219,-0.006900644927499919,1.2723612414886782,3.31611709736768,3.893422632846773,3.8007992762341076
-0.00586459670770868,-0.012810416269897772,-0.0046850931483982325,-0.006886760519603058,1.7040212790853044,4.19932407361779,4.2314739725409645,3.773389876083208
-0.005697050280948143,-0.012827295566862823,-0.004427798830380267,-0.006743908122642498,1.2433040186036832,3.5236612319822354,3.8686924714814377,3.519550507269065
-0.005954915005069574,-0.01293892622972893,-0.00489697664545211,-0.006737832067848208,1.6280414271094188,4.47269698711482,4.215415500123854,3.510199801104939
-0.005792112569213866,-0.012952776930382603,-0.004637202010093002,-0.006612787159511679,1.230084089821002,3.786425010545669,3.8829266687202373,3.3022755606627796
-0.006147433031857422,-0.013187119036995118,-0.005313844223155169,-0.006414099160516692,1.740543084586666,5.016924633689754,4.1339266803330945,2.989349854445502
-0.006086265992674575,-0.013327567188121475,-0.005225206452207559,-0.006148382125244829,1.2436301341330234,4.530325118898411,3.7890062461800027,2.5927338238357702
-0.006049224510282093,-0.013064534716697501,-0.005101371254037791,-0.006584343612870411,1.4452244936726346,4.740920639361381,4.182884902094557,3.2501360458430297
-0.005890450967986826,-0.013083994071347142,-0.0048454964072541405,-0.00646068586588392,1.2676195213924055,4.0489029811166075,3.8679428970096104,3.0564646714846897
-0.005980841492698244,-0.01321663458142191,-0.005030171241710798,-0.006288582512329568,1.2318585963603812,4.261524777084918,3.806962570208549,2.790947491342091
-0.005326433644781846,-0.012552329803721066,-0.0037224362657138008,-0.006843992230267796,1.081539054378773,2.609581703872124,3.364254702528485,3.5359179743845455
-0.0054645661012629795,-0.012677303195591329,-0.003995142589094867,-0.006785852838760656,1.1306112346039616,2.936578503808922,3.5295878076419873,3.4875798397764997
-0.014410572767669348,0.025,0,0,-0.29788860980636583,0.08740710800222719,0.1984389361095496,0.012568222870601003
-0.014476860211213444,0.021898545105911212,-0.0011448063571190702,-2.921217245632346E-4,-0.11793695571127523,-0.008621912889642015,0.2644419467032117,0.19279116338537441
-0.013718163141092591,0.015620271748830034,-0.004551923816311004,-0.0029922822173151444,0.6233481550143808,1.1279039138247953,1.8252463195695319,1.939694589935016
-0.013086215556099774,0.017472107033847262,-0.003736692029383864,-0.0014884590844655133,0.2420054203438327,0.6857617721061261,0.9970831335318254,0.7149553108040029
-0.013927779282286895,0.016485578964103798,-0.003866977448359925,-0.0022910128866654453,0.3470455105033501,0.614758519607787,1.2092624976878186,1.2675360755438727
-0.014238886835098233,0.015092052126992966,-0.00428791484682925,-0.0035773374845261,0.7801220440911415,0.8260108616949599,1.7965124311779597,2.4495117790655243
-0.014807120630656097,0.013557192976148642,-0.003862277831108665,-0.005248880136593327,1.2553289474843388,0.3905379517172492,1.878550156135377,4.416615039423669
-0.014540130706654112,0.014520549138398177,-0.004128021592641188,-0.004167702392372605,0.8949094054860052,0.6517609108820003,1.8348336606392053,3.040914468326158
-0.014622147640391511,0.013978257908267686,-0.004131281968608285,-0.004796276773629614,1.0277088936810108,0.5880071387992064,1.9932683944296858,3.8800636806009545
-0.015212310495742981,0.013265714967421178,-0.0033319779035767766,-0.005314871177513523,1.0440829313990905,0.08793881571741688,1.430760669485711,4.299817718991505
-0.015459843516536412,0.012848450036606151,-0.0028862604930248916,-0.0055551953764233705,1.104438175861788,-0.10067683732255231,1.0678981407355983,4.47800622512272
-0.014454127289588607,0.019500172557938317,-0.0020962546434453613,-8.610562056709703E-4,-0.007263177885173825,0.010680597481983344,0.3997886108614828,0.38558818052982374
-0.015609191064121272,0.010359902290648535,-4.577055894914849E-4,-0.007122081519702022,1.614548874779922,-0.17079119715779653,-1.0888896866068358,6.41967752870719
-0.01559274159680916,0.01052615927153321,-6.705809678023302E-4,-0.007110935250915383,1.592131035778894,-0.22942296789097968,-0.8958859303195862,6.484671042167159
-0.015659438932500002,0.010914577905475502,-0.0011101154749548292,-0.006858389631350911,1.478642747376882,-0.3135712389185368,-0.46613920295306016,6.09096018756949
-0.015663390442135307,0.010701901682953934,-8.591950709836228E-4,-0.0069339861123183235,1.544414518176753,-0.27049602868501443,-0.6977932242301529,6.140775736920699
-0.01573620966718739,0.010187964374731847,-2.3012546767762075E-4,-0.006928288311040683,1.4628263672773485,-0.0915627739688102,-1.2493399589055587,5.8291889268069434
-0.015722065644873696,0.011497310741488971,-0.001680454078600223,-0.006430748060788233,1.2923973374091455,-0.34868064251197356,0.05539623648092134,5.491349768384096
-0.01575562112843061,0.011257209681579115,-0.0014223583420609736,-0.006532196440342778,1.3370422237381787,-0.33991353068906377,-0.17352397534833855,5.559587833000483
-0.015812424951899263,0.011075506751837669,-0.0012067101876176585,-0.006547105018049752,1.366331188939957,-0.3197133176788219,-0.36058591256637984,5.476930810036008
-0.015763197753924364,0.012517529111628843,-0.0024336186748809725,-0.0055665099333581875,0.9993179332742367,-0.2387238516580533,0.6507908632523614,4.2673561579490515
-0.015905095335152022,0.011938030525552621,-0.0019238422878853812,-0.005883178470233966,1.1004169175054488,-0.32010533896807564,0.24855910710016138,4.514436953460902
-0.01575631773907711,0.009479255056181794,6.066313273886386E-4,-0.006823207377242736,1.4571649538832678,0.2949512537618601,-1.8827004323572005,5.2734412189194275
-0.015743958373539885,0.009280022974692555,8.357226307230387E-4,-0.006778730371919944,1.4442489100632017,0.433364782676292,-2.04512904473855,5.103727258628209
-0.01567055481016382,0.009098039685804481,0.001070309192138005,-0.006819941813219314,1.5182431774197187,0.5850362988919537,-2.2420157300991455,5.128034171732207
-0.015778303393563068,0.009973561970685739,2.5497468177009944E-5,-0.006865058499516863,1.432864069691943,0.007845098636747714,-1.4377840760943004,5.5619980913870295
-0.01581317080027803,0.00971533936140805,3.2266953172996234E-4,-0.006781954761759476,1.4172541077689234,0.14313455183830545,-1.6422801552875275,5.273933826727739
-0.013226728299347847,0.005242436913103531,0.0058438700525539075,-0.0038999168899550613,1.9930811963732962,5.465144616522864,-2.228671675119823,0.5015013043668121
-0.01305786570589206,0.005146376679286246,0.006009675552016421,-0.0037225119279796644,2.0361059287631362,5.658609348431811,-2.089282347745837,0.373857527038635
-0.012419679710977682,0.004833562669733584,0.00656046502138576,-0.0030093461920077153,2.125286924317351,6.245679223269775,-1.4658489901558058,-0.026486478987655132
-0.012553884977072119,0.004939621855789008,0.006489579263534355,-0.003217599228097385,2.1578943756683238,6.28022149505282,-1.68149985990966,0.07479674197268804
-0.0123012623358747,0.004462136942329772,0.006395100526599845,-0.002546064638126601,1.8344596879064416,5.337332036977116,-0.9019933239348986,-0.2093205679871051
-0.012439303289770692,0.004635267108975072,0.006388316917420385,-0.0028088605436732026,1.942424225444022,5.620254017901842,-1.181278314580949,-0.11789802859964663
-0.012890398115813254,0.005051786222733188,0.00616204813585049,-0.0035360394821713948,2.045360378633194,5.823304478633333,-1.9274353378515612,0.24822658567174835
-0.01271905850279625,0.004971217135328809,0.006317407663829191,-0.003351469029593068,2.0939970578792244,6.002948518475559,-1.7732069963791286,0.14163917928067205
-0.01338743922774619,0.0053568865862187965,0.005685519714833896,-0.004086408377770402,1.96874794072938,5.298267033412325,-2.3807265509008206,0.6514666502368208
-0.013533594939856383,0.00548586797992591,0.005538029863542322,-0.00428108540288892,1.947817072797773,5.158683820860552,-2.5428574597512106,0.822846819330595
-0.013612554017333476,0.005892087096557486,0.005574928812973932,-0.004881316565191814,2.224616299870743,5.6152552707029555,-3.3229206577580825,1.5050186920397288
-0.013658849704154943,0.00565204002674657,0.005421351981611543,-0.004520179841627334,1.9812121621964025,5.097378051023296,-2.773573957710193,1.0633245639034694
-0.013812999810366173,0.00602725993718037,0.005300238975757036,-0.0050665059061667786,2.138866236003341,5.196354754173346,-3.3837375221627197,1.7197307012405485
-0.013980570134874104,0.0062532889451499905,0.005073008111093332,-0.005375172676423423,2.144051713020733,4.946315978391269,-3.624514923856183,2.134193177173666
-0.014193514151009128,0.006430530275016721,0.004740033550380823,-0.005557019680592336,2.0328873251959316,4.459524017261832,-3.6233856493882506,2.389362478523529
-0.01461205820332221,0.007008948808238181,0.003975779905078186,-0.006129437460171001,1.9505842632588364,3.4755477373021386,-3.7611614072889243,3.3645514376882955
-0.014340922002406553,0.006650409014641073,0.004488422983920141,-0.005808000857016846,2.0544546927076843,4.141025909025372,-3.7535790436839744,2.7986725024082135
-0.014515514563695368,0.006833046923460985,0.0041778530250583595,-0.005955281012984827,1.9440551643569088,3.7212051006104567,-3.7068630564145475,3.0398878656799795
-0.014790651903441055,0.007024372958774432,0.0037174182415792715,-0.005984236376400661,1.7821828064555276,3.093022226059093,-3.434035588503927,3.091812395770988
-0.015668383280923633,0.008899978620890142,0.0012866649206326527,-0.006719489314755903,1.4438174954801475,0.7347737573450916,-2.3586215502222507,4.843977934955622
-0.015571753450018598,0.00870482793079658,0.0015584259707802411,-0.006750119026465841,1.5312897882507752,0.9394764048020675,-2.5729037219526574,4.849135558019639
-0.015482634954513706,0.008387738871690578,0.0019456530173877398,-0.006653555519084372,1.571219871075005,1.2545642175319578,-2.7912027809660027,4.560149453199245
-0.015617587485707247,0.008505919786390334,0.0017299619610099339,-0.0065450149977177826,1.4726860199737422,1.0591350769882988,-2.5679893563073084,4.384760757762756
-0.015477618665493638,0.008181131695665148,0.002137111749824085,-0.006486737334770604,1.4517460668960125,1.4154386404690238,-2.8031198523645817,4.140386689932355
-0.015350482459664467,0.007934955650719855,0.0024738920771681504,-0.0064267700146258665,1.604783837732151,1.7241825876957062,-2.9840369049063886,3.982053002429706
-0.015372345096977073,0.007640683175715999,0.0026675798024369513,-0.006102496908972873,1.450420750828758,1.869983792364341,-2.8560973668384944,3.3503898592141743
-0.014966961492790802,0.0072169616139331795,0.003395241891706326,-0.0060628657692555704,1.6851860678407797,2.699965677583038,-3.2984832370813852,3.2349678260774364
-0.015170233352016588,0.007407236073804218,0.003043336000789484,-0.006077125639758685,1.574834548747656,2.288531376515411,-3.0890185927473564,3.2812269782671053
-0.015430170767438554,0.007356612721306177,0.0027884456129165618,-0.005743304397278979,1.3381241164918571,1.9106621067689769,-2.6136293574320697,2.705766929751801
-0.011264537589479028,0.004369581463026002,0.0071499120717357185,-0.001553294289343294,2.010118908287352,6.255852181128801,-0.053863942096360036,-0.34740683104840464
-0.011006407861699218,0.00428763690676754,0.0072088091828781745,-0.001226488726372414,1.9393639095195578,6.090065617493067,0.24408334429406256,-0.3367539402411068
-0.010704743529225106,0.00424443644175388,0.007291162530876911,-8.599785672430746E-4,1.908468460708342,5.997553510383881,0.5550818940547834,-0.2929746747915522
-0.011483083021030325,0.004181710261419303,0.00682993538298884,-0.0016501632803097494,1.821417228665273,5.451211570649925,-0.14218588481762306,-0.34499621614645715
-0.012069681995312768,0.004305705137917951,0.0064870901190497805,-0.002240144843680182,1.7781998232050575,5.223726439751897,-0.6260250837322285,-0.2823158816822245
-0.01175650219651821,0.004195603103982853,0.0066513012963531305,-0.0019020458233564364,1.7857641040152323,5.258679332749126,-0.3503691758976799,-0.3292304507767048
-0.007181320833891846,0.0036832740149549226,0.005449415401219594,0.0021705547172110075,0.7306905526517585,1.1315602277241315,1.2084557515514265,0.8153390594157753
-0.007555498411126888,0.0035809779792308474,0.005682866559564424,0.0019136808682455237,0.7703202843525041,1.3946452039262893,1.2349898940809974,0.680840266804446
-0.006183417004857494,0.0035594056802894934,0.004573584006072574,0.0023660327632450055,0.5550703992497986,0.3474487648243519,0.7962258099293312,0.8597231859016673
-0.005349823546720623,0.0027670513795065117,0.0037303954669562988,0.0018539098610633915,0.39567375264440646,-0.08155979055621697,0.3776283281314952,0.6922971950541345
-0.006814741650121798,0.0033558508063323694,0.005009419138049712,0.0020513956252422587,0.6123998907176251,0.6709100912252866,0.8964140059869978,0.6919621613253902
-0.007882089101344119,0.0033732530993130835,0.005794152914661891,0.001594085495554676,0.7453240724940918,1.5114442189148765,1.1497734390272099,0.501043245338841
-0.008249939219193606,0.0032588176390921045,0.005944588475353187,0.0013133202933842448,0.8154546434702272,1.7307956009901797,1.1077837526175172,0.3617627359164419
-0.00917091963333497,0.003888369504838644,0.006873049004004021,8.694313598529438E-4,1.3014436410523909,3.810568374101788,1.515163484827154,0.24930695524929372
-0.00891393642551263,0.0035562794862607936,0.006478092972619399,9.7734573350677E-4,1.0344762348176826,2.8495532939951254,1.2929129712390461,0.2431623191341941
-0.00863647509885554,0.0031465385333059874,0.006064401538324739,0.0010110285906663513,0.8521063361191209,1.9351362791909412,1.0371867362593512,0.22526376755954328
-0.009503300740758367,0.0038449646373066855,0.006928521538492847,5.136410719015159E-4,1.3205203212401762,4.050559951834423,1.3342532518058017,0.09322087563830804
-0.010338426050155598,0.003992726289710137,0.0071139530512924695,-3.815845491096728E-4,1.6379648947279484,5.084400245811864,0.8548193348810285,-0.19890633109398567
-0.009821237976172296,0.0038472698711096423,0.006980847533957971,1.8061214104286773E-4,1.4191539293624869,4.3455583434622715,1.1605351199752594,-0.032899753543226405
-0.010118017274996725,0.0038992099579685633,0.007038543364523105,-1.3406857769628362E-4,1.5214735905782304,4.692003158170099,0.9903018242503115,-0.1327739662789544
-0.010576705565409683,0.003933613030336237,0.007006995684604003,-6.25424023874891E-4,1.6225592810894252,4.964610809525166,0.6485322220690901,-0.25818811404311875
-0.004707867768420216,-9.614635170852449E-4,0.003103075352766761,-6.222819693919699E-4,0.3193351480701971,-0.24296598108288986,-0.07691595213849321,0.594135127740593
-0.004774114051446397,7.091093820222058E-4,0.0031350846709085503,4.7449650079087397E-4,0.30085603253423604,-0.2326553531888995,0.06491107676510072,0.5536994990513553
-0.005485513660676141,0.0018397747074335024,0.003691703670416189,0.0011875875948066542,0.3615478523468961,-0.1021071079376108,0.24321269306701537,0.5037158816268308
-0.005704682863283226,-0.0020632497463020046,0.0038657595988339627,-0.0013092095723853123,0.3337092555805721,-0.04487439310960554,-0.2939616654241184,0.46240615542736935
-0.006321169319235894,-0.0027508738724814144,0.004446712601814289,-0.001705948778050529,0.4601720307717215,0.25253199124185516,-0.5700708570269768,0.5481987999527362
-0.007111678051543663,-0.0030924540397783877,0.005119606862648053,-0.0017530709853551918,0.6036139550393914,0.7367652168583471,-0.8426762920719575,0.5196341326867512
-0.008847130757131987,-0.0040018117394010075,0.006839819375603593,-0.001236415517908072,1.2293652824326948,3.6944348938446363,-1.739981054402074,0.4461492857470068
-0.00914786648308724,-0.004056979245638449,0.007025112071407917,-9.549691418750913E-4,1.3954061207306403,4.24231928782832,-1.7010808029293016,0.3213341362251694
-0.007888211434659488,-0.0035279832290198427,0.005882533995725672,-0.001697015038224128,0.765204021571347,1.6395062297587282,-1.231776157866083,0.5322593248419172
-0.008461823355726898,-0.0036247801781671926,0.0063070361772808664,-0.001379649998317593,0.9752674386995622,2.43235430525364,-1.376007166512353,0.415854852286274
-0.009420686036545327,-0.003901680180369009,0.0069635052102793695,-6.175431584957001E-4,1.3573689504204263,4.150295034994403,-1.4351120013428653,0.14065354973163188
-0.009728026680316063,-0.003922037776443717,0.007043181519467212,-2.921106107995828E-4,1.4376681383330128,4.49486868689672,-1.2780979055463213,0.013390779109592634
-0.010171887527827024,-0.004227953201632801,0.007380693230112863,2.1189227845734E-4,1.8207649771382821,5.848454134256646,-1.092770967479103,-0.14053078021240428
-0.00999250951166934,-0.003987104401926544,0.00712808355764816,-5.870761258847224E-6,1.5563007181360522,4.887344452716757,-1.1291087782598814,-0.08320953482302072
-0.011973509969367866,-0.005218388499730588,0.0074412977951773115,0.003067254175132116,2.8631858116411517,8.861553957053813,1.95656793926328,0.025769978349591712
-0.011985736283431544,-0.00541122549991139,0.007643111318162327,0.003311059251718134,3.368892349465815,9.797131955915797,2.1316654670453192,0.18807139975633158
-0.011955175723798587,-0.005015141145619419,0.007233855426531251,0.002819177843644012,2.6045554776717026,7.970459954163377,1.489470063406036,-0.0872820895269767
-0.012123844674270334,-0.005287934316378859,0.007337653292648158,0.0033035608070309803,2.8781064789358584,8.756052930544955,2.2379344675239565,0.16039299692136932
-0.012128895840071584,-0.005475864446977091,0.007533447196716856,0.003553520835440107,3.2781275911224674,9.681296970868226,2.4345199957936217,0.3314742532257775
-0.01226115443163402,-0.0053657127527971535,0.007244555865245093,0.0035318244163984017,2.90218320056589,8.680459912941098,2.508158527070463,0.3102991584729042
-0.012269952191399801,-0.005544967222482057,0.007418858811739177,0.003786915451554571,3.2997872190139925,9.54392197278536,2.7248672255626114,0.49298093405749327
-0.012408766398519252,-0.005618465515670955,0.007297681536942335,0.004015383489617408,3.3387491598169867,9.380090204599112,3.0063717163526693,0.6742141944864223
-0.012416570011606743,-0.005453738751330692,0.007124132852991522,0.0037831524058548533,2.9078453858434803,8.545876525910396,2.8054307865199095,0.498816369960907
-0.012545204192439475,-0.0056962881580212045,0.007167669574947817,0.004243019600747463,3.2859369880107985,9.192249073970617,3.278249827971161,0.8739829471407141
-0.012556063398575604,-0.0055334331563209015,0.007000135385427829,0.0040032768660766245,2.8900463095075852,8.38059028406115,3.0485958517735976,0.6772149756094628
-0.010864668472711623,-0.004603454760287927,0.007617890881230646,0.0012037835395225724,2.3293124891408348,7.527267466556254,-0.31883141278486044,-0.3328163327640095
-0.011117645376654295,-0.004623029986643068,0.007504070508816535,0.0015379252096111584,2.338909873413216,7.4564811908114335,0.026722693027859967,-0.34515207934352204
-0.011339973524379224,-0.004702092186235315,0.0074446285784672325,0.0018596736262508349,2.4027664665400894,7.599196032613697,0.37259278023697295,-0.32944949040810884
-0.010456018655576247,-0.004211640416243362,0.007320070357356071,5.536335424057398E-4,1.839482438113629,5.899911883756027,-0.8028470287432027,-0.23551639544970127
-0.010763908395643213,-0.004246157772462569,0.007265252799925659,9.298922938399278E-4,1.8979071463000012,6.049989678510342,-0.49292535460937775,-0.3055983176540971
-0.011553359006550532,-0.004713067500658469,0.00729268613521331,0.0021124027410887422,2.372772024325267,7.368219590155946,0.6325866283747738,-0.2945484238176012
-0.011744061836854315,-0.004738492901173694,0.007156400972710889,0.0023356882477167467,2.334837122152933,7.184181368907693,0.8567432577905553,-0.25023713231552275
-0.011931049129160706,-0.004799445013099084,0.007041251824590311,0.0025757541693141937,2.328029973516127,7.101656462760956,1.104540818678753,-0.18503615924858474
0.019226310862895075,-0.01435038460924746,9.62173990409003E-4,0.0022621638373930783,0.19598555066521625,-0.2564787622166386,-0.07436618434198554,0.7679466819730146
0.02178019967329496,-0.01707690979493422,3.0428536524910993E-4,7.003564573591532E-4,0.1565702122762286,-0.1549584268935342,-0.060925267444702925,0.25399426463195013
0.025,-0.018733575722169347,0,0,0.2127484192069867,-0.007645491253343031,-0.052190058148778744,-0.001949898752803629
0.01572493271625777,-0.015581330879949593,0.002843906674670448,0.0029131736101653924,0.3528465369002977,-0.025496777792395387,0.7095210769846217,1.5437529324319337
0.017130089361361834,-0.016277529879254713,0.0018485183653459971,0.002144023846394029,0.14974973684820184,-0.22463815302967957,0.27168547444663754,0.9267253368905531
0.011743884988874086,-0.016032016207703816,0.00584808908341937,0.0016912340665724086,0.8975084883926432,2.885635043907288,2.0802433173503965,0.9909474563232114
0.012590416346637748,-0.016057953181093376,0.005208403707777286,0.002194437216011366,0.6895520335751595,1.9546374559137818,1.9666524982970697,1.3484355263026921
0.013353118901004761,-0.01584758695799432,0.0047479563372115445,0.0026898213004432525,0.62469808314675,1.3696696882356127,1.8709154428084986,1.7112308491786907
0.014295090459191868,-0.0162367479195032,0.0037154547118133587,0.0025194842607128404,0.3774122334724073,0.4966159292595091,1.1779744844608897,1.4000158928226
0.007998491070717949,-0.014937385604390667,0.007098011231797604,-0.002876604869939195,1.3825759024016404,6.608244526153624,-1.1143761602674223,-0.17010767411807573
0.008194359724600298,-0.015008817787883991,0.007212371092373072,-0.0025989745092915985,1.4359389206865087,6.743010523175383,-0.8661527484793828,-0.24493497650736032
0.007656603829100717,-0.014908134770810816,0.0067138612220174745,-0.0032048419637040033,1.2172412768278595,5.909890157752593,-1.3010720278310706,-0.07335671152733104
0.007829261411617003,-0.015004781531351059,0.0068016757779008254,-0.0029448076751145353,1.2706304236842587,5.974330545798517,-1.076542136560046,-0.1606764116761956
0.0070941937006386135,-0.01478783467330488,0.006105213003815179,-0.0037089562712398346,1.0133338399768543,4.9280261364571105,-1.5367719657526928,0.11306756295884515
0.007451900231695839,-0.01496331147238076,0.006390044039554573,-0.003276164199970976,1.0968725722218815,5.281696283514847,-1.2421914807476313,-0.06685761982766841
0.0072322000177425,-0.01491580548867873,0.006160808997301869,-0.003471043978229823,0.9948242631068035,4.931670935915548,-1.3298991907708049,-0.0037935316259609738
0.008803755279042069,-0.015343184263576969,0.007203340461684687,-0.0016100503422069386,1.345253195897136,6.2466198453040445,0.13838234598092522,-0.34968090535078805
0.008282390521320022,-0.015220978364734749,0.0069708198393747724,-0.0022928875401183623,1.2673257375259943,6.023626150886637,-0.4688654616392766,-0.31358985853431914
0.008531642469415977,-0.015304596999450543,0.0070592198474530325,-0.0019544757092760687,1.2544419280734092,6.064915471690347,-0.15581918299442774,-0.34620909375307835
0.009206434787838209,-0.01575086014202477,0.006749600826896156,-9.20646271608856E-4,1.1177003012527946,4.996607085911503,0.7179424184923092,-0.2544242086419914
0.009403514952006503,-0.016024234784944684,0.006392559948754086,-6.258933440547228E-4,0.9207678952162238,4.281637997341691,0.9106820024148495,-0.17561335652172747
0.008883467792908002,-0.015721348615607367,0.006642582289303978,-0.0012942647470030701,1.0108952308408765,4.933487090867587,0.43628077303979035,-0.31547635513295846
0.010531458335272432,-0.0160244047111364,0.006417333406237179,5.672960023138527E-4,0.9982162498347161,3.9468023465218907,1.6707315499381934,0.29757483880323027
0.010853519998866702,-0.016190986814018222,0.006090551570533836,8.326238364614798E-4,0.8475437875989696,3.4669312761271733,1.7341480234046471,0.43481070376160985
0.010116992576039967,-0.016057385796172764,0.006425155834334346,1.275180200836368E-4,0.9509800986359701,4.093942856138724,1.4107601159577874,0.08941295040831693
0.009710766589699847,-0.016145670809782697,0.006276572415318468,-2.887778933897953E-4,0.9034130796476522,4.013332004933511,1.1185983685077303,-0.06920938284301764
0.011192297846828951,-0.016510589835607554,0.00555028380219635,0.0010139191639141343,0.6765524769733372,2.7108971677426617,1.6302448243368055,0.5269417020297164
0.005306347761905382,-0.012864278146266504,0.003879378931523791,-0.006409626727434185,0.922728589103314,2.6254833578909267,-2.9497692482213984,2.6533190281875463
0.005129910742376545,-0.012858769469074677,0.0036440945866655994,-0.006293820557454545,0.8122835108293869,2.3030886458486934,-2.654101643034849,2.3917886347954145
0.005013555572627377,-0.012734474797941814,0.003434776755497974,-0.006368206209892824,0.784314673056188,2.093851394759468,-2.5822050954021347,2.470369323846952
0.005408919578036207,-0.01303023707799628,0.004091817990446045,-0.006249084042202713,0.9022810373264597,2.83431153982264,-2.9290679522261414,2.41519959084275
0.00556519327493197,-0.0132165632008837,0.004374659012011333,-0.00607187763440762,0.9149428858667372,3.139258738032574,-2.944414878695166,2.1955435074436997
0.005953017923452833,-0.01374739244107417,0.004983863745625684,-0.005416258892233873,0.9011484381365168,3.7610740321865346,-2.659300419101958,1.4166315549430555
0.0056694309945322105,-0.01342943463948378,0.004563518200161472,-0.005806286208721221,0.8918363330936255,3.2918026454937643,-2.7880194642878404,1.8441019710232782
0.0058032072984045835,-0.013599027308908522,0.004766592462102368,-0.0056024752673554746,0.847221730649904,3.50836490292309,-2.7071215183349806,1.6019320936517765
0.005894052615476262,-0.01398380470064205,0.004848492284972853,-0.005049973020093094,0.7281642868378037,3.4198436163768178,-2.1995891905259253,0.9823359527309187
0.006076506882838893,-0.014089089062849561,0.005085450945759716,-0.004916938052370529,0.8170088538556091,3.7242879430425995,-2.2090619991996654,0.8907725132232709
0.006898907937796983,-0.01471291644210962,0.005906319624065979,-0.0038909271067456602,0.971073314548449,4.6433063906329055,-1.6226440303061795,0.19581685080222017
0.006659324938825738,-0.014635565747675605,0.0056354351674739395,-0.004076901007491081,0.8465001608081147,4.277684914567801,-1.6812543115590854,0.28243111728105125
0.006525226212686429,-0.0144966762517837,0.005541360851190748,-0.00429902622596869,0.8639737665997085,4.209440747629275,-1.8522251798499199,0.4297990671565838
0.006346671974615899,-0.014425461430740479,0.00533072617644667,-0.0044249026628497895,0.8192552120291153,3.9208954401268783,-1.8685077747654562,0.49839746204828245
0.006174005826438567,-0.014270201238132373,0.005157487979551547,-0.004658173728357088,0.7622102713392939,3.7469367494886794,-1.9988371036281778,0.6603277671166445
-0.003976184617627557,-0.009338984141727423,7.250794453255749E-4,-0.007086123582800718,1.2722721943702415,-0.2507701057219562,0.660916828555384,4.3632712077519535
-0.003963656533997333,-0.008995608811586243,0.001077238337187983,-0.006948222954732355,1.2499460646719844,-0.30696274901651016,0.4360849674693847,4.296259631167385
-0.0036664054090829895,-0.008502987293046568,0.001367324306781233,-0.006446909774341675,1.0966962165079863,-0.3389218190082319,0.22661487847138248,3.544053137420511
-0.0036704458190430873,-0.008799713052418518,0.0011189539117005768,-0.0066005618751098245,1.1412040058248099,-0.31186546286435934,0.36952969934228463,3.6248968191447615
-0.003908605382203264,-0.009682288347915432,3.4519349122393543E-4,-0.007095134570331505,1.1458204137540335,-0.16430524152725345,0.8839760037322294,4.13173074921414
-0.003930824507948202,-0.0099824573253622,1.4095917621721797E-5,-0.007137214066375452,1.1466370525974499,-0.0684099958967672,1.0832433812153675,4.0740090667536615
-0.004059047154673035,-0.010206793479256456,-2.4135711811525557E-4,-0.007256415507090841,1.1365272743026669,0.024274423900141236,1.2827869211390004,4.294295861933022
-0.00309938468422022,-0.007053404923524556,0.0017704001572429234,-0.005144489056432556,0.7914766801857122,-0.3694797619558434,-0.03450497452936665,2.4327336686080483
-0.0026462621309272984,-0.006428923032447577,0.0015846094294443014,-0.004513237792541039,0.752812283651317,-0.3719907297676943,-0.0032905199593507213,2.0972154126844837
-0.003070648480121143,-0.007748646884647112,0.001462828688382845,-0.005600919440409438,0.9150309099225874,-0.35817926360230185,0.11322763967899775,2.6151211711353386
-0.00334115259877882,-0.00819944845971928,0.0013997658127010498,-0.006041407774300568,0.9365080939625262,-0.3473494694132342,0.17633464210908886,3.0178829014673294
-0.001329603290728668,-0.005899251350565432,8.103074354082664E-4,-0.003839728216701956,0.579068724482051,-0.3354119855663634,0.06430272853750152,2.694703374913257
0.0010641737429594842,-0.00578853196209992,-6.453749323414031E-4,-0.0037854983854127898,0.6130062359679681,-0.3340255914116471,-0.0383893231439496,2.929144827077012
0.0023909317587822595,-0.006829868814845123,-0.001320128731819936,-0.004702149070733491,0.7486126712593554,-0.3660945327994198,-0.09999699523119708,2.134692398548315
0.0037155429753204143,-0.009006536672662184,-9.66386033366533E-4,-0.006729237602538762,1.1143661878111224,-0.3021092957592517,-0.47319978512058863,3.779451482018391
0.0031336239193965622,-0.00854483681804258,-0.0010704912788146398,-0.006087490817095659,0.8974129213179759,-0.31450367679566016,-0.3068007021007882,2.87227133108833
0.003883713588325348,-0.009724429098667348,-2.9695177913972474E-4,-0.0070711488295304775,1.1381440179962306,-0.15495644257323823,-0.9149412756843488,4.098646311336125
0.0038966680020267926,-0.010020620788463734,2.2442837166444037E-5,-0.007096932206406731,1.1025060377308213,-0.059428554892244044,-1.0989192227649538,3.9974100000406483
0.0035622147902177517,-0.0094723777784971,-4.894769879505464E-4,-0.0067374805246833485,1.0067612874397183,-0.2156508006454896,-0.7044889882233875,3.4972202909852217
0.0024200341855271238,-0.007973660489840868,-0.0010067385352468654,-0.005381538872590185,0.7280754797308747,-0.33373946790079956,-0.25332779350702633,2.2557674030194623
0.0039588295278646215,-0.010267413595171257,2.956751146651983E-4,-0.007139489907268762,1.0477729212772298,0.041949544257260635,-1.2755685294777026,3.987617410192446
0.004048678197363178,-0.010489090661474285,5.597439063156387E-4,-0.007187577389988054,1.067134254395582,0.15200976966934746,-1.44500523789197,4.013048960575542
0.004115767420269722,-0.01096172822747292,0.0011018010840122283,-0.007093580481096158,0.9462709785093909,0.39851739053067753,-1.6982891334761232,3.6829758643897685
0.004011041676683917,-0.010741571810463998,8.243331396841094E-4,-0.007078752685914049,0.9676084400608769,0.2566723324880426,-1.528960895866408,3.697515902293367
0.00491014217833231,-0.01257499550264487,0.003220083607260824,-0.006482377916830509,0.8114987751698467,1.899095527676243,-2.5434792371439254,2.6259667114475005
0.004839975436297071,-0.012391068031471827,0.003015966957088483,-0.006637114298807312,0.8215099930988028,1.741714525873539,-2.5527443986253626,2.8709003404730895
0.004662063149161437,-0.0122275948232394,0.0027110525975160634,-0.006661484963000556,0.812160919276428,1.4531971904553307,-2.35635999823111,2.8464177243367637
0.004547874220241363,-0.01194708557021315,0.0023720317415306513,-0.006834684502418449,0.8462177873807303,1.2044324838338778,-2.286169586453369,3.1374502728521616
0.004150007729928078,-0.011287651184269318,0.001454704700856278,-0.006957516318329659,0.8609367213539229,0.5800040913219185,-1.8094624276157414,3.348379978088352
0.004157609242448253,-0.01162695224590851,0.0017756469734191477,-0.006742873734222014,0.7453787799428157,0.7496042543323381,-1.844114758528436,2.9134946247769817
0.004234427606177964,-0.011934391009296517,0.002093165062548468,-0.00657416034668972,0.6732481646054668,0.9483950098921731,-1.9072938029231417,2.605338082311764
-0.006464466094067263,-0.013535533905932737,-0.0058928140137116366,-0.005886551762592486,1.7467563085320699,5.817135494151771,3.8970884640429984,2.2424267139576317
-0.006304059012809278,-0.013580955205731243,-0.005595784132117109,-0.005777679799033885,1.2760474933442219,5.0023237935669504,3.620029735765861,2.091133032238989
-0.00657726476122486,-0.01364484341025055,-0.006074926151066484,-0.005698587470770626,1.7801925060015902,6.078430777386129,3.7877892236416772,2.005419520370974
-0.0064185263670103665,-0.01368416660673243,-0.00577509807539404,-0.00561651250664552,1.2743281102631574,5.261069221300075,3.554613676029756,1.8961072917942745
-0.006547953710132382,-0.013795480412293887,-0.005966777707665949,-0.005429378536273676,1.3470286891372927,5.544590149758812,3.4595399771272555,1.6757659130450218
-0.006693441434347548,-0.013750556019033765,-0.006244317688336672,-0.005512349223805432,1.4868130648673021,6.3273811333487275,3.6650005500526253,1.777100033587885
-0.006812880963004882,-0.01385256696814258,-0.006422787599623977,-0.005303304476162079,1.9213303778048016,6.581000098799645,3.524446987911817,1.5533865328155814
-0.006663428114876329,-0.013913058561930827,-0.006117648857711795,-0.005218589302782393,1.329887705640042,5.725491207917304,3.311430030663146,1.4445375506532763
-0.006790026068546693,-0.014000346374228985,-0.006289846556269321,-0.005049288299137825,1.345982131972432,5.995588932501678,3.217170226026797,1.274752030699769
-0.006935465283302504,-0.013950775489717909,-0.0065824594349264244,-0.005103989865083249,1.8047327322752695,6.824281319185649,3.37406689549509,1.3420021358714216
-0.004262896533880161,-0.010599666098615762,-7.463485179210074E-4,-0.007390663773873805,1.1604648344474027,0.24996280681949676,1.6640045123396134,4.496045371618902
-0.0040422079799120655,-0.010425286823295618,-4.898266106741746E-4,-0.007206134725278489,1.0904697759761155,0.11645775700077779,1.4034337622309152,4.095885519818854
-0.004485692077272781,-0.011467568856683201,-0.0018583284236117859,-0.0071689016228238265,1.001457107643249,0.8792197875423798,2.2267723675607356,3.8601195389569694
-0.004422373112797606,-0.01119347129932852,-0.0015154849501524891,-0.007287466534793943,1.0467756665672756,0.6695229847254074,2.098275199318382,4.149012182386872
-0.004290487977173894,-0.010895947958450678,-0.0011080305173916394,-0.00730802069602756,1.12083455351657,0.425439803680614,1.8382875145119566,4.215032029623437
-0.004385154746531156,-0.011718356994940799,-0.0020246243165527723,-0.006880822506498256,0.8180908912681354,0.9507801817306882,2.0986618510733366,3.201149715445872
-0.005142568496245552,-0.012423696463269655,-0.0033943517020481174,-0.006852434996308647,1.0270247350865611,2.2244790798880456,3.094046122994189,3.451391085769519
-0.005015235630341138,-0.012275271925013202,-0.0031263633582026954,-0.006917848024389723,0.9855928367189243,1.9530912577898996,2.949515325187494,3.5230578393056002
-0.004691930030346025,-0.012092130163444207,-0.0026300542179429364,-0.006823903565486274,0.8575826006842914,1.4204054817653426,2.4481141982344385,3.173100238589704
-0.004823756945560103,-0.012254393338479951,-0.0028987807910202104,-0.006771607856615206,0.8918449231462928,1.6555966860526663,2.5860584860796156,3.1117355944073606
-0.004402889893462492,-0.01204603619523087,-0.002317639915501721,-0.006620425976364573,0.6891080311990899,1.1324097786333285,2.0808451545343556,2.7127746434345834
-0.006125411144271177,-0.013631185129207898,-0.005280362007803337,-0.005646857879934876,1.0767500737821745,4.377725323484054,3.184956527459559,1.8207601215359208
-0.006055462808872283,-0.013470538492171447,-0.005176613805456731,-0.005892279124481688,1.1391012638494464,4.3204939888747935,3.4110926150660292,2.162941986950902
-0.0055091139142673315,-0.01284375849294011,-0.004152156886103491,-0.006581119354897725,1.0609725464029507,3.0662502443520725,3.408709780484599,3.1009951351547453
-0.005615411599124004,-0.012991539408789379,-0.00437715318344229,-0.006433682307173346,1.0787170699397712,3.31816082276832,3.418525790544068,2.879565648293297
-0.00573422796374095,-0.013095050088084263,-0.004596521111879977,-0.0063484731018890374,1.1131131614302678,3.603947205625354,3.4992181607057633,2.782600774780024
-0.0059105302253841035,-0.013388836528143344,-0.004936372786449483,-0.005969249025219953,1.0828571256194917,3.9580947323376416,3.3067960760200736,2.219886402768136
-0.005801144228004447,-0.013247755947226894,-0.004739185077100629,-0.006145239840183802,1.0497885131786735,3.7319257231095873,3.361277810476288,2.453553211529171
-0.0051222410102640305,-0.01261751282867463,-0.003499200929591383,-0.006596397664875203,0.8893960632395309,2.2518598955121862,2.8738071943210635,2.913414070092931
-0.005276277981982753,-0.012791418943304433,-0.003801508962072069,-0.006485033358049951,0.9391240302378411,2.5685255401225926,2.985573839714163,2.779667472839632
-0.006919273403128952,-0.01409583074404258,-0.006449917473163243,-0.004851798910637536,1.4552995395912989,6.236665409995546,3.0778005366363197,1.0816156073836956
-0.007061073770271072,-0.014045084994930427,-0.006730401709216607,-0.004907073128466304,1.3740439646158442,7.045859913005252,3.2111256228062124,1.1407758039690286
-0.00718958373010223,-0.01413540329229132,-0.006891040822926128,-0.00467860663069462,1.892948097725057,7.270941443808,3.0249508450320413,0.9448617856755303
-0.007034714965859362,-0.01420913999876575,-0.006557522647019225,-0.004619248817117213,1.4092487721399758,6.332021715484427,2.8728774302737303,0.868951483248198
-0.007320868219171371,-0.014221641019906124,-0.007035665741812876,-0.004458504407633686,1.9581019164964129,7.487415247116893,2.829339272223582,0.762722906174856
-0.007167173180069196,-0.01428888380006318,-0.006707271665626455,-0.0044306542495793425,1.4067444404915725,6.565246359459077,2.7339339128391313,0.7160534839887075
-0.01721226698151816,0.021879361898223697,-6.532385202593949E-4,-2.850758533191723E-4,-0.11897069260264302,-0.1086827227676199,0.1494237252486468,0.21807279447747205
-0.018733575722169347,0.025,0,0,-0.2257015772315698,-0.0042891755043116975,0.04695313025338169,-7.508513754996116E-4
-0.01471660413954446,0.01587890319392502,-0.003531217643034826,-0.002839774523736148,0.43276915561150847,0.3277177166075123,1.1290503831118064,1.6270599938716976
-0.0149278085995866,0.01729336414151427,-0.0028423874299542268,-0.0018587876488459232,0.16126799263663227,0.11929432574560084,0.6793256053848685,0.8706288627092654
-0.014980799280743574,0.01502902704497576,-0.0035771033768898742,-0.0035202473213658742,0.5096856191215764,0.27318059449987764,1.2448934349343388,2.242740290425477
-0.015385514518592894,0.014105447577586128,-0.00322974282779094,-0.004318236396817874,0.7492856510039634,0.06572928816018131,1.1377507961685422,2.8899715941965165
-0.015897601469133455,0.013167361040348494,-0.002596084334529548,-0.004870976377235144,0.799079290229061,-0.19525235112660586,0.6902287889204786,3.317860711439437
-0.016604742395578475,0.018237599629139907,-0.0017291123184679826,-0.0013379722965413466,0.03502644923139848,-0.15145434115565348,0.2829498564942503,0.5739203831315601
-0.015836558457150738,0.010483939698294092,-5.555762617732225E-4,-0.006708329501836334,1.4033370232122775,-0.19065383214371767,-0.9382488765548719,5.471335159324815
-0.01594477422342518,0.01081511683262808,-8.968013185537419E-4,-0.006455046896463265,1.1979634738654923,-0.2697335364196564,-0.6332371678496661,5.117119132680877
-0.015967023872443004,0.010171209865596572,-1.9051642797920636E-4,-0.006555188079087592,1.318759908067865,-0.0790504538708276,-1.1751300488668877,5.009281008321017
-0.016114921571611634,0.011300111995436145,-0.001270653687487575,-0.006003338474640983,1.088200158908487,-0.3156605846754738,-0.28753300601329995,4.399850803072323
-0.016349012882828137,0.01260019086187416,-0.002018517918410182,-0.004925880137844338,0.6410772450741239,-0.32283138459778554,0.26858066046052104,3.19057222335452
-0.016490179995515518,0.011893194923084457,-0.0015101829213370734,-0.005250197927242775,0.7945862996450281,-0.3378330034078126,-0.08308924152352046,3.395254932362591
-0.01594273221058967,0.009334263428877646,7.131318006700851E-4,-0.006481593426003715,1.3567495923877178,0.36913847261793775,-1.832601412660249,4.468058362821574
-0.01602430175283718,0.009552748270388035,4.5556714724961304E-4,-0.006414735181750249,1.1941939061972824,0.22740852925396554,-1.6320496041040922,4.433507118350008
-0.015973503755932296,0.009036574966125314,9.916803245026637E-4,-0.006329940690717231,1.1512401667391796,0.5331380161102338,-1.959392704388479,4.037780245113937
-0.016233083576485823,0.009893566243595317,8.961983316053337E-5,-0.006149491486076588,1.1250453544981658,0.04721990706489855,-1.2813649604170048,4.022367496660066
-0.01342779995579578,0.005122211044935512,0.005531280359094687,-0.003790336482690164,1.768817402929028,4.758489668423344,-1.9598999679408848,0.4010999056679165
-0.013258534457634792,0.004998646952177995,0.0056817810875770605,-0.003602242825814398,1.7767141515990328,4.8866251303383015,-1.8077165080924578,0.27199089965879925
-0.013052127576918812,0.0049446223749364145,0.00590097000694439,-0.003470600932601173,1.8815262271568525,5.204682496788261,-1.7448223970548589,0.19645637187322504
-0.012403603132738597,0.004128384415811326,0.006064054784442746,-0.002302619939334564,1.5686857168594843,4.450420343682572,-0.6548603866721708,-0.2614597832240925
-0.012657683862608616,0.004719458250891638,0.006215499090892281,-0.0030292017313201464,1.9057961658691513,5.457777226490277,-1.366717568129802,-0.031692941557571915
-0.012595615101980505,0.004406810338478451,0.006071421411396666,-0.002670360441981393,1.6987238999876482,4.770028883203865,-0.9600146165884279,-0.17269452928374793
-0.012909370830702208,0.004781539949297741,0.005972052773402076,-0.003225392533986539,1.8039857606727117,5.129809426004145,-1.4984884380446364,0.05702935573412871
-0.013611512073768229,0.005240461284901519,0.005348445711192521,-0.003960619159002723,1.7578860790197675,4.5600135821307655,-2.076901949748087,0.528790454541677
-0.013812668585276425,0.0054260315649956245,0.00513722566683373,-0.004208218694036815,1.6627692572370556,4.386161576623592,-2.258547617852589,0.7271112236852985
-0.013875241662815367,0.005729324481186943,0.005138201422015067,-0.004612528910730639,1.8808829291178935,4.633257591184473,-2.7307365901959897,1.1476379406618922
-0.014119385881818741,0.005915096820326949,0.004826390294269788,-0.004829399888551748,1.7550905377433852,4.240098440930744,-2.8190214085775875,1.3801004618843262
-0.014325432732881433,0.006156105588111135,0.00455619493352771,-0.005090611754443193,1.7446658526668843,3.9483738627233715,-2.978490036197829,1.71512759913009
-0.014454788764667884,0.0064093520558294575,0.004354507609149141,-0.005376706464861507,1.7748645645247163,3.793461427209151,-3.185452917628087,2.102050796178403
-0.014772803232887967,0.006833223390293581,0.0038144435851244387,-0.005739742408054505,1.734602879849984,3.1543975467482137,-3.243583854106886,2.664938869258893
-0.014683825070989535,0.0065666281226754945,0.0040064227815053794,-0.005451744859545871,1.617329801582678,3.318523564148728,-3.060618828873402,2.206503076852098
-0.014988007861520282,0.006975196778297036,0.003480554133433035,-0.005742616677204011,1.5432163102637915,2.7217773827300586,-3.0431869291510694,2.6783356949367354
-0.015918322917902607,0.00861880718138561,0.0014347002542657596,-0.00619891234801062,1.2568832736401208,0.8104117418301369,-2.158346794828003,3.691635360860185
-0.015736143623540713,0.00828005930149897,0.0018472148273933795,-0.006213500178084862,1.336796997796679,1.1284385617945671,-2.413568405765497,3.629049976089505
-0.015784460731434503,0.007835816123638421,0.002146395710759839,-0.005802662896093407,1.1722585100361853,1.3228831170110158,-2.3218060924385675,2.8913237785857597
-0.015650735963445413,0.007467879435998423,0.0025079345592771713,-0.005622970314480344,1.2170807499983207,1.6198005452476625,-2.3780612709134425,2.552814235480896
-0.015294111975771563,0.007054673512603787,0.0030885279186178027,-0.00554993121096697,1.3905287464479625,2.1732395516198975,-2.5956289740338128,2.3460874257557465
-0.01562931347179467,0.007194326849440967,0.002672018560107701,-0.00538848879707805,1.1379607167084316,1.7302460609490862,-2.2970617481407154,2.214329848399726
-0.011254154411826676,0.004023423605178772,0.006820457378014642,-0.0013418611350141778,1.695500659145518,5.111696471972105,0.10508491631240079,-0.34361866610810865
-0.01089651405375211,0.0038965048288642358,0.0068698485823014055,-9.412221005280112E-4,1.6039119401172088,4.864297951814074,0.3961011005358143,-0.31161571866455134
-0.011609640484617323,0.0038821101184555737,0.006487830964825005,-0.0015648306783152394,1.5658115541244173,4.590234001135626,-0.0940360771225096,-0.34559572844796854
-0.012080631721481787,0.003873141737925624,0.006152237344860644,-0.0018944306376920113,1.5011247157068512,4.238897809452943,-0.34757460307191634,-0.3219428128946213
-0.00727752225544862,0.0029739906477549197,0.005200720744428317,0.001599813610466672,0.541095968095926,0.8169753474295776,0.8160898325646285,0.443316249012743
-0.006426924858812626,0.002528632628752794,0.004469017291163577,0.001545139480494818,0.4286835701075754,0.2132355833138759,0.49115740531965196,0.4327188090820381
-0.00786149446564558,0.0029232001410612746,0.00553681104257681,0.0013379130375847158,0.6837016233597842,1.1646656939661284,0.8645612246669664,0.3246784927163399
-0.008327096340412095,0.0027023511726832197,0.005670305632000807,9.832332151050434E-4,0.6572217112597171,1.3315973524741391,0.7809792959701984,0.16788840785727854
-0.008747044930123841,0.0027303035777513553,0.005865037811523611,7.797070792286268E-4,0.7683100256118734,1.633559873647414,0.7905061292900823,0.08768174933205627
-0.009287813175711774,0.003364609755367712,0.0064473551327204615,5.917814614191029E-4,1.0250718792958329,2.8533828460930546,1.071269749216418,0.07113224664906535
-0.009020732594612191,0.002985466330170688,0.006104732970354478,6.972865667992968E-4,0.8679195215024712,2.030187958283465,0.9110289541009252,0.09095888224867203
-0.009686158453245573,0.003465674085937369,0.006613119472258022,2.748299943528809E-4,1.196673456857747,3.3415059787831702,0.9964505033059435,-0.03473251370058725
-0.01037429659620525,0.003659622124106556,0.006783703344619886,-3.683980849381605E-4,1.4043900463792307,4.167105523181527,0.7383787166910851,-0.20663922907682777
-0.010070462590055737,0.0034767195909163845,0.006646389803680461,-7.94424091888118E-5,1.197402038058667,3.596231037097475,0.8381679454070364,-0.13963293614110406
-0.010749261474014069,0.0035341287164857367,0.006590992739512233,-6.8064827885365E-4,1.3559640066791248,3.9508206652520594,0.49523711087506733,-0.27400956978978736
-0.0061586146283775425,-0.0011291900151272761,0.004039946281413703,-6.710048273243398E-4,0.33002222644944657,-0.030521190162326094,-0.1774262353478658,0.27816769725877605
-0.006039503053835487,-5.393654512165766E-6,0.003922607713682914,-1.5087431195412827E-6,0.31710320060250274,-0.05808198570502649,-0.001754515805395232,0.24544436752601406
-0.006291826301513084,0.0011389752147503175,0.004125058535603212,6.731756774643482E-4,0.33205116028727494,0.026395040708727845,0.18058981960654272,0.24436926476944346
-0.006994405884684675,-0.001918656157260059,0.004666426265210479,-0.0010231188626515788,0.40322774515620174,0.3362007435060329,-0.39419791901758744,0.20435045525987247
-0.007782529653822506,-0.0027342764505006592,0.005404494866385846,-0.001246411890151467,0.5700621182243216,0.9926560132972121,-0.7755864098016446,0.27702742187422247
-0.009011448860844706,-0.003603018411336826,0.006555690101527546,-9.102935887727921E-4,1.056757558921545,2.9889446667870567,-1.3011838322749167,0.2124056754245505
-0.008449501319801286,-0.0031320544332047572,0.0059616524611124655,-0.0011348446499242356,0.8601728715979725,1.7389707830959285,-1.0163728863688977,0.2492135424124525
-0.009500402591981734,-0.003547695794629851,0.006660629223309073,-4.5514897000107425E-4,1.1826815087207754,3.3433698228934543,-1.1205832346214757,0.03502298356421606
-0.009931258242351996,-0.003647187514974654,0.006795171780239951,-5.764808011905307E-5,1.2953044194418835,3.920133946616352,-0.9991165629568354,-0.09058014688319309
-0.01024906057294576,-0.003892150806058993,0.007018956189462958,2.657662717206012E-4,1.5699766554246624,4.725574416162366,-0.896115445630932,-0.17266181742244066
-0.012679131780828632,-0.00577835898009388,0.0070322623274649216,0.004463794396223147,3.36365075048507,8.98351295411696,3.5336496365278776,1.0878728912356364
-0.012689441218052246,-0.005618054708408483,0.006876511467486656,0.004217633830684635,2.871016019070627,8.213259601606604,3.286026583361856,0.8742161610102369
-0.013422735238775145,-0.006355156589749451,0.006078449488927537,0.005694919914033502,3.2958903030095414,7.386138856046737,4.725457545921082,2.650141876248932
-0.013306558565652458,-0.006249443980966241,0.00625243862254331,0.00550339928559158,3.3206405356861843,7.687493909156945,4.573933988997573,2.3645909739304187
-0.013464527023256552,-0.006195454193658461,0.00593840469647812,0.005407105450319401,2.6590215659547316,6.71322732042475,4.361320576085254,2.2996506756481305
-0.012821849790282752,-0.005700265300256362,0.006738222125478587,0.00441962537833288,2.8476460629450577,7.999578857820075,3.493763394219783,1.073276070818024
-0.012810416269897774,-0.005864596707708681,0.006885047338748104,0.004687770836953878,3.118326603034438,8.753491125449475,3.777902295062257,1.3195417579209376
-0.012950508574977143,-0.005802184066148446,0.00660825918672116,0.004643128640347569,2.860306329227516,7.83338074710496,3.724657256319013,1.3111319640646928
-0.012938926229728932,-0.005954915005069574,0.006739939785296391,0.0048941805191586125,3.3354512649788095,8.51269259412592,4.001947095780883,1.5626097294889885
-0.013187119036995123,-0.006147433031857423,0.006415899340460131,0.005311787496889487,3.083520280786699,7.9706963220361855,4.4042158181777875,2.089724035792328
-0.01333204050768245,-0.006091453269647105,0.006129516738746091,0.005224712296908979,2.748693330734437,7.050021249300765,4.234556740699113,2.035358569761106
-0.013064534716697497,-0.006049224510282092,0.0065848519789321,0.005100781370296241,3.377581073989813,8.249845160350583,4.211212984679845,1.8197612076553955
-0.01309230314712162,-0.005900428396864871,0.006439331267991594,0.004855090665886275,2.788444499915002,7.55201388569447,3.923606385630165,1.5615440637552374
-0.013216867906942318,-0.005985290844657861,0.006276622149245189,0.005026894914362365,2.7530941496141335,7.266429335267918,4.0629672398554595,1.7759591208225023
-0.01358324230742492,-0.006288353198532999,0.005756238769548477,0.005556510269333473,2.5903924911403657,6.387119999207628,4.440902077269413,2.526257970220858
-0.01353553390593274,-0.006464466094067266,0.005894443000521807,0.005885078289359198,3.2217686108704533,7.073428402819201,4.857923169361268,2.944148185852688
-0.01211980748321005,-0.005084376313952323,0.007122920923125988,0.0030527941854807147,2.6026128102059825,7.875309001166585,1.7504498021562742,0.01822089824887732
-0.012097633649330804,-0.004869695746725384,0.006938824965967066,0.0027973657745571025,2.335228989505907,7.045573125330747,1.3383986907765257,-0.1069287695305675
-0.012276754550274594,-0.005169923387312612,0.007020231333470606,0.0032924952862355083,2.5956709680407255,7.8153088206691566,2.0251064065104205,0.14603715481529753
-0.012400824133063279,-0.005299423201532335,0.006988037858402525,0.0035568574081330287,2.691845401002246,7.968985793057511,2.3792551270106053,0.3193041663384159
-0.012696374919781485,-0.005472744736097875,0.00673554526500599,0.004000518236682806,2.6725443799690227,7.675321698937671,2.872708038906277,0.6629544891822241
-0.012590056244622524,-0.005332245903012483,0.006762708455947577,0.0037357543408292,2.5762051725427892,7.516124754566752,2.5031924111086172,0.43905011743294337
-0.011046760316771254,-0.004335306914952658,0.007234813420296699,0.0012924988211026024,1.9858821650629335,6.3066216418345595,-0.17801671878666833,-0.34197268520581675
-0.011299872375212815,-0.004425590974285427,0.007179546652915571,0.0016272376108292712,2.0584636396206446,6.480604913310109,0.12538010467095992,-0.346026832754659
-0.01148038049752688,-0.0045202855044997,0.007151626989239669,0.0018843337670727274,2.1405460661995255,6.672249707250019,0.37705584707346035,-0.32747538085025546
-0.010640997569716534,-0.0038541183241193005,0.006907967598090784,6.726739985961758E-4,1.525336524436822,4.728905746804206,-0.6000664350792264,-0.26795398450128
-0.010976399768989056,-0.003963118471924341,0.006892823157703066,0.001045196215434009,1.6454562161016624,5.046682280869312,-0.3303723155694947,-0.3216216186202576
-0.01167366145162004,-0.004500549672656904,0.0069844755541631715,0.0020641571048149866,2.083668289551985,6.379273978578034,0.5431253256417444,-0.30648446852864913
-0.011896801753737378,-0.004545288165972521,0.006838603062455906,0.0023090943332067684,2.052939267349854,6.243334863166305,0.7682522610492707,-0.26276930599522424
-0.012095072974024249,-0.004644200835145042,0.006740531894113807,0.0025679005230713017,2.085067728196529,6.264751747648426,1.0198643842548412,-0.19494263682479107
0.019279064256998185,-0.018106983557929036,8.103415480589141E-4,9.971001756680425E-4,0.07321118261181468,-0.19925585864894457,0.057701980591618074,0.4418189368684034
0.021097149979697995,-0.020827545274221926,1.9871279837491723E-4,2.1071348758873934E-4,0.002134252843764232,-0.1042920348936855,0.007283717504761175,0.12948814977380352
0.025,-0.025,0,0,-0.003105009670513906,0.024117531061328377,-0.0014489497036899088,-0.02639010348100469
0.015350641576981352,-0.01719251675697538,0.0026266367278616367,0.0018941927506783676,0.1409692009575522,0.0167496489922203,0.5945007803672918,0.8835416882659889
0.016463244121310696,-0.018147809665273348,0.0018023679758028765,0.001382719292952178,0.045915260944535206,-0.14366684396677917,0.30888539089749006,0.6198461487499782
0.011917918998574991,-0.016782246365421447,0.0049093463954455316,0.0013815543106011736,0.5351551417105168,1.8522001656538294,1.5290824486216097,0.7429414263996826
0.013094996928320527,-0.016788705129933093,0.004233585971884759,0.00188869969598621,0.3843595963340464,1.0484753071884905,1.3516587670543634,1.0291543112082178
0.013785985115992072,-0.01774297091898473,0.0032187328027915153,0.0015041220546064707,0.13591567891709933,0.3821865219597252,0.8008114188077841,0.6794458333363796
0.007952677382920355,-0.015194929036546326,0.006678695651404235,-0.0026289022265355596,1.1414285672395865,5.5552712845940295,-0.7163832333305235,-0.2588511225093731
0.0076057941044120475,-0.015199776511514732,0.006293638462821606,-0.0028903054726758626,0.99899773145332,4.925989276032432,-0.8479433714030675,-0.2055883975760246
0.006966609803051845,-0.014960256544733215,0.005779410599378234,-0.003542531735573688,0.8209993112744826,4.270875807907963,-1.2485272034658232,0.005678898326109408
0.007226317401283178,-0.015146859186044298,0.0059198373818221345,-0.003188772702735033,0.8939044428527926,4.3752219900141585,-0.9994126478717295,-0.12293182906103754
0.009420492375906734,-0.016449010784747184,0.005804104961729099,-5.040082896518087E-4,0.6946235782098781,3.4750447000780027,0.8993089333744423,-0.1373724001975745
0.008567104255264255,-0.01564327486153477,0.00656856721253641,-0.001664178322687247,1.02355090703501,4.950770119785492,0.13479909454491426,-0.34279817813454483
0.008059847292748149,-0.015448797406504265,0.006438732815378723,-0.0022957211777574916,0.9388143368767403,4.953537562792036,-0.3535632751230788,-0.32204862001029144
0.00833732054895982,-0.015468578160318597,0.006649511076918432,-0.0020179275232832185,1.1054847858693044,5.240230891033488,-0.1575449177782419,-0.3404448513822558
0.009020772781088274,-0.01617168149835945,0.006052212296596136,-9.489659179338908E-4,0.7904591389772662,3.863341939181809,0.6583916395002932,-0.25016075272849064
0.00863722368585202,-0.015965046067188078,0.006154652922261639,-0.0013955085408414918,0.8461076325131189,4.0849353687842695,0.36280885482343056,-0.31934053478651975
0.010507031837852818,-0.016634213641032628,0.005598088044167719,4.2506880238981796E-4,0.6469443616880804,2.9442590165662517,1.360938885565153,0.21375710733580933
0.009886195689014995,-0.016629247061085095,0.005632209956414841,-8.490206529315877E-5,0.6369983363216468,3.142349431689846,1.10812865073507,0.0059514901245193335
0.011084512287422608,-0.017245096941614507,0.004777977270201217,6.997578961181137E-4,0.3922914771226647,1.9374583619524082,1.2406906606417267,0.34864899141094297
0.005163524858680646,-0.013033358938147215,0.0037609173132802064,-0.006090171151120709,0.7467711961296287,2.3697291157042852,-2.523950254818317,2.074326867763587
0.004949407161017832,-0.012955046904790605,0.0034632967321694768,-0.006055481843337472,0.6956674990577608,2.033232555485547,-2.297529547163038,1.9563240736731642
0.004816310346153529,-0.012771990736327437,0.0032187897244370842,-0.006187895732652967,0.6482968695315351,1.8254586098812173,-2.262159605350631,2.1031963731638386
0.0052559203596245834,-0.01326591939525102,0.00395623692825045,-0.005838933335043323,0.6980255404459127,2.519719103312084,-2.4103490283711495,1.74663879971842
0.005375965532847023,-0.013489615285069312,0.004154494524978369,-0.00560057902451706,0.6639910364955939,2.6862481753415435,-2.3063292688546837,1.464023946587169
0.0057067510220581204,-0.013853869984936748,0.00460418585453325,-0.0052017433066754055,0.713297239517907,3.1264046331379878,-2.2006855730807806,1.0991973688549466
0.005592415020171028,-0.013627161297455304,0.004456644120361024,-0.005489776112046227,0.7399014760962547,3.026923507371845,-2.3802697067613527,1.387699858563446
0.00567762299834516,-0.014104463478783316,0.004518579541251038,-0.004850767530905126,0.5572854807058101,2.9463300913986945,-1.848778482802341,0.7307210525056794
0.005880074155062447,-0.014285763543204438,0.004749523313545555,-0.004628695971709318,0.6193189778128788,3.1636202664278446,-1.763308321160588,0.571276406809999
0.006638737238162687,-0.01495613887676242,0.005376668662057883,-0.0036601877519500873,0.7242886854212748,3.7047610333954695,-1.2197595731192392,0.04125129238003361
0.006368497214101168,-0.014712760314193987,0.005196292774566877,-0.00403314172438848,0.6999265456432316,3.556016335986907,-1.4425858503954367,0.2127547145676443
0.006063291525425673,-0.01457353839192102,0.0048790272592487485,-0.004257903001702677,0.5657225045346791,3.204422562542868,-1.5027729922593507,0.3178917429878734
-0.003619069770531791,-0.009561312904344876,4.256657829873101E-4,-0.006805592838603741,1.0026489840979063,-0.18662488855635437,0.7688403156841725,3.534738892845808
-0.0034620344778167585,-0.00918475220939751,7.124737609995721E-4,-0.006571332353983149,1.0111582295656312,-0.25108669804026107,0.5730329450304134,3.2730658626465465
-0.0032420079485099935,-0.008676371175951124,0.0010256145816494777,-0.006215856767045127,0.9312258988305352,-0.31198395057260114,0.3645604808314828,3.015454231420476
-0.0035545048705692486,-0.009923881756947603,6.875661702790952E-5,-0.00678397740784016,0.9227949079601011,-0.09565738492358429,0.9341745688795903,3.317318851077786
-0.0037301081126607004,-0.010308834050447488,-3.152481789555082E-4,-0.0069195237639698365,0.9296097230074957,0.03929745964384896,1.1762293178077197,3.4269417164719624
-0.002089113329278215,-0.007367812272634008,0.0010401334760930857,-0.004904633268231006,0.6864739059224829,-0.337093732898699,0.1814149272263044,2.3300671908032027
-0.002638434975147585,-0.00830495403018166,9.880359596435432E-4,-0.005654216384231869,0.7121334584980735,-0.3223752461999814,0.29735805926300835,2.4624171826303676
-3.786086060788754E-4,-0.007372077426490767,1.7053277772561298E-4,-0.004582771503362392,0.5603501898259241,-0.31820882053947214,0.06755765544267679,2.858905540515994
0.001262049125274989,-0.0075711150846152694,-5.60748641398142E-4,-0.004762807841106676,0.6235842568848281,-0.3142917525538876,-0.18859975902020376,2.628726224619666
0.003074401391509409,-0.009127879768594282,-6.593334530103399E-4,-0.006260355485447274,0.8128472263014969,-0.24728230846273905,-0.5213645425348906,2.806292891538179
0.0025460621211580133,-0.008791806243076121,-6.950399189022219E-4,-0.005804605281147026,0.71313526174812,-0.2854279679989241,-0.4145603095486584,2.3300110181919673
0.0035097380199073077,-0.009865214774687311,-1.291535461114107E-4,-0.006741639285083188,0.8982622112967533,-0.12239241193476653,-0.8803863304570146,3.3026282507836533
0.003650236419628191,-0.010189597328058183,1.8074272874394828E-4,-0.0068546518040799725,0.9277440199899736,-0.022329993098721287,-1.0698028449873964,3.3882475932849188
0.003160088575088797,-0.009642737061261323,-2.7940316173794943E-4,-0.006430717638779613,0.8820532327473478,-0.15474292271075205,-0.7149755324946049,2.782610798339973
0.0016996422803758307,-0.008727229753846174,-4.512130554156545E-4,-0.0053590828330617,0.5444566088385424,-0.2750235479712302,-0.36113303067734287,2.2918082738209784
0.003606569149793127,-0.010555092863037411,5.224273862664597E-4,-0.006751289328178685,0.8066392266143725,0.09230491734579337,-1.1905252902221146,3.071471584519251
0.003816480259792145,-0.011184966206397754,0.0011821495643450188,-0.006708441118512587,0.7598791941149061,0.39494139656111993,-1.4968134109186761,2.8678036226329
0.003753008229287511,-0.010895890641578247,8.817537827920009E-4,-0.006776911970853764,0.7377711607276284,0.25672272479191005,-1.3844276350985831,3.037013466268732
0.004598038747756069,-0.012588506716205134,0.0028804358542650448,-0.0062337954833974795,0.644878685909835,1.513609037346323,-2.09498221236309,2.117436556952893
0.004336400410107898,-0.012288593279562752,0.002436565283744018,-0.006350930930155363,0.5737859962612872,1.1700237076949975,-1.9369193451290967,2.2449353087704527
0.0037421259545112905,-0.011500392170039767,0.001394016592714001,-0.006476545531808223,0.5427135442693239,0.48904053931554453,-1.4733738136461503,2.409441740001352
0.0039095166109224,-0.011870546200922025,0.0017958551262231147,-0.006360131345019446,0.5602121797101886,0.7100857723010371,-1.5926716536120598,2.2167524443269646
0.003963786854958311,-0.012215023513811889,0.0020781064353233257,-0.006140584975550558,0.5089580386173193,0.847942266943746,-1.579079420609501,1.897607392438741
0.018733575722169347,-0.025,0,0,-0.2327902473595135,-0.007245451079703052,0.04573777771361744,-0.0020523690102024895
-0.0062547908603395545,-0.013754200786654097,-0.005473412379762037,-0.0054685194757736234,1.1236941059515948,4.626837198078861,3.1195911941158374,1.6257102709155402
-0.006400363700388241,-0.013825202558164076,-0.005697177876609445,-0.0053674402823029824,1.1822645071840685,4.985837598665208,3.170921034856621,1.5467409882770693
-0.006485761144327709,-0.013974468836102394,-0.005779434790583158,-0.005118795543751861,1.1338805525562627,5.015014022129381,2.924471615607084,1.2593002129648012
-0.0066327884101092865,-0.014077554907607787,-0.005972208954259869,-0.004936967153467968,1.1925043839348932,5.293320002410389,2.8472807346529625,1.0959554412644772
-0.006790019636435001,-0.014129099359127673,-0.00620290979230957,-0.00482571619326441,1.2714675755196192,5.696509180095474,2.875067294322772,1.0205392124312975
-0.006047450436805574,-0.01382434252465238,-0.00512184300220339,-0.005318191069295399,0.9272687359175605,3.9409404514898756,2.6544472041330818,1.3349323716041013
-0.0038514964796976837,-0.010796283736713303,-8.287691687412529E-4,-0.006916658615388488,0.859854244221114,0.2483302641932392,1.4355029580616263,3.2916919235087043
-0.004169787494490723,-0.011483478094614502,-0.0016561705839362936,-0.0068572844289104705,0.8351458812285643,0.6949563301674591,1.8541158833927331,3.11896584803996
-0.0040850190761415415,-0.011134802267740206,-0.001258901180549805,-0.006986480743057401,0.8389599388527392,0.4804087313524403,1.717190208909937,3.396877823567028
-0.00402577739271755,-0.011872273153966573,-0.0018714438191853812,-0.00646098099682045,0.5641468246269011,0.794691044893299,1.7073330484560139,2.356136779964323
-0.004884367901346986,-0.012496489700013361,-0.0031363000839993954,-0.006552067225565312,0.8058495254551642,1.8258488416163572,2.5337420919259297,2.713730553758453
-0.004581056177095632,-0.012350846090970365,-0.0027180528141801112,-0.0064723575843983186,0.7028456765080203,1.4246214325801974,2.2028698252939667,2.510774953505273
-0.004147354193052723,-0.012364109008944097,-0.002317892485756316,-0.006151798693510731,0.5196741439818388,1.0496730129130523,1.720404890835168,1.9064524166952546
-0.0059005964702632425,-0.013614841303234787,-0.004921542067071031,-0.005606843067104571,0.9402254917719988,3.754779173977163,2.838147255695382,1.657396092925744
-0.005391969939569377,-0.013022221952609755,-0.004063092795433064,-0.006247832351609721,0.8833671460701654,2.8081279865396183,2.913652844859238,2.407775763561663
-0.005567406370232161,-0.013208226560288869,-0.004374845695843101,-0.006082019871655992,0.9221364638516183,3.1581425057111354,2.9655580745845707,2.2141166898904188
-0.005702357664472657,-0.013449285752683771,-0.004616815772683411,-0.005787692100721622,0.8962551665706014,3.3767809701110036,2.816297239159942,1.8330134559335056
-0.004968520278644576,-0.012809444023025437,-0.0034174241058110787,-0.006246258953022486,0.7105257114323389,2.0261393537976216,2.4390375844301264,2.2540191646023224
-0.005148993262730099,-0.01301770011082496,-0.0037350922688873895,-0.006101322885766246,0.7508274493851897,2.335941681995177,2.513123404502056,2.091926379817747
-0.007591233601480754,-0.014381534484329049,-0.007299797241001621,-0.004011421299858648,1.974481129191534,7.882946819966205,2.403736173605766,0.4347153738294864
-0.007730047808600201,-0.014455032777517944,-0.007417880094081745,-0.0037888125473615007,1.768760389457866,8.058225409276545,2.175891816341547,0.29018132462214197
-0.007588914764856617,-0.014534113821249174,-0.007103819206123525,-0.0037777082268587157,1.5401121005804006,7.132302077645626,2.168439343997275,0.26226455486601347
-0.00745479580756053,-0.0143037118419788,-0.007166487528862154,-0.004245007103553871,1.6603909718037333,7.688955202025596,2.6255271735929258,0.5938678854458244
-0.00744814320098859,-0.014463639088506798,-0.006973863437441383,-0.00398742113883272,1.4977412621098267,6.935223995137588,2.351825985259571,0.3916265044120543
-0.0073212571217171046,-0.014375618980158194,-0.006871088112231738,-0.004207169139067185,1.4902894682669239,6.8226473840333455,2.5514410085812753,0.544557310690771
-0.007871104159928416,-0.01452413555302291,-0.007529708493968774,-0.003561229825718836,1.623313155092032,8.207731167597105,1.939621422222053,0.16057371273403925
-0.007734235246765523,-0.014619255465355752,-0.007205018273720112,-0.003534366032478796,1.5963186292448397,7.24414656838317,1.933766459983041,0.12254717644286615
-0.006878776490598561,-0.014272724500793935,-0.006241695281938211,-0.004565404645062756,1.1959125365690506,5.635294226019744,2.5792323506449555,0.7685185672305884
-0.0070165735246441084,-0.014393618969059663,-0.006362438338531903,-0.0043225638772793305,1.2395023012986242,5.755768063932493,2.3730923513392335,0.5791079081699645
-0.007180530385362875,-0.014437964663455934,-0.006577994695164331,-0.004181256081695825,1.3124937469186684,6.142116219676068,2.342706766843771,0.49644470518505646
-0.014303711841978798,-0.00745479580756053,0.004237668133420406,0.007170895025666163,2.78392800560062,4.43031671312012,5.188471410039364,5.458932276843363
-0.014473947867902,-0.007437497297957871,0.003973508126226227,0.006939995936387872,2.350746482901681,3.6709400735312427,4.72706291090737,5.117194752610389
-0.01438153448432905,-0.007591233601480755,0.004011207798071089,0.0073000320347030405,2.7749102253450517,4.100474207453216,5.137395455765513,5.770631297810202
-0.02112793436161342,0.02094404671692257,-1.866654537013056E-4,-1.9664693588924403E-4,0.004517020564434912,-0.10071662807061066,0.01011833536646197,0.12430006590835015
-0.025,0.025,0,0,0,0.02313605545066779,-0.0022837845988765955,-0.024982192937976256
-0.018842934607268106,0.018867026948838416,-8.452901652025498E-4,-8.427544166299033E-4,0.03065493461204228,-0.18315958603092009,0.09097936523313487,0.3989392787038026
-0.016263394782605457,0.01563727288960078,-0.0024485661423899008,-0.0027484567628802787,0.26615360803021404,-0.15703944683947738,0.5154155986854926,1.3333952566808895
-0.01673099676564059,0.013668158969057998,-0.002085977290766494,-0.003883135680437215,0.476918919145398,-0.29151446802477987,0.29534085830605356,2.0865117212095003
-0.01806940970328083,0.016655299809553336,-0.0013985630847437281,-0.001752140669752379,0.15138343816808458,-0.2346521441931358,0.1268908440099605,0.7359775284950781
-0.016444153225287528,0.010578226637523145,-5.296628671633278E-4,-0.005807015668082956,0.9446681741624239,-0.1821130526797448,-0.7938793416559033,3.735500377961049
-0.016845058068309233,0.011346299869795122,-0.001009781171828973,-0.0051223394397071735,0.691964133344793,-0.29617575481815217,-0.3852082853026591,3.029211990193294
-0.017468597754005735,0.01223535628037362,-0.0012222441239948887,-0.004178032829072691,0.4871636646675245,-0.3030288311681077,-0.15491408380732352,1.9359288997753503
-0.016376204437755264,0.009341317261877372,5.832472092468672E-4,-0.005856437327303168,0.9709875723597151,0.25723229816056264,-1.4835512261191415,3.354383097934754
-0.016507278839498946,0.00861998834085561,0.001123115166131836,-0.005451999866979707,0.8747187404032105,0.5149545992894405,-1.5758817857542036,2.619924409888825
-0.01687824790609429,0.009932963043665784,1.632706613064475E-5,-0.005325056358930514,0.6891383166274592,-0.024949475640727723,-1.0131750215633832,2.8865709811789895
-0.025,0.018733575722169347,0,0,0.2183960486332329,-0.008424599284620285,-0.05542383111245156,-0.003582365812437069
-0.013704014729422396,-0.006394013937467147,0.005563876135964045,0.0057137565364364365,2.5538017296199294,6.054878480677627,4.515312329243868,2.7753864252384903
-0.013644843410250553,-0.006577264761224861,0.0057002278342086175,0.0060733927891511675,3.00335210906851,6.755416725216683,4.972747562700567,3.2473979769678016
-0.013750556019033765,-0.006693441434347548,0.0055050690951248225,0.006250877474468235,2.94706651527658,6.4375086092302025,5.069398149030007,3.5588075580068925
-0.013822810400044627,-0.006527786887327054,0.0053669546048189945,0.00590859732592744,2.5409921941679396,5.751134521047034,4.620829422350114,3.090445322553277
-0.014221641019906126,-0.0073208682191713715,0.004462874501786328,0.007032900117153189,2.8472577816222944,4.764551961241007,5.218719793152184,5.142196910243139
-0.014399159280766355,-0.007302380748232049,0.004174170564575826,0.006809016005266673,2.3614251734039864,3.9459559315646993,4.755863897494117,4.826821289713936
-0.014045084994930429,-0.007061073770271073,0.00490069536429638,0.006735273422179874,3.0662680701901888,5.4462769232813955,5.223079138153523,4.506921334599926
-0.01395077548971791,-0.006935465283302505,0.00510089936256252,0.0065849189591759005,2.8136701759451412,5.77833787627462,5.1947687887126515,4.192398612571781
-0.014124190971280648,-0.006924824213706087,0.004795661984272719,0.006429363318191724,2.487317094130877,4.88796480584838,4.8249779295794974,4.0318243808765075
-0.01413540329229132,-0.00718958373010223,0.0046849070343552195,0.006887002632158387,2.9478956447701226,5.103755429862257,5.2298094806996875,4.823823342793964
-0.014314517482414496,-0.007167581410700823,0.004381403057300407,0.006675371694218586,2.375628425050993,4.242904017430306,4.779299252994548,4.539970680300672
-0.014220745398874418,-0.00703911667824043,0.004592206358858881,0.0065465714531131305,2.399182304232727,4.561592717617235,4.801904950260044,4.2701195066190865
-0.01385256696814258,-0.006812880963004883,0.005306486888050269,0.0064203172997429545,2.93969643654057,6.112136919049852,5.142553039953151,3.872613226425751
-0.014031971845619674,-0.006788886082020061,0.004984735581011197,0.006257063463720228,2.5092131097425603,5.164046145948125,4.7658700424710725,3.7064246802869154
-0.013930698622098,-0.006660039218701704,0.005177327822329,0.006090596385833906,2.5280035564996273,5.456364081455541,4.7093860138740595,3.4092942181457153
-0.012534803145600099,0.003761840429872902,0.005716800944765336,-0.0020592249663519773,1.3377559546413178,3.703840279887708,-0.46543461104491896,-0.29157176501790566
-0.013624533812429052,0.004978480279275117,0.005231379003717249,-0.0036449649719544146,1.5450763647618175,4.101749926671267,-1.6866116398400472,0.29506558921047055
-0.013442229335510031,0.004871295725948714,0.005404299907603215,-0.003488027959558185,1.6429312546520696,4.264347153314775,-1.5829776709442578,0.19816376684339776
-0.013242547077716969,0.004650655794993727,0.005524345325167156,-0.003196603286057594,1.5266149973266876,4.233180274737134,-1.3202376502618118,0.03027504646042301
-0.012862369493964713,0.004037233351965493,0.005590502709311259,-0.002444939798483621,1.3631395103995076,3.8083450929865257,-0.7379984884985878,-0.21452526953386783
-0.012909468496925716,0.004458381960897408,0.0057889044485685826,-0.0028729690830294804,1.6131601034763847,4.414589955961035,-1.0901426629386106,-0.10189768076544516
-0.013923230705669016,0.005043643664267704,0.004905457417114955,-0.0037199737723220758,1.4879761268007243,3.656226348772005,-1.6675442679582646,0.3539431384665966
-0.014234991977942436,0.005463431441314659,0.0045950129165868965,-0.004202796428748838,1.3998651998695097,3.5046636133185456,-2.002622248322147,0.6995328366939011
-0.014474672995142306,0.005836296433720968,0.004345832202793456,-0.004598520869678193,1.4931174579461226,3.3255854312541375,-2.288318363076517,1.0954860849228931
-0.014791266247554512,0.006127188079328789,0.003950936821463871,-0.004816507503749447,1.4353756181297912,2.8922145719315355,-2.3331354949187246,1.3472545229641322
-0.015130486940211395,0.006615819363398889,0.0034289263716644302,-0.005191445583572486,1.2797957165683937,2.4361719966362787,-2.435580298232805,1.7966481716468825
-0.016288104155832313,0.008060538152601241,0.0016256367900906404,-0.005395238982492474,0.8793921194139908,0.8540528697049811,-1.79789560436927,2.3842543503892664
-0.016037239359139883,0.007311897783153079,0.002261178497033531,-0.005098136084295663,0.9740982588760281,1.3020562639181945,-1.8945241737110403,1.8786936449708524
-0.015734309293177956,0.0067805707941433644,0.002747172939151515,-0.0048899067745464915,0.9962320841583502,1.7077758866671149,-1.9753039180150598,1.5789252710198018
-0.01128443814685019,0.003537937174988142,0.006393677029568625,-0.0011168158033782155,1.4132837101261302,3.937834110771636,0.19414468887853722,-0.33227252088205067
-0.011811902275626526,0.003531359741828974,0.006091398707398645,-0.001492886635084299,1.29639904897,3.754725891885619,-0.05219612159834812,-0.3449969487648485
-0.01238362737927133,0.0033191700184235385,0.0055847548640843014,-0.0016528444934127806,1.2110452373282483,3.096361023068598,-0.16776863122263086,-0.33733075333075746
-0.007684161289494361,0.001935675427955618,0.005065428901151457,8.827851201289826E-4,0.4798800055360646,0.5669565172969163,0.442823495412834,0.10197805022052872
-0.008609086927903572,0.0022770018301837384,0.005585080998544345,6.739122882629502E-4,0.6394768131861923,1.2648826390150143,0.6106263150543285,0.028467106353373888
-0.009084044030346627,0.002501932345204796,0.005845384198305872,5.312253774784443E-4,0.8197164831462892,1.6749332452253616,0.6691039947112057,-0.0199372977488474
-0.009796566112236914,0.002794825919178203,0.006111795720287549,9.791978774351183E-5,0.8743518609396971,2.262875107816424,0.6776045021624827,-0.10950984764478379
-0.010391420641160581,0.003125232844954091,0.006335514464563715,-2.9359378947517185E-4,1.2103675272623031,3.030955722730921,0.6041447978099255,-0.20684379347816798
-0.0109721938407066,0.0030518622956651606,0.006154809535770746,-7.243535625555392E-4,1.0864149742337894,3.0363122783030962,0.3697581713646206,-0.2874034216688894
-0.007352962094613454,-8.238805141459571E-4,0.00467396061551171,-3.8162503951672243E-4,0.4028178535133154,0.23257667628086562,-0.1647274101959544,0.05371622096437256
-0.007628919845835966,5.231407677846701E-4,0.004770998445731558,2.3274892489052472E-4,0.42108538027426107,0.36283705695205976,0.10643199444941438,-0.0067831925257566894
-0.008468851578423416,-0.0020002343932402477,0.005412845859047889,-6.37319602701963E-4,0.575999636339214,0.9985459842562079,-0.49956318784547404,-0.010872681413218383
-0.00917381089178316,-0.002987268275412413,0.006133493195708947,-5.601108876276529E-4,0.7902797574990768,2.111173233206474,-0.8762850389750924,0.03496546298691624
-0.009737192716343176,-0.0032228115562257277,0.006424112020463628,-2.130161896433444E-4,1.1374294942866248,2.872450713018835,-0.8525013548915836,-0.07040294819569098
-0.010380357380855895,-0.0033113247545630874,0.006484254348065765,3.268216696906976E-4,1.1655109206633518,3.336210384517329,-0.6521484016270528,-0.20877822907051316
-0.01283841878515235,-0.005526040887089185,0.006569766477033508,0.004154988160472141,2.608990671400394,7.373743922435039,2.9882653497913902,0.7929030651012817
-0.013617772794510364,-0.006111987833821373,0.0056368379625631,0.005235104260847281,2.431803209061769,5.987687668398162,3.8790717065217994,2.0081305757580146
-0.01348111414426692,-0.0060471014903306945,0.005846478388614056,0.005140785721954801,2.5203885970977824,6.372554268060046,3.9034451043271132,1.8957133045240186
-0.012986227053094919,-0.0056189893416051465,0.0064123393852549,0.004361075101938869,2.552465976513212,7.148143598963891,3.1801606834909255,0.9847932971011043
-0.013095066889744784,-0.005751995526998158,0.006332942816149234,0.004606722713442033,2.623999685791321,7.132325851370096,3.4845375534906617,1.253589336967333
-0.013389591251511119,-0.005913061012829911,0.005940749092077016,0.004916906984535355,2.4670452826848073,6.4464238177045345,3.6540275063876266,1.5982402946729246
-0.0132479742704929,-0.005810719313924841,0.006121880560331381,0.004734271906503914,2.5376204618564695,6.730472169453741,3.5240804986138072,1.3867630414042358
-0.013754870152652325,-0.006209040542434295,0.00543061957667054,0.005369122696476083,2.360594260119086,5.646954635209739,3.9063984797339173,2.1835736452589436
-0.013772312479908951,-0.006008002389253318,0.005353344130375874,0.005036277191471401,2.1598272492403026,5.321867408568539,3.413691314523629,1.707857433557445
-0.012291940201366562,-0.004945146468747874,0.006796338600712514,0.0030385156501498613,2.329622086193226,6.904729586907167,1.5852604070653038,-0.0036033209292356976
-0.012240702695618232,-0.004742441443766255,0.0066766641462023355,0.002781714796407169,2.1130367698015964,6.3292734101439665,1.240959814197738,-0.12066404940304772
-0.012510011992099395,-0.0050754241066446005,0.006648998357041623,0.003350428888282347,2.3229656642569707,6.8383640429355745,1.9111917604618254,0.1547472849053733
-0.012812695042488838,-0.00533948322971677,0.006461428991807415,0.0038731099375310814,2.418211231023174,6.856151849029186,2.5171704996712148,0.5281164356779411
-0.012737854214742352,-0.005151474139444198,0.0064200210906780325,0.003584618238674639,2.2460058417315474,6.493961131194412,2.1056101775920397,0.29632312164899816
-0.011280151565817033,-0.004094343736760305,0.006867486061134467,0.0014075855601514157,1.741640669032902,5.375834229265968,-0.040472246064721745,-0.3471463355948383
-0.011535036129871784,-0.004260127188662385,0.006860758303796319,0.0017526202439565456,1.8555768793725285,5.721003189349806,0.24614489502520778,-0.3401952166613249
-0.010897914418022287,-0.003496298214894835,0.0065054437878264105,7.950769017505624E-4,1.3318040227221617,3.7992443879275037,-0.42568025960613604,-0.2930531797858689
-0.011231503257776346,-0.003748208040408565,0.0065833206415564765,0.0011776105038052538,1.5147687528603355,4.3464904807770885,-0.19716331402879397,-0.33251059842941183
-0.01183218958174169,-0.0042246124466705755,0.006611796638305425,0.001988854769932598,1.7659402385229461,5.340511668624438,0.4430547936719051,-0.31867448443369456
-0.012097106796635343,-0.004336388694163834,0.00648696922645211,0.0022870590082432747,1.7912265841471073,5.350472927677095,0.7002003122257189,-0.26733832421969866
-0.012290847630392222,-0.004517307845158138,0.006447078369192206,0.002588720943665482,1.8606218406119106,5.578471742140345,0.9859312461642155,-0.18872774813745427
0.016793592856199715,-0.021107757642311042,9.229026843808723E-4,4.5391369885290243E-4,-0.09983758902528436,-0.12346627896604724,0.18797496432724944,0.2829038030573312
0.014704507687773868,-0.019168711278886724,0.0021519483188540012,9.808993592317532E-4,0.0166187837842561,0.014969658463538234,0.4230799315836395,0.4536919205046093
0.012085595835363516,-0.017893121841441605,0.0038783702812797247,9.864294504802298E-4,0.2350698430700495,1.0466392663448343,1.007606204913141,0.4512017324885246
0.012796315035297864,-0.018963959879649883,0.0028962510859646884,8.420603999822158E-4,0.09343559279404157,0.3803489257538389,0.6123676418217412,0.3365727704376665
0.007721196436695019,-0.015546273702810953,0.006004899147731183,-0.0024446631668617294,0.9181591516291604,4.216288120015776,-0.38996508206244523,-0.3065424404216596
0.007312901553101746,-0.01544526816487973,0.005703157098878794,-0.0028196580396896696,0.6902168407249376,3.924094989175856,-0.6147729537752089,-0.25032676161099926
0.006790560749381029,-0.01541094271206504,0.005196956360175497,-0.0030855594430027754,0.6041833762629277,3.345703818339189,-0.7222124057580599,-0.19780042659788138
0.009466056109518351,-0.01698551255718375,0.005169523687731043,-3.7986448192832775E-4,0.49012948485831387,2.7923092767126474,0.868532395407076,-0.10074400205363805
0.009035648134112432,-0.016737717997127432,0.0053564324725075664,-7.318998452319214E-4,0.607762964408657,3.0898489171945305,0.712339070392615,-0.1970997995897693
0.008159276099533774,-0.015916177503834054,0.005905243330045419,-0.0018332867434435953,0.7281955592789878,3.8681745593768317,0.06675381142668248,-0.35063826910510804
0.008515610122988182,-0.016568260676905512,0.0053391290464106225,-0.0012022937893540833,0.5196607668977764,3.211634610537906,0.4586428707198454,-0.2909048364289966
0.009963473460023414,-0.017547945548188133,0.004611881357702972,-2.9438242004674523E-6,0.36170362845482595,2.0396802339750066,0.905759587691496,0.02260575048717191
0.01073124096045732,-0.018180092682788238,0.0039630580736010595,3.340189402603303E-4,0.19322428250877938,1.373454853186768,0.8657156466263677,0.1541408573975661
0.004927020794479554,-0.013225916233512111,0.003525683139882377,-0.005713899475925593,0.5296144656257206,2.0137001230916307,-2.0446879638618323,1.502794506249163
0.004610408071034054,-0.013006929760054756,0.003091025919037503,-0.0057941786423640305,0.4777902738325985,1.6167754718210487,-1.8908420806642467,1.5624439794553837
0.005113156379379539,-0.013521724496974025,0.0038253048793295196,-0.00543841321443605,0.6029239501210043,2.245432830589003,-1.973040797846305,1.2282364556611707
0.005240980875662986,-0.013945092373855723,0.003970565696800127,-0.004975049205210286,0.36525170622447267,2.3063205637214406,-1.66589058977257,0.749852012586439
0.00551221035012248,-0.014360884288153403,0.004264536403578741,-0.004502765274760569,0.4793150592303171,2.5030770534941165,-1.4398995744583396,0.4394770128064155
0.005702820644743317,-0.014645589712616338,0.004407155982781086,-0.004169527102729486,0.4732865041035958,2.6057330986332685,-1.2660208831145559,0.2458612049530639
0.005994127058198467,-0.015187781720693763,0.004488877166149988,-0.0035373246487592483,0.3939125831796662,2.631360835937056,-0.8637347615476803,-0.07956454121372426
-0.0030779281074847214,-0.009696273164868593,2.4381948269944993E-4,-0.006372945978608754,0.7133200236112788,-0.16303158616022165,0.7102309514146913,2.6765769167457627
-0.0026024901370133528,-0.009098699398110323,5.165112631669798E-4,-0.005924998753056957,0.7783822146454186,-0.25115465982361584,0.49761377178080796,2.398810752463682
-0.003119098548125525,-0.01039028883928416,-3.090546188577172E-4,-0.006386126429897557,0.7359382256174326,-0.00349858290664647,0.9150517510862451,2.414299957018701
-0.0034231763459971675,-0.010807158108445951,-6.890589290466023E-4,-0.00654281984745869,0.6735504130724378,0.15763372929374206,1.150672250206711,2.544506584137768
-0.0014851973571839852,-0.008738745990028112,3.697318802583092E-4,-0.005287509443872878,0.5729897674142065,-0.26820651009274993,0.34884161302945765,2.333202808225803
3.8005208725679676E-4,-0.008736680088081612,-8.963748346906366E-5,-0.0050520889441904885,0.5148834366347971,-0.2789606311645573,-0.08436146555029071,2.4254371735049602
0.002396057808505016,-0.009586841176113192,-2.2838030663098257E-4,-0.005895779174858477,0.6119982792418045,-0.2067549667963941,-0.5730319809729504,2.1575196906565903
0.0030674869165689816,-0.010270443318357763,1.7583118514901655E-4,-0.006363704491434286,0.6054429826095715,-0.032696305677790256,-0.8805876899917758,2.388981579914741
0.0013053739002668347,-0.009591373008631257,-1.21078199567795E-4,-0.005391643376998253,0.4563458166300755,-0.21524310705882113,-0.36676903403700484,2.0357843937458373
0.0032566104615935018,-0.01114558406989196,9.077782765369876E-4,-0.0062850991831105854,0.5448802026052116,0.22152131281576454,-1.1118632413224752,2.0359398471098618
0.003962080768697622,-0.012850588882670563,0.002386529364342096,-0.005597236484153779,0.29891815986258813,0.9897316616215458,-1.3511640570831989,1.161009924085321
0.003376508878885673,-0.012130998196607599,0.0016022566699206602,-0.005820787687998289,0.32850197828840244,0.5266408772544601,-1.1688915145339804,1.403993278786599
0.014410572767669348,-0.025,0,0,-0.2881433370674519,0.08615879970928857,0.19625893686303772,0.010768999040420455
-0.006254101040971569,-0.013973997160094837,-0.0054031396369912735,-0.005111038608960789,0.9806665436105949,4.308876042054105,2.616834868751129,1.1545497971507885
-0.006421397479090386,-0.014148059764893403,-0.005591742309413701,-0.004839216991243621,1.0028266109835775,4.502095983238391,2.4377287756114057,0.9078112668299233
-0.006647080925043337,-0.014300780439892916,-0.005852509916907023,-0.004575234127208692,1.035519913764668,4.849229554180995,2.3082090831403206,0.6991223362633175
-0.005811779107579399,-0.013880409986750336,-0.004757738920050641,-0.005185924664276216,0.7564699573145136,3.3450622326549566,2.2811154696285985,1.1085828767625543
-0.005977240784074932,-0.014059547701937711,-0.004957498502923621,-0.004954681821497441,0.7516417666782865,3.5461779130068245,2.1702039206654877,0.9021571208240492
-0.003585381354615385,-0.011417113842599535,-0.0012411862412657784,-0.006406246169599532,0.5164700798108489,0.40544480851439635,1.3365850910836015,2.2213582573042867
-0.003601765639815479,-0.01216383598047004,-0.0017723292575165196,-0.005951031429631991,0.3899260515865637,0.6399030828847613,1.3070665166528046,1.596422044167568
-0.003790342612246127,-0.01258642177379771,-0.002123922795640843,-0.005736600860700807,0.3286428562299917,0.8559505235504516,1.3459872553915098,1.3466717851928163
-0.004536616192311549,-0.012743775412955032,-0.0028984841293913334,-0.0060402703095280294,0.5298053659922418,1.506054914068265,1.9574592367501413,1.8248361465858027
-0.00409306361761257,-0.012785552367040928,-0.0024843387119441547,-0.005734521060066097,0.3705667288716247,1.1083979167816165,1.5077550893969904,1.3658475630829883
-0.00560735547605669,-0.013709425192247344,-0.004483900152231182,-0.005373162297317192,0.7061680468004669,3.0282834316590024,2.295151703278733,1.269842546680408
-0.005233678439954406,-0.013280840917895793,-0.003924736964573514,-0.005806949653030888,0.6605233942245711,2.4679296614603623,2.3588205747671065,1.703682017517962
-0.0054051672621622604,-0.013518738833936837,-0.004196430295469577,-0.0055640294700778845,0.6855615532498627,2.723961761542867,2.301866325911098,1.4417159893996556
-0.004841687254106525,-0.01318991986076522,-0.003416735092527184,-0.005716883986169511,0.5508741456407867,1.9160792344917519,1.9815081290316086,1.4753592588337565
-0.008014263716568458,-0.014588774500088612,-0.007642909565377764,-0.0033111989971439594,1.950536690544433,8.350259319338228,1.6860437494362912,0.04619280280987126
-0.007869086906106274,-0.014712525252723277,-0.007261766251912113,-0.0032831321517298733,1.5468590388170016,7.2459553951127935,1.6825657038452821,-0.00433152291230995
-0.008159381790995318,-0.014648884232660605,-0.007744142299938343,-0.0030672888642861063,1.9783147821839355,8.478559211910175,1.4272369312663935,-0.051148317845634866
-0.00801795251247815,-0.014778536726907978,-0.007359858249422366,-0.0030526524918882323,1.545647567223481,7.370743472126237,1.4591628793217246,-0.10284141025716441
-0.0075860823779242935,-0.014672635648532759,-0.0069194241884653705,-0.0035740559091739883,1.3862694054303528,6.590760768874167,1.8273337613133087,0.12868767776924903
-0.007434725410105484,-0.014632756650598008,-0.006750265049291724,-0.003738564161561805,1.3268098229151553,6.289097370058147,1.925353658305738,0.20957298961876933
-0.007287736974146097,-0.014558697136183055,-0.006615657977889561,-0.003939084327826138,1.274707283836246,6.096783147221015,2.0786687549493092,0.32364586788659633
-0.007682491883896577,-0.014820778855506037,-0.006856811579705289,-0.0032959082653987617,1.3010758611485154,6.291917239620703,1.4669370958789139,-0.02122270397169921
-0.006815817278655045,-0.014495640561269625,-0.005967047932650893,-0.004237547266505902,1.0264232890432863,4.909752289391167,2.014017136700138,0.4432344715633149
-0.007069096917967296,-0.014620958587438608,-0.006229089190649942,-0.003956837588347291,1.0988697686142543,5.2796456113830414,1.8611383342779995,0.28074671390241895
-0.008306313695911128,-0.014704405031812397,-0.007837267199960894,-0.0028210022985854324,2.034785834377091,8.591017528197115,1.1615727178517505,-0.1321724017431347
-0.008168763371265946,-0.014839562630703925,-0.007450766817887071,-0.0028193007416958023,1.5732953316314313,7.480972831548017,1.2280893351256401,-0.1869504930562844
-0.01454924633991278,-0.007580226485189175,0.00375756749165489,0.00706819027418991,2.328781373569108,3.380934518057019,4.675243309891498,5.414740738010621
-0.014455032777517945,-0.007730047808600203,0.0037829909215120337,0.007420863625519727,2.822639107903637,3.773991460029936,5.0659368715341815,6.078121947081068
-0.014579293525773458,-0.007288211579167828,0.0038939108687880146,0.0065778987903173545,2.1340203060146425,3.498317448854839,4.229236309162583,4.297735922109422
-0.01464106513442204,-0.007424739888636858,0.003721808611937608,0.006711286105662926,2.131525504871187,3.280806357451644,4.23645708786761,4.5887661360735
-0.021200319594349648,0.01661882669035259,-4.288595414636037E-4,-9.400907488481354E-4,0.15635630373901543,-0.18034401601014546,-0.06093990083880431,0.3226994305754269
-0.018691282857876253,0.01423038275105381,-0.001126210614960599,-0.002543106474503264,0.19154606867720989,-0.2837352340703088,-0.058232684771614585,0.9492976740206123
-0.017687389767250292,0.010746448818621652,-4.488601024309914E-4,-0.004407540695015624,0.4710879882585313,-0.16226766097930914,-0.5647506832916108,1.766345677051515
-0.018968623898444212,0.011934953521072458,-6.339319363500403E-4,-0.0031340973367765803,0.318884264199588,-0.20415768365858483,-0.31710620643667997,1.032054113299714
-0.01708127540787296,0.008079019093918846,0.0011792161212897038,-0.004596749026391107,0.6066587526749103,0.5516945162337756,-1.2227108713285784,1.4243851940879793
-0.01765040852369254,0.009105256256711434,4.5746297854033037E-4,-0.004399533328873416,0.5034037516209601,0.14704033455961832,-0.8904636862657724,1.4092740479733707
-0.025,0.014410572767669334,0,0,0.3234535779304267,-0.02121972845106325,-0.17564389330852337,0.0780653401874285
-0.013993937935531796,-0.006506451893627016,0.005060877763737199,0.0057793691035267,2.3202278589904166,5.136217925609218,4.176689507956419,2.8187455961040295
-0.013919164492694506,-0.006332475375045958,0.005174069754952598,0.005520088756093318,2.267094398205762,5.234515169379502,3.916191965851397,2.392355973841042
-0.014502104621396754,-0.007145380561345345,0.004082929483087686,0.006440708605472891,2.150083211244279,3.743346318675876,4.225748045351842,4.013370535196189
-0.01419020779102666,-0.006780636311534173,0.004706343867388443,0.006122364468367195,2.297160751793322,4.639609407725001,4.346165266630102,3.4231630457702567
-0.014300006612083034,-0.006876840410151168,0.004501839316755712,0.006197050309102912,2.2241039190656298,4.323236931015827,4.273542165322048,3.5515679450042015
-0.014408235373395485,-0.007008247852088295,0.004285730983320601,0.00631571686427456,2.1809475949852906,4.017755641611772,4.242857621199177,3.7693161052529907
-0.0141449370009985,-0.006617178462701542,0.004801073144072034,0.005877325606091071,2.217751865509563,4.716263447227116,4.1000008028721355,2.965489962883526
-0.013098363655617895,0.0034157683246205215,0.005106676240251841,-0.0019980580006261437,1.1065705114386437,2.8108284526147886,-0.35723463314873344,-0.3137492937392356
-0.013717896991402188,0.0046147896763221365,0.004982360040480882,-0.0032327755927278666,1.3172876673605758,3.5015391779539304,-1.2636937692824637,0.0694116522921651
-0.013332553050686159,0.004117160428118384,0.0051945487749890835,-0.0026600705333493092,1.2916093045505657,3.443724700269406,-0.87717844606215,-0.14247453998192738
-0.014411932637911639,0.004787625973011429,0.004312938149257855,-0.003410531301153013,1.1366077131364352,2.8469168631326838,-1.3124318880348271,0.18809766462371716
-0.014894404536621103,0.005499041590359168,0.00383164929847728,-0.004046758028300036,1.0949877185770471,2.5812724788303942,-1.6583269796465523,0.5992941887648965
-0.01571749306829924,0.00589020015863052,0.0030008102882352694,-0.0040664039685427145,0.84104378177398,1.76942510729226,-1.4702059905010973,0.685296477632919
-0.01685188918725743,0.007226407848793148,0.0017150795350114008,-0.004337903949694913,0.6409928820812937,0.8584541525424875,-1.279423622512683,1.0663320815805386
-0.016264761964971102,0.006616792943236008,0.002337273344032162,-0.004346122816209337,0.7552954315172998,1.3126291426819525,-1.4515065430102034,0.972524171491845
-0.011707078275967592,0.002847578613039015,0.0057225271264777925,-0.0010331488573556318,1.1520623922297648,2.6931438010323667,0.1422747629785244,-0.32790001563242965
-0.012613503764759618,0.0027348092386807843,0.005182685644658183,-0.0013872776693342082,0.9819631860198517,2.470161364042674,-0.08115997161794901,-0.34334424833050925
-0.009203088049140945,0.0015147466273237055,0.005436371474785068,2.466872211003796E-4,0.6080113551398291,1.0487778013417637,0.336636289199052,-0.13606117660014408
-0.01072881481821515,0.0022144328175308895,0.005710395682673638,-3.5408674956275815E-4,0.9201057462252693,2.012673375751819,0.3511268391159733,-0.24725807657090185
-0.009204838132087763,-6.090113824483485E-4,0.0052381296195382525,-8.39291912217687E-5,0.553543990669377,0.7975951447546689,-0.13354004185795132,-0.17270580628197793
-0.009872742437084884,-0.0024125664686936495,0.005869424427961656,-3.938739731402546E-5,0.8159561499198597,1.8747740686142396,-0.5389532101868905,-0.1635495653109794
-0.010798648667943653,-0.002772539543357725,0.00600739873247659,5.018620180802834E-4,1.1219561372576081,2.61716326603899,-0.3978070817172243,-0.264030330719444
-0.013024241674288303,-0.00540575271803924,0.0062134234017533685,0.004058133739661894,2.314017081420897,6.413054289299697,2.6257033942027115,0.6696847442559878
-0.013605754100617826,-0.0059085137845789545,0.005588414716206828,0.004902514761261425,2.254543459930511,5.698504162037279,3.389950188982847,1.5488522625321457
-0.013215641677084384,-0.005578806849992376,0.00603706094812667,0.0043679799032509585,2.286425652917105,6.264989096945507,2.934534056924427,0.9506773055107053
-0.013442288209159456,-0.005710488445654965,0.005764290877550264,0.004596829077123124,2.250475186242802,5.84783242316717,3.0859801315119877,1.1898902555967021
-0.013929633454905646,-0.006108531559179929,0.005126643408495623,0.005153432104452481,2.089409868433648,4.961014295754413,3.418626774580679,1.8585888552400824
-0.013939452429766946,-0.005931254464951316,0.00508045535113122,0.004880717633059329,1.9305866749210179,4.711775416511841,3.018626561278732,1.4581498772228965
-0.0138301950144515,-0.005794124502095453,0.005215126165769132,0.004701715137027967,1.96126099903261,4.838865886270221,2.872001153339863,1.246239484755776
-0.012506730837666308,-0.004729017814086076,0.006383844204562089,0.0029497974822968666,1.991302437144388,5.774799646767447,1.3437718627188,-0.0569664651335215
-0.01277852894601879,-0.004886084937062407,0.006187105327023775,0.0032797097938860736,1.9527408658907988,5.647679471701132,1.6461448358942687,0.1010475873518778
-0.01299832355080567,-0.005123397262422251,0.00606578132730609,0.0036674972612943664,2.0418347306990268,5.741300091418764,2.045329055490281,0.3341850121179312
-0.011652056466275993,-0.0038106936100242464,0.006402286760679923,0.0015538743929343496,1.5300904516184295,4.31344225974837,0.07519413771293337,-0.3474120729848743
-0.011390993596188332,-0.0032772071124082154,0.006144932755390388,0.0010762151077695476,1.2574021085131066,3.393730980983659,-0.19348014484768408,-0.3341423708138272
-0.012138474892309598,-0.0038946273485435654,0.00612313830666323,0.001963533570592053,1.4537495441043242,4.1649167196818695,0.35681025518944853,-0.32179749764108895
-0.012329222259873733,-0.0041916454742570415,0.006180889691121986,0.00231221243923743,1.6741513451859054,4.706155700078002,0.6813939293623088,-0.26085497198094243
-0.012542839113216573,-0.004367058836116894,0.0060954212722153225,0.002594999600955815,1.6922432418363222,4.832197345331351,0.9141942031543338,-0.19417618308059703
0.012867035457778538,-0.021503253719866253,0.0015857633001124755,2.7975490787982054E-4,-0.08044565537677086,0.06844531142859266,0.3161963054937115,0.14721985128851944
0.011171075547332755,-0.01955249532054363,0.002898712084835491,2.9105412100656394E-4,0.012003795154400964,0.6062522081302707,0.5305380710560302,0.07748445081156662
0.007227369268192436,-0.01609125060367493,0.00502342839012901,-0.002265950596924799,0.5256811333113585,3.0061128685462717,-0.20167388256538807,-0.3383827028844712
0.006311979807600566,-0.01588260450231379,0.004401762866257002,-0.002799978376051162,0.3099602930180968,2.5023512320600534,-0.43771336821878604,-0.2695613642982186
0.008753205701145484,-0.017511624464483403,0.004478740538142041,-6.982442451147304E-4,0.33995784009161734,2.1948705661505805,0.6024161111579919,-0.19057867837494127
0.007661887647621826,-0.017007086720959286,0.0044583762408465155,-0.001469941226751535,0.3168018776943678,2.3813051328752284,0.28138493964371564,-0.3117573752226448
0.009465752698525487,-0.018868930288486407,0.0034249891031369055,-1.5613159243871582E-4,0.1703420189737941,1.27067636251697,0.6032536441337388,-0.0533581795513521
0.004510638941341534,-0.013692322241546533,0.0031509479527740275,-0.005000190260847435,0.34082042975073856,1.5212458400037223,-1.30531392192837,0.6523630427938948
0.003711750597922218,-0.013541410527391091,0.0023590323610798727,-0.004886292887226435,0.07285322209069103,1.0008586470266034,-1.0547051226965425,0.6179750802665188
0.0050494993994912645,-0.01482699475489603,0.0036059579035842356,-0.0039517180415789685,0.17852708900640726,1.8743419960737708,-0.8965048416142328,0.05297841337227817
0.005545111532866837,-0.015826977432887517,0.003766269664907153,-0.002967316015063327,0.23452457733386262,2.006438561115107,-0.4817010304841848,-0.21516447557397916
-0.002067067072895274,-0.010204869220075878,-8.203227779450657E-5,-0.00571081728572229,0.43264894382478103,-0.12250849406389018,0.6228537242869437,1.8745675878147396
-0.002829797234886546,-0.011123270073185277,-6.948914595535077E-4,-0.005988124778843729,0.354485513628596,0.1343439525076355,0.9257514937162487,1.7721911552289498
-1.223069381789246E-4,-0.01041976033912437,-1.8567629695479777E-5,-0.005173411156406197,0.22244404821135294,-0.21300388222679484,0.050233823689552246,1.6039917382801279
0.0018719346773892276,-0.010939472263195376,3.6236484300212395E-4,-0.005528273377753716,0.25193864215473644,-0.057484786973337365,-0.5891866946145621,1.4384470096766648
0.0021707711256844417,-0.012132156064881673,8.899185436080946E-4,-0.005226485141156861,0.06734747145448612,0.17423979435682446,-0.6726281551458008,0.905862806001794
0.0028899433092358447,-0.013296256021710652,0.0016744940551108624,-0.004756361182059126,0.056983035248964524,0.590732082737531,-0.7441586868757873,0.46429512928107625
0.010729293840437144,-0.025,0,0,-0.07241842008814653,0.1991438297483278,0.27083966539785564,0.007078461989003072
-0.006160815975047364,-0.014234481566328162,-0.005161437834304297,-0.004715179695506749,0.7810090913706412,3.768161896851747,2.057012958883611,0.7124192231250025
-0.006389119500919908,-0.014347399081573016,-0.005437919984274352,-0.004539420199985316,0.8627923415354394,4.128458493429371,2.0386066469682538,0.6095158588455515
-0.006519751463915898,-0.014596478502995044,-0.00546938230672513,-0.004170274722196371,0.7870556566995291,4.044220485086939,1.6975496910994916,0.33106194979113984
-0.005744277121339961,-0.014104594705049666,-0.004621500760421747,-0.004858089133677588,0.6507282500425791,3.052894804557312,1.8952789331017925,0.7588313125614675
-0.005591375472106514,-0.01396476734787165,-0.004437671194446335,-0.005020202314190931,0.5788156376668965,2.870726313306383,1.9401030025072472,0.8768184999317492
-0.00584888524903631,-0.014330233827045739,-0.004699490897467161,-0.0045704066048749955,0.5927935518849877,3.0747862061134477,1.6851080325876453,0.5233970935941046
-0.0028505736840723044,-0.012171869336363939,-0.0012966556752013459,-0.005510819957624983,0.2460398221217586,0.3661537775140442,0.9207090620723114,1.1407369179551539
-0.0033911190871706467,-0.01256648289670252,-0.0017918439588312407,-0.005534278460805311,0.174314256201808,0.6525030213960381,1.1201794916840944,1.128564299265864
-0.003714995827342859,-0.013046237833314506,-0.002245447767236513,-0.005299104871321348,0.2379894676845895,0.9129355853286371,1.1675700263126318,0.911076384562679
-0.004276009263109587,-0.013187217806193295,-0.002796361316478539,-0.0054495258556303714,0.2856605503236775,1.317628268814692,1.4700468434108753,1.0738594884421035
-0.005322133138877402,-0.01386582034848538,-0.004099486746859854,-0.00507491037161097,0.5668862966594607,2.4830289517546418,1.8044815509331802,0.8663009889147854
-0.005042818302878792,-0.013595212455027863,-0.0037346868447079647,-0.005325123593932751,0.4520058647266701,2.1544103630756037,1.8257296922411579,1.0593231666961331
-0.004636007770135723,-0.013555925209758016,-0.003268791054820612,-0.005206447588860006,0.393534092943043,1.6794664842417024,1.5196045853986886,0.893128427811799
-0.007869980358958105,-0.014905636952242299,-0.006980961480191451,-0.0030297843194536252,1.3557106390373113,6.439454288427869,1.2305134431246307,-0.12342692036309268
-0.00802589829650169,-0.014975945580778985,-0.007064965932320589,-0.002801931364287321,1.3780603022905267,6.522881437856316,1.018582461591267,-0.19689857466135854
-0.0074507371020782675,-0.014812139926430363,-0.006557805828281749,-0.003475603864315767,1.1988584791896646,5.723192169760963,1.52020784081528,0.04092377277962495
-0.0072467380406390424,-0.014755314282685911,-0.006345040941187387,-0.0036771339685642405,1.1075685836163747,5.384926884539042,1.628707621602228,0.12531585766419276
-0.00771466570011577,-0.015041710202169503,-0.006608289632492576,-0.0029944368554496894,1.1607787620922936,5.617603939703469,1.0586257833391655,-0.15494570112840259
-0.007551904829874605,-0.014981719321144463,-0.006485762621069246,-0.0031880905144787315,1.1004191681432458,5.4585405928992525,1.203007474569866,-0.09186452423529332
-0.006757419374552483,-0.014770728867657781,-0.005668027392818228,-0.0038717734384689476,0.8230371099693826,4.242836235272834,1.5084425190059003,0.165052621426008
-0.007020762913745909,-0.014916705258295804,-0.005886038848323068,-0.0035768051646446566,0.8984691361259013,4.490885300686632,1.3245552898531054,0.02750456246307113
-0.008454915646326116,-0.014755282782341356,-0.007922199431253905,-0.002573000871272732,2.0823824459306284,8.687130103383916,0.8899256677711366,-0.19684750267307116
-0.008320613796018247,-0.014892944307041875,-0.007538157969608344,-0.0025873346009105745,1.6010794813768412,7.58866962495842,0.9950598314679092,-0.25471291575516336
-0.008605047553236283,-0.014801469324203573,-0.00799795492860137,-0.0023269068113786246,2.0386440993619277,8.76235809666608,0.6160165638836982,-0.2448296973446448
-0.008473776162474796,-0.014939583260258928,-0.0076214974701936675,-0.0023546411893776357,1.6474748380400754,7.691722089509807,0.7573166817009658,-0.3071779550704004
-0.008182215077014577,-0.01503672563865724,-0.0071475299622438425,-0.0025784199049280264,1.4026226490859062,6.61031833308629,0.8120101101264644,-0.25548329642244183
-0.014625315749621642,-0.007722910755858754,0.0035320445100766244,0.007179164762519474,2.295271104197441,3.0801033658124393,4.588735876325244,5.68717140674459
-0.01452413555302291,-0.00787110415992842,0.0035488151143042365,0.007535624449819193,2.811052799499395,3.450553484827919,4.974935090077596,6.381938404372645
-0.014718582025684,-0.007574929558600601,0.0035087214913180485,0.006833233162102125,2.1229702212981594,3.009233309813523,4.190166196639729,4.8680539920614185
-0.014698369879321549,-0.007868385721459363,0.0033012033273160948,0.007281341191199658,2.273818354117692,2.7834803135157284,4.482072256881914,5.9493844421491735
-0.014588774500088612,-0.00801426371656846,0.0033088194585181954,0.00764399960299886,2.772738817343217,3.133892656794741,4.865950379934149,6.681311285219706
-0.014801469324203571,-0.008605047553236286,0.002333134067589749,0.00799602762971141,2.9296506055563163,1.971741988883861,4.254628849508633,7.792775224837947
-0.01497251762606689,-0.008634669640891648,0.002118676023739233,0.007720455072803859,2.2230806821820064,1.4712749872277724,3.7525066961724316,7.220218909004408
-0.014842921746160495,-0.008756573701192635,0.0020733211159985917,0.008067150019495192,2.7227773539901396,1.7022841764597596,4.054525919786198,8.040843717789667
-0.014755282782341355,-0.008454915646326118,0.002573286355280318,0.007922096980083294,2.707032158459507,2.2476807996550345,4.435554325223325,7.5338765923266395
-0.014914305395370983,-0.008494331676315027,0.002354229349514007,0.007687560393902503,2.2813743598881024,1.7241407179093977,3.957842163409737,7.080718560528566
-0.014765367725629128,-0.008017952611598196,0.003068209179434664,0.007379948142435076,2.2664975239528693,2.4975539215000224,4.362719097862816,6.21317081907588
-0.014648884232660607,-0.008159381790995322,0.003063042405927804,0.007745717535292203,2.6956113439150795,2.8258348018340143,4.73917128016395,6.974749792923661
-0.014823240017020999,-0.008173980114506275,0.002831835468022357,0.0074831195913027575,2.287160728054083,2.227060631658372,4.237869444250131,6.4930322797218
-0.014704405031812395,-0.008306313695911128,0.0028121750725790227,0.007840383410151613,2.5293514847893315,2.5284489825703993,4.595754778613229,7.263281860666344
-0.014860986257882753,-0.00832677809592867,0.002614655849509673,0.00759890533694733,2.3266201920208256,2.002418795269916,4.135579951419032,6.807512858797817
-0.014696612805862383,-0.007130826413584552,0.0037990655717537597,0.006220617229497786,1.916906312662517,3.273941569209826,3.748681487814086,3.537282016627359
-0.014764350870953053,-0.0072889755610652945,0.0036225380797897115,0.006372023717074272,1.91032879160597,3.073989549127703,3.782159486315748,3.8385267777699066
-0.014792574840260638,-0.007433024028347767,0.0034985006000639767,0.006539538416365326,1.9603940345015207,2.946157675218662,3.864613477980267,4.194078399368514
-0.021443719822341924,0.012365544406122267,-2.6672473700184934E-4,-0.0016820128252324157,0.2209941420711112,-0.13772411719166522,-0.21016400271330912,0.3866389593127811
-0.019539654142444192,0.010094041303227625,-9.46269202392114E-5,-0.002983298372810275,0.23918619486579776,-0.05127938962640688,-0.4386390392458687,0.6794989033476345
-0.01815013211918282,0.007473473113058785,9.937893711907222E-4,-0.0034923335620259473,0.34245796664792305,0.4006960430282647,-0.7612448931029467,0.5705692282133746
-0.01906030172131065,0.008299554037660731,4.927661627596471E-4,-0.003112912632148054,0.3101494503867391,0.18623364748758695,-0.5903532940930724,0.5137841189193534
-0.025,0.010729293840437248,0,0,0.21510435282578635,-0.0060136181793738796,-0.2591970324409706,0.19355829440517316
-0.014155985488567856,-0.0063899992177043514,0.004791245133605501,0.005502748359736733,2.0361267227612756,4.54750070666109,3.629916335712211,2.3458789651542946
-0.014072899287736893,-0.006191503587581913,0.004915368849394484,0.005231239392866259,2.0032675128713464,4.627373148555387,3.3803657092051624,1.955344006017922
-0.014614809260168341,-0.00697503536429853,0.00398108911018294,0.006074382925266734,1.9195570766631656,3.489301556625469,3.7192457155129124,3.2607052168792205
-0.014352929117398917,-0.006689876093231036,0.004455676938260623,0.005853756778606562,2.0402667610197405,4.138960015063478,3.817450495029792,2.89859090956136
-0.014503960843024861,-0.006817919841610617,0.0041956853848784245,0.005936572967841819,1.9493169564043151,3.7630167825446814,3.7208159682489357,3.0212430287736294
-0.014379576095738873,-0.006467708917010333,0.004445182666998056,0.0054951266809668935,1.8807873590312985,3.9762607240666665,3.3861149818009473,2.310347386580279
-0.014828839339878172,-0.00696526848437231,0.0036866198589907474,0.005866013154176775,1.7016795841972618,3.0087780143825404,3.2920300028167913,2.895285600407851
-0.013523921502929302,0.00243783387436442,0.004493298680945837,-0.0013742103862017239,0.8629666293769521,1.9962352543250377,-0.15695396027599087,-0.32911016973058893
-0.01426433505590409,0.003711076356625108,0.004249469013946662,-0.002421115916893361,0.9338646243622942,2.2753950540134036,-0.574998022601812,-0.2304837997730937
-0.015720703339171305,0.0045292937646539905,0.0031288991270158333,-0.0029222731545190017,0.6936313600972719,1.578379127674155,-0.7771826724732811,-0.02636304634440565
-0.017229896804005176,0.005834104998075986,0.0019014265587297076,-0.003251522691349631,0.4460498293851406,0.8520150561750108,-0.8085543702356305,0.2455428621656954
-0.012354528010011965,0.001653695362956427,0.004939342383735375,-7.106832451500794E-4,0.8653930138896133,1.8224779643977946,0.056485811358301996,-0.3190459178358052
-0.010888274257036756,4.7997996759875373E-4,0.0051915638795485865,-8.083862516183127E-5,0.7506358300795184,1.2806108266612763,0.06681957803332676,-0.26298685395992405
-0.011019237768535797,-0.0015433074120371683,0.00539353662617056,3.505991652008438E-4,0.817125481361317,1.6262675848293886,-0.20951057669436496,-0.2819067041583718
-0.01157976861924917,-0.00259565283831619,0.005660148579831648,9.059810615291034E-4,0.9732299009639844,2.538893048848484,-0.16394574027348519,-0.3247716490971791
-0.013297833964639573,-0.0052509818044890605,0.0057465610055908315,0.003930955563272945,1.9526748969522847,5.293754000481038,2.2221278226015015,0.5238488032544293
-0.01367631831892368,-0.005615218575378552,0.005383504982172646,0.004461137092878708,1.931278279842777,4.996454686335436,2.6606148276120503,0.9743260239598249
-0.01345779312826273,-0.005483635950553591,0.005644593030417717,0.004265515959408466,2.046236845710123,5.338930736319304,2.5639494833198078,0.8076918933718338
-0.014122913880658176,-0.0059787805526076935,0.004820460519426545,0.004899105165512815,1.8131003170689353,4.275178112542052,2.881020267506487,1.4514562521955365
-0.01406511168852474,-0.0057284469930266296,0.004870426259187758,0.004566276905361794,1.7185893334325029,4.1973535314137,2.551473889020858,1.0845676453482265
-0.013922221068966855,-0.005573310805383945,0.00503862881459334,0.004379893691565248,1.7381916295296214,4.368789170487417,2.4332337957922228,0.9046357620870656
-0.012850389910242802,-0.004467799017206354,0.005841529289871132,0.0028582823265559496,1.570421393783187,4.603594819843007,1.1076851184331786,-0.1105755747243532
-0.013094223658313617,-0.004774152293923672,0.0057557456615773125,0.0032716363976838373,1.7770216783992905,4.798933286326781,1.5087679616439849,0.09367909273664052
-0.013347459122669388,-0.004968770520534788,0.005542808379275204,0.0035846657566289005,1.6366656906664747,4.653576040954284,1.7538453722829388,0.2671528145557398
-0.012186070147862535,-0.00323985042744773,0.005671546001726767,0.001525031129457339,1.1516085100436244,3.1136362247677956,0.1063754807857321,-0.3480951624947651
-0.012744188933076309,-0.0038915698545924846,0.005630522159244969,0.002251803625364793,1.3903858641850066,3.653742488988716,0.5547734940958385,-0.2756182124512582
0.00916415540543512,-0.021530513535882517,0.0017890742747876144,-8.860602599530953E-5,0.02393593156797032,0.303128779451499,0.26241571701755717,-0.0696703065605992
0.006075669115086452,-0.01697230192127388,0.0035568328732911154,-0.0020007632973566007,0.17246423288347087,1.8810337702913158,-0.027016699319739594,-0.3375960078985512
0.007258457751108297,-0.01892904736531642,0.002936503842589703,-8.07015037921358E-4,0.06959109193349801,1.418326734976281,0.3248508737701445,-0.24369634385725722
0.0034702146440650336,-0.014619920903017964,0.0022163308635688578,-0.00392729716132685,-0.02121845193951343,0.9638418778553515,-0.5993860395596103,0.018050228460524936
0.004421592837178223,-0.016342228333541802,0.002675018846834944,-0.002669024025873396,0.004025993394548794,1.4268179746068006,-0.2436589272219223,-0.29771774790404676
-0.0014708551520521702,-0.012063926424424838,-5.74761878647048E-4,-0.0050040198024565745,-0.007545002771923012,0.02192025975035661,0.4504170326826578,0.8402930108806179
5.707255298658236E-4,-0.012148117312474543,2.138212826175225E-4,-0.00480859191922088,-0.04175442976699109,-0.036718662950490095,-0.15795714182459378,0.7210292186099322
0.0014043412669382269,-0.014070603226647155,8.072752622921747E-4,-0.003946079497529456,-0.19757225960128985,0.3163466995293179,-0.2749348875379969,0.06288410143488087
0.007110403506374492,-0.025,0,0,0.15138024384266602,0.1372286571517943,0.22664426608872726,-0.011067491890765469
-0.00612395167634677,-0.01457300797714333,-0.004958316551132317,-0.004257620323784101,0.6257643093446698,3.317646121567243,1.5346094042107425,0.3254215624603658
-0.0064005974989381565,-0.01487492652243215,-0.005137878936543993,-0.003833687192238472,0.6349520666185472,3.44575047956911,1.2653368511403318,0.09976161470602297
-0.005469326751154585,-0.014266692806850017,-0.004227853377857627,-0.004613057430745068,0.4298672319069876,2.547044552646955,1.5215198265130285,0.4996387645802737
-0.005722020076507071,-0.014584161528531783,-0.004462784792004854,-0.004244772073397381,0.5188864665207599,2.7233602501311607,1.3484734917139949,0.288868371925725
-0.0027529678633527216,-0.01331660962799873,-0.0015575980123587183,-0.004717811608437503,-0.01069856124145959,0.5153925211868984,0.6894645335716313,0.46030792219313554
-0.003960403218373531,-0.013833520531745332,-0.0026193689709757173,-0.004704913435547429,0.11460382799521462,1.1603979161249764,1.0241734251327739,0.46569279954324017
-0.004830270398955116,-0.014140121076274822,-0.003506269123598245,-0.0046365426316725645,0.28424380621188905,1.8305840793572412,1.265603785266973,0.46427098159316726
-0.008756573701192634,-0.014842921746160493,-0.008066342425480067,-0.002077260524101814,1.986047873524272,8.81349493437604,0.33844667073183105,-0.2757148080450037
-0.008637764574962861,-0.01499229026187128,-0.007686617451258307,-0.002097870839141425,1.6668349844566543,7.73840712826279,0.4845907581840439,-0.3505591478384052
-0.008909334570059206,-0.014879595159429932,-0.008129669906359539,-0.0018135170386637852,2.2043472740817975,8.851455317224762,0.05404792965758922,-0.28737314078070436
-0.00879601532442383,-0.01504628363974276,-0.007725816996766639,-0.0018428449756216127,1.6618325305797745,7.726203813696094,0.22425460606807288,-0.37629583804513195
-0.007881535361123612,-0.015110842469731642,-0.00670785125983965,-0.002778909179421208,1.1779348238268286,5.720882427192016,0.8768942074761893,-0.2178965122840217
-0.008034880452330861,-0.015184389449967223,-0.0067715470385957405,-0.0025643467927959564,1.1881377931378543,5.753316821774252,0.6874936758054537,-0.2685355514329599
-0.007737907938487172,-0.015215694255875309,-0.006413560792551891,-0.002779855653563877,1.0370239736042914,5.114913167876173,0.7785990419482837,-0.23108310414067787
-0.007280419258942109,-0.015071053242210574,-0.006054784007289455,-0.003252952475028408,0.8989890203866227,4.648481956969889,1.0853375010870756,-0.10492374106222012
-0.007533293510026923,-0.015197913322752075,-0.006209954808042769,-0.0029457086953837545,0.9759489818477619,4.796464357093826,0.8653909969299765,-0.19468330505160833
-0.0067117988880300615,-0.015110606451487462,-0.005344276007424146,-0.0034667269880621896,0.6218848731895523,3.6275018952880136,1.0370289436811773,-0.06056584769050458
-0.00702136164531326,-0.015247371025741733,-0.0055857450992585125,-0.003178558628841944,0.750690020025725,3.8857262515318154,0.8818612522760922,-0.15004061118029147
-0.008335985332059795,-0.015082898683347293,-0.0072348981247594936,-0.0023668031479832166,1.427876323007544,6.721223472234725,0.6200306414807142,-0.2991716944350622
-0.008506955562131156,-0.015098584657073397,-0.007374215594972151,-0.0021564852170307875,1.501383936685313,6.961807965400263,0.4463099556666975,-0.32953589235099395
-0.00820713877293778,-0.015244616577360218,-0.006857358602988305,-0.0023404101125352027,1.2271810762727122,5.832057610002938,0.497915928363356,-0.30609144800616733
-0.00906316862569595,-0.014911450597951648,-0.008182894636688252,-0.0015557826816692086,2.2121764163418596,8.872208191581915,-0.22985829322970922,-0.28109461320711027
-0.008959336220305347,-0.01507450974437023,-0.007798487811737598,-0.0015997313241187894,1.678041207146595,7.811823831168872,-0.031810068877241894,-0.3817140556515297
-0.009842960155646504,-0.01499753324023817,-0.00832520146782189,-2.608072910729003E-4,2.2546341575686206,8.706085123344403,-1.641355257893883,0.017566964467289625
-0.009758155801072785,-0.015141010532790801,-0.008024824911426205,-3.7747996454080314E-4,1.848232040077881,7.933421155674786,-1.3218469814533753,-0.1682559056742243
-0.009686089839949744,-0.014990136311907444,-0.008312639621372556,-5.28358659785223E-4,2.0583345727813116,8.782266909885129,-1.3630784022778857,-0.07829830269784392
-0.009598358834627393,-0.015120004877789734,-0.008030161045061145,-6.30069697042139E-4,1.8546942699493771,8.038171070399882,-1.0732312776102282,-0.23652794004212743
-0.009529528446938641,-0.014977816440745884,-0.008293144457695018,-7.775752948099348E-4,2.335088314839205,8.836802550951885,-1.0855549433803853,-0.1535674636713685
-0.009217916319918088,-0.014938455742167742,-0.008228257506003834,-0.0012942725567582165,2.2982006496008465,8.87668935270165,-0.5153887321995223,-0.25643843862475807
-0.009121303882905515,-0.015098758172484033,-0.007859097687068708,-0.0013550815565955953,1.7089357438217363,7.869093499173076,-0.2899341754164952,-0.37082615558292614
-0.009373420771600324,-0.0149605844888015,-0.008265308183305575,-0.0010318945417054878,2.3985666457577,8.867123566730003,-0.8020085040861332,-0.21339176891102643
-0.009281353407675517,-0.01511188358407483,-0.007922391648800117,-0.001114249489542682,1.7335470339556422,7.937734354732322,-0.5472815124402924,-0.3425461592059012
-0.009431158250068877,-0.015113019076053953,-0.007987369267428003,-8.889666638325194E-4,1.7834928400019494,8.022543405562319,-0.7936357279417227,-0.2994333866529164
-0.01,-0.015,-0.008329307801153095,5.014182131521947E-6,2.3321652670604553,8.615534972129613,-1.91528245746244,0.13163156938568307
-0.009922267510781404,-0.015144610168107503,-0.008036429258297124,-1.2224550709960918E-4,1.8349793220893178,7.878360099840301,-1.5801323084756633,-0.07706267535491672
-0.015015565214603333,-0.008793361635586357,0.0018709611951747997,0.007779947232842748,2.23800254672672,1.234923086380314,3.5543345257914356,7.432426721847205
-0.014879595159429935,-0.00890933457005921,0.0018127031167045565,0.00812968358379414,2.6302822620317663,1.4506077716180414,3.8439010365650215,8.280706637327295
-0.01504591605407482,-0.008954585792570132,0.001625515485009451,0.007847116489890294,2.2661690644168666,1.0215779606997628,3.357521808701254,7.6663863929090015
-0.014911450597951643,-0.009063168625695952,0.00155117083499626,0.00818375109817066,2.4667749519452764,1.2151504723055984,3.6202618308685595,8.508960595772903
-0.015059961321649912,-0.009114044772502395,0.001386854274802924,0.007926921875763613,2.293977681861852,0.8381733447634091,3.1734604843532654,7.9371404601334925
-0.014938455742167744,-0.009217916319918092,0.0013051840826518817,0.008226671267121984,2.727261763540223,0.9996586333134659,3.3856040780502688,8.715565698421557
-0.014960584488801502,-0.009373420771600327,0.0010572597815989493,0.008262141551157962,2.931408963725015,0.7943083903951847,3.1334693298524265,8.899697935384925
-0.015088810876958217,-0.00927764351210906,0.0011291977605683865,0.007963432381837832,2.2306576411899517,0.6348937044636903,2.9265838678418175,8.117674640466673
-0.014806795893330102,-0.0077129401887728825,0.0032827582867359976,0.0069080525432298106,2.079372355862594,2.7272123265765837,4.076284753973758,5.043101984652792
-0.014896385279342176,-0.007542779456306686,0.0032858346802303764,0.006562679281014541,1.878258224121767,2.676542724642332,3.719911144304124,4.239267848337954
-0.01487991642379527,-0.007866019635540065,0.0030600334541838504,0.00700637482264978,2.0531229265911275,2.4657203250403814,3.9851593818196744,5.2820305037315345
-0.015160272529646296,-0.008658667270663957,0.001921649983145734,0.0073988840859100175,2.009162517780702,1.2885177059273507,3.335030189958671,6.401317885549198
-0.01510057154641665,-0.008500036008355622,0.0021634071608409317,0.007361811024730997,2.0327786576088616,1.5146828779721682,3.5240106000760316,6.266829900986049
-0.015008419730510515,-0.00836904863606602,0.002405389891841249,0.007389809998634868,2.1098459694730525,1.763154927846569,3.7629334425866423,6.300860321637002
-0.01495277337953238,-0.00802498174789601,0.002827167259692184,0.007094254113799567,2.053026667022668,2.2001596450854746,3.8686891047507106,5.510155927882256
-0.015006719474456462,-0.008207118478021812,0.002583024072317199,0.007219399221983633,2.0292204812211154,1.9419269955924585,3.773382296014884,5.838542472563904
-0.014905520836069185,-0.0071344987680195945,0.0035128529143834907,0.006016664345870791,1.7065861687653978,2.8239177779042923,3.329819492275186,3.1614923266134247
-0.014966157990488253,-0.007338383500296321,0.0033259057773531346,0.006215615665293823,1.7229626676452836,2.645329786207114,3.4008989385199793,3.525015785689259
-0.02164942946831019,0.008526892269418435,1.0912055861605033E-4,-0.001717154950584157,0.12546324832972908,0.03544433834051613,-0.3015981425525358,0.1784444108370227
-0.019576768531638717,0.006497290052803696,7.252750171407138E-4,-0.002372119559765355,0.18414631778486104,0.3157203676437064,-0.45773887474542096,0.13991248788186672
-0.025,0.007110403506374536,0,0,-0.05533098712906048,0.007317855243656854,-0.26079147842688655,0.17874519609969328
-0.014359120227579509,-0.006124209276370439,0.004496969737617831,0.0050081079238649935,1.7354579348325525,3.8284312817577018,2.8307785682437774,1.575262889327222
-0.014755219120575098,-0.0067661437379142,0.0038506642899089507,0.005661358044695734,1.6547041422397506,3.171932750462482,3.1871993864052626,2.552500209372108
-0.014598886361521589,-0.006578972616378385,0.004112866877205191,0.005518511739073806,1.742194414922719,3.48142717759702,3.194902881102013,2.3313612788196583
-0.014643902802953555,-0.0062965274738807035,0.004088590141599217,0.005106933493179018,1.480687076801873,3.302866818710121,2.720243524403649,1.6879914043826543
-0.014975192481084733,-0.006811813066058617,0.0035530655833724265,0.005538702954689119,1.5155047954215446,2.7567603315051077,2.8978470517044257,2.377888563644991
-0.015021188836817754,-0.006976263102577998,0.003433752590336772,0.005701856856445894,1.52288120012331,2.6479642690622254,2.9808824860875953,2.64211747807745
-0.014191746972002234,0.0011906215003020056,0.003884216080086081,-6.814959552491519E-4,0.6617834809090897,1.544532546925999,-0.061351020224770514,-0.32971241072930785
-0.01479625838239119,0.0024066635551206984,0.003638359527727792,-0.0014632805338103125,0.6912821984742193,1.6018828627771433,-0.24940813419654964,-0.2995167958933148
-0.015666366425491147,0.0032192433013835814,0.0031075773015603156,-0.001970648976750838,0.559343247331986,1.4567444251576447,-0.4213709460117447,-0.22718103593681738
-0.017255704612140394,0.003616137959834484,0.0021119809946409033,-0.00190209731905134,0.37027415303164385,0.9768091478839224,-0.3922541800606442,-0.1829185503482209
-0.018958916622946253,0.004677128889535969,0.0011930869340491773,-0.0019593565579806484,0.21159201025254365,0.5516355732917592,-0.3779974356488322,-0.08375748335081909
-0.012859891589961715,-2.795632206747163E-4,0.0045215318340729215,1.341237326521931E-4,0.7630724493741728,1.4857528749615054,-0.009474589506803419,-0.3141305400472601
-0.012534186152521247,-0.0020359387936829455,0.004948707702352535,9.497200574976147E-4,0.909348931656837,1.9264651971724576,-0.0367499341968067,-0.32735603143072933
-0.014781476355457368,-5.031268708801645E-5,0.003488255425904379,3.986243104628514E-5,0.6192435764694961,1.312005558577102,0.007373661503313239,-0.3081030755274016
-0.01380540299481397,-0.0051618742264786695,0.00507237254703329,0.003862644220937398,1.5722759185147057,4.075485401203289,1.9063127823013988,0.466620856038633
-0.014395760177040235,-0.005731490531112236,0.004434327778319288,0.004492891936889599,1.4252840495139676,3.497165831204152,2.265891822281978,0.9965597507784817
-0.014124478380261022,-0.005457130334868703,0.004752396076740521,0.004194689735127783,1.5992378374123433,3.7940173401450146,2.1026468152700053,0.7291133344147105
-0.013551688452739689,-0.004425044874878677,0.005113556167650763,0.0030143183489319656,1.3495220742444305,3.493159421188806,1.0721659155308763,-0.05439028634317277
-0.013310265391131032,-0.002905800008026432,0.0047732760872968355,0.0016627690837083076,0.995789859741493,2.28913130358962,0.23654274483076107,-0.32784917273862296
-0.01348802908367408,-0.003639537361128406,0.004882859090130592,0.0022900440696873017,1.0808614103288916,2.8983297151687575,0.5953444286704482,-0.24889764265711833
0.005547103429090299,-0.021859818048729746,0.0011905231865368285,-2.9118201430855794E-4,0.07753941182857942,0.3777167941658926,0.13692448924320774,-0.16126989491872082
0.004141430260853419,-0.0187530565773997,0.0017846442991177982,-0.0013145481756068563,0.01103694271675752,1.2923746334750579,0.07445011065104738,-0.29310393587634503
0.0023101245905991405,-0.016571052653138164,0.001274262163758929,-0.0024723020276259428,-0.1075552790531835,0.939892367520342,-0.10519863648647428,-0.30095478371543744
-0.0010921348011351238,-0.014408658543542664,-6.322861830271995E-4,-0.0036997979000482945,-0.21516164929728013,0.33854742732446086,0.18834115719108102,-0.0540063142809699
-0.002583974639529969,-0.014532579931919982,-0.0015865036738896305,-0.003828471582023874,-0.11406443135156825,0.6709228843153603,0.46786816596474057,0.052305845135534136
3.982107876942525E-4,-0.016142367199813528,2.0973783940378619E-4,-0.0026590744393553034,-0.16738103533725177,0.7225494202012448,-0.045049644279714855,-0.2678651421792741
0.003548999430447187,-0.025,0,0,0.2729572309050641,0.005669148220535364,0.12859085775187828,-0.013380726940545309
-0.005945557693272457,-0.014976768478276522,-0.004539552879800068,-0.0037965926897777316,0.38423565827820844,2.7362224704748965,1.049625613519103,0.03917613580855455
-0.006345036641706861,-0.015222015676120446,-0.004853914283731154,-0.0034379106310975334,0.547888720534921,3.0069369661653775,0.8886111366449999,-0.08558716858340086
-0.005226325801259714,-0.014877150814691084,-0.003807652873432703,-0.0038912987009272404,0.31708985599276357,2.028546590477093,0.907770586788483,0.047804157561807885
-0.003445152029612808,-0.014607023354651801,-0.0022356377639216776,-0.0039201258060711,0.0016430457219761292,0.955314424709146,0.5695759442050684,0.028245954180243536
-0.0044284266999842295,-0.014647535348161052,-0.0030656149533738763,-0.004058638179563123,0.09488472617346592,1.4872459920671903,0.8492679793012494,0.11662444441118738
-0.002567135785978375,-0.015778756379869724,-0.0015310547732462966,-0.0029748286617208935,-0.14491831899908383,0.8442085826500455,0.24202552115292317,-0.21666762507191137
-0.008643579769170013,-0.015223094385982017,-0.00728089698125678,-0.0018878113182563658,1.4242108751084077,6.6004544177848725,0.14646507096634573,-0.34921749966774546
-0.008843152376381282,-0.015244779713484652,-0.007397890300451382,-0.0016282728407078062,1.477213965213476,6.769775389906442,-0.08846806758413615,-0.35573125092955055
-0.007857085816585629,-0.015324683275408743,-0.006399191937633774,-0.0025727045544422056,1.006782291774931,5.009355592047078,0.5887216756557891,-0.2796529203266908
-0.008051880755867921,-0.015414380925675715,-0.006471161940679143,-0.0023227555299403326,1.0426760374659612,5.05213215581967,0.39313861882677054,-0.3170518019085788
-0.007648673899307111,-0.015392574871499896,-0.0061059499374494985,-0.0026605953804265036,0.8915056917937836,4.565446740675337,0.6095232514329164,-0.26931303318964367
-0.0073039173830512704,-0.015523335362331846,-0.005617972526251959,-0.0027506118850836475,0.692205231024155,3.8299079057171137,0.5573398309779533,-0.27167941898245435
-0.006725573082469368,-0.01563191736378969,-0.004949488964232758,-0.0029076781818503502,0.4752548063959913,3.0391530569741607,0.5626469486239715,-0.24360584409836394
-0.008411128080982985,-0.015321485215045939,-0.006925405310008611,-0.0020637039296621472,1.2459761592626608,5.856407614473474,0.25096810141869746,-0.33793112992572755
-0.008226742939370531,-0.015427819551467903,-0.006608959508410665,-0.0021539811537477378,1.0892166222934199,5.265191806045195,0.2763636609096282,-0.3340886254209899
-0.008144371945543256,-0.015609545932627084,-0.006291230320264224,-0.0020746485483628895,0.9278240223973826,4.67099027196561,0.1514812681158073,-0.34851511555028114
-0.009837801636544874,-0.015300721417163236,-0.007717885990894776,-2.35145659749634E-4,1.6386828647928626,7.043758643670949,-1.402143909992,-0.10022844227014159
-0.0090170262353128,-0.015272686089225773,-0.007464651086382504,-0.00138841331405832,1.515026757478079,6.832949163173612,-0.3117301688244683,-0.345561036459793
-0.009661456614160995,-0.015293057841668154,-0.007702856832052025,-4.918014857477156E-4,1.6141170168283343,7.09522261655961,-1.1612260665668286,-0.1851252944955024
-0.009507697206487125,-0.015241748332236037,-0.0077591903351476536,-7.271601683440266E-4,1.6670623759098078,7.330488017967822,-0.9409182920999944,-0.25196086500598003
-0.00918773179629246,-0.015284159216179967,-0.0075405581938282696,-0.0011566730008957845,1.5450264154679922,6.930268032398423,-0.5276957174667247,-0.3240021814128818
-0.009356589425267854,-0.015276324808761788,-0.007634951378495126,-9.280839309524636E-4,1.6037418948950803,7.082702526532294,-0.7421412990660273,-0.29088992782809403
-0.010157039844353498,-0.01499753324023817,-0.008325082517572583,2.678674767025627E-4,2.407471398579738,8.51186424543284,-2.1840802133030244,0.26308996537567075
-0.010086983317977263,-0.015137995276622579,-0.008049748555521749,1.3498185064303477E-4,1.8451582082796152,7.828614569236797,-1.840568294643745,0.03429280592245771
-0.010246588828835538,-0.015123448227287825,-0.008059820440222546,3.873057190255981E-4,1.8842759022122133,7.776570076481517,-2.0935012927390826,0.1617112768664307
-0.010313910160050259,-0.014990136311907442,-0.00831309526602345,5.204206551753747E-4,2.184301110961353,8.391481776097965,-2.4410898469801268,0.40789471675174144
-0.010007704153446989,-0.015290400541830215,-0.007747059664409609,1.1765803652636983E-5,1.6707469487018882,7.040843707233219,-1.6364818971425266,-0.004840588547388661
-0.010403601312538821,-0.015118186689833366,-0.008034743595864736,6.326227367427375E-4,1.9118562590135937,7.638453907762213,-2.3220692098717994,0.2931387943893859
-0.010470471553061363,-0.014977816440745884,-0.008292622608975208,7.804557970087231E-4,2.172370684854451,8.247147677676272,-2.689169806746555,0.5691976948843054
-0.010626579228399678,-0.014960584488801503,-0.008263011459461057,0.0010485065108237468,2.3794593857650526,8.08771686952042,-2.9323019141441713,0.7503758217449179
-0.0105630363801904,-0.015108978301691072,-0.008000195617891559,8.809431999366179E-4,1.8722660952518544,7.482719127276803,-2.541482183556718,0.43855380920385684
-0.010724916861527885,-0.015081023636146435,-0.007982921759506753,0.0011381702279491467,1.8703890793014193,7.372199490807964,-2.7768767444046003,0.613875122865383
-0.010782083680081914,-0.014938455742167744,-0.008226166920758941,0.0013068819682414163,2.356293048299529,7.919169248798714,-3.164737342040747,0.9457297325775644
-0.010884144125111123,-0.01505067338789022,-0.007952624336675082,0.0013905163908558805,1.9018778434236143,7.230188896053192,-2.9994234814446554,0.8024515485465962
-0.010936831374304052,-0.014911450597951648,-0.008181724637881287,0.0015611044708891662,2.2561938624110933,7.735495996147268,-3.386062289650519,1.1549976054951996
-0.011039962162805277,-0.015021713919312799,-0.007903731424045614,0.0016357346798418079,1.8967370184555608,7.053307725702919,-3.193097678573123,0.9907483005886545
-0.011090665429940796,-0.014879595159429937,-0.008128285325402008,0.0018190164252876292,2.3551984044447423,7.539097413773188,-3.5975829228219394,1.3798016139931235
-0.011189944033246947,-0.014983973306422566,-0.007857131942398343,0.0018760702856955825,1.9148029715696004,6.888854715470095,-3.3819529465633233,1.1948080412430995
-0.01124342629880737,-0.014842921746160495,-0.008068728128048222,0.0020673391784746696,2.209341399158972,7.332849868671442,-3.7942982158132774,1.6134781173542165
-0.015,-0.01,4.420372491760292E-6,0.00832949192919972,2.7839631845159114,0.1499005474061184,2.0323388403963096,9.508401820285785
-0.01499753324023817,-0.009842960155646504,2.5378680529217017E-4,0.008325640162628524,2.5222902414391504,0.2800573067067071,2.318491522464819,9.387549919672415
-0.015139019260758155,-0.009928267487521559,1.1189430713243763E-4,0.008046948634957064,2.242631486643251,0.012351374162801729,1.884940520749922,8.706322356382339
-0.01499753324023817,-0.010157039844353498,-2.5799698227127867E-4,0.008325376284826198,2.721321757347718,0.03172262547165536,1.7311012232278624,9.609744789117524
-0.015147756721969214,-0.010088127077997099,-1.3819545436035148E-4,0.008029535251518989,2.191315537762002,-0.10357147912590677,1.600868909497917,8.76031564446754
-0.014911450597951645,-0.01093683137430405,-0.0015630288608028478,0.008181441270156001,2.582229121054235,-0.2674797178758484,0.16625746258925223,9.857767078891973
-0.014938455742167742,-0.010782083680081914,-0.0013060644899032768,0.008226305396932608,2.5741788499137876,-0.2473948423096146,0.4830196139953388,9.849364679562905
-0.015061546854658877,-0.010888641362309342,-0.0013916338083594883,0.007928611506050781,2.2495227621562255,-0.3803576126905311,0.17272400366073773,9.044293610759977
-0.0149605844888015,-0.010626579228399676,-0.0010434121604672134,0.008263768883558566,2.714086550057241,-0.20660554399714956,0.8025417622564911,9.820165904538182
-0.015089664214732413,-0.010742774307101438,-0.0011603531676994613,0.007956833426886275,2.219416571474748,-0.36475188347187504,0.43744666526917003,9.011551151647895
-0.014990136311907444,-0.010313910160050264,-5.24557226925479E-4,0.008312774066059639,2.63569838220082,-0.06862412145827812,1.4236272695790795,9.697766700591222
-0.015148242170365195,-0.010251055772997923,-3.910994874328257E-4,0.00800985319060589,2.1872576303623394,-0.19932027202346433,1.3137911152232047,8.813035033113339
-0.014977816440745884,-0.010470471553061363,-7.917662926445874E-4,0.008291667170360473,2.472101940850447,-0.14897750664480836,1.11206638216202,9.770233245371731
-0.015136374718065013,-0.010413059353620394,-6.426620171616613E-4,0.007996738178800998,2.2180854899269473,-0.2723547787930029,1.030707405458778,8.884400108316482
-0.015107886544425143,-0.010569407056095236,-8.911962225092207E-4,0.007999923298089425,2.2422174500706578,-0.32153646030300326,0.7587032206992504,9.003814887354578
-0.014977816440745884,-0.00952952844693864,7.91775989505764E-4,0.008291566006269627,2.8168523578984357,0.6008732316720637,2.866182910198864,9.071520403305982
-0.015130466998574654,-0.009437204565143362,8.707084970355896E-4,0.007952538215123948,2.1593758193943113,0.43740226135963,2.646168927272931,8.178272759417608
-0.014990136311907442,-0.009686089839949742,5.087030369736851E-4,0.008313780842245702,2.352402821250388,0.42434520644181467,2.5888552975260914,9.239166209627857
-0.015162069480172386,-0.009600771966732561,6.128058171097228E-4,0.007942895283088705,2.1650372127157476,0.26359775814503245,2.3673198849375283,8.244453706506198
-0.015144691389076174,-0.009760434204895868,3.724873383486636E-4,0.008015420895300813,2.2678724520762508,0.14032283761400696,2.151714356829483,8.520275124610565
-0.015192202738265626,-0.008833841657021826,0.0016789840999022747,0.007480485919876369,2.007238315605322,1.0748593602152356,3.1714246550963954,6.662116831267412
-0.015334047671630494,-0.008692925885519107,0.0017429804056970715,0.007126838980024172,1.8068283600284765,1.1261651336046918,2.9804336591941776,5.7000955277904675
-0.01521672129254846,-0.009013763494555054,0.0014275610818731998,0.007559129899024572,2.004482708753343,0.8676023043819354,2.9904524695776096,6.926814056741272
-0.015182807761546428,-0.009181284070473295,0.0012191697725039514,0.007722876292618619,2.098003871445012,0.7048979262318744,2.8839636025448168,7.4171630244411
-0.015266999234881326,-0.009333605514026365,9.646097452535274E-4,0.007634195760971649,2.0170680527723035,0.5233414980963992,2.5938218051998416,7.245546455511852
-0.014996326547724141,-0.00770449690409115,0.0030443336511099223,0.0066429806196294265,1.8761130086240154,2.391185222403717,3.605778006514989,4.41683796860195
-0.015050884359843928,-0.007533906050530123,0.003093050494178181,0.006364719287333785,1.6873112818333098,2.4010488916874935,3.384057895831249,3.824639236620574
-0.015059191032416291,-0.007864493313068793,0.0028414739403408835,0.006749907534516694,1.8431946366602723,2.179029901478318,3.5515186512197077,4.6626280205643145
-0.015281210046812838,-0.00848640657946189,0.002015245196201,0.0070480284773100565,1.8152441039737506,1.362578123336194,3.1427072442041433,5.448532037174442
-0.015206201001983352,-0.008278660874819734,0.0023035596604823703,0.006975127928031274,1.843145873816503,1.6304783009600714,3.3220700564230823,5.242269076000592
-0.015182141895319877,-0.008020085330057887,0.0025740788031130674,0.006748645372256226,1.7719985661634077,1.8851438167354322,3.3450083635558525,4.682429296896193
-0.015155975172415504,-0.007107275546221096,0.0032117565594241555,0.005732533421574162,1.4760605473275972,2.3876977082473196,2.87228523301846,2.6982087326393907
-0.015197414863594577,-0.007328228977226158,0.0030504381298968966,0.005949451992626553,1.5057000770820297,2.2457918272368707,2.9618901944224145,3.070884948417815
-0.02164928309520976,0.004782635457410346,3.6309667322128187E-4,-0.0011388742908643465,-0.01377565465807538,0.23730606306355398,-0.24883126215827994,-0.06217689659077995
-0.025,0.0035489994304471924,0,0,-0.2904536663457671,-6.533500200816023E-4,-0.148845740085515,0.04054728915614809
-0.014866103181832308,-0.005864832174742452,0.003876834383414521,0.004452463423045548,1.290887122754789,2.765270186517606,2.0336091030061323,1.0005227912707417
-0.015015828148095484,-0.006446914384901907,0.0035908219443047157,0.005063371312100176,1.2962736570092497,2.627479212363763,2.409711858080286,1.6215623109781805
-0.01525708739287445,-0.006837128483396868,0.003211434916252459,0.0053271070343514715,1.3586405621190123,2.2900660319250785,2.4702583399219216,2.006460578411119
-0.01634181937330869,0.0014324765396746607,0.002616571190676577,-7.891231228162301E-4,0.4493498676880585,1.1223498598070523,-0.1192050805600241,-0.298625029214112
-0.019370742792980854,0.002219660070029874,0.0011520888428811409,-8.690197810690712E-4,0.12809836517625037,0.5925877196957564,-0.1671759026404982,-0.2189842554997052
-0.014249883398387241,-0.0016514588555954367,0.0038954179617908535,9.651493558830924E-4,0.7103375496604192,1.5940930833906728,0.0956692392325332,-0.32770181227753087
-0.01611157420474566,-6.812875748307198E-4,0.0027310512565202174,3.818036443331949E-4,0.4605739178953908,1.1358981856342687,0.05908244678180483,-0.3011752563511877
-0.014578181906332078,-0.005031987018651876,0.004190816105768303,0.0036294584586136778,1.1382167442868523,2.7880758494340685,1.4136944805027125,0.2729838675975445
-0.014505632012795287,-0.0034646687065131633,0.004020451379301294,0.0022329743444088617,0.8143381644146074,1.9953323895272619,0.48763602635832115,-0.2572775543329216
-0.015027281195908867,-0.011042427114011906,-0.001636650006508385,0.007891319666983464,2.2259929714009843,-0.37989900831876783,-0.1142915496234879,9.062993663679256
-0.014879595159429932,-0.011090665429940793,-0.0018102960342664296,0.00813033409032565,2.8023825245803575,-0.2679854818585419,-0.1479993817567151,9.841458248733977
-0.015152465474825821,-0.010999084812359913,-0.001488954641128451,0.007683847626736103,2.065572774676832,-0.3651577150758195,0.06707535925062781,8.402442169716732
0.002059568878619804,-0.021945798739241282,4.5018912051033867E-4,-3.378426524236163E-4,0.11458423059950286,0.4002059068815274,0.045269481534091084,-0.1802900264832719
5.57103851599678E-4,-0.01880649451303871,2.3982330128861874E-4,-0.0013386537986268276,-0.04129471926384043,1.1415182921202127,0.005115151946327987,-0.28074601805630867
-0.0012793814301182255,-0.016863159744672954,-6.786274961585868E-4,-0.0022781016705378516,-0.14766098465009384,0.887387472320253,0.06269644334557871,-0.29660917952198523
-6.938893903907228E-18,-0.025,0,0,0.29223344625310754,-0.051315585395355294,0.001210789682845457,-0.011428162915163674
-0.005855414464876169,-0.01572934835074034,-0.004056063302750061,-0.003054462700172463,0.20593493526278067,2.2080849779094778,0.5102387328748695,-0.23587976250487072
-0.004343359868940787,-0.015776599561719666,-0.0027788605490442863,-0.003087704049708154,0.03844112693850526,1.3650360876074095,0.38600415625943485,-0.21814345228893092
-0.003535713989622279,-0.017385742074039104,-0.0018372789263206844,-0.0020243380604680404,-0.04055192039705338,1.2364434962302129,0.07675641032880322,-0.3113972709438136
-0.006627811668751791,-0.016288752881717952,-0.004401089750586768,-0.0023528651375143653,0.39757978737686106,2.4315771645560003,0.19457298493174385,-0.32331900535337305
-0.009927323964109858,-0.015459624813991088,-0.007423171272352781,-9.781916048867143E-5,1.4732928290712313,6.228201273391761,-1.4659280633123808,-0.028809590643976247
-0.0087343493542365,-0.015407241199327359,-0.007043725868773952,-0.001642238839422634,1.280841319295135,5.949586963474894,-0.11290124306408789,-0.346894841113924
-0.008575684800794129,-0.015451143055089742,-0.006857463454066531,-0.0017840130194900887,1.1913388326572367,5.612575758213519,-0.0075812969357409235,-0.34933172385106026
-0.008902762396984884,-0.015454812678653673,-0.007077216722201838,-0.0014160077150845668,1.3122004984870292,5.92935594129046,-0.3097534300427081,-0.33410852442239514
-0.00778848787403859,-0.015686950398934064,-0.0058988338171932974,-0.0022873148024627615,0.7715049484606641,4.086668275196913,0.26366361745252137,-0.3380194009868385
-0.007250682731709605,-0.01606407414697635,-0.0050658006946447875,-0.002295217622523096,0.476664397307804,3.0168853696085094,0.18603662232158705,-0.33195719081247965
-0.00838423653094661,-0.01562899137539701,-0.006454209097374527,-0.001845081660050863,0.9818259223578681,4.853659948250624,-0.020409277759026734,-0.356407083423739
-0.00814695020515873,-0.015856834001845895,-0.00598562548820961,-0.0018749800622433876,0.821727553892137,4.090157466131316,-0.013298698837485884,-0.3490986934479335
-0.009742392232218509,-0.015472934966694656,-0.007380778917516054,-3.4406660275184217E-4,1.4452554058436846,6.210178969244299,-1.2498970644292842,-0.11758352470801202
-0.009087870486988718,-0.015479097077730706,-0.00714165820851857,-0.0011828893304077577,1.2961306963930197,5.9748460177729354,-0.5199699339593745,-0.3100500635487482
-0.009493263476708882,-0.015445423391135034,-0.00737200711714296,-6.805906961431875E-4,1.439020886066531,6.3150233784819125,-0.9620176439154129,-0.21900798839676666
-0.009286315569049653,-0.01549060157241395,-0.00721682706838337,-9.310281118126248E-4,1.359528080131717,6.048513627007666,-0.7378488391621242,-0.2698479576591037
-0.01139495244676372,-0.014801469324203571,-0.008001595303564065,0.002313441873400329,2.073580854648648,7.108421315997781,-3.974700469207748,1.8566587964626848
-0.011334967706066075,-0.014951256374606703,-0.007790272164164946,0.0021015722540531664,1.956673337821819,6.683085219697312,-3.539717531988012,1.3934526682326356
-0.010188115834157803,-0.015272816918301605,-0.007770704247491864,2.7752913857436655E-4,1.6898918297238523,7.023493462612911,-1.8901127484203613,0.11549276719715262
-0.010329882503935588,-0.015224020926823796,-0.007842398539218112,4.957734811407503E-4,1.7553658392829479,7.149593863453447,-2.114293354716398,0.22563615634594342
-0.010116336762094454,-0.01542213600802644,-0.0074906161274573835,1.616789619336232E-4,1.5208365826117956,6.3118309781848785,-1.7025539312048001,0.07860983940077625
-0.010478374486937829,-0.015270873254477372,-0.007712089860902158,6.989752949548889E-4,1.664409123221106,6.748409478809173,-2.248952876228176,0.34573511783272703
-0.011279489159462457,-0.015074104581169987,-0.0076190820007791425,0.0019195244078083367,1.758641793603551,6.275078961326608,-3.256739020181078,1.2300155660899923
-0.010670063206436773,-0.015245230320156353,-0.00769097059618984,9.833412466566226E-4,1.6982152853166015,6.6283700403560895,-2.4873314800281268,0.5184805964743341
-0.010823594548947425,-0.01518221957617171,-0.007735849165011048,0.0012291758758623372,1.7462295600763114,6.690982730316068,-2.725637175723228,0.684773626977843
-0.010977358285366593,-0.015190980941796536,-0.0076304082042842345,0.0014349312474403956,1.6925476466071767,6.384402456644522,-2.8479148462671406,0.8352770088899745
-0.011150677496091636,-0.015134608043134915,-0.0076137107073991185,0.0017045839103539283,1.728831464422747,6.295974588595308,-3.068139355447425,1.0464626001678345
-0.015259041667677518,-0.00986561836142825,1.9862736674054155E-4,0.007795677120343031,2.053205079593822,0.07014678611136863,1.899484021007444,7.952029324803196
-0.015291126780969094,-0.010011854034534626,-1.8857502784463988E-5,0.00773924131646406,2.015232564834964,-0.02624343591463175,1.6605390417829649,7.873117864683473
-0.015311669476075887,-0.010180441616329805,-2.629585041359593E-4,0.0076895957783050485,1.9827110784149073,-0.11883771829695201,1.4009120153520263,7.830326330694118
-0.015235781201913446,-0.01085378686964304,-0.0012405967306317659,0.007613877771546562,1.9810326434813794,-0.3448717433782327,0.3529670316411884,8.074728167015811
-0.015215879918254058,-0.01067327191063297,-9.986134887457416E-4,0.007741298974365663,2.0526813056052773,-0.31906771472151896,0.6198968490644273,8.30855748926203
-0.015306131876179513,-0.010353755399322187,-5.128594350661682E-4,0.007671398003597345,1.9720585549172316,-0.20004415127206396,1.139815002346353,7.886640116130969
-0.015288199877383273,-0.010519744319858196,-7.537302387921424E-4,0.007660542994723991,1.9685750915574916,-0.2640699026580114,0.8833368063133208,7.966840664129641
-0.015329329989045416,-0.009506221311333893,6.993383161835721E-4,0.007581006959332033,1.9479542331584285,0.3582366209196594,2.3188052270372306,7.1694281782957665
-0.015343734933963486,-0.009711974842134277,4.0727440082354027E-4,0.0076056734566762605,1.9202857455118068,0.19303644636782794,2.0537679582550044,7.330539912497196
-0.015462774368742122,-0.008552826030797253,0.001800717710849837,0.006811569596219725,1.686292088275976,1.1462822824120464,2.7835556148977294,4.900838891738151
-0.01538079216326821,-0.008889671264269887,0.001480860488729067,0.007184851679348361,1.80475644091361,0.9111543688426093,2.8015843757964176,5.906637320804506
-0.01550747523892806,-0.008730381063620216,0.0015752736559996514,0.006868750275807196,1.5896633123375554,0.9656726400740556,2.650940970917551,5.070890089729682
-0.01541430844293513,-0.009138683313000197,0.00115471185500353,0.007269477933053367,1.799755276305596,0.6692816504664593,2.583650357711232,6.205159407298878
-0.015509476825462628,-0.009371630378568089,8.147342120864537E-4,0.00720359589350835,1.7006072310892104,0.44260712044393724,2.25834125431367,6.1285611070547015
-0.015284611095209802,-0.007706661062865928,0.002707825230793509,0.006280116010069428,1.5414604518192616,1.935158592422919,3.0276448336399344,3.676346977974881
-0.0154944725576085,-0.008316968182066096,0.0019999440333876464,0.0065756116625589394,1.480875791366058,1.310152994402556,2.774582215750098,4.334106947660412
-0.015390777985209589,-0.008047774545713843,0.002344774464577826,0.006481199049758832,1.631728826230426,1.61112433465862,2.937171171136515,4.090930731216731
-0.015525392990045236,-0.0072226238361855705,0.002753300214905052,0.005506716956829286,1.2211956342209696,1.853570901429917,2.4008400414351105,2.309182297920153
-0.021989124250592285,8.98073983262726E-4,3.528025756727397E-4,-2.0146352196447512E-4,-0.1229134925089078,0.28458760340794803,-0.05226776135762052,-0.17529595753439267
-0.025,6.938893903907228E-18,0,0,-0.3802767438591696,-0.006491246264007547,4.492017542698161E-5,-0.024257440321746305
-0.015546600515968395,-0.005655542198700988,0.0031589049549795717,0.003964338125308731,0.8286449976151192,1.9652052816212586,1.4381602058189558,0.5531097752554149
-0.015728319510490925,-0.006528679559002851,0.002853712072151029,0.004646858858417116,1.0508362918035452,1.8013996059708093,1.830563536199939,1.2517684319423614
-0.01858880069829728,-6.165301753687914E-4,0.0014824992443449592,2.6669443401542374E-4,0.18257109957715517,0.7171802538005682,0.04689810086584413,-0.26547655555422867
-0.01659589119827772,-0.0025206126957760156,0.002505015384006676,0.0014045076397284641,0.42919321692617357,1.1081390732092073,0.24678509065985968,-0.26951473776838736
-0.01613686322918245,-0.004400038536565427,0.00281835413544667,0.002720534937993267,0.5724913489323736,1.3083655538010224,0.6690689603950388,-0.04783942770220099
-0.0150034913041155,-0.011196325879658,-0.0018703768672366954,0.007818222461236216,2.1759034735230554,-0.36815304078952643,-0.3961854371959857,8.980647163631
-0.014842921746160493,-0.01124342629880737,-0.0020653024159930874,0.008069263233774233,2.7416430897880275,-0.25040241373589667,-0.4652261072994091,9.80196470792842
-0.014971778084562355,-0.011353568631903913,-0.002108482288914182,0.007740053551244068,2.1603061989630064,-0.3375822149964161,-0.6803573227174052,8.891643352365833
-0.014801469324203571,-0.01139495244676372,-0.00232089367063162,0.007999481207904599,2.6721771021697136,-0.2134814273251813,-0.7794267972750389,9.747948373620833
-0.0149298821674192,-0.011511767348291816,-0.0023506852584372832,0.007662048361626775,2.156506730184232,-0.28671405267878164,-0.96645124926194,8.806867355795335
-0.014755282782341356,-0.011545084353673888,-0.0025742372003639243,0.007921594130048304,2.6088293434980265,-0.1569402451020873,-1.0889544382305791,9.67891130654289
-0.01515513778447141,-0.011143013825499341,-0.0016796699812595833,0.007579055902774229,2.022149138448308,-0.3608454487336094,-0.14377234508401782,8.212765773780161
-0.015299430682923837,-0.01104792842638038,-0.0014586255652139868,0.007383344490554028,1.866345689342314,-0.3510999410902296,0.12924820738765308,7.553144621738994
-0.0012950874523945913,-0.02197437189603603,-2.812316384941224E-4,-3.3157535287597944E-4,0.10803805191286155,0.37400097029790397,-0.029882488296489543,-0.17842440676387591
-0.0025859489871309874,-0.01952067180210862,-9.630778444455998E-4,-0.0010391166660760817,-0.003935229166833846,1.085351173599207,-0.041513460245284885,-0.26687405433893413
-0.0035489994304471924,-0.025,0,0,0.2674405476362788,-0.0021362362732966892,-0.12470853507381326,-0.01308308922223205
-0.0047351634560260465,-0.019021360087896084,-0.0019560656034253057,-0.001162229893994287,0.02223934904868971,1.245554854190975,-0.10739662177718765,-0.2745864984938272
-0.005774167241927793,-0.0173322804979547,-0.003182878040289363,-0.0018709670045452891,0.10411307764680447,1.7221707682524927,-0.01846306556784566,-0.34275196909751854
-0.0071588075126746385,-0.016942429337727865,-0.004252015237284918,-0.0017418469064525253,0.23290606351660728,2.3047099696988584,-0.10311861803450227,-0.341793023365002
-0.010035694874925578,-0.015571627918329747,-0.007220901793769748,4.6434361076615056E-5,1.3444243019747721,5.732963867260708,-1.5471643340333046,0.03507098346228984
-0.009874672695918383,-0.015648883381015964,-0.007084267585739114,-1.5624599584323313E-4,1.276633550741046,5.487856382551121,-1.3570934560844339,-0.04280377080584571
-0.008705129081452065,-0.015674924105376516,-0.006608522595201198,-0.0014936853745026056,1.074152458644285,4.997111743516004,-0.28209032462398015,-0.3414974682436424
-0.008957682033191534,-0.015636995486112186,-0.006812114232809835,-0.0012481890093972593,1.1374251179936397,5.288013449910287,-0.47382753924285337,-0.31409347522229186
-0.007899498869271979,-0.016311059537356686,-0.005302413265238656,-0.00174483344968032,0.5907927180403015,3.1551911176343386,-0.13750733661337486,-0.34396412100696294
-0.008481819829454045,-0.016080682819306597,-0.005919876417365653,-0.0014715056179619606,0.7280651706325094,3.8757846962866966,-0.3006390709846136,-0.3345932471206883
-0.009659835005868068,-0.015689898955194466,-0.006988736732512689,-4.10422467709187E-4,1.2317844883937619,5.371009569602651,-1.143439914031694,-0.12987700769611862
-0.00917570489110099,-0.015735327423798694,-0.006764009999751707,-9.585663600977859E-4,1.1455134079099556,5.099842474213634,-0.6899591076341044,-0.266579979239878
-0.009410566743483948,-0.01572204988495228,-0.006870573818583311,-6.966203562712492E-4,1.1543149309737704,5.221859964367802,-0.9063543051965518,-0.20943236245142474
-0.011545084353673888,-0.01475528278234136,-0.007924955561067058,0.0025634601273393795,2.0844874666432416,6.866028893800432,-4.140810046185652,2.1146520676949403
-0.011483284491822461,-0.01492238843581762,-0.007699691274709825,0.0023222011023679603,1.9408809317618376,6.432676417989065,-3.666964213507566,1.5880052068172288
-0.011416940916714677,-0.015084163038457249,-0.007480457528904117,0.002082552254733354,1.6953920493512002,5.905551388840003,-3.2983100269502716,1.3740403659509537
-0.011693686304088879,-0.014704405031812397,-0.007838085140969453,0.0028180033848280712,2.252581840504809,6.612034707818833,-4.292683752795111,2.387886898768467
-0.01164336766344029,-0.014886519730184405,-0.007593929940127752,0.002555448817480705,1.8974158940227202,6.1561972500527355,-3.78774338259328,1.803658069545439
-0.010338696905218773,-0.015431198779973569,-0.0074431862300561235,4.64337542263435E-4,1.5000357726445002,6.107300738216127,-1.9446503009733855,0.22828690999379436
-0.010186108551675212,-0.015568750224516969,-0.00721690021037136,2.4229420798134362E-4,1.3685451687622947,5.676915760273469,-1.702917080502834,0.12055309862412764
-0.010578691712097178,-0.015451441291513109,-0.007342923098219159,7.794840475779828E-4,1.4662735151602515,5.7991158266085625,-2.161082529538723,0.4013723096278918
-0.01130491564519296,-0.015216522143228502,-0.0073489869596619515,0.0018333376760516775,1.5821275047825198,5.618742739288121,-3.0032224289130487,1.1501149699391606
-0.010856450147284005,-0.015373252409464595,-0.007367755013605601,0.001174921176665418,1.507265213200021,5.770135242882453,-2.490551515098797,0.65249390813991
-0.011112191196455146,-0.01532050536147939,-0.007313701061868718,0.0015259451262136534,1.5258192976465865,5.577714215485025,-2.733668656783138,0.9010475653122348
-0.011805568118774963,-0.01483236392476621,-0.007499137844742644,0.002802987933167269,1.874224675481227,5.909951059986715,-3.924297968690972,2.0558192763155128
-0.011840618209004684,-0.014648884232660607,-0.0077440818862470106,0.0030672489981485537,2.362510976338041,6.353848175019013,-4.428059241327844,2.6693882093406156
-0.011952075373697517,-0.014770316718089673,-0.007417263239142117,0.0030362355403580374,1.9029507094877658,5.6991127177646135,-4.055039389845756,2.314848706023453
-0.015446504234124251,-0.009917349228259337,1.0993945866805354E-4,0.007436551164185872,1.8240926594581894,0.052283156105626165,1.7150390629866286,6.9746803855952395
-0.015490378075673404,-0.01009305031930427,-1.2736871850531781E-4,0.007356228507216207,1.7473103909201464,-0.046851280992701354,1.4712791862376706,6.85312443138384
-0.015412242359738154,-0.010922421197903867,-0.0012371265304369132,0.007257656017632208,1.752182166235142,-0.3310849222185941,0.37455599205614704,7.115871243752832
-0.015486381231298883,-0.01028480709382272,-3.834653419448751E-4,0.007344055260618064,1.7698666746237064,-0.14186826400586341,1.2204771864230575,6.925154156012012
-0.015409759431730268,-0.010706412204153987,-9.605333092084681E-4,0.007363801366764061,1.8137560596660225,-0.29451889266258485,0.6542623083906989,7.250967678739401
-0.015463927433737056,-0.01048801194211245,-6.575944511840818E-4,0.007341165265268584,1.7559636550489477,-0.22406111754333088,0.9569373268009321,7.04015411131877
-0.015564499258485517,-0.00958002236488607,5.347853584342592E-4,0.0071704203882806405,1.6807422900655007,0.2727438964738669,1.9957950507392568,6.131943460108313
-0.015555010810439413,-0.009782095426290847,2.7783931580071386E-4,0.007225926188717174,1.6664149203511507,0.13758115557618972,1.7964281048882058,6.36141024044246
-0.01577992903862519,-0.008542787739024928,0.0015852342181918984,0.006326677997835351,1.3483069132113386,0.9390267925938967,2.346364196429264,3.970567887957458
-0.015658382863681392,-0.008907664286332067,0.0012953831081000894,0.006733767762513957,1.5478021753115419,0.739374197534486,2.3506491937181906,4.826328181488344
-0.01575181615990757,-0.009207799553379558,9.147105959100753E-4,0.006735216200118257,1.4224427187303303,0.4848909793057898,2.0707763987604406,4.919516967175929
-0.015738322534355653,-0.00946227958766818,6.332120332800104E-4,0.006843690534043277,1.4814751648511613,0.3232812535329597,1.915127148411046,5.25619159581395
-0.01587475908752478,-0.007931679546053892,0.0020203841606323877,0.005768072318712897,1.2007606764735337,1.2185798057431592,2.226711960830748,2.8565503314918512
-0.01617936331015573,-0.007118388485989403,0.002188246169382278,0.004836470794461962,0.7437074935111201,1.280165151130023,1.7216112020599585,1.5229938549435367
-0.016282881482249018,-0.008407097853715061,0.0013924538423838483,0.005612734517073589,0.9406595464304589,0.7534029720161263,1.829350503094756,2.759148477890052
-0.022000695474535353,-0.0021709159774514434,3.448146856954481E-4,4.8362766020574574E-4,-0.09485148478385276,0.2730152511499165,0.11580968947284763,-0.14731973911662546
-0.025,-0.003548999430447187,0,0,-0.2964946743450751,-1.987062898109903E-4,0.14904542873210563,0.044414117974160124
-0.016922718339628648,-0.006125604962240236,0.0019745028975140153,0.0035903142800735445,0.5077354615344284,0.9475870219172762,0.9634703603851131,0.42137956563789697
-0.01875638212843262,-0.004104903248487938,0.0013128721164115797,0.0017751943648640688,0.2034167379569931,0.6122524296821864,0.3378556009344181,-0.1577401670790202
-0.015145210205277143,-0.01130567110020487,-0.0018958042033310775,0.0074707995883282405,1.9792119575730276,-0.34360154795674824,-0.3758452686025349,8.033296819747932
-0.015111878688712686,-0.011472281781321238,-0.0021275423369685725,0.007384832309810775,1.9496454392308589,-0.31178991032540554,-0.6260974617008522,7.929388527399092
-0.014878523452329814,-0.011667929783109737,-0.0025937359232788876,0.007584758549293612,2.15896494693857,-0.21593231027736157,-1.2504802906693235,8.726329675757071
-0.014704405031812392,-0.011693686304088876,-0.0028241380845367378,0.007835977717860907,2.5785406552108046,-0.08076245890151333,-1.393331102609533,9.592561307378533
-0.015060360672365403,-0.011636787092978407,-0.0023663542476171345,0.007314506009430253,1.9422844540890252,-0.26333908177308274,-0.8900594597436217,7.8787468823734335
-0.01531794099326304,-0.011237681794798057,-0.001680467990470329,0.007224571808118355,1.7841610787192594,-0.3494517829234744,-0.0920331523656595,7.250947761324423
-0.015506591164664777,-0.011125860176464499,-0.001426484801427409,0.006986542515483757,1.6167323416507207,-0.3424380375338493,0.1967784263406827,6.54165258131495
-0.01481991176543338,-0.011822229895784459,-0.00283660384656859,0.007503464408004735,2.1763641751417833,-0.12641386108820774,-1.530299983999461,8.638102203149318
-0.014648884232660605,-0.011840618209004684,-0.0030730010851996556,0.007741852263279694,2.431023133707774,0.01518134413487455,-1.692980555062362,9.488211830642713
-0.014747232078438506,-0.011971480580109979,-0.003086089219617116,0.007431381276328602,2.195232037547498,-0.014659092356159425,-1.813371746336976,8.585110553666608
-0.004928215105949956,-0.021656448733499915,-0.001132903867722107,-3.5351411892223293E-4,0.08274885385946078,0.431400848572728,-0.12193905788000589,-0.17526876366102154
-0.007110403506374536,-0.025,0,0,0.15747453556059746,0.1126162304705723,-0.22489860019893007,-0.009138932261739603
-0.00653702504376076,-0.019535808726418108,-0.0023957073285213546,-7.613610726825314E-4,0.04760777941781277,1.184725672284264,-0.24632731249222026,-0.2395034331145598
-0.007431440847291661,-0.01810675196441179,-0.0035455939760847704,-0.0010444973469966102,0.19101818579482369,1.7605902503967812,-0.3339249211760465,-0.27006841892373507
-0.008012124048790412,-0.017091350160205316,-0.0045978860067508115,-0.0012367342454685363,0.4038977115134129,2.489229484825227,-0.3662938009218844,-0.2950191861251191
-0.010079034535704192,-0.01575309905334851,-0.006907648560214232,9.287467305563184E-5,1.226953643661594,5.0324687573588465,-1.5090217945812272,0.06570827529246122
-0.009854465133727217,-0.015841550858860187,-0.00676771771950582,-1.7115060266999674E-4,1.0898795719576364,4.853490519415037,-1.2843477469642186,-0.038814243297132775
-0.008899368624556744,-0.016064602123749046,-0.00615245711888502,-0.0010895579733229434,0.8870445423535099,4.097946956463574,-0.5612080298287276,-0.28795846461892743
-0.00863103192307713,-0.01661319000784968,-0.005357909939699501,-0.0010948079067567233,0.5207883899506679,3.07823040458217,-0.5220167347115852,-0.27524148744276816
-0.009581584049910444,-0.016003878833582064,-0.006473244047159147,-4.277160060916216E-4,1.0680940928395144,4.362461296002784,-1.0399016812657338,-0.11882604812458226
-0.009266697468265653,-0.015967169133589473,-0.0064383411041900925,-7.781383201597569E-4,0.9092816361789607,4.431440512114576,-0.8075445563856759,-0.21835953353303986
-0.01157711143589525,-0.015071026654899462,-0.007351489515753881,0.0022850132807843266,1.6719009106383123,5.569599405806874,-3.3724346427634653,1.5590614683336075
-0.01148520728350634,-0.015248125012586704,-0.007144656198187994,0.002016831453653351,1.498742650650646,5.124761220590468,-3.0132239739349926,1.2973057261227252
-0.011755820409671219,-0.015033555420982503,-0.00723037545086094,0.0025209517930565428,1.6610237996795398,5.267175087674128,-3.4703811076135263,1.782020068268632
-0.010417569486293096,-0.01572692969181999,-0.006905520411957097,5.044184801351911E-4,1.1971121659830988,4.9168670868314495,-1.8084718522035956,0.25170740731158214
-0.010754640214769802,-0.015629259475710998,-0.006970931864921331,9.366689676864489E-4,1.2337475038343666,4.9275423369021585,-2.133540616759025,0.49922061728815115
-0.011325752848631054,-0.015418470099005007,-0.006999109104903901,0.0016991638123906242,1.3292407833428845,4.83995204036797,-2.678794674624191,1.0221826254718407
-0.011065757457254051,-0.01556252642157225,-0.006938665793995824,0.0013300352514683342,1.3271594276661964,4.779292068822852,-2.381026802689435,0.7424344498354539
-0.011927322137941086,-0.014958358668985237,-0.007156619557569746,0.002780894226263986,1.687060154266381,5.087782407058476,-3.6160455819189647,2.039399856770437
-0.012061319779039544,-0.014868972239077972,-0.007127548466569445,0.0030177619119361437,1.7395144464913876,5.019435886523789,-3.7809060563127295,2.2907522329385084
-0.012104837279184417,-0.014709406515152741,-0.007308842100767053,0.0032667961945226517,1.9080990092724492,5.43399686782325,-4.154442000565897,2.578255588029569
-0.011985736283431544,-0.014588774500088612,-0.007645490327227426,0.003305445032865633,2.2717542008927256,6.089315464030843,-4.5441107248450425,2.9538058112319763
-0.01568582754262308,-0.009944694239572447,6.49337282364505E-5,0.007012638181474787,1.5817696439266136,0.0353907475318121,1.5339940744298142,5.914249109996583
-0.01565601882187139,-0.010178305833053732,-2.2484943869199996E-4,0.007056219796955888,1.5810920173735186,-0.07710792992023523,1.3135543140187558,6.138695833338956
-0.015609649317458445,-0.010878118312877437,-0.0010892759103274085,0.006948105034166094,1.5310165501911979,-0.30554964225274434,0.5167952958232654,6.282521669933659
-0.015696142167607428,-0.010416296660051767,-5.15215371340372E-4,0.0069539772724690205,1.4856861858505341,-0.17562886527025057,1.0435570469841489,6.033535188204088
-0.015597078498167525,-0.010647072701477108,-8.150799390861227E-4,0.007058535585920319,1.638770678576271,-0.254686909051283,0.7823606377745536,6.41654273323072
-0.015864094692812244,-0.009741569677287357,2.828586865982025E-4,0.006691384103754429,1.3461866035771595,0.13455632981346835,1.5797945055766893,5.032152049367227
-0.016188609288668616,-0.008956158016160272,9.869902771447664E-4,0.005983409891209836,1.0616945663082842,0.5142250334063475,1.8038628339396343,3.4821136037837017
-0.016001797004342008,-0.009410381738548553,6.224855660296414E-4,0.006409016841128326,1.2822047423696472,0.29808966609389587,1.7277916680228151,4.425129666054341
-0.01695852611800842,-0.007773460430463546,0.001421093961443268,0.004518468944434576,0.7101394767376724,0.6917385141465441,1.2643689074009241,1.2952859525938611
-0.016741428047986114,-0.008763471920913013,9.550175660422648E-4,0.005223666752001336,0.8578118314841989,0.44355571894149576,1.4218948629279866,2.373732773515793
-0.021932988002203228,-0.00558331412157511,2.740185955247207E-4,0.001191156374439308,0.006011517899778826,0.19507068640341893,0.26549342506926704,-0.014299785357564288
-0.025,-0.007110403506374492,0,0,-0.05285773317437742,0.016395831739809814,0.26096001823139414,0.17248159198244653
-0.019116717956903687,-0.007317306270438539,6.920806480592794E-4,0.0028366540585852353,0.23183300858524117,0.2588919310159908,0.5410276303684726,0.2829191569656256
-0.015307751314457411,-0.011430058656418,-0.0019120724931750317,0.007096095165495136,1.7335774720008732,-0.33398591267802474,-0.32218452229390615,7.040708830986415
-0.01525456300133753,-0.011595485030433625,-0.00213886785570743,0.007041294856386669,1.726300407967939,-0.30537832373820833,-0.5570800142413185,7.023672256535547
-0.015004173786713313,-0.011798514650003642,-0.002600808154915332,0.007236714072825476,1.934442527726574,-0.19879096751435424,-1.1488006285971102,7.811314012710551
-0.015189651825048063,-0.011761585780136275,-0.002372622035733536,0.006987795696610385,1.7396269873899752,-0.25919459266928774,-0.8061683838588355,7.018515193994866
-0.015481685655026424,-0.011367707582614052,-0.001712679026540813,0.006869363841265783,1.5705063162960782,-0.3462955644905048,-0.08518384649098086,6.41755334834101
-0.015644643347334754,-0.01129888273124271,-0.0015333698100156278,0.006668584567143576,1.423162179639865,-0.34130715197414585,0.079990624951588,5.871949775547122
-0.015769087426837837,-0.011111209067112798,-0.0012646700467196066,0.006585310213802808,1.4089228739977477,-0.3204079461996352,0.3181768378607382,5.534208785210189
-0.014936291625474163,-0.011961151917419085,-0.0028439848657290244,0.007157467890348205,1.925627167303211,-0.11460065542928854,-1.4172844023959865,7.748333286706817
-0.014825124364897961,-0.012095274088935515,-0.003107242948541929,0.007156263988820628,2.000775298167274,-8.13796084984804E-4,-1.7393035486101098,7.892694699130035
-0.014684603432459318,-0.012131085506919449,-0.0033261849847945903,0.007313155287558074,2.146585604850706,0.1132873230632692,-2.0887388699040677,8.404788740492224
-0.014588774500088612,-0.011985736283431542,-0.003305380514720233,0.00764553939689933,2.6810203168265097,0.1291838476231996,-1.9804089115775028,9.365968823428053
-0.008670478746548338,-0.021646737820090585,-0.0016940572701229077,-1.3631607320570703E-4,0.0174491358428082,0.34941622099822034,-0.24834481601426178,-0.09002678476665484
-0.010729293840437248,-0.025,0,0,-0.056610266669734156,0.19318619968407144,-0.27902995024812854,0.016824146430988614
-0.008551636655128977,-0.01927172834673712,-0.0030316812583884435,-4.0348307374755293E-4,0.12448459491137795,1.1206575985399463,-0.4258387651491603,-0.13798387526384326
-0.009095913205190992,-0.01772082055386688,-0.004338325977741429,-4.777212701473007E-4,0.2570580690972121,2.0947271778021133,-0.7122203147895848,-0.14658680635027885
-0.010102049926787047,-0.01615317644189312,-0.006288177823136154,8.380077922523446E-5,0.799596356658687,3.8497405742979036,-1.3439524294689835,0.07215521867580248
-0.009405677608546454,-0.01653119686302574,-0.005687760166417879,-4.7307258819327626E-4,0.7559236784799086,3.2631967387576677,-0.8907066992926412,-0.13427925135201113
-0.02065270991410364,-0.021149985792090167,-2.2727087187924774E-4,2.04163857337267E-4,-0.02298685104318932,-0.10638043139632568,-0.019609707852800997,0.1339492362629471
-0.025,-0.018733575722169347,0,0,0.20529532765008918,-0.010088991446711396,0.057040567472334124,-0.004991221666115159
-0.025,-0.025,0,0,-0.00507450496816688,0.02476491817404893,0.0038442460567599448,-0.024940521058237988
-0.018733575722169347,-0.025,0,0,-0.24372368458981697,-0.0034941851251614454,-0.04629869858348864,-0.003213035162614817
-0.011684274131874011,-0.015256190955169049,-0.0069531590228924306,0.002224823310354364,1.4136194978711762,4.680828907141959,-3.035106482817149,1.4692556923520466
-0.011553085131047764,-0.015439130458968003,-0.006785750398189652,0.0019298490109751795,1.2965964625224273,4.376145348940678,-2.7119864869865293,1.1986077931316026
-0.011896517720682221,-0.015196229057059061,-0.006836852848076342,0.0024930183404100336,1.4432304130349538,4.415624853602147,-3.137313903823951,1.7061120369723686
-0.010869618633197258,-0.01604056316236173,-0.006294676594963286,9.291930820044225E-4,1.023433693709661,3.6349428709630045,-1.8152660837949175,0.4761047826015216
-0.011433360378330062,-0.015724011196195212,-0.006469499946951716,0.001586988688133203,0.9979561973015759,3.741902492566289,-2.2826391778700716,0.9268778611168028
-0.012101023002456893,-0.015044620529279813,-0.006828950004280669,0.002842074477108381,1.50883951166942,4.381745622710014,-3.3928090595400247,2.0696848524167897
-0.012250654861925116,-0.014864712455965285,-0.006893165619022994,0.0031891104456305244,1.6495690433850823,4.498750803969743,-3.7030341267301305,2.461554165372815
-0.012258077342381282,-0.014641876610941261,-0.007192027764569872,0.0034998243538850934,1.918666135101059,5.170129074012586,-4.239588789106775,2.8474043348862668
-0.012128895840071584,-0.01452413555302291,-0.007537987208961262,0.0035437377218218813,2.2885682694152116,5.812914346575298,-4.642081897105426,3.246831051159203
-0.01602667646653317,-0.010166037358639475,-1.8287441472101488E-4,0.006456910407309239,1.2639263772135887,-0.07158607985042408,1.1579460064614346,4.75282641409526
-0.015946770554036534,-0.01073354503120512,-8.015898013133598E-4,0.006463850045557266,1.2627798879822059,-0.24429179122710434,0.7035946412856967,5.011672265243354
-0.016519198948562148,-0.00969377655779581,2.508906561557208E-4,0.005739147379164603,0.9291618148429431,0.11455547648053299,1.2786642846724732,3.274536291259992
-0.017757924402442376,-0.008986866746430377,4.759616428180939E-4,0.004281840947527055,0.42563580273963647,0.17939969252807395,0.9042006228495821,1.3447694048727719
-0.025,-0.010729293840437144,0,0,0.21432713332814238,-2.2203708077259883E-4,0.2612657060348672,0.18700184418444118
-0.021616108566580583,-0.00920745346834528,4.605612907997459E-5,0.0017624376372763274,0.13837004755114538,-0.003260072186416711,0.29477819728129967,0.22399697383803274
-0.019102409047868238,-0.009403876270782503,1.6161470678441336E-4,0.003243140973189648,0.3106421022704047,0.04541496520655249,0.5476928021363298,0.7088062347007682
-0.015454871157566856,-0.011582622555009869,-0.0019598700111594894,0.006749702837046025,1.524153235421551,-0.3329588992822466,-0.32053707930212916,6.283036994322145
-0.015355917895671006,-0.01172538781262577,-0.0021825332203732136,0.006775372991637515,1.5943165675516093,-0.303253875662339,-0.5511244900415008,6.455841610020146
-0.015140303379629056,-0.01194140343059388,-0.0025976824051683407,0.006879763680156797,1.7181824183128456,-0.20034848665397445,-1.0307285458110533,6.883842551644109
-0.015321245123527089,-0.011867163548367449,-0.0023512851889616643,0.006695693222478605,1.5362085311386282,-0.27390380816921095,-0.7101288420760405,6.374097694524748
-0.015658293870682786,-0.011531061911758338,-0.0017562516196581444,0.006497638825890322,1.3775293873471346,-0.339977671381459,-0.12341781083755077,5.625925681093484
-0.015807558619461953,-0.01135857491826387,-0.001498904745038285,0.006397891658202611,1.2601531179089902,-0.3387768544934931,0.11078325507607356,5.29713447927
-0.01609599134882651,-0.011207475387815706,-0.001207434291551226,0.0060833428605109605,1.0590968962776566,-0.3174278870427427,0.3501337017670895,4.549535758912199
-0.01481555175501404,-0.012264090411384633,-0.003266942750931413,0.006952356952579728,1.9269773163494286,0.07619731776141263,-1.855472960860166,7.479623509331398
-0.01504461329373624,-0.012183080909747864,-0.002916955784838068,0.006746585320634103,1.7167921960917951,-0.09380649349605252,-1.3524320847310902,6.756040034785237
-0.025,-0.014410572767669348,0,0,0.31992437298573956,-0.02052944746738071,0.17367172277944307,0.07013854876195648
-0.021428366743388324,-0.012904783138540906,-3.059688482221961E-4,0.0016087143645084254,0.21753369947159532,-0.14901815115393666,0.19145354550694732,0.3873625668996063
-0.02098054645718886,-0.016962276331861294,-4.647974490561076E-4,9.18345543396603E-4,0.12829906125970766,-0.1869877560917827,0.0500571780536133,0.3388512824807845
-0.014627248871785029,-0.012270165024871191,-0.0035313112347969164,0.007198380307267128,2.143989634183407,0.23496695519927532,-2.31079981442865,8.223615396605048
-0.014733396055203083,-0.01241410575595362,-0.0034974062448928545,0.006855232889893751,1.9038283564427065,0.20507546401956087,-2.09659743216224,7.373864508083069
-0.01452413555302291,-0.012128895840071584,-0.0035432798027912106,0.00753810840542012,2.6783928739279568,0.2606549753858428,-2.2631124017250928,9.21877477059921
-0.016525638461032794,-0.021973118386993225,-7.507550980524031E-4,2.867031021809273E-4,-0.14668505658485279,-0.09989853788341439,-0.1740758827271194,0.22072924959910858
-0.014410572767669334,-0.025,0,0,-0.3029128717743962,0.0981550122666451,-0.20420378253742547,0.012661986557969662
-0.012571232237241829,-0.022142861839483503,-0.0013273695957382369,1.6762373831744122E-4,-0.10451075284671706,0.074182368199459,-0.2862766085166757,0.0985944332480118
-0.01110927156357968,-0.01929871102684291,-0.0030623307996253102,3.1163380061226216E-4,0.07276514985836034,0.6525907473026354,-0.5957399314297182,0.10251544193981489
-0.010575422863957566,-0.01708713958974297,-0.005002660019844834,3.984547697017958E-4,0.5009126417202471,2.251689765695792,-1.2083307788255657,0.21258451929797034
-0.01767649884423083,-0.019230944311517145,-0.001120982212006752,8.684072163976266E-4,-0.003695775783092031,-0.1722330362235903,-0.16935227518261256,0.44788287901102813
-0.01183661665338858,-0.015548810212957127,-0.006388789995535381,0.0021166546509048434,1.2028731310088487,3.527052552436654,-2.53950845409409,1.3198653560824134
-0.012089837250199707,-0.015304065162787341,-0.0064906280901216706,0.0025465540934416823,1.2079909517445087,3.658028604435826,-2.877088495024472,1.7197839252700953
-0.011773515930767857,-0.016277502539531537,-0.005543595675218112,0.0015157085694865995,0.6622413751724884,2.493134398400318,-1.8673516696457266,0.8770834337607163
-0.012342951537948229,-0.0151654979030472,-0.006390422411525441,0.0029016874656645013,1.3730914711124507,3.4661276638189222,-3.026489777848457,2.055631295664361
-0.01239518089061991,-0.01473706375804594,-0.006868711647906931,0.003472555160920004,1.7256621220005453,4.447523676604523,-3.8979533148464993,2.7927675998213934
-0.01247830703831734,-0.014940460423689121,-0.006506024231042123,0.003259563443539035,1.4561243329935436,3.6920193424092673,-3.381340216469591,2.4742703102704513
-0.012413099403855873,-0.014569807051709127,-0.007062094674482656,0.003728390709935065,1.8887869498145007,4.8802986069539225,-4.303950092304333,3.1279960563059657
-0.0122699521913998,-0.014455032777517945,-0.007422837178711418,0.003778895823913051,2.28149902282639,5.532949539034603,-4.7211095978005275,3.5434900522516544
-0.016751173135968606,-0.010754409739147097,-6.481997119540645E-4,0.005386071001945491,0.7557012454382112,-0.19282126332987087,0.6856448464736464,3.13479092266051
-0.017869098282972343,-0.010334498934128184,-1.8315994870657436E-4,0.0042993124808118005,0.4543763180532853,-0.10029070252861251,0.6289896504678011,1.6375839077822334
-0.019526802180449693,-0.011221878868008052,-3.716853331781626E-4,0.0029078418251337478,0.24810118880396703,-0.14584629206315283,0.35758569556695896,0.7582510854243392
-0.015559258370875505,-0.01182008214918163,-0.002105207454351707,0.006416891842038338,1.3440222317076562,-0.31633209434006987,-0.43821735182561655,5.641932207031838
-0.015359594247376833,-0.012076075505580177,-0.0024942945029229704,0.006447977261235094,1.4684614717505011,-0.24614018543891816,-0.8055255697954319,5.91515221114539
-0.015974653027865254,-0.01167297389400796,-0.0016696515960812617,0.005975292652182758,1.079176599475053,-0.3346168119283251,-0.02296286732031477,4.539642452912587
-0.016479455550199595,-0.011524053037201958,-0.0012504265522688001,0.005453685103566221,0.9683809090561283,-0.298713536021765,0.2802741111562244,3.4824225104531417
-0.014966891679414663,-0.012423844853242579,-0.003198397598357054,0.0065579953159178375,1.6670827309861054,0.025212764809981945,-1.6067893764641836,6.4936911715543815
-0.015299004949614343,-0.012395203534495844,-0.002801341872320066,0.006199830763287215,1.335760781098671,-0.1590476986509465,-1.0655262749067613,5.582661852174283
-0.018785520048642198,-0.012942900876211902,-9.174474320639773E-4,0.0029726922447260704,0.23792936651423996,-0.24751619874717762,0.18450345805733093,1.0476370414738636
-0.019089589950856904,-0.014859105817253332,-0.0010216587056182441,0.0021390135041103177,0.18328849116147042,-0.25699056765475775,0.03572136396474371,0.7981596105878371
-0.01802784026227087,-0.01659299021983181,-0.0014189824426943834,0.0017831287533663805,0.10957497741021091,-0.2320402193227158,-0.1387866288008317,0.7436140135795352
-0.014816024877278225,-0.012642264981126023,-0.003537516937000974,0.006447397478063493,1.6771963455906673,0.206369378437481,-1.9512218678632733,6.437902370572912
-0.014616669372156582,-0.012534909667717213,-0.003748518773288733,0.006826315570135508,1.984174891725631,0.37377838828872945,-2.403487808070072,7.439296435670665
-0.014545795048999766,-0.012401063623581314,-0.003757536925398029,0.0071130620027668795,2.1859867469422167,0.3868421369490855,-2.5576835588686038,8.137492168262499
-0.014455032777517944,-0.0122699521913998,-0.0037876945553185124,0.007418352414906434,2.411889824603867,0.41019967772991417,-2.538724576009926,9.053981283368172
-0.014521750645148863,-0.018697797641586505,-0.002418121786244339,0.0011519337185410487,0.02940567895801624,0.020284961435172787,-0.4790003273930576,0.5174242171951925
-0.012357623425710729,-0.017353083467843932,-0.004215632429431578,0.0012901233638871795,0.21473805902460066,1.1643487820248628,-1.1856173445781426,0.6066633535080089
-0.016183114288679062,-0.017374027201353233,-0.0021257609157426843,0.0017725776794809938,0.12636553664865746,-0.13109328125618144,-0.38866894326743934,0.7820582377159414
-0.015063207228690735,-0.016961922558268946,-0.002885150959913323,0.002029760102272483,0.16799948136903609,0.13903297896542094,-0.7504020645150357,1.0327176046250626
-0.012384839343259854,-0.015638641305646787,-0.005793185187235574,0.0024420074582993043,0.9670029190504915,2.602911662992937,-2.4010437880861386,1.601630633788528
-0.012704417548121297,-0.016280900219833506,-0.004925357127734375,0.0020966606156284247,0.5516574331969456,1.665425371219222,-1.7808464653408222,1.223734349562202
-0.012696804080887471,-0.015222947599305507,-0.005926587616937846,0.0030488080487972766,1.0977327104626935,2.678786436223717,-2.768521847384557,2.184785152627377
-0.012593666436007931,-0.014702478280061179,-0.006631092370696563,0.0036567143441235167,1.6639704285877523,3.950438832431902,-3.7964762392706675,2.982826901998774
-0.012737598963149823,-0.014923378119967787,-0.006191101366432275,0.003441982663149026,1.368099573114393,3.1286907160490895,-3.228593731827445,2.6444545468018066
-0.01255424701395555,-0.014481995902840744,-0.0069549495792020745,0.003963386963577034,1.9142038774633081,4.6492121287546295,-4.384823500400297,3.4337359540725987
-0.0127033484186387,-0.01454659723728637,-0.00664773040477807,0.00395135437269815,1.757136912932188,3.9974234629847887,-4.040844427805044,3.373520274567086
-0.012408766398519247,-0.014381534484329045,-0.007296748507633888,0.004017035949192449,2.4523977838668274,5.245307820926204,-4.783290842419019,3.8514501803095604
-0.017439450204021503,-0.01199596023628933,-0.0011296602430808827,0.004287825326745379,0.4494939007879776,-0.30202046424704737,0.2385746681961543,2.0999340629009287
-0.015780171827178537,-0.012262632641577093,-0.0022659992080309266,0.005780134397051288,1.0825114359991324,-0.27593708629621533,-0.5294020657808715,4.451187853826677
-0.016334907394148467,-0.012101856728053115,-0.0017686774517347566,0.005272565500721053,0.7427825302003107,-0.32337456161434813,-0.06645147590934042,3.4731496803657764
-0.015165863403710742,-0.012695798972388837,-0.003132984706306453,0.006006410080913118,1.361985044799404,-0.022978525989106022,-1.3630635771806487,5.3771503327573695
-0.015500698579201293,-0.012714217795179936,-0.002770655968311299,0.005663151880199593,1.192620453867023,-0.1558850969655904,-0.9299960546665844,4.5002295062449855
-0.01493765470413278,-0.012875518243832085,-0.003501937262510696,0.006018020734198188,1.4806288219749753,0.17462473365103937,-1.7552546045585231,5.556871218094766
-0.017558140570378484,-0.013945262692674454,-0.001619261625849886,0.0032399740851427813,0.34504398177428813,-0.3034862854442664,-0.09191209561748735,1.455587476145794
-0.01707408131407098,-0.015551993998639614,-0.0019633968859740837,0.0025666746001968142,0.210860515466087,-0.2332149000632833,-0.2945412708431181,1.1871818795564397
-0.014726420379305797,-0.012872665989875047,-0.0037839204455231497,0.0062250312119017165,1.6557668246358077,0.3646355354531243,-2.1500850804738154,6.1041519422542185
-0.014582553743437504,-0.012693908673739158,-0.003897608203775288,0.006630723201705198,1.9230472327947432,0.4747166487682812,-2.4962935520110263,7.065261235720246
-0.014462602770841286,-0.012551084662005298,-0.003994285685612108,0.006985677625495283,2.14547674433417,0.5660646013880241,-2.8089308994179505,7.950596650565836
-0.014381534484329047,-0.01240876639851925,-0.004012607429592594,0.007299306487749854,2.575099142445116,0.5738371099990687,-2.795462888924614,8.87912425771647
-0.013925331227498297,-0.016677809424232522,-0.003751705684770069,0.0021954177048308394,0.3497214472630401,0.5741506795867491,-1.1216697908249282,1.111383070069676
-0.015402636944744029,-0.015863091490366417,-0.00299937064233273,0.002777591480430792,0.30347969301182326,0.04381884096441187,-0.7972243834392599,1.4638871074461284
-0.013214627390996067,-0.015636803683561917,-0.005004940510158036,0.002857280813832723,0.7888963132748399,1.5651698210051668,-2.06695295858871,1.8800002845225312
-0.013045294564727103,-0.015032930937240783,-0.0056977644875294345,0.00345918280696767,1.2565374094580226,2.3246756173155227,-2.7832494776559997,2.55875252307155
-0.012873922695809281,-0.014718073359542358,-0.006218004842978146,0.0037886294922376143,1.5008032008899939,3.172881588602169,-3.4740570564092477,3.0683960713383773
-0.013139028054969547,-0.014777793130218347,-0.0058059076985320125,0.0038071851003939434,1.2933651826006023,2.4810213074828718,-3.0759360052907176,2.999753224651442
-0.012865391972017718,-0.014483117627241946,-0.0064656071155789726,0.00413186059812879,1.7444933564044904,3.6546620982565403,-3.982326962137382,3.5809793737170916
-0.012696889483451787,-0.014389759062434547,-0.006832606840539673,0.004195993157822189,1.9396812243192836,4.389213539333773,-4.444175830318695,3.754011283812853
-0.012545204192439473,-0.0143037118419788,-0.007167086416184225,0.004244115829899797,2.4533534050710357,4.958887177492979,-4.828324125527989,4.162019969006423
-0.014830994067020332,-0.013111518510797086,-0.003742847442661647,0.005809749194509409,1.3950862893280576,0.3130934634301205,-1.934694112796752,5.288784625547335
-0.016210504469412645,-0.01314282101488986,-0.002302494964397468,0.004625292332691056,0.6796284968120895,-0.2631292786048587,-0.47562700694009713,2.9570268314680175
-0.01527956612025746,-0.013160148357644586,-0.003229378619845561,0.0053691412529756465,0.9926319606039342,0.00593601547068593,-1.2706972475864144,4.274424578114938
-0.01618316586749653,-0.014677486570358422,-0.0025834561906035777,0.0034459229029816852,0.39142025743425163,-0.15366029733860329,-0.6216686750053132,1.9057773001373925
-0.015110195719549573,-0.014849747532087974,-0.003497942604720816,0.0036964216791445675,0.5694611449505539,0.2689878884981968,-1.2742719509116933,2.3688610602822933
-0.014612355688639916,-0.013032555872917594,-0.004011778193419285,0.006103417274160457,1.6546483662625697,0.5314603080412895,-2.364892582042249,5.97918087397538
-0.014688603708948936,-0.013219797400584973,-0.003962400297838749,0.005778458842149049,1.475280575366677,0.4723217936322717,-2.1649310148180088,5.343549597002942
-0.014509020717071547,-0.012852449499028798,-0.00409150440084042,0.006466773694072808,1.8836633886233247,0.6200034945773502,-2.650794302835573,6.799034055371884
-0.014399577781945576,-0.01269235061674581,-0.004182727194547591,0.006832825117500787,2.0881692711289648,0.7220603674618699,-2.9900276159066013,7.678338920183009
-0.0143037118419788,-0.012545204192439477,-0.004230782021136403,0.0071750182952799646,2.799524488982255,0.7527754285798576,-3.041770325009742,8.681805785836035
-0.01430296862094294,-0.015405773957931728,-0.00411598189071229,0.0032424631253766397,0.5757801807128571,0.7107905949957931,-1.59331578251146,2.085923519168185
-0.013499291297856222,-0.01501097350942157,-0.005181081988663183,0.003592070991024969,0.9379624013728998,1.631530284748456,-2.431936951791959,2.632458148073358
-0.013064283373325863,-0.014575246192425312,-0.006078832677933812,0.004069065426423219,1.5257503841792657,2.9406295241263476,-3.521319029146234,3.407438986962355
-0.013338832227622695,-0.014605447019044872,-0.005658721331326244,0.004098550578887653,1.391358419886368,2.263794278663912,-3.094644085149071,3.3266724020513054
-0.01299882810562681,-0.014372777753870322,-0.0063576183244299445,0.004359226950656901,1.7798550686530163,3.467106189790037,-4.034446177064741,3.8816317987034528
-0.012834152046149258,-0.014301479227745599,-0.006697421064463729,0.004411729148316981,1.9470062898014817,4.123367462046403,-4.467741608208072,4.044639950621569
-0.012679131780828632,-0.014221641019906124,-0.0070315867409911255,0.004464967509868724,2.391878899930236,4.6691094730299225,-4.85447083733279,4.47457516917065
-0.014916171986829251,-0.013369539750809397,-0.0036966511974573578,0.005421878903102959,1.3061332877176335,0.2846449534165441,-1.759484712719494,4.5819648342660635
-0.014671355041672916,-0.01339387019425874,-0.004023300040239762,0.005551524420934525,1.3820853496658978,0.5133606914139278,-2.1447141294371233,4.981225017102471
-0.014510350380012735,-0.014693609988732266,-0.004147283878522178,0.003971369755947525,0.7677252786857366,0.6573023570229983,-1.7762442153243891,2.8330269715222456
-0.01522095353964326,-0.013903592891012838,-0.003400217238327886,0.004595001228612019,0.9037075067834162,0.1269884259704782,-1.2916425270167526,3.2748755676581527
-0.014738128397797126,-0.01440333866565776,-0.003932664678056575,0.004259431772394248,0.9114185743585208,0.47695369027065926,-1.6591415976972734,3.0612163425234193
-0.014555065601632843,-0.013305794095384692,-0.004170233023544059,0.005755083729090555,1.5357756783921634,0.644086578912035,-2.390818162323155,5.396349953283194
-0.014504141580634403,-0.013147704855358346,-0.004207156815261965,0.006024673533246383,1.680463820870365,0.6927590429308995,-2.5619553032943645,5.924219864007533
-0.014414953678858478,-0.012991198981861305,-0.004294231471630254,0.006339261691977349,1.8845868435061235,0.7906646215783847,-2.8357395318479353,6.624740946885116
-0.014317860819984991,-0.012832397386491052,-0.004388195263241767,0.006687885493123178,2.0933756761443854,0.9072365094827165,-3.1858033783063635,7.444643126493646
-0.014221641019906124,-0.012679131780828632,-0.004458802801847511,0.007035473246885746,2.632335922956107,0.947693135354385,-3.2792376553929263,8.463951634702257
-0.013603291797419384,-0.014634574954860277,-0.005277082672737604,0.004091516918045332,1.1660744572021904,1.753776367385153,-2.7642905108263163,3.2749426380403177
-0.014000958740393069,-0.014733475780602487,-0.004718763578155919,0.004000923061132501,1.0363124797593255,1.1389933600936837,-2.2066600331842277,2.9509527738050454
-0.013528298493862945,-0.014448394340274095,-0.005488398664599148,0.004348936563163767,1.3818963231365364,2.0283935120168475,-3.06775660291243,3.6230523426821697
-0.013180332084688011,-0.01440585073787131,-0.00604124518310259,0.004357679478819256,1.6130239394705133,2.8968202451889646,-3.6818846486734613,3.807185321727473
-0.013357300491236908,-0.014385296268243211,-0.0057832707638923835,0.004424573482716418,1.5273239627998796,2.4883256054916023,-3.447283063458932,3.8298434495383207
-0.013094531405287407,-0.0142647980468097,-0.006292315131358023,0.004564767876450706,1.8251034464467195,3.360716398238034,-4.116675619200406,4.179380282743801
-0.012954277752292593,-0.014206174691128053,-0.00658155832166174,0.00462170208113393,1.9990067236643316,3.900241483562151,-4.501209080317733,4.352457963482583
-0.012810416269897769,-0.01413540329229132,-0.006885784111784658,0.004686796689255714,2.555415065085504,4.376865418331511,-4.8645440314198165,4.795469898797507
-0.014508451958165587,-0.013463895230306132,-0.0042616363539127655,0.005558675845490108,1.469511550679842,0.7102611299228979,-2.398304422061901,5.079337011589437
-0.014704347241289504,-0.013631907792609158,-0.004009429590093836,0.005210624926210211,1.215182624938387,0.4851365007808475,-1.9881016023552525,4.40520950077246
-0.014359347409361761,-0.014361288855589219,-0.004400403290017848,0.004407061416956067,1.0305005373665093,0.8158312733249975,-2.07240481320838,3.3774622959935887
-0.014621337206830435,-0.013997377311285272,-0.004118820148747276,0.00478534840389059,1.0995264199995247,0.5754831439646028,-1.9587253357941952,3.819522981197579
-0.014402775718742386,-0.013303702796415276,-0.004395165798180017,0.005864436753370839,1.6672591775202117,0.8568656662888782,-2.707713093805321,5.706815007231952
-0.014314047517496402,-0.013137977272119438,-0.004499591643294643,0.006189348426400184,1.8752541336463973,0.9784993962549838,-3.0104618815074526,6.409806465152463
-0.014226428572992252,-0.01296896576698796,-0.00459689058288414,0.006543078527864998,2.0830617593770246,1.1116110627925073,-3.378284346683373,7.2173373153123785
-0.01413540329229132,-0.01281041626989777,-0.004680533716966683,0.006889986119879103,2.572314746984335,1.1558587942523504,-3.5028948419224135,8.23992072789089
-0.01375415014254718,-0.014430558841896602,-0.005173061702619194,0.00438595113887856,1.2759061847412008,1.6231750786425108,-2.8002202123903577,3.6218245525470567
-0.013991548317695588,-0.014349231101398305,-0.004884584362290305,0.004487768114532817,1.2081630823951326,1.304427707552171,-2.5794037466863595,3.6683479929010407
-0.014123809785056382,-0.01414466121949463,-0.004761115111079318,0.0047460574751849475,1.2793314674283955,1.1704554580164865,-2.5680955436413417,3.9914318004086575
-0.013609841326968693,-0.014304899738280108,-0.005446341056263127,0.004565398600137575,1.4594723858163383,1.982739898814021,-3.1531920175394945,3.924929176918332
-0.013458409608282882,-0.014269845972686277,-0.005698695509178658,0.004614199735608729,1.5813573374662535,2.3713304330896317,-3.47864642773045,4.086847067016532
-0.013259990478097564,-0.014223623647175433,-0.0060480598425790445,0.00466677614530516,1.7425392190613063,2.9304290631875283,-3.9063526515938216,4.27448680149741
-0.01309371030143977,-0.01411479298388569,-0.00641435694629633,0.004821383805178814,2.031853133568506,3.598709963776597,-4.465829673380735,4.624955636116597
-0.01293892622972893,-0.014045084994930427,-0.006741759100304094,0.00489175069570333,2.298923103504812,4.085810741094109,-4.854547162043849,5.1080623341905325
-0.014335299283020098,-0.013457992398866584,-0.004516651384277326,0.005672942266689853,1.6132154671421468,0.9620296661612178,-2.750524675973465,5.404105556239323
-0.014388471503464237,-0.013685836701045435,-0.004442075087945294,0.005306551885013339,1.439125170293629,0.8632908583706336,-2.483692779213922,4.731757272522212
-0.014316775149426733,-0.013998298961797212,-0.004523402702162679,0.004895764046659118,1.2627133447286392,0.9358499822801276,-2.3992141214303326,4.128698044618833
-0.014203168813063606,-0.0133090323352774,-0.00471131103856554,0.005988979789913409,1.8331353996768789,1.1855344912550068,-3.159523825600765,6.10496124166631
-0.014132816740687284,-0.013107258896816337,-0.004796935516074454,0.006381508828514172,2.0866159046720507,1.323437912003939,-3.5467399777776776,6.951714928713483
-0.014045084994930427,-0.01293892622972893,-0.0048947711855637545,0.006739413491470392,2.619111936123021,1.376798635738334,-3.7115700868144663,8.004726311085786
-0.013764212213302615,-0.014232914872101083,-0.005249671715637121,0.004669503275048556,1.4125936707474498,1.718534100828963,-3.0047826831989775,4.024227290096527
-0.013923030783914981,-0.014104725532060953,-0.0050622228635018385,0.00484318374923588,1.4343018796646,1.497011759190577,-2.9026777663763785,4.2202041169607805
-0.014043947696295706,-0.013951455916931099,-0.004923248106034273,0.00504486104668896,1.4533269826205333,1.3441899336850665,-2.8643028392775474,4.492825425375448
-0.013591689973258847,-0.014158900311480295,-0.005549065161526708,0.0047915184429947215,1.5844352077310093,2.156471225946422,-3.422514959646987,4.31350902849215
-0.01340243101698226,-0.014098473810976382,-0.005891266245537337,0.004890225965812552,1.783539850975507,2.687411596217799,-3.883040808986006,4.583398233975083
-0.013233218438765721,-0.014026307709755477,-0.006231444770785002,0.00500294601832707,1.9870101145517403,3.2905124727422614,-4.395043440683922,4.863146944205773
-0.0130645347166975,-0.013950775489717909,-0.0065871541488637005,0.00509785826830547,2.239490879368964,3.792810213568684,-4.821853935752754,5.4140034225857105
-0.014178429288234082,-0.013534871583918313,-0.004762890316690866,0.0056372311977607795,1.6766551780359145,1.2121189284280343,-3.0164880045809457,5.45231688454792
-0.01413642807304929,-0.013744417131376868,-0.004813796498861951,0.005329159338819985,1.569107689976373,1.240974887877117,-2.8964775994668046,4.917177022617172
-0.01404572701569939,-0.013390767970283983,-0.004981454550601187,0.0059477202690408435,1.9223496532019826,1.4991449859185284,-3.48338343314468,6.143087526580652
-0.014012994254018857,-0.013231059674723648,-0.005028668335659173,0.0062475462070402865,2.136514247818456,1.580043923826594,-3.7528816113419374,6.780150918345988
-0.013950775489717907,-0.013064534716697497,-0.005113367858717344,0.006575109648284581,2.3360446600073264,1.6139086216698308,-3.9088422547163835,7.754413553014554
-0.013715012735430396,-0.014049173707490243,-0.005402478516006275,0.004957497356199595,1.5977063345636795,1.9584428583477667,-3.3606574741451767,4.530179247105614
-0.013832624599240171,-0.013917160304694094,-0.005260438202653887,0.005149995314278272,1.6355174218421487,1.7818320508033858,-3.3185932234475772,4.79901342127262
-0.013923242207898185,-0.013751918289522274,-0.0051532957705959165,0.005394136142311739,1.7227172638607746,1.6653295164825297,-3.347533758407464,5.1816757136701
-0.013530186485515789,-0.013983803309529183,-0.005736104608365729,0.005082511577929736,1.8071994880938222,2.458748435839041,-3.8352293660476167,4.852496334313391
-0.013355329526284187,-0.013920305364993939,-0.006077920137559822,0.005200358531342205,1.988150606167993,3.0360367934789276,-4.358820124784324,5.161220724856517
-0.013187119036995118,-0.013852566968142575,-0.006417246518263884,0.005310078672813658,2.4862546123310043,3.4991539769408213,-4.769516348432296,5.726703786657317
-0.013967702592976795,-0.013544121335046882,-0.005109549137176044,0.005724539918211627,1.8543507029077537,1.6378999096853328,-3.5005069736571106,5.764820564818044
-0.013898160957191473,-0.013362759640572406,-0.005241353469798357,0.006079341007269714,2.1233131971500647,1.8394392774086434,-3.919816091308028,6.521810727034235
-0.013852566968142578,-0.013187119036995118,-0.0053130990199332625,0.006414818535523486,2.4857502456839984,1.8605996581164426,-4.086400387375439,7.501501734466797
-0.013645017499505821,-0.013866102665398628,-0.005590097726626004,0.005270672030683705,1.8348793816044158,2.2559281793365353,-3.791651988651584,5.125459753643445
-0.013745296291701995,-0.01373918978952333,-0.0054578529209891044,0.005468646541500958,1.8776743849533595,2.0841108311436716,-3.767548847611208,5.42947694699263
-0.01381352228515837,-0.013615173345981332,-0.005366868295155738,0.005664350538489704,1.940330529710112,1.9748218829059403,-3.7883948823140976,5.757803867900106
-0.013474036651264882,-0.013810396301375155,-0.005917517833366203,0.005393742547709156,2.011240529394614,2.7821486344690456,-4.303846618004965,5.457085620157248
-0.013306558565652453,-0.013750556019033763,-0.006245938590275747,0.0055106208719186865,2.49920601111991,3.212043243210298,-4.700260736760216,6.036587245168351
-0.013793428199524454,-0.013471649530280422,-0.005425177162283573,0.005930218056162287,2.1245075806162412,2.0717922236834436,-4.052174928925324,6.303777695014447
-0.013750556019033765,-0.013306558565652457,-0.005511834176595033,0.006244878807188427,2.433762319462631,2.1197313939853717,-4.2478497655232275,7.228158644546383
-0.013584399677610272,-0.013696768263949577,-0.005759491940750628,0.005583863824213108,2.035972642845022,2.5428902757484813,-4.240982712195088,5.756668857424036
-0.013683778478481071,-0.013584543511217064,-0.005607169932975724,0.005763658320519487,2.091030502066216,2.322585759852238,-4.171183817420533,6.049051728078077
-0.013422735238775142,-0.013644843410250553,-0.0060681613559728535,0.005705810986998336,2.5679320254477878,2.9298468592351816,-4.613591868308001,6.345101736478777
-0.01364484341025055,-0.013422735238775142,-0.005702839758386552,0.006071005263474566,2.4832263248080877,2.384969657593438,-4.389478049021292,6.944925686358463
-0.013535533905932737,-0.01353553390593274,-0.005885608650729701,0.005894001554297036,2.6251335150105337,2.6539411781251876,-4.5104426650089104,6.651095931943087
