% Model,4_roll_mill.mph
% Version,COMSOL 6.3.0.290
% Date,"Sep 25 2026, 23:36"
% Dimension,2
% Nodes,5086
% Expressions,6
% Description,"Velocity field, x-component, Velocity field, y-component, Pressure, Viscoelastic extra stress tensor, branch 1, xx-component, Viscoelastic extra stress tensor, branch 1, xy-component, Viscoelastic extra stress tensor, branch 1, yy-component"
% Length unit,m
% x,y,u (m/s),v (m/s),p (Pa),vef.Te_1xx (N/m^2),vef.Te_1xy (N/m^2),vef.Te_1yy (N/m^2)
0.013535533905932737,0.01353553390593274,0.005890985404807928,-0.0058883067097358875,-0.042933173606535945,-0.056205711444930036,-0.0918839087263756,0.1633006103162694
0.013600372029679758,0.013709803865981274,0.005723684645958232,-0.005554674572653789,0.008342502486490043,-0.05443971488573731,-0.09021323757502174,0.1515365001376118
0.013422735238775142,0.013644843410250553,0.006073743722407574,-0.0056996042409970605,-0.0754409701602867,-0.05027850321156294,-0.0985661323130357,0.15736483228098871
0.01364484341025055,0.013422735238775142,0.005701573681494785,-0.0060718623274253385,0.017372769526976632,-0.0616450099454616,-0.08481443335848636,0.16879194810561252
0.013718373709672464,0.013595905324009628,0.005540720312661367,-0.00572902340296872,0.003454192985423927,-0.05999023930915071,-0.08352225351213073,0.1570839629245249
0.013789014237007251,0.013775599760053108,0.005385962499714317,-0.005405231638745571,-0.0016579126724496328,-0.05846807171209956,-0.07891864433344466,0.1476933677814752
0.013477831047184488,0.013819434280995368,0.005903226437014999,-0.005375313472960484,0.007668310195516212,-0.04846372651185016,-0.09659424123724836,0.1455983841426046
0.013306558565652453,0.013750556019033763,0.006250337178207982,-0.005505339544033654,-0.1050083504926181,-0.043890657672530385,-0.10484334256737236,0.15097500342155218
0.013660033111307993,0.013889011539916812,0.005568511975179016,-0.005240517510735611,-0.010646991245909232,-0.0531454487791698,-0.08563228902974764,0.14261673657213983
0.013750556019033765,0.013306558565652457,0.005505424002402157,-0.006250207968062385,0.1176873225809143,-0.06656934836261844,-0.07739225415665793,0.17386490028072835
0.013830800433200181,0.013476317096416135,0.005356104849902955,-0.005901470514159555,-0.010118957452054335,-0.06510907686075627,-0.07657589490586762,0.16230285767459876
0.013852566968142578,0.013187119036995118,0.005303255034239881,-0.006422598015414681,0.24567675862494584,-0.07097044260157108,-0.0696746688312757,0.17855866262538064
0.013935682275700247,0.013349971672427111,0.005172399504883684,-0.0060755107036988805,-0.03140951140410395,-0.06978049636121995,-0.06943507393582384,0.1672698066544658
0.013950775489717907,0.013064534716697497,0.005096273705584689,-0.006588081447148202,0.34012911590201117,-0.07486673052495238,-0.06173226631174755,0.18289884460325487
0.014030789308688528,0.013218806542017597,0.004991918418241718,-0.006250631599744513,-0.049007301961910395,-0.0739442486197661,-0.06219225404397933,0.17196293807634935
0.014045084994930427,0.01293892622972893,0.004886224915990185,-0.006745526173997922,0.4814246957834935,-0.07833119347896683,-0.053507699313084245,0.18682185723035047
0.014111599378270837,0.013091713043794107,0.004824270830642706,-0.006415269512881632,-0.08466635486791275,-0.07739808818399053,-0.05528487961837634,0.17613575141742824
0.014194305379611711,0.012947806699152953,0.0046352553964362,-0.00659589513005501,0.03448779507095312,-0.08073292296404337,-0.047252368248347915,0.18053847593437758
0.01413540329229132,0.01281041626989777,0.004685888377313878,-0.006886115322103029,-0.2642541337291128,-0.08153160395877615,-0.04534829271654938,0.18988251817347768
0.013912051982461593,0.013657370500157884,0.0052028333710302304,-0.005565580627140848,0.008297546196878195,-0.06328537921382048,-0.07206084806662137,0.15236620990231764
0.005475864446977092,0.012128895840071582,0.0035506560972907316,0.007534588286468761,-0.4376454165794466,0.07228166733931687,0.11959772250427682,0.01147142066992377
0.005544967222482056,0.0122699521913998,0.0037786924543282683,0.007422789809366728,-0.7103610425866949,0.0805227152234751,0.11843487412301486,0.004216520399573223
0.005384988276707032,0.012256373020795361,0.0035544286676685746,0.0072752431027032225,-0.5106159959326937,0.07203033717600305,0.11409482602687361,0.0035811112146265163
0.0056184655156709526,0.012408766398519249,0.004012110347469819,0.0072992221224020895,-0.542670265200256,0.08893920228602926,0.11682122630282027,-0.0030195251051297525
0.005452849640796468,0.01240318962703027,0.0037742591883754566,0.007145920896818995,-0.5120098436239368,0.07982152592412489,0.11213802542035844,-0.003626122163581326
0.005696288158021204,0.012545204192439471,0.004234874220190868,0.007172291038256474,-0.7536261956739766,0.09712399183410973,0.11481515755046752,-0.010108728109823127
0.005529640505684636,0.0125401227648174,0.003989020616674256,0.0070234904273940605,-0.4972502588500576,0.08754940304993657,0.11014277367365889,-0.010275016566581857
0.013187119036995118,0.013852566968142575,0.006422161578658725,-0.005303987093301669,-0.2533005817615011,-0.0370419509835122,-0.11071763136991426,0.14414671582200486
0.013351107022969808,0.01392541581713435,0.006078843906849186,-0.005189514459715075,0.017049472929082127,-0.04207895404434952,-0.10262259586220913,0.13925950365178966
0.01322122959853938,0.014017722482861296,0.0062542501812082344,-0.005013782536149492,0.005516322973314177,-0.035455732001723146,-0.10833894983862978,0.13308500244012478
0.0130645347166975,0.013950775489717909,0.006581042706542817,-0.005105572346826245,0.003827946098403643,-0.02990547158149375,-0.11597096019961366,0.1370982158727856
0.013096419399956469,0.014116542010200362,0.006404630152128215,-0.004816222743884379,-0.07269035146582402,-0.028549151987726788,-0.11328605919807534,0.1259303751247471
0.01293892622972893,0.014045084994930427,0.006735297603403305,-0.004900162326408508,0.15269276652747618,-0.022535732728841285,-0.12076876726741274,0.12951233990505978
0.012972521245288625,0.014217874374695419,0.00653733620697254,-0.0046054916983968965,-0.07199315506747038,-0.021534212957133588,-0.1175048453137507,0.11838164498754274
0.012810416269897769,0.01413540329229132,0.006887597725234894,-0.004683560978322959,0.026469324972604413,-0.01487477628880955,-0.12520960983426202,0.12150328094908382
0.012839827066483962,0.014311623478234609,0.006674998946339301,-0.004395135822477156,-0.05476559270517877,-0.014053498423300262,-0.1215222189942567,0.11070634621722066
0.012679131780828632,0.014221641019906124,0.00703288719305552,-0.004462429052791529,-0.05696901826790984,-0.006932544057020308,-0.12922131720617341,0.1133853357303035
0.012701251922791224,0.014398420963482433,0.00681329810436265,-0.00418338105252419,-0.03991159984542612,-0.006206437838898231,-0.125205413612988,0.10284696436478831
0.012545204192439473,0.0143037118419788,0.0071707658612578514,-0.00423730715673386,-0.11881159756184749,0.0012901976711601295,-0.13274699466800796,0.10512219104556299
0.0122699521913998,0.014455032777517945,0.0074259913181036995,-0.0037723991423511834,-0.4111629319616897,0.018591655591981768,-0.13821733352908022,0.08807019395190459
0.012260021208380519,0.014611074671180408,0.007227392215634581,-0.0035422508681401924,6.129947241032564E-4,0.019056945473098084,-0.13409802364291432,0.0787910814413051
0.012128895840071584,0.01452413555302291,0.007536319243506398,-0.003546905697059804,5.143478310647644E-4,0.02738258020324161,-0.13995919894732375,0.07958804771185975
0.012408766398519247,0.014381534484329045,0.007301817650004014,-0.004007239783016748,-0.211296242759847,0.009798575000787792,-0.13575793066533204,0.09667289253003923
0.012409854228658904,0.014552234289259431,0.00708654097796872,-0.0037514919951127587,0.0019474997249244563,0.01039954943983052,-0.131412580712268,0.0866575251093281
0.012557660329119527,0.014479234830156784,0.0069500463387234595,-0.003968067309346406,-0.022768500360276753,0.0019637058016342373,-0.1284973736301275,0.0947860458855317
0.01139495244676372,0.014801469324203571,0.007996953347321825,-0.002328757908783536,0.10924454180730658,0.07185248094829019,-0.14101267028147588,0.03481255327578155
0.011376220369387909,0.014971421820460091,0.0077196572187215465,-0.0021350920539605594,-0.09260083704900494,0.0695549662939431,-0.13550836043574718,0.02768922041804286
0.01124342629880737,0.014842921746160495,0.008066557739189165,-0.0020749438986023393,0.0830441497122876,0.08067789667112098,-0.139733118711823,0.025964740569682145
0.013854249083510836,0.013952809235111097,0.0052389806320691,-0.005108331698338727,-0.004739072794918839,-0.056993408633933894,-0.07557143693938624,0.13866681816760698
0.013990342909939129,0.013849726014366208,0.0050510731144377445,-0.005236266999370674,7.110000770602573E-4,-0.06151587127537201,-0.06873503109078992,0.14235794590214132
0.013528783198188036,0.014004621048575694,0.0057417074723741844,-0.005059011359124981,-0.01946265372290558,-0.047321522369652834,-0.09188964886045449,0.13678333355055586
0.013715272156834137,0.014081220275654527,0.005413953554409812,-0.0049278105481060305,-0.010649600505656096,-0.051491214733127406,-0.0821066853614373,0.13307883629373826
0.01,0.015,0.008329271047257622,8.28595001044593E-6,-0.3425372405345983,0.14692769044722054,-0.11063040341687336,-0.03779327730059593
0.010157039844353498,0.01499753324023817,0.008325098911548609,-2.581417641273204E-4,-0.09664320158320121,0.139425505770207,-0.11601667980108228,-0.030705101459869738
0.01007842976979889,0.01514785254261665,0.008027299628047414,-1.235318432074474E-4,0.029352818046274542,0.13504038382247222,-0.10960080927812223,-0.035424858684631105
0.009917767793969169,0.01513312123502651,0.008053986738420026,1.2823788521432365E-4,0.02453348701128472,0.14264842278780063,-0.10463936695040603,-0.04197858340625437
0.009842960155646504,0.01499753324023817,0.008325417864091373,2.5523147910218015E-4,0.22937193146572557,0.153819108722826,-0.10489292916680208,-0.04417328532261342
0.009686089839949744,0.014990136311907444,0.008313398158405094,5.123202151469941E-4,0.33702750852670404,0.1602695499067888,-0.09865076637654456,-0.05055878126481869
0.009750662182328266,0.015137786300058416,0.008025953927857652,3.890845602235687E-4,-0.08722654514991407,0.14897068315387682,-0.09835217229916839,-0.04861791280146532
0.009599927206603588,0.015144196947977908,0.007980234056584599,6.203216874586015E-4,-0.060991339745039015,0.15380201872163976,-0.09238709583048853,-0.05404866626782429
0.009529528446938641,0.014977816440745884,0.008292436035755947,7.793527356440201E-4,0.16903265113087138,0.16631129014179885,-0.09201953765584385,-0.05669051491980904
0.006147433031857422,0.013187119036995118,0.005310396548661594,0.006416886560285375,-0.4178265283201122,0.13676549688869322,0.09718458618769087,-0.04298692556337417
0.005971457475619404,0.013235768390507574,0.0050079841869269,0.006240664648057285,-0.4663618016206679,0.1257040428580998,0.09249034081345008,-0.0430688120377976
0.006049224510282093,0.013064534716697501,0.005108619578013863,0.006578545622378292,-0.3146278451854698,0.1291999112818863,0.10154870550753205,-0.03699039958796697
0.0058592498594220825,0.013109139549116983,0.004793121809683463,0.006389691814132168,-0.45724668821869735,0.11775900461522525,0.09625212483990132,-0.03712234657587913
0.005954915005069574,0.01293892622972893,0.0048901115545198735,0.006742543158470864,-0.7294187127383421,0.1212409306148734,0.10564567802321383,-0.030628338964685097
0.00586459670770868,0.012810416269897772,0.004677940307511709,0.006891455407323999,-0.6444376756448372,0.1134370354096386,0.10918840858113925,-0.024038483604437676
0.0057713744146428644,0.012964291284478633,0.004600821979392561,0.006567945426245912,-0.41974625432852547,0.11044774015916127,0.10060728329144515,-0.03052753088276502
0.00745479580756053,0.0143037118419788,0.0071666301564580585,0.004244340007904666,-0.2926563637008745,0.19510641746912769,0.023348155227915387,-0.08760912223936285
0.007591233601480754,0.014381534484329049,0.007297197395693281,0.0040157691002360284,-0.2320601322604153,0.1969731170967607,0.014835215962200365,-0.08890141473005801
0.007429033804519306,0.01448545612727639,0.00691340789414778,0.003961307874874534,-0.10158011740171106,0.18409921669614923,0.016415034218430977,-0.08731967551442128
0.007730047808600201,0.014455032777517944,0.007421067339122967,0.003781991169210098,-0.12583267871694123,0.19817989961939472,0.006174426867536837,-0.08958746782896203
0.0075710535810094735,0.014569801242176347,0.007027362177940165,0.003734162808568527,-0.09959369524626015,0.18555073901642902,0.008198331651315343,-0.08826991823323188
0.00541122549991139,0.011985736283431544,0.003317336560431755,0.007640130845992441,-0.2464424124712659,0.06393800956306872,0.12044562432116833,0.018730872149235328
0.0053100259660923375,0.01211062744436012,0.003319470242677486,0.007383111350654267,-0.5941585238939989,0.06368044994439649,0.11522274276326648,0.010807257723261528
0.005237745331925143,0.011979979705137157,0.0030983368793558084,0.0074629733956349574,-0.5866673426594299,0.05605345015057018,0.11559542939890548,0.01715685993232766
0.005351115767339394,0.011840618209004684,0.003074064438659325,0.007741154886881672,-0.3046313737568185,0.05553409505621845,0.12095939013356787,0.026003153737345092
0.005295594968187607,0.011693686304088874,0.002826124186615617,0.007835097732103538,-0.40006007117650494,0.04723189150563894,0.12120709994896038,0.033432203373051035
0.005105368440825352,0.011681851614246548,0.002617741848340014,0.007633726337894519,-0.505750058684206,0.03989282481668486,0.11575430231134991,0.031697204981400044
0.005244717217658645,0.011545084353673888,0.0025757280858706814,0.007920995669552433,-0.46272349962042164,0.03907846374355551,0.1211264780260179,0.0409904908760821
0.005167503608268917,0.011834293652512979,0.0028595101048613267,0.007547942771689262,-0.550655603379949,0.047966683373319156,0.11579589653856877,0.024255741004813397
0.005052202451674355,0.011525767283912178,0.0023751551087223505,0.0077177961549575085,-0.4649822273263448,0.03193323822698397,0.11544655329869703,0.03935194277915377
0.005198530675796427,0.01139495244676372,0.0023240789669581154,0.007998479929644187,-0.47242398153238113,0.03106770385005608,0.1206702395454622,0.04864643095964332
0.01402550114760883,0.013526857260289717,0.005024830386122974,-0.005736098025941851,0.01987612060900928,-0.06769938767058575,-0.06522144913979096,0.157063461484389
0.014124977695940448,0.013384863047938312,0.0048562771245892235,-0.005919223831573819,0.028672073989609474,-0.07171372415463373,-0.05855837170672321,0.16187969570328267
0.014209382721291592,0.013234789260118696,0.004696702585138129,-0.006112966542390941,0.041614933764444036,-0.07535616827158492,-0.05206784651998208,0.1667755544116514
0.014247798891399984,0.013084182693223506,0.00459595396449624,-0.006330604240497961,0.03943508190597509,-0.07836483624397067,-0.047478278822350714,0.17239312435659998
0.014221641019906124,0.012679131780828632,0.004458175334917989,-0.007035563740779218,0.29809826526147715,-0.08410914828224718,-0.036565424643489504,0.19266759723071333
0.014294749528390119,0.012822050519024514,0.004413755445458253,-0.0067189767840601785,0.04014110525225283,-0.08337067699218514,-0.03890198144819685,0.1824803890825639
0.014371127571061366,0.012683344983278035,0.004215507007018814,-0.006867859900919238,4.4775365776374886E-4,-0.08548595169177721,-0.030946632835167406,0.18509027667973932
0.0143037118419788,0.012545204192439477,0.004238852240100171,-0.007169974735723392,0.11465495991116222,-0.08622516128542318,-0.027810326086119743,0.1948537030035226
0.01445310477866047,0.0125400028143266,0.003995163709949518,-0.007004704748663037,0.09946628266326758,-0.0871602408144485,-0.022182687801697114,0.18688759790148865
0.014381534484329047,0.01240876639851925,0.004019494818248867,-0.007295153650697421,-0.2518225240546435,-0.08795620997354757,-0.019070303535814143,0.19626833802622465
0.014455032777517944,0.0122699521913998,0.0037829688930142553,-0.0074204942872738225,0.0641669345787776,-0.08898431724951526,-0.01004037417950382,0.19718929060458323
0.014540946260319619,0.012405474324429537,0.0037634296464760485,-0.0071068415768001025,0.08506930564938416,-0.08813352874121431,-0.013554417666501452,0.18713575954406572
0.01452413555302291,0.012128895840071584,0.0035524185645756014,-0.007533613844927228,-0.1802287538518437,-0.08948771932610466,-0.0011199296078217393,0.1973613843322087
0.014609931764667168,0.012268397418482029,0.003549945401509921,-0.007218271996356989,0.08627204993886574,-0.08864563314148764,-0.005400423124580695,0.18765882505634482
0.014375354792961943,0.012982432815548485,0.00435707383057074,-0.006393305077174012,0.029241250999535607,-0.080620186601026,-0.03857405453899195,0.17270618313456643
0.014119697455404432,0.013720807424920668,0.004868240813436627,-0.0053918009051935585,0.007174919913403186,-0.0658229366017135,-0.06178260989156247,0.14655901011021832
0.014755282782341356,0.011545084353673888,0.00256685841424823,-0.007923639490925534,0.28790683869971384,-0.08499075371238617,0.03454904346265973,0.19182009444545053
0.014895594522828442,0.011674053623257418,0.002580786314183,-0.0075484316815730345,0.04378066243716744,-0.08507506942284603,0.02953522522311544,0.1820160878736166
0.014704405031812392,0.011693686304088876,0.00282810520904741,-0.007834261725008587,-0.17457457434731563,-0.08719645249709788,0.025682989921351054,0.1939819769713896
0.014648884232660605,0.011840618209004684,0.0030716561371412995,-0.0077421067207674756,-0.11112197256546193,-0.08858460539692235,0.016907117144757313,0.19580299197310802
0.014825284481475999,0.011826959115400397,0.002833265298898008,-0.007485937810184134,0.11530835565014884,-0.08684987502585982,0.020860839097207855,0.18463507172603377
0.014588774500088612,0.011985736283431542,0.0033127539779938286,-0.00764203301396912,-0.1014714484995244,-0.08935323791474899,0.007919432409714289,0.19692146176301537
0.014754940068310903,0.01198471894306367,0.0030865433621159043,-0.007399310365504516,0.09004735355740555,-0.08804188738681694,0.01165074655373949,0.1862185186062335
0.014686451673050917,0.012128038793449163,0.003317262706128103,-0.007309668226814247,0.13155839137554817,-0.08859539724687697,0.0032616949881461646,0.18710191454013358
0.014801469324203571,0.01139495244676372,0.002312159743289315,-0.008001843572297277,0.4220039047726725,-0.08226696143262595,0.043174847768789625,0.18939909501083804
0.01493445220068057,0.011513356353945181,0.0023465925919610095,-0.0076506731131498655,-0.022476682019047206,-0.08305345021512715,0.03798485641062696,0.18042646543709984
0.014842921746160493,0.01124342629880737,0.0020645330728032095,-0.008069398378674838,0.28617724437283165,-0.07913971991447329,0.05159277761314244,0.18640701514484428
0.014959429856587292,0.01136458873849668,0.002131804505489809,-0.007748232162557814,-0.03946959152483092,-0.08075745771308672,0.045645911969998905,0.178843722889547
0.014991643309236129,0.011199264790400747,0.0018809325392693187,-0.007832718446986712,0.06421598239338279,-0.0774606642215853,0.05424747867369114,0.17595782452424213
0.014879595159429932,0.011090665429940793,0.001822240162975196,-0.008127440089459235,-0.20697773628543126,-0.07580216245558052,0.059642306791344434,0.18278745004230576
0.014911450597951645,0.01093683137430405,0.001557781669115699,-0.00818214220503635,0.15129916606713237,-0.0716586341264878,0.06771549861922661,0.17861189666117638
0.015038248259075257,0.011044465433280916,0.0016295190613339584,-0.007867465135176383,0.059901653701952946,-0.07373338788548507,0.06190879956351265,0.17144938756569353
0.014938455742167742,0.010782083680081914,0.0012995654595502832,-0.008227239677372395,0.2007494224061039,-0.06703333070281481,0.07551812464024198,0.17397592037926177
0.015061549346405119,0.010894073742431017,0.0013984693189032303,-0.007922395140661601,0.005654831742218403,-0.06992068958063678,0.06898538486676707,0.16777951026566304
0.013681527751657284,0.006432351695222713,-0.005611553536833445,-0.0057894138888176135,0.3512049829167064,0.15459465126128394,0.09279057212253337,-0.0539704773202419
0.013644843410250553,0.006577264761224861,-0.005705935457473675,-0.0060678156387364195,0.5614615404848652,0.15969270496182822,0.09972175978506276,-0.04935894678442573
0.01353553390593274,0.006464466094067266,-0.00588563710153527,-0.005893590354585059,0.05689691999327412,0.16541388982362806,0.09307036451191623,-0.055393102412619355
0.011090665429940793,-0.005120404840570064,-0.008127568501163751,0.001821127606058661,0.27895681722953103,0.16370995147222736,0.056187362628571956,-0.07206141613104294
0.011048454876476385,-0.004949957765702918,-0.007950624665135532,0.0016477096889588021,0.36268282787459455,0.15487538630955214,0.056251121372088285,-0.07108039387462267
0.01093683137430405,-0.005088549402048354,-0.0081820185509144,0.0015584308145155754,0.43400309213180405,0.15786579053849836,0.06319923002956239,-0.06766770919365396
0.010886169544085597,-0.004922388093860256,-0.008008150922450698,0.0013954889022076528,0.2880786290432242,0.1494140411457794,0.06303211665844188,-0.06688030444186677
0.010782083680081916,-0.005061544257832261,-0.0082277470408131,0.0012961470205593384,0.5378411073111525,0.15179898208359774,0.06984459320050602,-0.06283372046828886
0.010726489547476008,-0.004907651960667565,-0.008063337085056231,0.001149318632262317,0.216797709150476,0.14392663531950908,0.0694093230932712,-0.06234983563002897
0.010626579228399678,-0.005039415511198498,-0.008264010056861996,0.0010407679529389345,0.39916863596858915,0.14541191144926174,0.0760517467806385,-0.05773650632472128
0.010470471553061363,-0.005022183559254116,-0.008291753940643175,7.886282938406791E-4,0.009603257061333595,0.13874000542973394,0.08166210154127138,-0.05257210334691572
0.01055154442058124,-0.004890367564584057,-0.008106590983539686,8.749425694704335E-4,0.241572181125045,0.13713565421053153,0.07599865578607316,-0.05681215579895705
-0.005120404840570065,0.011090665429940798,-0.0018051928495901772,0.008131304209138211,-0.7829172841673788,0.015178889450072522,-0.11868388591417851,0.06425390191570018
-0.005088549402048356,0.010936831374304052,-0.0015563331572362056,0.008182650080940067,-0.5070031667359766,0.008006657693956783,-0.1169143166783948,0.07191967825724581
-0.004966864511972756,0.011050075394814774,-0.0016600696217264326,0.007968437502844523,-0.2939374674440309,0.00946517954018833,-0.11344838590228955,0.0634565918306683
-0.00498213032998328,0.011199459926993826,-0.0018837738318216916,0.007891344036362186,-0.32384070220332095,0.016281931880935904,-0.11420865077635588,0.05576747230694155
-0.005157078253839507,0.011243426298807372,-0.0020633325294510704,0.008069553357064295,-0.6817267371731353,0.022825289288106024,-0.11998262528844927,0.05633375650546916
-0.005244717217658646,0.011545084353673888,-0.0025740386153411446,0.00792151518565542,-0.5046741704953954,0.038714049202442716,-0.12130164210553879,0.040726121599230725
-0.005105416065973267,0.011673821866339662,-0.002608670980968213,0.0076411138058210685,-0.48380155554754106,0.03950829987444337,-0.11576285031804702,0.032305766291983735
-0.005295594968187609,0.011693686304088879,-0.0028239212236949606,0.0078359218934353,-0.4606637675296313,0.046811443513594723,-0.12136494285312034,0.03310291679810478
-0.005198530675796428,0.011394952446763721,-0.0023210842674970793,0.007999247344590623,-0.5492945203591585,0.030721104755514813,-0.12084934804803732,0.04846632414637007
-0.0050540507902365524,0.011516966852387157,-0.0023661656818495438,0.007726956982409452,-0.4398124406956347,0.0315499790683465,-0.11546760119271905,0.03999904197794971
-0.005010927998030125,0.011357633906904488,-0.00212201429778539,0.007808950165376368,-0.3828678083572417,0.023721993202823324,-0.11488737112158365,0.04783822017046201
0.00577835898009388,0.012679131780828632,0.004456371500646199,0.007036767515012203,-0.805436731158523,0.1052720497479716,0.11228408439825804,-0.01715108152348135
0.005602565870535647,0.0126790281420403,0.004191316826418812,0.0068828404019439645,-0.42624372214168543,0.09506458703727161,0.10744151719211036,-0.017037747027900802
0.0056776967364249135,0.012818814897697659,0.004386791545520825,0.006729682100239512,-0.4545706603083332,0.1022958319486607,0.10422854783308728,-0.02361546194741887
0.0052403006216388106,0.012233691925655321,0.0033541395074099664,0.007170692120987293,-0.4927867186248857,0.06703142088693134,0.10965518936061751,0.0033362760937288307
0.005450794902582387,0.012661729095794872,0.003961899243273723,0.006790421897597943,-0.499410549035337,0.08931713031239845,0.10319690212930707,-0.01677239845703323
0.005270874971899311,0.012395707486711496,0.0035305179569795793,0.006997873831103449,-0.4950767724643053,0.07425024740339191,0.10622935367636348,-0.0047611665969061355
0.005356858899997132,0.012542813766482292,0.0037538197114410435,0.006878270018897125,-0.49224636699532925,0.08219532860371653,0.10440487542961474,-0.011473459600817706
0.011545084353673888,0.01475528278234136,0.007918748160616893,-0.002582435884701457,0.2727003121127791,0.06301708551009201,-0.14186721054982177,0.04389791261892274
0.01152799182416976,0.014921054552395877,0.007659618796011842,-0.0023761865960109083,-0.1120441349388726,0.06115990656847365,-0.13658844104560028,0.03614066139022536
0.011693686304088879,0.014704405031812397,0.007836220385538589,-0.002823060108083718,-0.0029564947613436583,0.054185414390593704,-0.14219982464342545,0.05276376910261706
0.011670430766684971,0.01486026704370351,0.007607978375570296,-0.0026132351621861497,-0.1268017117950878,0.05330869209864741,-0.13738723365089126,0.04449326585071714
0.011840618209004684,0.014648884232660607,0.007745088438829209,-0.003064040702858676,-0.1641523853114847,0.04531200177809518,-0.14199444326783117,0.06154111137724683
0.011823652225003057,0.014803816201888871,0.007522010673249857,-0.0028546809836514507,-0.037694724059578744,0.04437791764193194,-0.13734514666417763,0.053379158516724874
0.011985736283431544,0.014588774500088612,0.007642939232322461,-0.0033106352413197425,0.04311039776645988,0.03628352838215455,-0.14120876106432564,0.07064163679808483
0.011964641413176293,0.014753371589880715,0.007426225764003497,-0.003069248571979793,-0.049884186581537114,0.03617292229992932,-0.13662676356454465,0.061244674784552734
0.012108706895576402,0.014685248524487791,0.007335692053976551,-0.0033020027739108873,-0.08505179319206714,0.02792523795096415,-0.13571283293466016,0.06972152119168978
0.013385132762461897,0.014107631616434468,0.005928178024893634,-0.004884238176755742,-0.026863688379993745,-0.040906260011705324,-0.09829359435826118,0.13086731300281615
0.013242528245780375,0.014170998792608322,0.006124728562897901,-0.004760361150958134,-0.025655244377810915,-0.034520914580875105,-0.10464709250460429,0.12611482609827665
0.013138776363704002,0.014296795926388817,0.006207011178655338,-0.004532816565622212,-0.022928648707499114,-0.028842946549207493,-0.10759222179414198,0.11866676401894218
0.013010786317309503,0.014401843588275544,0.006327431229944718,-0.004325778021814463,-0.03149840325235533,-0.022265622118336357,-0.11135127814614766,0.11146010211139079
0.012868220082995062,0.014494784625445732,0.006465239228761319,-0.00412339343062029,-0.03976839513121851,-0.014975671073731467,-0.11536101569337699,0.10410921531744276
0.012718120831083668,0.014579504035903695,0.006607003925199729,-0.003919483025653592,-0.04769983523788394,-0.007175289133424194,-0.1192179555675943,0.09650452063887655
0.012237928262799073,0.0147499903544592,0.007081923713927747,-0.003335106204113107,-0.0559858758321027,0.019113267696788627,-0.1300206507929956,0.07340033756603984
0.012399288570705484,0.014726583392839701,0.0068958423057786334,-0.0034983395475834777,-0.06180121656882285,0.009824179145121735,-0.12606885736983717,0.08048927541589539
0.012563374922679114,0.014660041838237126,0.0067446964064237225,-0.0037082051067223623,-0.0552913116267929,9.933579625806654E-4,-0.12265183663863909,0.08856938302820892
0.01151629954660374,0.015097324545384911,0.007389356183754068,-0.002196703964367965,-0.029954526995592524,0.056674647839647645,-0.13017516927308634,0.03333683437167818
0.011218846982854283,0.01501712996699647,0.00777517815833391,-0.0018873565202550096,-0.07534173973132237,0.07809307873746595,-0.13387959579548772,0.01913763135328644
0.011090665429940796,0.014879595159429937,0.008128183321449657,-0.0018185352783577772,0.04108303957117065,0.08949800041633638,-0.13795929360192816,0.01724278383794498
0.011358009922835963,0.015149592697166175,0.007441792989973048,-0.0019612854509141087,-0.02996632187086039,0.06457895260241509,-0.129020238677904,0.025242489320326297
0.010313910160050259,0.014990136311907442,0.008312600804615758,-5.237158366327967E-4,0.004225204643792805,0.1316632472774059,-0.12090771530043691,-0.02323753704321829
0.010241834135865699,0.015146677537050707,0.008012157992954254,-3.7689408856841265E-4,-0.00407478014812588,0.12761415666998713,-0.11444542618033428,-0.028470798248034557
0.010470471553061363,0.014977816440745884,0.00829158537308478,-7.909626842131961E-4,0.25421520043584167,0.12376319212279142,-0.1254432617298128,-0.015359412646693332
0.010404910704673562,0.015136086244556824,0.00799745102060845,-6.304104630968822E-4,-0.04260543677101322,0.12004477070183162,-0.11894281196625105,-0.02116950560634602
0.010626579228399678,0.014960584488801503,0.008264010844300743,-0.0010411904196719012,-0.10179891302020246,0.11559292792486218,-0.1294508431685454,-0.007532558203382528
0.010558494170715364,0.015108566355928638,0.007999053337882185,-8.743296488855258E-4,-0.05504147030849701,0.11320408415182508,-0.12309580995770796,-0.013900490463213936
0.010782083680081914,0.014938455742167744,0.008228465724794973,-0.0012917692799124351,-0.3830158168010542,0.10719300108631702,-0.13283856470511915,2.486537492437999E-4
0.010733133876239141,0.015089910437410254,0.007958127598464442,-0.001146000284966608,0.03239137918914143,0.10424201273571308,-0.12685353856571638,-0.0053583993145539105
0.010936831374304052,0.014911450597951648,0.008182437522012047,-0.0015562109345593344,-0.14014634227394135,0.09834993781436537,-0.1356663836311047,0.008621793230620492
0.01089050657028951,0.0150831619085222,0.007886179404318504,-0.0013812373805555998,0.014857603677728079,0.09551335689972741,-0.12926902018158645,0.0022581548588110397
0.011056319600178716,0.015057205198893552,0.007826196016476756,-0.001633885173970061,-0.037956097003202134,0.08669122138823054,-0.13171430238234194,0.010590071554998972
0.010162011620186845,0.01530573591730566,0.0077245402387659525,-2.3688169351644133E-4,-0.022048684202952033,0.12197320033247737,-0.108807455659009,-0.029632047079521915
0.013900020197687856,0.014131195400549126,0.005120106771381947,-0.0048328902400483036,-0.00755328203904697,-0.05550563788538797,-0.07300560755634186,0.13089573784522832
0.01405605289332349,0.014058589806895406,0.004913367987113977,-0.004910597661161218,-0.003288893133216722,-0.05959089539979361,-0.06588482742052605,0.13293571891782083
0.0142117417365372,0.013934098197139162,0.004712606358129568,-0.005047269054170033,0.003218226944625788,-0.06380442208998799,-0.0586355916118946,0.1364773725346615
0.013583215344689018,0.014211831982336299,0.0055627373388151225,-0.004730962728611097,-0.0164969945687041,-0.04588800257715994,-0.08761344960925006,0.1268816821323058
0.013817545983665925,0.014284616534076361,0.0051870537973703,-0.0046197294613739065,-0.012608109298157621,-0.05153847092834069,-0.07618872642083767,0.12464600446351361
0.009989553193462184,0.015303333389798134,0.007736509556460161,1.436784071112257E-5,-0.02443518703488344,0.129408634590874,-0.10397666785643415,-0.036572973555092515
0.009835327018719267,0.015247988101070038,0.007829730831121134,2.4517430698627366E-4,-0.006456075566053104,0.1387063809336096,-0.09990475825365377,-0.04332451379886837
0.009688038532222795,0.015302305953932527,0.007705505386828091,4.5187002084608874E-4,0.0010660490254673265,0.14046746322967818,-0.0942813640866979,-0.04751001502629993
0.009217916319918088,0.014938455742167742,0.008225527485468473,0.001310508289376868,-0.2601200944328527,0.17778849186756318,-0.07783279535634137,-0.06724876116154772
0.009373420771600324,0.0149605844888015,0.008261771243702353,0.001056919504461653,-0.43238628715839705,0.1722774604724012,-0.08496828557307919,-0.06245914589939416
0.009273432103624163,0.015093982232153672,0.007948810601487,0.0011326439391340871,0.09236498947019646,0.16573995478970652,-0.07907750380608464,-0.06485496686568072
0.009433011810346965,0.015137610277722917,0.007937416077934049,8.75168448766629E-4,0.021045818967619066,0.15913261957609495,-0.08562730350300396,-0.05961467200570985
0.00906316862569595,0.014911450597951648,0.008181992928287678,0.0015589228073117631,0.13205223108380973,0.18257088611174785,-0.0702315092437034,-0.0715892689733094
0.009106463714752714,0.015057388724494847,0.007924410412561853,0.0013987173110142721,0.010227468499847668,0.17136099853942596,-0.07157773569640992,-0.06984691543227219
0.008805559587788383,0.014988654173343025,0.00783493211112857,0.00187533039700024,0.011019402356485552,0.17942718360018736,-0.057287835120048446,-0.07743251652675115
0.008756573701192634,0.014842921746160493,0.008068835882201258,0.0020665832522319357,0.18447731540336956,0.1901609907396075,-0.05414491583604785,-0.07894122583440373
0.008909334570059206,0.014879595159429932,0.008127124369844693,0.00182362622378136,-0.30443992483990173,0.18667619409353578,-0.062167815825001686,-0.07567694044427277
0.008956040974294671,0.015035432062186514,0.007866175698164833,0.0016295715272262588,0.008351935248392341,0.17492904705017268,-0.06459816097807168,-0.07372857891097138
0.009513256009804683,0.015313309357220698,0.007640170895615848,6.97593045808794E-4,-0.010291971500851498,0.1450208637552286,-0.088027860862553,-0.05283974523357047
0.006249443980966237,0.013306558565652453,0.005508264006443871,0.006247812455711214,-0.43748452581064906,0.1440429126762672,0.09236148046524591,-0.048750845973876994
0.006074976020519882,0.013358596755244881,0.0051983058791000075,0.006079694406665192,-0.42725896198503804,0.13276711383366688,0.08810161371620796,-0.04866923587318891
0.005894850651676649,0.013408993677852036,0.004906790390733197,0.005924870284677468,-0.39324380109520796,0.12560017431099205,0.08143660944523477,-0.04903295667991058
0.0063551565897494505,0.013422735238775144,0.005702810420801408,0.006070671861873014,-0.3676708139125076,0.15102931032793349,0.0870634826173317,-0.05421986151977768
0.006181365854157239,0.013480427100838167,0.005382092171824654,0.0059090229784788005,-0.40218748034766577,0.13952943877184706,0.08320910594949267,-0.05405998916912091
0.006464466094067263,0.013535533905932737,0.0058933124516255654,0.005885850844835194,-0.2294669699272496,0.15775097444174227,0.0813207025455869,-0.059348824992868594
0.006293845617280491,0.013598250140367524,0.005564596699497919,0.005734996214659641,-0.39516190238897814,0.14609465832611213,0.07798448066702325,-0.0591517333381107
0.005781987552359803,0.013280223619611398,0.004712075647743872,0.006077932931580001,-0.4135184889282962,0.1186303486530762,0.0855242931488533,-0.04376301989503342
0.005606858161057269,0.012953318443410636,0.0043435839283724464,0.006479173135600447,-0.4709315646753677,0.10393252767928893,0.09618686459762564,-0.029978412648862963
0.005645630223113443,0.013130458221827372,0.004466614954213592,0.006237517620293559,-0.4405795917792417,0.11003562181614733,0.08936753663479081,-0.03749697794517975
0.00657726476122486,0.01364484341025055,0.006078673639888209,0.005694327249133623,-0.030975710284396427,0.16427841600166934,0.07520081967595846,-0.06413420973740186
0.0064126187030650915,0.013707777255715111,0.005748155115556204,0.0055641225859219,-0.39719800106409525,0.15246963686216694,0.07260497489570879,-0.06383185609714402
0.006693441434347548,0.013750556019033765,0.00625127708819431,0.005504406450421294,-0.14616917330644977,0.17030420355544795,0.0687568798814796,-0.0686389361485598
0.006533614226683682,0.01380062547319566,0.005929637472455596,0.0054097290903238615,-0.3950664081707647,0.15856341557215062,0.06752531949256185,-0.06785653097447565
0.007320868219171371,0.014221641019906124,0.007028544327119542,0.004469224801420134,-0.37481658647663574,0.1925506712081955,0.03168488876882261,-0.08572259166103906
0.007292779083541342,0.014396953770961292,0.006796513877948446,0.004183305358197074,-0.10890002107632533,0.18216235749263543,0.024416417350268078,-0.08589929339685155
0.00718958373010223,0.01413540329229132,0.006882260258816077,0.004691584705385827,-0.6092532849413967,0.18933180496339533,0.03981036394281404,-0.08323051824473335
0.007163197737233951,0.014304248721764353,0.006678859266010736,0.00440080132526408,-0.11382067766015815,0.17985159031141842,0.03217271132271831,-0.08405310899816763
0.007048418372303503,0.01420384546824275,0.006576096770756187,0.004617263613371523,-0.14477939557896372,0.1777720329565967,0.03973078114371043,-0.08190282595895626
0.007061073770271072,0.014045084994930427,0.006738405700073921,0.004896021571266015,-0.200643168630385,0.18554085143836926,0.04734204112761766,-0.08013378756441451
0.006935465283302504,0.013950775489717909,0.006583999986531441,0.005101544295287649,-0.07949859426324736,0.1809309274159273,0.05482053365979758,-0.07668484213198101
0.006908795342746557,0.014104344548938228,0.006416356363626924,0.004832907861075854,-0.2699374003439619,0.17350146971598387,0.04759536919097956,-0.0788649860849676
0.006782500087849446,0.014017120487081458,0.006257651336198051,0.005012430885985491,-0.262204836417996,0.16892830398037237,0.05393567085560336,-0.07583686774455399
0.006812880963004882,0.01385256696814258,0.006414968607809772,0.005312584492998001,-0.48657149474972233,0.17572649562463813,0.06210174658767325,-0.07287207107791015
0.006666979495006751,0.01390881502437649,0.006115912146901979,0.00521594502942576,-0.27409317798623944,0.16470953086278242,0.06083151338702438,-0.07223049754677328
0.008605047553236283,0.014801469324203573,0.008000627622124225,0.002316191875611516,0.23455790786131214,0.19304931970493602,-0.04574201331339498,-0.0820051029347132
0.008638257276512384,0.01495354935826013,0.007752829759588089,0.002130640575178828,-0.09089590871422908,0.18242233581415315,-0.04881717451090419,-0.08086428668911687
0.007871104159928416,0.01452413555302291,0.007537156145111012,0.0035449436193155607,-0.05144091695432767,0.19872567324993504,-0.0025361768272963822,-0.08967656680202003
0.007720941427200563,0.014647072858321078,0.007144613051579756,0.0035033069519222995,-0.10224381907843068,0.18666864180934953,-2.0038692759759792E-4,-0.08874944271142478
0.008486442690132514,0.014921570817700975,0.007662587295987435,0.002356000380987981,-0.060371760514341184,0.18422580150250237,-0.041192302198319576,-0.08335297587759877
0.008454915646326116,0.014755282782341356,0.00792167569496267,0.0025732391925581063,-0.05932851016496068,0.19539050628751198,-0.03714473493698602,-0.08466205553483959
0.00833672698591406,0.014870575723341092,0.007589342490757252,0.0025918942381159796,-0.05608025482155205,0.1863777726918824,-0.03321138645926105,-0.08550456770487663
0.008306313695911128,0.014704405031812397,0.007838228406305254,0.0028174690535622215,0.08505719218484657,0.19722858779433217,-0.028630945026375587,-0.08665154083519734
0.008014263716568458,0.014588774500088612,0.007646677226796239,0.003302003986174295,0.11589553387543379,0.19872596508411922,-0.011309212381193428,-0.08916627933978938
0.007874810336706879,0.014717896938937524,0.007258621199216725,0.003269717221497479,-0.11373747236258129,0.18722570009873032,-0.008681919161751463,-0.0886948446791675
0.008189233840585943,0.014822495832180297,0.007498474574674423,0.002815930858202922,-0.12841258271628156,0.18748897104301007,-0.025240351865503486,-0.08708909151227322
0.008159381790995318,0.014648884232660605,0.00774772978484833,0.003057522018019357,0.2509327335975872,0.198284755768689,-0.02005632768757324,-0.08812394974522987
0.008034001083107324,0.014776511620277271,0.007379889289872841,0.003038063205594094,-0.13124159045589814,0.18753247488626842,-0.01714473276739858,-0.08813540320072477
0.007259952575961764,0.014583155942097957,0.006553814612689779,0.0039180192246847,-0.16362338955097425,0.1738311678193748,0.014990837324834893,-0.08450074307903804
0.007400558368178499,0.014680187210173057,0.006652739032697267,0.0036940795708216606,-0.1392715079794389,0.1747224675305643,0.007005336481865638,-0.08519786025890531
0.007552120648096899,0.014772046134171475,0.006755968137094166,0.0034638617588420933,-0.11546279963261898,0.17526537326230232,-0.0011728637492069082,-0.08545272520157737
0.0050098636880925584,0.009686089839949744,-5.221062134825071E-4,0.008313027671695708,0.03605116071540618,-0.04672162489899412,0.08902670382296944,0.13230241016967126
0.0050024667597618295,0.009842960155646504,-2.5837786294007916E-4,0.008325337997588599,0.04161512304414315,-0.04057002033315245,0.0937849033515276,0.12504188711893235
0.004812661144332919,0.009750769518077324,-3.8704134498170864E-4,0.008085585166552214,-0.021817583758504958,-0.045259373171920275,0.08686596766643312,0.12282380030766714
0.005,0.01,7.385564049632146E-6,0.008329262853385965,0.0989517020794383,-0.034101873750955594,0.09813116875473192,0.11764992340132245
0.004811694042703257,0.00991910899118891,-1.261321759983135E-4,0.008100241366033045,-0.09333058263919462,-0.0391913879909238,0.09169500935356369,0.11572497351000922
0.0050024667597618295,0.010157039844353498,2.7379856387788645E-4,0.008324721064154834,0.1902164944560947,-0.0273437604582647,0.10212912060281458,0.11023174419305708
0.00482236960956131,0.010087036850237327,1.3508906354276235E-4,0.00811241685995638,-0.1759350971063793,-0.032775303377693826,0.09622556445993381,0.108542431828633
0.00500576627192464,0.011367564615392494,0.0021305186035812085,0.00779608212311365,-0.4254422101235598,0.024084406465557925,0.11479856732919032,0.04711645792360041
0.0051570782538395065,0.01124342629880737,0.0020701457781959363,0.00806791486859142,-0.4736979377688833,0.023167656866433472,0.11982061893546185,0.056391179875525825
0.005120404840570064,0.011090665429940793,0.0018125950691179613,0.00812961320789395,-0.5178335886601629,0.015376699095191416,0.11857198293937904,0.06423082225091657
0.004965937871621113,0.01120735742341976,0.0018836023229880058,0.007868068413049982,-0.3765953188383801,0.016356013949483075,0.1138075849858284,0.054975529157156755
0.005009863688092558,0.01031391016005026,5.387212069113363E-4,0.00831192097057502,0.35293142757232715,-0.020336540419837474,0.105909697284161,0.10291523743461374
0.004844583512832926,0.01025152145583441,3.94013709697526E-4,0.008122630189618155,-0.2603396948098393,-0.026082670897612768,0.10038696637582846,0.10139000263655096
0.005022183559254116,0.010470471553061363,7.843429192834211E-4,0.00829238559094882,-0.24097467035926767,-0.013608493387053687,0.10927135389957561,0.09558266714099058
0.0048790403675958265,0.010407362931431267,6.451793082897792E-4,0.008132217196043623,-0.2915899150359675,-0.019271056952437613,0.10415578019447558,0.09460324417334193
0.005088549402048354,0.01093683137430405,0.0015524786172180008,0.008183266666825218,-0.6104528539832225,0.00774652473321916,0.11690195154817377,0.07214935045503648
0.004935575551123839,0.011044461709371215,0.0016349652576663832,0.007937106847072446,-0.31431726285995115,0.008782964990897977,0.11255815778437096,0.0630092766436492
0.005039415511198498,0.010626579228399678,0.0010362641644583038,0.008264584325248044,-0.5388866864427276,-0.006843975559642337,0.11222319782868061,0.08799736347719507
0.0048930915458003975,0.010568256822442177,9.0054275270803E-4,0.008104382183308627,-0.20128667061865227,-0.012239729097896135,0.10708881667575988,0.08674844263173564
0.005061544257832261,0.010782083680081916,0.0012951143040472687,0.008227927756932856,-0.5627203157712797,3.4878255105327073E-4,0.11478741780321026,0.08009998672430316
0.004900688363621255,0.010716490314852802,0.0011319777234370624,0.008060183520165633,-0.2227866351659021,-0.005811411240434453,0.10915480815562927,0.07931625121584752
0.004916107172099343,0.010876146654552842,0.0013791187919609939,0.008006033524025452,-0.2586203484119975,0.0012473623104295396,0.11105603399192208,0.07140871453565643
0.005139677443057757,0.012125517744679125,0.003136188455206679,0.0072043160560814655,-0.46825467688382233,0.06020534079366082,0.10891675946724351,0.007820353844996722
0.00490192813063196,0.011666758487783799,0.0024139597436383577,0.00743793096828856,-0.41958081301754463,0.036451681215648464,0.10873875081844087,0.028259096177065925
0.005046438218767524,0.0119850880901321,0.002896491511711743,0.007270134044556702,-0.45230506714907265,0.05242272738516423,0.10870066733878421,0.01390418066272034
0.004967096221521046,0.011829369019914852,0.002654070811702005,0.007351295805590248,-0.43575213917770345,0.04441737877673579,0.10871209401344029,0.020836042378569553
0.004847883360732496,0.011501856659156711,0.0021760529947666752,0.007522539640194645,-0.400009153536153,0.028619848408888985,0.10858485730914634,0.03591837123645625
-0.00506154425783226,0.010782083680081916,-0.0013082343306049821,0.00822581339554858,-0.06967105589705477,7.242832547229377E-4,-0.11470525352571938,0.07959703298542505
-0.004940228005246176,0.01088091488186831,-0.0013957028835606593,0.008030224974859225,-0.3546489917636096,0.0015199899590650453,-0.1117269973256838,0.0719713047121215
-0.0048377147912832255,0.010983202235351505,-0.0014916317306542526,0.007863091613385002,-0.3321529144551751,0.005774201737426995,-0.10932272538498992,0.0633246710537245
0.005022183559254116,0.009529528446938641,-7.836907126238128E-4,0.008292471129484976,0.07497786288968161,-0.05254004443897236,0.0838374491471668,0.1393396019142559
0.004822408999392307,0.009584489966641262,-6.448788154523832E-4,0.008065504666520444,0.03562666876836276,-0.05093027056311091,0.08175494219440048,0.12967047524282974
0.005039415511198499,0.009373420771600324,-0.0010453446198159784,0.008263544074348454,0.08246483746138027,-0.0580283666223946,0.07820274526329304,0.14609993631815263
0.004837554382650481,0.009419889230508125,-8.99881453449559E-4,0.008036481037465458,0.08756876195128459,-0.05622276966323796,0.07630248273997943,0.13616397122496895
0.00506154425783226,0.009217916319918088,-0.0013058292413918708,0.00822636871668453,0.09296320284152726,-0.06313320357802774,0.07215872095783826,0.15254250407125755
0.004860553503389505,0.009257543043222278,-0.0011521100955919122,0.008002047968696633,0.13897501919350097,-0.06112770974912179,0.07058685515147949,0.1423762824105745
0.005088549402048353,0.009063168625695948,-0.0015652109455903263,0.00818092229783576,0.09355332295039871,-0.0678240821051844,0.06571627278220792,0.15861617473163106
0.004890556290007374,0.00909734774527754,-0.0014021475746805563,0.007961658034372985,0.18743518063149225,-0.06564908780405797,0.06459491841715032,0.14826736074987015
0.005244717217658646,0.008454915646326116,-0.0025716230667309093,0.00792235002517528,0.42706821316259463,-0.08145412258967626,0.03666310144378248,0.17801588219651585
0.005198530675796427,0.008605047553236283,-0.0023293830901515936,0.007996992719567917,0.12461302034517781,-0.07884773158215463,0.04434594914901916,0.174135680839097
0.005082163808047048,0.008484941910098786,-0.002385968459081515,0.007754796796415092,0.2741915774044261,-0.0798648921901645,0.038068899218049186,0.1685262877366206
0.005120404840570064,0.008909334570059206,-0.0018238559932198537,0.008127100806704337,0.07130087947463011,-0.07206422434485624,0.058891958653892414,0.16427364798819286
0.00492744228155314,0.00893970349551134,-0.0016499462383837615,0.00791579253987929,0.23605962782673953,-0.06977884685622697,0.0583426665523577,0.1538138829840098
0.005157078253839507,0.008756573701192635,-0.002083251287855249,0.00806456194650617,-0.08838317031911004,-0.07579803811969738,0.05170286658194393,0.16947983483717208
0.004971142917178716,0.008786940359804141,-0.0018929706053615796,0.007866608884864968,0.28527363748307716,-0.07346883120013094,0.05193898545287743,0.15896329275428342
0.005029695001929482,0.00863821916947715,-0.002140133678760583,0.007822599462647602,0.32889624660248257,-0.07685828969197213,0.045346300633772145,0.16418209576148105
0.005125831173257938,0.008333533387513288,-0.0026176557475956585,0.007665443485214509,0.2642529599095012,-0.082218308108417,0.030728971982031644,0.17163387054853818
0.005295594968187608,0.008306313695911127,-0.002819482217734308,0.007837441939293938,0.41534805071823055,-0.08374389196523817,0.028625324010933994,0.181197573692806
0.005618465515670955,0.007591233601480753,-0.0040096042133681686,0.007300466984181137,0.4209035804802627,-0.08716597082900211,-0.01331424173317886,0.1877423995223747
0.005516007103302033,0.0074468989322577965,-0.0039780268865869705,0.006992626111282111,0.25444166575757654,-0.08580410929226646,-0.016160003798344397,0.17809080876567232
0.0056962881580212045,0.007454795807560529,-0.004242864724292747,0.007167406602470973,0.1961493996307696,-0.08629791246139273,-0.02179744546747726,0.18696655637624648
0.005544967222482057,0.007730047808600201,-0.003773862554292283,0.007425213166700399,0.6092894454317929,-0.0874648454573898,-0.0047984888599846625,0.18801375694041048
0.005441744308635394,0.007591980856070065,-0.003762124660643247,0.007127521538637777,0.22909818611746277,-0.08655732144642424,-0.008323619507742115,0.1788592709993576
0.005475864446977091,0.007871104159928416,-0.0035449528109101885,0.007537294066196132,0.38338260563189236,-0.08734202003965469,0.0036541667725857947,0.18746833702793944
0.005384563123354613,0.007733665801532919,-0.003561805300984948,0.007259849900802,0.23868715879109814,-0.08684267833032681,-9.358683355586223E-4,0.17942358810448591
0.005177035005939277,0.008179957383143864,-0.002852324296124798,0.007567860759919428,0.290937472202807,-0.08410524116543018,0.023081499506627176,0.17427069249955018
0.0053511157673393935,0.008159381790995318,-0.003068870383155323,0.007743158236022855,0.2594935721106199,-0.08558077387888878,0.020356913312219036,0.18388057941446748
0.005240705697137709,0.008029410859818384,-0.0030902151719742754,0.007472400672748185,0.32401154453729997,-0.08552605282789388,0.01527426230785507,0.17662000866412794
0.005411225499911389,0.008014263716568458,-0.0033143597397801,0.00764142819505154,0.08984033926669521,-0.0868132586737143,0.011959482325988827,0.186041589635788
0.0053150329289931115,0.00788699644188733,-0.003326421047764212,0.00738196079448182,0.3319837261823848,-0.08648314278728358,0.007469022310510294,0.1786885529071283
0.014230406772630514,0.01357220345263644,0.004702378913624377,-0.0055713705677671544,0.013888009204754892,-0.06973039208960853,-0.05512659055510325,0.1512026104152195
0.014318103949722962,0.013406550100140332,0.004555202420057833,-0.005777160578842199,0.01894300496899891,-0.0732869341474175,-0.04885158212577779,0.15637425382236989
0.014410293054811906,0.01319490658884554,0.004372496743300188,-0.006039351239454303,0.027056884963480472,-0.07730849770507144,-0.04087523164004366,0.16282092239954224
0.01447066511450825,0.012829170565441203,0.004141244206682517,-0.006546763113681529,0.04339857765180386,-0.08299912648471447,-0.03005157112116948,0.1753149107068017
0.014508617942695666,0.012672687876331303,0.0039979658230517735,-0.006746111592129534,0.04443036422838988,-0.08503619193539548,-0.023804016151914967,0.17950700956280158
0.014632632612406337,0.012563784552193025,0.0037475461745646275,-0.0067742305152883086,0.03426836580995238,-0.08554476907337942,-0.014670780328068308,0.1777217772146593
0.014715105919147846,0.012403121397541288,0.0035167784518652366,-0.006903914234710547,0.04028118202088029,-0.0862400156869335,-0.0058046530843022665,0.17849568544440975
0.01475902307807988,0.012258772600581795,0.003341306155223376,-0.007042520305391214,0.03706530653561065,-0.08666954624577135,0.0011231406123832436,0.17990685686893282
0.014563283054509742,0.013011982129602808,0.0040848123575829625,-0.006193637353403344,0.0334492243654674,-0.0801830902763258,-0.02995240482977766,0.16492339373205375
0.014348604237135501,0.013785271579061531,0.004530315137946738,-0.005208531079160289,0.00909488323924461,-0.06763046894766316,-0.05166548094339287,0.14044861411971185
0.01508210231062346,0.011629840660194454,0.002341381165567308,-0.007305314877966487,0.0496069747018398,-0.08035514785534975,0.03641651278805291,0.1701695305850928
0.014914655116426756,0.011968604929897687,0.002879467836346634,-0.007192841147734955,0.038277334756321425,-0.0849750050958326,0.017946960021521716,0.1769204055904889
0.015038218163242448,0.011829468795243048,0.002601918636877858,-0.007170181429604773,0.03753863772267161,-0.0823453949448507,0.027159660788861888,0.17135051297219042
0.014882266996419438,0.012141303708984868,0.0030823468370941545,-0.007032077396824413,0.03691730410037692,-0.08531062635671552,0.0101228381493453,0.1757822479601721
0.014459238210346873,0.014025776060524844,0.004367952247090009,-0.00484293854683126,0.005548085560796496,-0.06489090557416745,-0.04891898839598947,0.12948516620099196
0.01499753324023817,0.010157039844353498,2.7128690665927324E-4,-0.0083247321556031,-0.39123736243042856,-0.04473221888126793,0.10278344198356187,0.15083610790240112
0.01512795072598956,0.010236845722103066,3.7168664245247374E-4,-0.00804870101211025,0.05933540228351914,-0.04826134084428218,0.09693438043989545,0.14595779450246038
0.014990136311907444,0.010313910160050264,5.18575603425778E-4,-0.008313096021443688,0.23454406269333786,-0.05064296151969073,0.09669705764289856,0.157176482652256
0.015081410025216317,0.010724337053348328,0.0011362098499888252,-0.007977835986285783,0.08126257812497051,-0.06500025547323539,0.07688090689138953,0.1631441125467752
0.0149605844888015,0.010626579228399676,0.0010527793472423564,-0.00826237953117333,-0.33320985518599233,-0.06230539404760063,0.08274954874115575,0.16879864484170812
0.014977816440745884,0.010470471553061363,7.801530865518062E-4,-0.008292463721751058,0.18005785989953807,-0.056668712021915785,0.08991507645253882,0.16315256025665212
0.015125757774571475,0.01041153790873504,6.435972228036337E-4,-0.00801524938794722,-0.018647985596275212,-0.054739853706664725,0.08990129437023607,0.15207791289812067
0.01511869895557033,0.01056420098165061,8.782448253684794E-4,-0.00797909227466574,0.059964726707366224,-0.059811691223498074,0.08362515906123817,0.15691491358678042
0.015,0.01,-8.410090505932936E-6,-0.008329078976025766,0.3476887429851631,-0.037743327546559256,0.10880953165978353,0.14403021517927553
0.015152621227321202,0.010080717882232597,1.2506326098076013E-4,-0.008019117321591657,0.02753591697728473,-0.0421374994344789,0.10221907357286684,0.13865343865962051
0.01499753324023817,0.009842960155646504,-2.648428558427788E-4,-0.008325051878466662,0.12068813327394208,-0.03065745219205215,0.11430656697021145,0.13702332971212977
0.01513673042763828,0.009930202412615104,-1.1000963052589386E-4,-0.008048928522466909,-0.03890816314615614,-0.03600326220999683,0.10766011417251915,0.13328098272114544
0.015105014832529701,0.011471442639790693,0.002136527448619807,-0.007415834962200807,0.0588716374089012,-0.07848415362040424,0.043584109239953255,0.1692174718678144
0.01508742687982852,0.011302991090805663,0.001943013861809163,-0.007587571264327528,0.04848307645842124,-0.07680315718150425,0.05061513439057004,0.17001480734207577
0.015261851140271792,0.011550785198115853,0.0020918267363948455,-0.007104979566940944,0.03781660927029951,-0.07579630653002055,0.04293825713289453,0.1592331665054071
0.015168228464283484,0.011157860970652947,0.0016937218514350204,-0.00756265784233381,0.031121040291078903,-0.07261286088899481,0.05804486741876835,0.1637872506359543
0.015217022677145225,0.010988096291955938,0.0014368658754246291,-0.007591281276383627,0.039633943731924526,-0.0682008795840383,0.06567180564150354,0.1586577121244989
0.015189806869679502,0.010825230066062067,0.0012291482373645358,-0.007730827771345923,0.03554839142164576,-0.06513627880353108,0.07240463068282821,0.15777803844855093
0.015126679950729525,0.009761029639172608,-3.7604575284072274E-4,-0.008049433515480946,0.05225278321260684,-0.028573810726635198,0.1131975443351511,0.12607846413675874
0.014990136311907442,0.009686089839949742,-5.160480592580938E-4,-0.008313162578333342,-0.30378308430616835,-0.023550347909717568,0.11927198197008371,0.12966928841759034
0.014977816440745884,0.00952952844693864,-7.886560854261996E-4,-0.008291688864223141,0.1937248082630562,-0.015616913371337702,0.12395629231129852,0.12190091456814962
0.015130125141079576,0.009601101107961163,-6.233455748026307E-4,-0.008008433643432539,0.02552104460465369,-0.021469397332308602,0.11739954031081083,0.11818846419979286
0.014960584488801502,0.009373420771600327,-0.0010463029885225488,-0.008263288456799522,0.1327391982534837,-0.00757730361655776,0.12815326459010595,0.11402315549152453
0.015106206337733194,0.00944560199779464,-8.689246942856142E-4,-0.008002142642987778,-0.03443564293609356,-0.014169988703417744,0.12165823161019663,0.11135273043018194
0.01507935526624431,0.009275010311453008,-0.0011386469918163798,-0.007977327527623099,0.05456974179857643,-0.005656608176386433,0.12581948028739187,0.10316148617688424
0.014938455742167744,0.009217916319918092,-0.0012929317701107239,-0.008228196791130665,-0.40977101738719984,2.2250815301799148E-4,0.13171321837064284,0.10596780061296052
0.014911450597951643,0.009063168625695952,-0.0015654855760896338,-0.008180619753236456,0.2062251545654257,0.008914414789200749,0.13487807840935134,0.09752963749192523
0.015072814261744559,0.009115444583857267,-0.001378290459857227,-0.00790283005262734,0.03218634276481009,0.0020720606846769195,0.12840156275443915,0.09443639066672181
0.014879595159429935,0.00890933457005921,-0.0018204939890420094,-0.008127847037052001,0.14638966231975395,0.0176464835337616,0.1375317150403541,0.08906817280684609
0.015034569567651408,0.008968149937482526,-0.0016142364981424318,-0.007876383684561304,-0.03566082110632763,0.009818860350055114,0.1312746164754894,0.08729223927004437
0.013422735238775145,0.006355156589749451,-0.006075945339635481,-0.005697161465046649,0.7037792634142898,0.17105562678260244,0.08573592648432814,-0.06101587174760522
0.013575800302984794,0.006309958532911764,-0.005777283115971488,-0.0055963509948558365,0.3493609792600889,0.15934415112875844,0.08586312463892849,-0.059520054653076394
0.013450247962795673,0.006208225921394609,-0.005968805806527622,-0.005429129015503935,0.3446150196748043,0.1648083496225854,0.07923042956764113,-0.06448541745217738
0.013306558565652458,0.006249443980966241,-0.0062460213041560285,-0.005510262166240519,0.2932870658961913,0.17583027243106794,0.07832543929424614,-0.066131420710217
0.01333420197095264,0.006100023368477164,-0.0061305002622516905,-0.005238624575499242,0.46740218429388564,0.16898207827450842,0.071878021991142,-0.0691132093027086
0.013187119036995123,0.006147433031857423,-0.006414212474310073,-0.005313349489577789,0.20986787297690457,0.17987421046055005,0.07045298577366231,-0.07080065683838438
0.013064534716697497,0.006049224510282092,-0.006584703975686476,-0.005100552264525881,0.7082869122988411,0.18362846164049365,0.06210987761896112,-0.07487770077727379
0.0132145757545051,0.005988902991725621,-0.006283929352009019,-0.005033319772575936,0.42618612803828243,0.17229731833467088,0.06407751708575503,-0.07327428486955677
0.013081679313159143,0.005898053434235359,-0.006455454663865893,-0.004847828133834386,0.3967958020343771,0.17600749971840113,0.05647791565997012,-0.07687466807014644
0.012938926229728932,0.005954915005069574,-0.006739754578548671,-0.004894077905185238,0.5961611101071792,0.18669122681674652,0.05374676518631664,-0.07842883053800301
0.013750556019033765,0.006693441434347548,-0.005513014178441473,-0.006243442341306422,0.5422713548118825,0.1531649180229446,0.10606456488229761,-0.043005805415248836
0.013799111188862363,0.006544802819458107,-0.005412204366949238,-0.005950144694098763,0.2257655554533313,0.1480626432786997,0.09891648711417168,-0.047978453332999015
0.013750729557727444,0.0062610557656212,-0.005469235277192287,-0.00547931367872494,0.3148797160209997,0.15000370584356415,0.08320057971697713,-0.05730535987032199
0.013823943666856336,0.0064099271464680314,-0.005363232951238967,-0.005708090196786056,0.3051170676092074,0.14677177046219203,0.09118292215579023,-0.05180095169863404
0.010470471553061363,0.005022183559254116,-0.008292883301349857,-7.764470478139802E-4,0.43357318623950764,0.138691253966454,-0.08157591800239053,-0.05271737607323281
0.010559662632308538,0.004863736911273625,-0.008074278197641794,-8.791874122239938E-4,0.18743919998311429,0.1362828391972359,-0.07521583000787357,-0.05703563932525529
0.010626579228399678,0.005039415511198498,-0.008263752374306092,-0.0010418804137021108,0.3259985901332227,0.14543716782641528,-0.07581081364239162,-0.058273930551140045
0.010782083680081916,0.00506154425783226,-0.008226430909513732,-0.0013044462107679865,0.28230440483534025,0.15199905155405713,-0.06968104415531315,-0.06340447677382069
0.010883909892855667,0.004910395743531129,-0.007995687027609262,-0.0013862247859578796,0.32545787460119274,0.14858307091762044,-0.06295662793204367,-0.06662704902540857
0.010936831374304052,0.005088549402048356,-0.0081810294030127,-0.0015641610010686594,0.2817428512407704,0.15825008634567506,-0.06314818452053388,-0.06808537763119167
0.01072281049043209,0.004882249987647119,-0.008036631957814786,-0.0011334098883794188,0.2637066212925796,0.14255681350859786,-0.06921883974607651,-0.06203907476157685
0.011985736283431544,0.00541122549991139,-0.007639459237126832,-0.0033189606044194742,0.1246055841039192,0.18792005553981497,-0.007679000324831188,-0.08747244776450723
0.012111932754886335,0.005310260329587233,-0.007381355294391896,-0.003321088923841762,0.5518183812470893,0.1800310432218755,-0.00264713492793902,-0.08698793791659742
0.012128895840071584,0.005475864446977091,-0.0075371595343139254,-0.003545271224153682,0.6399809542080686,0.1899365468804707,8.10152369787045E-4,-0.0878730195646961
0.011840618209004684,0.005351115767339395,-0.007742805784586502,-0.0030696196196938496,0.4253775945761696,0.18517920705178756,-0.016427103538423055,-0.08623647718438328
0.01198054926696525,0.005230352525337458,-0.0074542545186836945,-0.003090493162188936,0.5487987152459962,0.1772025374109658,-0.01041544899557019,-0.0861358134430227
0.011043703924535428,0.0049455703768070845,-0.00794837647434768,-0.0016383035691582587,0.37886310898019926,0.15429539881344903,-0.05637407987644172,-0.07081740912388058
0.011090665429940798,0.005120404840570065,-0.008127385936877072,-0.0018224741930829866,0.260538212042108,0.16410958338540924,-0.056190434456774206,-0.07230972500931866
0.011202319100877926,0.004988452838812207,-0.007895680249146468,-0.0018908105340047878,0.43110990665079113,0.15972802613565704,-0.04948664106590044,-0.07460411615980965
0.011243426298807372,0.005157078253839507,-0.008065728979485636,-0.0020787551419441342,0.1815344380552886,0.16952014481247582,-0.048826557680644776,-0.07603062479136677
0.011394952446763721,0.005198530675796428,-0.00799902990372477,-0.0023224307314290244,0.5056301376554568,0.17433694893761462,-0.04123911015918523,-0.07913165528770874
0.011357380704723585,0.005040821411554316,-0.007840686170735191,-0.00214293302662407,0.46410823213804614,0.1649537883851496,-0.04235895728672185,-0.07796442041431444
0.011545084353673888,0.005244717217658646,-0.007924885505739308,-0.002563782025191713,0.8519420590892578,0.17849726732775226,-0.03331136387325665,-0.0818865706572894
0.011517020354076927,0.0050855788654785485,-0.007759863250408102,-0.002392376021987705,0.3874227698068098,0.1691886079137638,-0.03444745575053417,-0.08092097931168639
0.01166732002900729,0.005116697704629296,-0.007658294937819656,-0.002611468786832544,0.4007085695211953,0.17181726774478165,-0.026912921382103574,-0.08305224548173769
0.011693686304088879,0.005295594968187609,-0.007838814031830075,-0.0028155109311694165,0.7103318223900542,0.18200201274236485,-0.025010316892367424,-0.08431550810741852
0.011827224909174872,0.005163734418712772,-0.007549947342205608,-0.002848133337352249,0.4682429227857761,0.17446510438786847,-0.01870194844001832,-0.08482841511152649
0.010991370762819447,0.00476093392794065,-0.007773623095820124,-0.001460664068564181,0.298073056020848,0.14329216009476464,-0.05797705608182133,-0.06632907569075029
0.01124342629880737,-0.0051570782538395065,-0.00806503149141872,0.0020811431392675824,0.10137011464575281,0.16920949869019963,0.04881887079952476,-0.07587475623978711
0.011206449565084391,-0.004991066004180272,-0.007896160546397695,0.0018984311218606662,0.4418114694852733,0.16017146698850684,0.04935684054265759,-0.0748042049485854
0.01139495244676372,-0.005198530675796427,-0.007997759009079362,0.002326606062876328,0.3801471540742109,0.17409405152753407,0.04130179510395739,-0.07891058158575136
0.011352579549392028,-0.005044329903075615,-0.007848457089629531,0.0021391487185041993,0.4922259932169894,0.16522717138593954,0.04264288010651051,-0.07798195663180772
0.011545084353673888,-0.005244717217658645,-0.007923234511510703,0.002568542930051816,0.757447245508739,0.17829645090708654,0.033331103317804145,-0.08157606527907316
0.011515195719462239,-0.005095340772928954,-0.007771959845152312,0.002398060682924351,0.4222474081690572,0.16983581888667357,0.03460307803096869,-0.08105356312939267
0.010313910160050264,0.0050098636880925584,-0.008313609093323559,-5.107398962929478E-4,0.5996049061109534,0.1319234559155395,-0.08702201861116028,-0.04682275485252615
0.010396544929999044,0.004858036485491894,-0.00811174116539891,-6.255673439560999E-4,0.10420113625485088,0.12992339494053165,-0.08093708736422604,-0.051641308702677434
0.010157039844353498,0.0050024667597618295,-0.008325231908831335,-2.608514040956498E-4,0.10259658356723338,0.12490476406075662,-0.09192631509889787,-0.04095319453886778
0.010243671464269292,0.004867630157746587,-0.008149424457378806,-3.8631586216482063E-4,0.07193604821064215,0.12404090348900887,-0.08617376176872778,-0.04616404229347976
0.01,0.005,-0.008329165521624255,-4.402042103314938E-6,-0.1300607358793538,0.11752863518573663,-0.09641247707944582,-0.034835351120429035
0.01008278382308595,0.004861691192212358,-0.00815705303409494,-1.307210840840692E-4,0.1287371164707418,0.11690116053930855,-0.09094518310677892,-0.04015400934081332
0.009842960155646504,0.0050024667597618295,-0.008324841984758176,2.6758911078295664E-4,0.21791935347466726,0.10997874338925612,-0.10062993197831525,-0.028106109224886756
0.009921891524605101,0.004852421456208136,-0.008147102374280122,1.2406222553814025E-4,0.044911572531598574,0.10938594904910916,-0.0950255880228024,-0.03404548185298394
0.009686089839949744,0.0050098636880925584,-0.008312541890345485,5.280954258257602E-4,0.18590648832124904,0.1024215264345378,-0.1044396412513839,-0.02125778800927718
0.009766101657254422,0.004867076224133061,-0.008149507971037162,3.7100694083461926E-4,-0.06243468349843178,0.10254375632746689,-0.09900944375022674,-0.027734734929762143
0.009594375046447726,0.004886677151906112,-0.008140647010532846,6.451028538593654E-4,-0.020265322752712884,0.09463671552704543,-0.10300663661547145,-0.020307263040412884
0.00952952844693864,0.005022183559254116,-0.008293029052898682,7.756760750321541E-4,-0.4412523254745632,0.09490005791713503,-0.10775829367191432,-0.014683666103596914
0.009373420771600327,0.005039415511198498,-0.00826302414457512,0.0010473489951449064,0.024980461545577332,0.0871084937081575,-0.11078296663236743,-0.007352383413482479
0.009436747090854198,0.004886122546239124,-0.008097828978211733,8.913815650924576E-4,-0.07313654747983261,0.0867485112796852,-0.1055899073142282,-0.013748166787261642
0.00921791631991809,0.005061544257832261,-0.0082265888755594,0.001303743359572565,-0.1238752287381628,0.07935565958072374,-0.11337425119332971,-8.211037157340786E-6
0.009285657633468383,0.004912990553319032,-0.008073187731344252,0.0011327400100508648,-0.16643647497439298,0.0797346139233122,-0.10832411021401624,-0.006957720597492387
0.011172703825138007,-0.004808358819873787,-0.00771802719045389,0.0017320981744166645,0.33513272329615656,0.14963733630771225,0.050965781847964964,-0.07070960280644933
0.010998039704525083,-0.004768341511416426,-0.007778118199190983,0.001473950111450382,0.3055105868588101,0.14398338621782017,0.05779019380083684,-0.06657841557699311
0.01031391016005026,-0.005009863688092558,-0.008313283377503018,5.142950183486227E-4,0.5208197242483164,0.13176863617528792,0.08717399620648301,-0.046601654025938764
0.010399192137934892,-0.0048644911546280355,-0.008118495572073966,6.310092218993634E-4,0.16090768126639984,0.1304215916637637,0.08098333922941837,-0.05179391369994201
0.010243308776952847,-0.004870550592412386,-0.008152533491300955,3.869611029549665E-4,0.07971721024873445,0.12433580643661357,0.08623432896376187,-0.04626439830848448
0.010157039844353498,-0.0050024667597618295,-0.008325163207322411,2.6145415633701614E-4,0.09692289867168576,0.12463721699795553,0.09211269677983652,-0.04063593065884782
0.01082095158923522,-0.004747162012507511,-0.007843419041996433,0.0012179610913061053,0.2787644586095514,0.1384904732848604,0.0644212862920046,-0.06216250859537834
0.010655641216190946,-0.004783380575389139,-0.007950997506909623,9.94848121636067E-4,0.24273501189192367,0.13534903603900217,0.07083760669290964,-0.05831081511751814
0.010500010134431519,-0.004708219812609228,-0.0079163850895568,7.433546576646122E-4,0.19404850206263713,0.12662182436575595,0.07530293926202443,-0.05276062754093259
0.01,-0.005,-0.008329153458124622,3.1850720875325756E-6,-0.07036061264488387,0.11729970866260477,0.09660072516976846,-0.034501866119981094
0.010071253100016806,-0.004864012990759174,-0.008160349667682044,1.1419563979311953E-4,0.11037455733126433,0.11666166831400589,0.0912976075693105,-0.0398348939034213
0.009842960155646504,-0.0050024667597618295,-0.008324856985520287,-2.692961217783668E-4,0.3799004302405447,0.10984899472487124,0.10090416089512459,-0.027729438915125162
0.009910778983695294,-0.004856859353132247,-0.008151987867892502,-1.3940217192354602E-4,0.007353920337376712,0.1091723621598638,0.09534700668104291,-0.033714998584219606
0.009751826053089115,-0.004876268704037175,-0.008158163436157424,-3.933778037464321E-4,-0.0591921209192669,0.10219400689126958,0.09946271563167376,-0.02714087095513829
0.009686089839949744,-0.0050098636880925584,-0.008313064725260414,-5.190687781815095E-4,-0.20632965801078387,0.1024349550107158,0.10465403398267281,-0.021217181825628085
0.009529528446938641,-0.005022183559254116,-0.008292541586913216,-7.798792556578002E-4,-0.23086964240007482,0.09477670375295451,0.10799491132763867,-0.014403215468323642
0.00959067845875762,-0.0048793812111925135,-0.008131899139300914,-6.484354140090077E-4,-0.007263452453545143,0.09436032237318916,0.10280609900120712,-0.020413727317101952
0.009373420771600324,-0.005039415511198499,-0.008262958142768395,-0.0010484799427249827,0.09518527955000171,0.08706470161097561,0.11110343161568668,-0.007057900184962697
0.009433271357845848,-0.0048877225086568065,-0.008098457651571538,-8.954837324821728E-4,-0.10239695845198772,0.08669412471941522,0.1056123095226965,-0.013719733241901578
0.009274753951381954,-0.004917760154935383,-0.008074007520647094,-0.0011501142210233542,-0.16860510983192356,0.07927271419369458,0.10846838169288898,-0.00649175459416869
0.009217916319918088,-0.00506154425783226,-0.00822749387115503,-0.0012984533245796253,-0.30468108796719257,0.07949334792500029,0.1138060637206668,5.901777888776201E-5
-0.005475864446977091,0.012128895840071584,-0.003557304659770203,0.0075313487407710706,-0.200203298617064,0.07175399607510671,-0.11940643106709718,0.011027008334877802
-0.005381167448833906,0.012255947420537759,-0.0035487019269650724,0.007272768270786462,-0.6304597082212293,0.07173131433715606,-0.11406812065791205,0.003762130037048387
-0.005544967222482057,0.012269952191399801,-0.003789451604279507,0.007417442285641142,-0.22006808089970195,0.0802501787751855,-0.11814937378318575,0.003884990067668592
-0.00541122549991139,0.011985736283431544,-0.003313590959505157,0.007641651017732183,-0.398393956683349,0.06324850441577409,-0.12037053589298218,0.018236771227118236
-0.005301863742827998,0.012126866825360098,-0.0033259714292507227,0.00735669088620649,-0.5855793374232805,0.06396139718168015,-0.1147177012745982,0.01006092399474296
-0.005351115767339395,0.011840618209004684,-0.00306985464431121,0.007742851867227559,-0.44838962711808444,0.054975786033856944,-0.12104925433795945,0.025607222754727918
-0.005230286664475793,0.011978827797560607,-0.003088623942452649,0.007456701195815191,-0.5462990446267534,0.055747925805605954,-0.11543230781059764,0.017346715853032015
-0.005164995613388176,0.01182747356102499,-0.002849717754024907,0.00755212382207627,-0.5181693460220842,0.04758694397159202,-0.11578411475087824,0.02478196485739236
-0.004968034589846894,0.011810366202091804,-0.0026346933405141104,0.007370512563285699,-0.4397542318096593,0.0436446830823577,-0.10902551188103309,0.021822243475564936
-0.004805993787715828,0.011140850602806278,-0.001688917226076464,0.007736348217476728,-0.3627343546744322,0.012459394308374347,-0.10869520021976144,0.054099010649998
-0.004818540732366662,0.011308472275503979,-0.0019155125785122477,0.007637974299659207,-0.38365054665262543,0.019899740698144156,-0.10879890845802222,0.04548813426264058
-0.004904991554222035,0.011649403033879421,-0.0023971018954658005,0.007456240099678762,-0.4232842356432422,0.03575714584516757,-0.10905248514634121,0.02919684845457828
-0.004855310010280619,0.011482007708558563,-0.0021583350020396024,0.00754588851927774,-0.40579355395083133,0.027856644718015532,-0.10900707387010579,0.03708063861899547
-0.005469310074328362,0.012398875327065432,-0.003791840715827766,0.007165716769906236,-0.5067205621915657,0.08054972754590828,-0.11275986174662252,-0.003341333213144926
-0.005618465515670955,0.012408766398519252,-0.004004558561509985,0.007303485903274961,-0.9778501777969845,0.0882600911950371,-0.11668946395501385,-0.003227314690908602
0.005472478905784273,0.0128289110769743,0.004089018915849987,0.0065712424814325186,-0.4755455643243955,0.09550864985841868,0.09751071576254364,-0.024558956517679146
0.005068372109711736,0.012310817820225212,0.0032174805125582584,0.006928998770198829,-0.4521613384043111,0.06575083622174692,0.10215449065705437,-0.002355571446601421
0.005290810508597325,0.012717344830188979,0.003779038199596126,0.006596777702676103,-0.4519999136224558,0.08600441088399963,0.09656749989055859,-0.019887220116390714
0.00514618287042266,0.012538788794350745,0.003481117916939363,0.006718534981052261,-0.4475403711665718,0.07583726834569804,0.09814653229403937,-0.012454160716773357
0.011665149296043686,0.015040634882143942,0.007336066982092386,-0.0024222489232969507,-0.028367038052044196,0.04914954052944385,-0.13094898623339035,0.04116851627041428
0.011789944209660494,0.014930095485960299,0.0073725328694554575,-0.0026757228660191433,-0.04612354396425517,0.04394566247539228,-0.13325718642807846,0.04905857451820099
0.011951636790981192,0.014923910270643699,0.007200930123596158,-0.002852357872702017,-0.05479490953092903,0.03409396273088546,-0.13077160498605608,0.05655028343250007
0.012114530504427172,0.014869928062773305,0.007082102546532672,-0.0030731441291904824,-0.047357905213296504,0.02515539889458519,-0.1291973878193409,0.06484835650910402
0.012891127589256396,0.01467701331249557,0.0062672623914259784,-0.003869881978303711,-0.0396552859212119,-0.015252794380263,-0.1102592192577402,0.09704414278167987
0.013379566763587446,0.014337119827570199,0.00580670687038979,-0.00452196974946084,-0.02689168683235485,-0.03776595957517686,-0.09575524795340287,0.11982909594513182
0.013214327629537542,0.014487496967564347,0.005955606562155957,-0.004261935749751918,-0.03274190158200745,-0.030187740314974034,-0.10078663913949852,0.11114286725251289
0.013048817292500087,0.014600340846532346,0.006109940157536246,-0.004044813617988591,-0.03717275571468604,-0.022548397763657944,-0.10569043095081611,0.10350333136620306
0.012727090139660696,0.014767528645604518,0.0064069569221282254,-0.003660745475545627,-0.04238496037149569,-0.0073408409903094685,-0.11404330127230387,0.08936425528648868
0.012336175516591528,0.014935338458182115,0.006728463019260771,-0.003180836265281561,-0.04702966962329141,0.011924789432043338,-0.12143215332518567,0.07144749973901059
0.012570818072602878,0.01486421005368368,0.0065136215883999675,-0.003438067365711225,-0.043373078753772616,2.1670059413454647E-4,-0.11665314075216882,0.08138047038171692
0.012884706215501196,0.014844013637348502,0.006125250622469859,-0.0036412903596246314,-0.03947934581378914,-0.01444771486600594,-0.10671160992601089,0.09038509011557302
0.011677339844287428,0.015211903215551367,0.007069317358699845,-0.002272157447513173,-0.044688416552419376,0.04424803834361695,-0.12466473431934555,0.03882997028949783
0.01150691657590397,0.01527045301445714,0.007130592628605604,-0.0020363014355431644,-0.040654322485360765,0.05235362406896261,-0.12409281554336542,0.030580109837683552
0.011190687983331003,0.015205658101782087,0.0074773712354112695,-0.001709480108253339,-0.031645078511583026,0.07249352957454223,-0.12710685015665843,0.01687583771836387
0.011340168512758875,0.015336828925788498,0.007158754608281773,-0.0017956876325964544,-0.03720376533814899,0.05978981333159875,-0.12252213463594654,0.022408997560003127
0.010336813515527966,0.01530122547902059,0.007706474849260971,-4.900727736669171E-4,-0.01918873994164741,0.11421307147405535,-0.11324287311584187,-0.022330951268714705
0.010509179327086438,0.015288062147504729,0.007686260236743433,-7.404286910072245E-4,-0.015337824047930463,0.10646658836692478,-0.11722357852999928,-0.014893168544196483
0.010659099451184869,0.015219611184193738,0.00775541909730897,-9.793931126996548E-4,-0.027149921601652832,0.10195392545732833,-0.12175416396222953,-0.008354987097425562
0.010824197411947255,0.015255554760368863,0.007615537074182524,-0.001194150669352746,-0.03693627252286855,0.09121731877947908,-0.123045710285471,-4.492633308601862E-4
0.011010539909367968,0.015246494413326966,0.0075275153237683275,-0.0014494657507301324,-0.03414687588210392,0.08122840917921582,-0.12500526411916987,0.00825469140610542
0.010253666685627886,0.01546204589442976,0.007433578058867127,-3.4676282121259106E-4,-0.019646579963551115,0.10951282775795441,-0.10760424466656593,-0.024173956069295007
0.010064362463595385,0.015470661545399236,0.007434405114938931,-8.987540373364188E-5,-0.014821679394504697,0.11693025631894137,-0.10293817264357076,-0.031389882720251124
0.014070200379073418,0.014293556245311475,0.004834559860774536,-0.004582066783355752,-0.009053225047974412,-0.056092640749700655,-0.06541446946457384,0.12288953583231217
0.014310082660348295,0.014190780073837912,0.004540932687059815,-0.00467177032524612,-0.003547604673364985,-0.06093928879668497,-0.0557546899145509,0.12522954904930647
0.013674790596128547,0.014467053669966978,0.0053091665974648395,-0.00436355377504559,-0.017517797255756074,-0.045666622308397804,-0.08111611257912216,0.1168151981452323
0.013917365830429457,0.014505522948782535,0.004966596763295615,-0.004314211727049285,-0.012466871080370145,-0.050498121163781176,-0.07100398537670637,0.11537537532284256
0.009839124582140202,0.01545832459286674,0.0074477348720518605,2.1673613676983868E-4,-0.014565964337001355,0.12597566787809114,-0.0971182622593746,-0.03961813459705602
0.009640864363208938,0.015481981625388386,0.007374855497994733,4.7955330076296035E-4,-0.018277595549703984,0.13104134146049115,-0.09079882712703645,-0.0457181551393322
0.009153855013954786,0.015189630371256839,0.007710934936326933,0.0012551977470287748,-0.0191305050282879,0.16143223620747127,-0.07426500533223726,-0.06546097226924268
0.009301869792369674,0.015289250706886536,0.007604633749837116,0.0010011086154721194,-0.023389294023472753,0.1518615120373208,-0.08030963971701995,-0.05937138450031641
0.008697716586114382,0.01508542854208566,0.0075789915714896666,0.0019393713578590896,-0.023472447374023275,0.17326053680552495,-0.0538864611632943,-0.07670125289122497
0.009006121054250598,0.01520043661847957,0.007604946280002091,0.0014508648358799554,-0.019609021794824277,0.16301433511152055,-0.06821097226510432,-0.06852889772480485
0.008838681568862248,0.015168050074779688,0.007547555668035726,0.0016939707698871642,-0.029376603456866286,0.1669629199314346,-0.06103853401375461,-0.07248206812006598
0.009427481678169378,0.015476825810536046,0.007325058598591091,7.612283543052214E-4,-0.015615634217561096,0.13733096937356185,-0.08385974783079071,-0.052200054350217066
0.005717678771535905,0.01346084213915917,0.004639181553388287,0.005776662750650485,-0.38069521395680533,0.1187689843031061,0.07594338795766274,-0.04915223830504811
0.006001321618850493,0.01353529907724727,0.005080825046804012,0.00576083384784815,-0.3737198238760584,0.13189540188632284,0.07674904285053119,-0.05399388701186363
0.005820422098523358,0.013583877351141808,0.004798704658354482,0.005628141047914586,-0.3618701138386045,0.1244605224713728,0.07177318804183931,-0.05356573216115512
0.006112758260268753,0.013661609849135661,0.005251468380093562,0.005587166268868341,-0.3496198949672466,0.1379570107868597,0.07158356627853339,-0.05875547584796372
0.006236315571709585,0.01378170983541681,0.005430880200026377,0.005414768400199685,-0.3242655396051275,0.14403700541065056,0.06634979088835175,-0.06321893458757229
0.00559855142158848,0.013335774890695963,0.004446909188927016,0.005911445794485784,-0.3918869559997536,0.11204054839890175,0.07945683948746168,-0.044338690574512334
0.005424076483509688,0.01303464562309839,0.004113243208436176,0.006251197691259061,-0.4241363056796244,0.09932007394905439,0.08815752193754246,-0.033078041271776444
0.005480875234665913,0.013227234131709668,0.00425488174811382,0.00601201905249496,-0.400160456731707,0.10557235103203313,0.0817540511984927,-0.04007403837735928
0.006370118541282344,0.013885789830046697,0.005620631437248781,0.0052576097039462805,-0.2960605958404798,0.15013183308066322,0.06150734108893532,-0.06722177120975072
0.006529692301198696,0.013941281441518774,0.005864617372929472,0.005168047895710437,-0.28878242608581073,0.15734193901957783,0.05883870013689997,-0.07052521672877152
0.007127259826579638,0.014484186580114303,0.006452559648308224,0.004134334366364448,-0.18617821592811482,0.17243068791283833,0.022726732857981245,-0.08333974661355702
0.006994279948396355,0.014382128935406874,0.0063383952309722215,0.004349275873977164,-0.21247834782907002,0.17025841560334912,0.0303937856636011,-0.08163012035095096
0.006906535310880738,0.01424430132222005,0.006308953567670149,0.004599700920378918,-0.22263542554417706,0.1701198961487283,0.03922750440313583,-0.07985696741858703
0.006751486386078801,0.014197317761130954,0.00609022853635405,0.004716757213281649,-0.23640177183717712,0.16415819296810696,0.043365859665036505,-0.07721336436051175
0.00661939305695718,0.014088903130182585,0.0059401340152141135,0.004915942950731853,-0.27032405234185,0.15993513760158692,0.05016062492424623,-0.07410970303093924
0.007087011975572449,0.014671942910273308,0.00621944952194623,0.003879062094814321,-0.16123724221040556,0.16427974622458733,0.01445967835943428,-0.08211303790645332
0.008525797344238834,0.01510290781647259,0.007401080076347784,0.002135642129670826,-0.02606499558136156,0.1723047585877668,-0.04697801757898023,-0.07842918313246831
0.007716597599557614,0.0148537688135607,0.006870908543177386,0.003230098804633042,-0.09119225500565163,0.17568203162813753,-0.009443906632163268,-0.0853030379958538
0.00835833517198697,0.01504781950818473,0.007329882319496858,0.0023817620060300223,-0.042373005116206425,0.1750752849775443,-0.03899268816111797,-0.08114566485343243
0.008225168321148082,0.01497205616930545,0.0073090745199241944,0.002607176522602569,-0.043364201183005574,0.1785110223771146,-0.03158356618031413,-0.08350920932952449
0.007892999138780405,0.014919423288255622,0.007003558032387108,0.0029970794933695814,-0.0690306800586361,0.17619856784276558,-0.017652382599330354,-0.08481496607389664
0.008074116485603659,0.014963454551492365,0.007154124047948699,0.0027731930519160858,-0.05033944526392543,0.17697562598498748,-0.025556952887325107,-0.0840680443587905
0.007221280476848253,0.014781773935738304,0.006299050716190457,0.0036599546930344766,-0.1422093319923585,0.16473776671100157,0.006930623407521235,-0.08271810917426241
0.007368735389929454,0.014890358947623535,0.006381236971749028,0.0034312278198002887,-0.12387304232074854,0.16474842035568316,-9.453303610445378E-4,-0.08287902603801856
0.007535698367216109,0.014992197461147086,0.00647764822529968,0.0031936410327870353,-0.1060772663386562,0.16458881077401055,-0.009087856429536358,-0.08259475354413211
0.004609914841998161,0.009646693678967441,-5.075241760487201E-4,0.007838658045546005,-6.037244840769398E-4,-0.045921555526396866,0.08064610848580998,0.11739957956571055
0.00460719824947028,0.009826195638250481,-2.5005465196786895E-4,0.007861835461923065,-0.03750928746147083,-0.04010700957209848,0.0854003568991802,0.1105295096352807
0.004651138323538068,0.010185518556373898,2.723515572261086E-4,0.007910816121628582,-0.11104343030543178,-0.02764943166983669,0.09447488599031412,0.0971527538216677
0.00462045744954826,0.010007498421453794,1.1367279366788888E-5,0.007885327898937212,-0.07399952050251603,-0.033974311337245704,0.09001427417890541,0.10370435310707672
0.004803028897183437,0.011334658218448678,0.0019373579216020243,0.007603105723552027,-0.3777454621039424,0.0208789041374909,0.1081631663441827,0.04378515586814342
0.0047696836733872195,0.011164268511231997,0.001697072730303066,0.007682526106227418,-0.3551834878069064,0.013201279159644657,0.10752604902973038,0.05197083426065321
0.004701082679822628,0.010357316458605478,5.324902039296927E-4,0.007941844331967943,-0.15459519612012693,-0.02116343563509065,0.0988617499107241,0.09101976351113768
0.004777798017304559,0.010498541287920275,7.604497211211986E-4,0.007995244408963475,-0.21268678038027722,-0.015366528126573024,0.10303392126501512,0.08664136832701352
0.004750033625087031,0.010992070367058158,0.0014562271185664917,0.007762011901116924,-0.32991743921732186,0.005608475839465165,0.10668564674340562,0.060504884477927755
0.004739131161964468,0.010648573586963654,9.688934776740261E-4,0.007904356241887104,-0.25680004401918405,-0.009092781639940472,0.10392216784494657,0.07785091805801016
0.004739718806827812,0.010819264683202767,0.0012124464797341717,0.007836158603590939,-0.29577013523964074,-0.0018666073378800243,0.10547396960731685,0.0691774673702264
0.004686084421689411,0.011646244430264359,0.002207112877329968,0.007246502344133067,-0.37670604659297363,0.03198592650574477,0.10210405997997496,0.02562120550780125
0.0049360094093037505,0.01214965119374811,0.002934221606864512,0.006995847988019888,-0.4343193918834957,0.05648076027488269,0.10179175763529148,0.004219805185167828
0.004750256143990455,0.011818508243310934,0.002439896623218481,0.007157248470905595,-0.3966972002866474,0.0398807491469016,0.10194403377281082,0.018111413839456327
0.004830597298528528,0.011991717224800367,0.0026832356965845456,0.007065917306319248,-0.41465354955608574,0.048165693585396026,0.1016470219200774,0.010703008239230942
0.004633478324549876,0.011472183801081323,0.0019764099157699552,0.007332544468923208,-0.354830014938705,0.024262646225712666,0.10203453642258119,0.03333026552370167
-0.005039415511198498,0.010626579228399678,-0.001036910738959783,0.008264359590915728,-0.5314874904025562,-0.00682134510851484,-0.11210388582046378,0.08741239262013618
-0.0049037485142506415,0.010728242160624471,-0.0011491594019694684,0.008058976090915134,-0.2898628473807668,-0.005653513296083889,-0.1093635317823257,0.07916311722498069
-0.005022183559254116,0.010470471553061363,-7.803207141814605E-4,0.00829269184428441,-0.395144989204709,-0.013693903511171049,-0.10925019606287827,0.09509663056041866
-0.004896123988805056,0.01057250435342844,-9.078130718821908E-4,0.008106456569354424,-0.1932174915859737,-0.01234603005557332,-0.10726124879930556,0.08697844279902815
-0.004886089128600762,0.010398397113914212,-6.331455066578233E-4,0.008142084862101525,-0.2451800095428253,-0.01982367340713541,-0.10420525016694034,0.09552844360489965
-0.0050098636880925584,0.010313910160050264,-5.335221919195112E-4,0.008312092926694872,0.2718071690790244,-0.020447907619188316,-0.10598261864645324,0.10269469785000623
-0.0050024667597618295,0.010157039844353498,-2.550564036894323E-4,0.008325201041929593,-0.3955535936683647,-0.02753998523879574,-0.10219343376853997,0.11035600291653881
-0.004856323497293778,0.010243969766067758,-3.84652441866502E-4,0.008136981463537541,-0.17353305506050007,-0.02650460608153712,-0.10049618109840476,0.10227663359561488
-0.005,0.01,3.247996560754304E-6,0.008329287959660977,-0.20446164661979585,-0.03380494852887016,-0.09826043052186458,0.11786023408838987
-0.004864229166151781,0.010089362143932183,-1.4144337906772902E-4,0.008159595785110267,-0.05540237373533564,-0.03257710529252084,-0.09721655555476229,0.10979245430342814
-0.004869670252553059,0.00991886869872955,1.2939060823974075E-4,0.008165664466868951,-0.09768570737799691,-0.039194731285263074,-0.09289148227649223,0.11772442107334151
-0.0050024667597618295,0.009842960155646504,2.538068377357947E-4,0.008325354356357194,0.30534792678161693,-0.039892565325570235,-0.09383508353615592,0.1251547443682848
-0.004762293024767567,0.010836143766800218,-0.0012465920827275778,0.007853314038713343,-0.2810926137961882,-0.0010629422819257786,-0.10630711695719137,0.06891884162265081
-0.004626505033976844,0.01100975762396168,-0.0014135696638317272,0.007620630212946323,-0.297745021956586,0.005238272337413274,-0.10293667464077526,0.05645118765616057
-0.0050098636880925584,0.009686089839949744,5.253520299489613E-4,0.008312576329423959,-0.09178531304704796,-0.04611984682710476,-0.08884030338563768,0.1323467488542664
-0.004860531480736546,0.009758404555776173,3.8275768695587435E-4,0.008141344064195767,-0.03430582249462733,-0.04519819581830368,-0.08808247711955502,0.12432701297386399
-0.005022183559254116,0.00952952844693864,7.832549421413616E-4,0.008292398414914056,0.05587195995652957,-0.05171668771333393,-0.0836491744054153,0.13928203607946965
-0.004876537147353929,0.009602832344018306,6.292937360122173E-4,0.008130804445532018,0.05821642396775003,-0.050603841289574895,-0.08343592149074526,0.13115329894163794
-0.005039415511198498,0.009373420771600327,0.0010333224123084323,0.008264946722111617,0.47360099667547234,-0.057056232978917716,-0.07804737051340685,0.14595205344232576
-0.004894258586457268,0.009429456994107651,9.037868871253743E-4,0.008103629153044233,0.030349190626052795,-0.056405738591724035,-0.0776090781086395,0.13833421131189447
-0.005061544257832261,0.00921791631991809,0.0012961772634798403,0.008227697973255598,0.3514612968467839,-0.06228624062090726,-0.07194754777718676,0.152218938197354
-0.0048977327215886084,0.009272682797976783,0.0011456848490279028,0.008050605678063205,0.06355148587266256,-0.06124441937942387,-0.07174273167004974,0.1437444747808543
-0.005088549402048354,0.00906316862569595,0.0015585475239504002,0.00818204611652494,0.2571336551552455,-0.06713335404398417,-0.06552289791265631,0.1582800984253969
-0.004914411492679418,0.009111561010909895,0.0013943056346199948,0.007995637098802843,0.12822652331575476,-0.06581638685180564,-0.06548519809321461,0.14923978837496663
-0.005120404840570064,0.008909334570059206,0.001818140561654815,0.008128291716124728,0.21004355422526721,-0.07152451172846251,-0.058746712661380505,0.16402572279335786
-0.004943071852874029,0.00894871025371332,0.0016469521106047826,0.007938632526768344,0.19044629016430306,-0.07003975332758865,-0.05887150745917493,0.15461103372174215
0.00577835898009388,0.0073208682191713715,-0.0044715668441518966,0.007027158725544772,-0.08739257470663737,-0.08476216765099782,-0.0301955145845418,0.18561310125560404
0.005604591744521332,0.0073058168562098735,-0.004202254697964501,0.006861962795193736,0.2808960798203328,-0.08457704606975797,-0.02415437827981756,0.17704393046150302
0.0058645967077086796,0.00718958373010223,-0.004683161837107581,0.006888024015827728,0.18045823145432582,-0.0825282793047434,-0.03818567759443284,0.1836010296963543
0.0057047643853719125,0.007178157656467921,-0.004428151563093097,0.00674481332031882,0.282234177941715,-0.08296372689316772,-0.032051965474411144,0.1759588244178426
0.005954915005069573,0.00706107377027107,-0.004892302505591124,0.006740930678296693,0.3925497203220976,-0.0798461195743351,-0.04607679589146311,0.18062680333841485
0.005801150169367373,0.007038725676682252,-0.0046470657299165115,0.006593277100716582,0.16152852117518857,-0.08060497444058991,-0.04007421778583175,0.1732399683319106
0.0060492245102820915,0.006935465283302502,-0.005111097538248802,0.0065766633339586385,-0.1910920272570202,-0.0767030348349717,-0.05387366957649454,0.1768096847340932
0.005883959731325644,0.006908418557506485,-0.0048304571927298276,0.006434881272697726,0.16870148667090631,-0.0780396080742687,-0.046706888785891604,0.16972300313092017
0.005992920403740761,0.006793570781391617,-0.005041467526301128,0.006302226458597432,0.13928051683054463,-0.075038548439756,-0.053949902042054465,0.16689972681448026
0.006147433031857423,0.006812880963004882,-0.005303777146358812,0.006422306648697072,0.42754737054358555,-0.07302332836128816,-0.060964110196918504,0.1727041290301584
0.004624920654591494,0.009471825027942691,-7.587952599400926E-4,0.007812905276622067,0.03560746042486964,-0.051331853818684665,0.07573326957645848,0.1240826934392758
0.004648345048090242,0.009300998028156256,-0.0010051664761227196,0.007781332093638097,0.06999224003514314,-0.05633281317084677,0.07059531615084606,0.13044538105470768
0.004679750174859766,0.009133582524506498,-0.0012481529424479643,0.007744193812800059,0.10160586033687603,-0.06095631720206401,0.06520861023362821,0.13649846814654987
0.004720951362374303,0.00897019873344094,-0.0014887531010116721,0.007704566542931285,0.13081813468956824,-0.06523133408320252,0.05959916235336569,0.14232817087335056
0.005411071571526305,0.007293363640155629,-0.0039356575774967895,0.006696308005018648,0.21113511380176672,-0.08322159419346982,-0.015456621221712855,0.1689423197480301
0.004937515570768074,0.008509395474495437,-0.0022329564304197328,0.007619367585714608,0.2261636335375829,-0.07675361641788274,0.040911228294000436,0.16047813356564147
0.004955627433528426,0.008368805224414627,-0.002418378131378775,0.007518005519294158,0.24244829037185678,-0.07855938610668779,0.03506432675509994,0.16224809099322138
0.004770871657144895,0.008810156588774473,-0.0017284581821477984,0.007661737645387836,0.15855206970556737,-0.0691774256811784,0.053712187397443656,0.14792590706741568
0.004825332033090629,0.008630765199821377,-0.001994365252678792,0.007595144322747839,0.1854441010941516,-0.07306683458513417,0.04666999719310933,0.15334291197622343
0.004994320290943252,0.008207975390285642,-0.002637733495492376,0.007407810242926451,0.24838982958069158,-0.08043322900535464,0.02815279245443031,0.16442796218585612
0.005324659121277733,0.007444558632506689,-0.003719706780090697,0.00683222495365745,0.2348475108378976,-0.08392668465483823,-0.007951689040923839,0.16965253298590907
0.005262857798742366,0.0076062423268993306,-0.003517964731168926,0.006988726376682652,0.25710478177262136,-0.0844276823863641,-8.230310452477015E-4,0.1707605438766391
0.005239161668823007,0.007757311373414938,-0.0033597682793196975,0.007153809375815387,0.26656421607979464,-0.0848373056406285,0.005056271530242661,0.1725411049070913
0.0050529283142711785,0.008043642629965061,-0.002871885390223608,0.007300100547067549,0.2509609464555615,-0.08211520118049143,0.02072339634517853,0.1667491761643327
0.005129713439199443,0.00787605187150534,-0.003121712183848806,0.007191004986044442,0.250119389809182,-0.0835016891170192,0.012664253866026426,0.1689795408860778
0.014462556039332955,0.013616324902626282,0.004366268773175714,-0.005393958488721076,0.016170967498948443,-0.07108409276151319,-0.04502832284923768,0.14487863637455609
0.01450124020672759,0.013392745158615034,0.004283178916030788,-0.0056882885816948135,0.023229806779627004,-0.07456171157773074,-0.04017625871215146,0.15239708694510218
0.014657713645335479,0.01325207376388782,0.004031575614656407,-0.00578214897111946,0.026516689254838435,-0.07680443906825964,-0.03108847719749092,0.15306822892601538
0.01467572859903067,0.012783052898490884,0.003817958799427791,-0.006420082548155675,0.038384563844187945,-0.08275372375561811,-0.01920996267851915,0.16868423603807406
0.014826014262728782,0.01257603687531126,0.003491255291035146,-0.006547869871040435,0.04146773024868921,-0.08357096460476839,-0.007119834758765695,0.16831003184038826
0.014901789501148028,0.012352455285727601,0.003234967443434084,-0.006747775132016823,0.04446058139049858,-0.0842185923458536,0.0030205747870291205,0.170321107768828
0.014782555577590294,0.013026698844337402,0.0037854156590678037,-0.005991520416667978,0.03153094512490771,-0.07936506647362736,-0.021110444885877423,0.15643721398233376
0.014607985208561032,0.013842419436521798,0.004181537048719346,-0.005022491550329487,0.011170042002548413,-0.06858996846842881,-0.041383769686313604,0.13358078810693422
0.015234972235498877,0.01173365152429108,0.0023094471534277528,-0.006982005348369686,0.04136251055923043,-0.07793939160762565,0.03508855038474753,0.16032543385348122
0.015387489182747372,0.011651362413593599,0.002091998382215741,-0.006837967862259565,0.038788984322230824,-0.07408075572437753,0.040884186153492395,0.15153668348509586
0.015094688567642733,0.012059436526131973,0.002764211107588808,-0.0068470491502595635,0.04358353674349775,-0.08185556220954743,0.019437570744575607,0.1652264401464233
0.01522108974732302,0.011913619311149901,0.002499428367157468,-0.006829857347289284,0.040962416318458046,-0.07919572060914536,0.027898686113798955,0.15986093659905684
0.015112260813588305,0.01226916494975637,0.0029214614740606898,-0.006594100499385225,0.03933083557427331,-0.08140651703584369,0.012426174737461172,0.16087287617986037
0.01456377756021104,0.014291882140294199,0.004208433174298311,-0.0044795517504142845,6.886640293118176E-4,-0.062331568616968334,-0.04587010037523092,0.11985090036438406
0.01471381487305235,0.014110478485487344,0.004045778405424365,-0.004648701735830709,0.005474273712772236,-0.06553500026872025,-0.0394967928689641,0.12341785632111091
0.015299777881642308,0.010167911443271442,2.4602062486541934E-4,-0.007736578606837523,0.0122911028994578,-0.04263514070120292,0.09711268340588643,0.13278091665020522
0.015244463441871019,0.01032856383390243,4.898348058021834E-4,-0.00781379534800982,0.027442235012565104,-0.049348893336789275,0.09206330944945583,0.14161739018924366
0.015261989792878544,0.010660245941393169,9.634901612484286E-4,-0.00767885009227584,0.020927211904877143,-0.05918669581117684,0.0792564917445593,0.14964059773100646
0.015294646060085413,0.010492546798849386,7.142164876491277E-4,-0.007680146932059015,0.031421664669279446,-0.053620064266688916,0.08559058781242816,0.14335060593288415
0.015307628525157786,0.00998163256469682,-2.5685892546271963E-5,-0.0077298872234242985,0.019082079100267324,-0.03550056533242729,0.10283869031964475,0.12525050751805225
0.015248071020996307,0.009835185312336637,-2.4457000289556855E-4,-0.007830991139368295,0.013200134884237807,-0.030394953529966302,0.1082368351756505,0.12249456536412143
0.015293932568160381,0.011329446908112805,0.0018144137276452405,-0.007232379459135929,0.04011883242063593,-0.07239579929443847,0.05237653961954613,0.1568291865693969
0.015466903154341412,0.011493640791349829,0.0018672760281884355,-0.006849328753837917,0.037239022483876366,-0.07080281745441369,0.04766709042471818,0.14689890241479178
0.015379183589804182,0.011088307779987901,0.0014668855780828529,-0.0072594916863930594,0.03766669071251735,-0.06644427110893442,0.06262043381666277,0.14948806342619456
0.015397824033729388,0.010853896230407523,0.0011623863577096894,-0.007356679557218097,0.03596163690917952,-0.06109526343221729,0.07167571821552936,0.1449359445585017
0.01438153448432905,0.007591233601480755,-0.004015359326240831,-0.007297428502433183,0.2586238576490588,0.09853858710731116,0.1370128945575912,0.010376787523332284
0.014543664278999738,0.007586189579889943,-0.0037611021113728503,-0.007082593024248142,0.07984932338402267,0.08798534599044384,0.13223412312345792,0.01026260321549683
0.014455032777517945,0.007730047808600203,-0.0037823973739453238,-0.007420728419713832,0.16989916312331568,0.08958814630890015,0.13921331605039095,0.01888223339694602
0.014303711841978798,0.00745479580756053,-0.0042366758235577815,-0.007171289845062999,0.033181526317002726,0.10708292396047155,0.13434943872586788,0.002048261582323637
0.014462489100977569,0.007451063549409056,-0.00398227089381263,-0.006973336375849302,0.10848436627340365,0.09632052093074057,0.12994592033373834,0.0024445808994333277
0.014221641019906126,0.0073208682191713715,-0.004452685587133066,-0.007039071099320021,-0.2627858553927003,0.11509895635751216,0.13101442688662912,-0.006163457456162365
0.014385044768829531,0.007312424207037058,-0.004191984565292763,-0.006839986700521308,0.21565575388501232,0.10434875838678169,0.12676667825967078,-0.005575928113136151
0.01461944676023654,0.007728576556836782,-0.003535412058531376,-0.007192806683033193,0.09383141513305147,0.07948201804622336,0.13415093808993994,0.018437480013728774
0.01452413555302291,0.00787110415992842,-0.0035411976180248967,-0.007538870816937655,-0.09390062347070594,0.0805356372624599,0.14097319811634115,0.02760902938142762
0.01499138844633585,0.00880343827651668,-0.0018769742634939018,-0.007829397336111587,0.051699957686105476,0.018884742567887455,0.13389417927059896,0.07870823091194677
0.014842921746160495,0.008756573701192635,-0.002065311304036304,-0.00806907482460423,-0.25941588206049365,0.02618232804774102,0.13965680076630385,0.08052924320574596
0.014801469324203571,0.008605047553236286,-0.002325662046745288,-0.007997869607133364,0.1474756918527884,0.03526478249262238,0.14127310753566108,0.0717451077448138
0.014962771186670833,0.008644847159779425,-0.0021149510925782,-0.007744387866972599,0.03535101314227504,0.027151089839333963,0.1351668742226602,0.0698797439228279
0.014755282782341355,0.008454915646326118,-0.002569986631012065,-0.007922743976952605,-0.14454729299869326,0.044109707896003124,0.14226845850999076,0.06298646833827708
0.014912988230899697,0.008495108533626658,-0.0023546762341957604,-0.007685834578654377,0.028067856557603573,0.03560587261658211,0.13654301538213795,0.06190543458974899
0.014679452957399057,0.007876225878529906,-0.0033194592417590857,-0.007315492542902674,0.08775101286257549,0.07134478979217408,0.13595664362015672,0.02690569679825865
0.014588774500088612,0.00801426371656846,-0.0033038187201609166,-0.00764606399334988,-0.11775897550058935,0.07161035563266839,0.14210908187739116,0.036402464183329736
0.014738439543075478,0.008032987035849226,-0.003085537821428333,-0.0074354602728654235,0.06037468662220396,0.06265476351211502,0.13729422426555152,0.035907953245989464
0.014648884232660607,0.008159381790995322,-0.00307494197504348,-0.007740852490352011,0.42329497076110445,0.06266946094938357,0.14257522994166905,0.04511904394324822
0.014704405031812395,0.008306313695911128,-0.0028210455181475846,-0.007836785421873087,-0.034851116429936706,0.0531938178244819,0.14266878437519256,0.054075296512517516
0.014869944164207706,0.008338900209431335,-0.0025907055965925566,-0.007593595854403023,0.08620122478803843,0.044279393592009504,0.1370206233133515,0.053031980510232536
0.014819466645874963,0.008192231835824489,-0.002815918990134133,-0.007507505200024332,-0.006803977068800601,0.052487307698563634,0.13710887247050854,0.04488582698494937
0.015289390834190193,0.00967967366170129,-4.6628935549829616E-4,-0.007729307837401015,0.002326304190698764,-0.023196812376347506,0.11148529453236643,0.11311604125297016
0.015285360276161737,0.009497539119375224,-7.292158361962424E-4,-0.007688263312937946,0.013221821607759894,-0.015203855987291766,0.11563934496600257,0.10462357864453715
0.015208698043995359,0.009345047797897703,-9.757477229446955E-4,-0.007771110578408147,0.00887047302055766,-0.00863296695783837,0.12061979401331094,0.10062313712076396
0.015234111508220804,0.009178900391584938,-0.001197278683585686,-0.007646223150690168,0.0010948759735535665,-5.982921495510327E-4,0.1224473608137024,0.09048301154065334
0.01521225881375356,0.009001795163362903,-0.0014500725826048584,-0.0075829576679918775,0.016834814534455757,0.007870508427686359,0.12497355583599945,0.08163247104194732
0.015126873750939077,0.008861593587233648,-0.0016938543379592728,-0.007636879475040994,0.017300497245356178,0.014976214012892213,0.12870690469730403,0.07699907792291649
0.012947806699152953,0.0058056946203882895,-0.006615824837679546,-0.0046476562172680855,0.5194186148890313,0.17894712407261737,0.04824132461015434,-0.08006725907624536
0.012810416269897774,0.005864596707708681,-0.006884163679186133,-0.004688643360847349,0.11863494511169621,0.18880565727491805,0.045288885091861915,-0.08155120665646677
0.012679131780828632,0.00577835898009388,-0.0070360356764692135,-0.004457622890701776,0.9026291911753933,0.1906964073745863,0.036271721814587425,-0.08400590660900466
0.01282269468336357,0.0057020117850409575,-0.006741567454354467,-0.004424974896002048,0.48573219216847335,0.17997919698285084,0.03984227737843767,-0.08254189030710567
0.01267862501193409,0.005628875415314552,-0.006902844001097274,-0.004228616255912082,0.49426823302380446,0.1821461335383038,0.0317094766332274,-0.08458157400969112
0.012545204192439475,0.0056962881580212045,-0.007163189415602608,-0.004250440465036897,0.076515945577428,0.1914426021553959,0.027610730657634294,-0.0860430212505416
0.012263424912567968,0.005376894468153859,-0.00725829104053157,-0.0035510989761122318,0.46310870884534555,0.18108980434692587,0.006131872796276441,-0.08719633695101532
0.012269952191399801,0.005544967222482057,-0.007423697911580263,-0.0037766428093383066,0.7603395201789795,0.19099771456916934,0.009656886543852019,-0.08784106980804281
0.012411911869486173,0.005439698704348159,-0.0071220513364662836,-0.0037639680732610517,0.505924144558965,0.18107115593535614,0.014482791750210083,-0.08676624757373864
0.012408766398519252,0.005618465515670955,-0.007294845233287603,-0.004019801553740315,0.3142209253975508,0.19142992748671028,0.018793682005815406,-0.08731631433549535
0.012537297329808395,0.005522928100328144,-0.0070217355703831195,-0.003976393508677802,0.5934708121432782,0.18172905410087703,0.022337397003386574,-0.08603209077349688
0.013614027401020485,0.006138495131415343,-0.00567162149010065,-0.005299234500949694,0.3511873793146713,0.15561646111116187,0.07627723265060847,-0.06265534864341184
0.013466127738837205,0.0060730461288398645,-0.005897746878063617,-0.005199148126230561,0.37371596257423667,0.16184155514685516,0.07164020257512953,-0.06676138762120142
0.013383992966800845,0.005930506834907131,-0.0059789922421188725,-0.004961918677627291,0.38007391685846065,0.16304475647741512,0.06304270094610644,-0.07056214481517821
0.013238085831912364,0.005822161335952707,-0.0061638348734062995,-0.0047665297460602095,0.4177146375833813,0.16692859548793712,0.05529271531671464,-0.074455536321126
0.013086146646958006,0.005767422141993867,-0.006374161638945208,-0.004639559421134722,0.43939747917108296,0.1717569935439256,0.049576418100957406,-0.07760189239224746
0.013908869475069545,0.006654159413217367,-0.0052172757942470374,-0.006094004134483056,0.2504916861447252,0.14158187610566766,0.10414996355407437,-0.04209165172422866
0.01385256696814258,0.006812880963004883,-0.005306822241185376,-0.00641971225559097,0.10915606080025549,0.14614952735340667,0.11205551437941218,-0.036245098729455964
0.014004674873363536,0.006783106862888022,-0.005033442049287543,-0.006265579778853705,0.2501766094190813,0.1353256819069544,0.10979731337915068,-0.03541368277542234
0.01395077548971791,0.006935465283302505,-0.005109767501513212,-0.006577778656381674,0.4289964462185936,0.1391034588077154,0.11738259919090961,-0.029204237953082145
0.01413540329229132,0.00718958373010223,-0.004681617196332227,-0.006888721819864854,0.18905104621073718,0.12331028007747563,0.126897660509791,-0.014235213378628417
0.014317288173655032,0.007166610174824125,-0.004379457749229861,-0.006671755684216526,0.2084314202440162,0.1114847525083401,0.12251667685409424,-0.013643138920640929
0.014045084994930429,0.007061073770271073,-0.004905182212523149,-0.00673156195397528,0.5918068326329999,0.1314801451257302,0.12233926542645122,-0.021886409973756533
0.014117114006974725,0.006915500834326436,-0.004809118053032584,-0.006419031258806408,0.13195470335706846,0.12717499037360405,0.11495572850267112,-0.027858557439278894
0.014223953366290489,0.0070296964669703255,-0.004591364216719355,-0.006528781466655898,0.15073464685651794,0.11931148053179363,0.11849356981248706,-0.021251169825832524
0.01396460491348611,0.006483976305167026,-0.005129489128609144,-0.005777820766376045,0.2823246809964782,0.13970454326159978,0.09431457299400342,-0.04717548920065207
0.01382468426550436,0.006072343061503081,-0.005320660238677073,-0.005160719400199745,0.3084682276976231,0.1451410210255115,0.07346153937970597,-0.060307271185791676
0.013976865585362267,0.0062649950426811405,-0.005104875304784345,-0.005420079985658918,0.27997002652640024,0.1394091195562981,0.0828276612496003,-0.0535877566788614
0.012248731882627623,0.00522981030821104,-0.007141995792529438,-0.0033547074162629644,0.4747578463658684,0.1737540564412877,5.827694776417915E-4,-0.08526575483245
0.010483733234057227,0.004684982093369812,-0.007894486318845042,-7.135346773444819E-4,0.19705439855555115,0.12495092052159769,-0.07539966141705427,-0.05205313435660861
0.010657776711456199,0.004695109816182569,-0.007851415935807222,-9.662780739923101E-4,0.2325450261199932,0.1310631925215028,-0.06970521317891049,-0.05714542773013973
0.01082681672077407,0.0047225628947897445,-0.007813226657494066,-0.0012150322921784774,0.26532248466086644,0.1372624100225621,-0.06393400056272051,-0.06192001842663133
0.010937985519782667,0.00456056418000316,-0.007588011557729123,-0.0012871150589677239,0.25893439866005147,0.13241806518951038,-0.05850951028662398,-0.06235798041351986
0.012139368248709584,0.005119298640548547,-0.0071684530510641165,-0.0031258455473462577,0.44778380240574817,0.16959316377921707,-0.006807758470729946,-0.0840607132814832
0.011979926719924691,0.005024840201962126,-0.00725359593387931,-0.0028682110330974244,0.43550648642024153,0.1661193958800853,-0.015277589607626424,-0.08260540990386235
0.011157349933155649,0.004803965809042058,-0.00772304826790664,-0.0017089445699120939,0.32941772975985323,0.14896900949092554,-0.05155326232706426,-0.0703946181607299
0.011321456707403806,0.0048626413925312965,-0.00767496310006779,-0.0019633443149034147,0.3605884321731771,0.15474080435865578,-0.04476438347217195,-0.07420286863131832
0.01146550250919081,0.004952009693287014,-0.007659875547545468,-0.0022154083619357274,0.40769455339911237,0.1612466035013372,-0.038088511254712326,-0.0777786730399424
0.011627781371987203,0.0049390976555670945,-0.007509070228337247,-0.002401595817997643,0.42425313823873484,0.16181913786040866,-0.03121632796284107,-0.07933913065927391
0.011802030995846235,0.004962940500604821,-0.007372211791794908,-0.0026202332766178623,0.4302935318574593,0.16346318761536502,-0.023612945663071202,-0.08096740308534543
0.011112075894137697,0.004593735808354821,-0.007529639708318208,-0.0015239280968251682,0.2902021881131161,0.13774281378989825,-0.05248999755084519,-0.06638089692434222
0.012408766398519249,-0.0056184655156709526,-0.007305216053365295,0.004001290706174354,0.9465121856795898,0.19053275434680272,-0.018633105739762245,-0.08671325128040148
0.012545204192439471,-0.005696288158021204,-0.007172678909087763,0.004234110738381072,0.7035743083186169,0.19013807928658535,-0.02764215343012576,-0.0857729073391913
0.01255921432943203,-0.005512245900814788,-0.006982545684696512,0.00397799663204513,0.43680846518267963,0.18105180211929706,-0.022643335899631332,-0.08595087580817179
0.0122699521913998,-0.005544967222482056,-0.007424018107111578,0.0037763519670409467,0.7187881603490794,0.1901858926257948,-0.009804768435771629,-0.08718498135362544
0.012406924536362506,-0.00545162486920008,-0.00713984261972373,0.003774310426507156,0.42232361843317573,0.18214477860256453,-0.014311543133090238,-0.08701296148534798
0.011693686304088874,-0.005295594968187607,-0.007834368437611556,0.002827955712233749,0.2425296942599736,0.1818876303272178,0.024876738646493732,-0.08393660386741549
0.011666106364267934,-0.00513209440855527,-0.007675895999060386,0.0026240584918423957,0.47337415922232556,0.17278013137302214,0.027045413035425264,-0.08326350554149241
0.011840618209004684,-0.005351115767339394,-0.0077439171928365275,0.0030673435717199255,0.4955989645053351,0.18506585890176472,0.01654597820476888,-0.08545911420290259
0.011808376467709608,-0.005196517666768207,-0.0076027364787095856,0.002859643618907153,0.5352108583526114,0.1763844617213743,0.0194745544818745,-0.08508874536055921
0.011964666055316542,-0.005260378531747636,-0.007501107372377064,0.0031067734638863006,0.4554216389165413,0.17916393356961033,0.010826182729384,-0.08651386721944056
0.011985736283431544,-0.00541122549991139,-0.007646905586709155,0.003301630517555308,0.8155326433324591,0.18744180176011907,0.007912093206272607,-0.08651453489421197
0.012128895840071582,-0.005475864446977092,-0.007536936516619062,0.0035454020100121795,0.5387904194588449,0.18907244045648833,-0.0010212524295156004,-0.08717336676690983
0.0121145220036483,-0.005313155239740956,-0.007381256743399347,0.0033273914894648925,0.47675854479163865,0.1804931713278841,0.0026723644554293127,-0.08722441173939216
0.012256155580747233,-0.00538142970372182,-0.007271904474256603,0.003549265136562538,0.49200850444249206,0.18182603839827285,-0.0054991379521480005,-0.08742955484502167
0.011330901107117472,-0.00486610098573851,-0.007671968748512598,0.0019777729338143935,0.36020298944192713,0.1552229835787224,0.04437407431329505,-0.07436657900518073
0.011465640452802158,-0.004961952843460185,-0.007670466578998889,0.0022232865312073295,0.406480283693067,0.16191888238561197,0.03810983206960519,-0.07792187677128483
0.011631154152310258,-0.004948874023036419,-0.00751637185040558,0.002414061730570752,0.4204051993876811,0.1625002784334032,0.031010145604419604,-0.07949456959473712
0.012679131780828632,-0.00577835898009388,-0.007033800779437393,0.004461074620686783,0.5800785088017002,0.18929442872667535,-0.03653996493500308,-0.0842154428901999
0.012703651686548042,-0.005587740534288562,-0.0068354048401755635,0.004183958325302733,0.4550250828049136,0.17985087031168434,-0.030968990715671624,-0.08435930266055224
0.009115812568083251,0.004942447153599129,-0.00802958062192151,0.0014025273023230715,-0.12629487754859228,0.0714999637727549,-0.11089706106661155,9.905588745234286E-4
0.00906316862569595,0.005088549402048354,-0.00818313647795038,0.0015527733625376025,-0.547302990865847,0.07167926917487576,-0.11551696860780673,0.00715109754528007
0.008909334570059206,0.005120404840570064,-0.00812720940139816,0.0018226610266728078,-0.05138369219058925,0.06385028077425793,-0.11732299264348083,0.015053100913560742
0.008957820220654318,0.00495719147203939,-0.007960775246311043,0.0016435252329095736,-0.19436163636599083,0.06349503705552562,-0.11233164191132854,0.008083696506604725
0.008756573701192634,0.0051570782538395065,-0.00806573344742414,0.002078719437728116,0.02926738408606408,0.056191680813896916,-0.11880980020394542,0.02302766503547037
0.008809223309657796,0.0050006377558047006,-0.007915031360208742,0.0018829813194806925,-0.3080220844168288,0.056432950559392854,-0.1140468963858116,0.01542051322723526
0.00845491564632612,0.005244717217658645,-0.007920969678016504,0.0025755293828735345,-0.19986869564401025,0.04099481485995908,-0.12079865760992432,0.038761053178627665
0.008306313695911128,0.005295594968187607,-0.007838374964495213,0.0028171784225915326,-0.49727672931727246,0.03345259054059121,-0.12120464869689512,0.046730072964007975
0.008343300937946692,0.005139227247077121,-0.0076898691403896055,0.0026190088256662666,-0.3021058282579989,0.033451405261239596,-0.11630178920281499,0.03911633612376131
0.008605047553236286,0.005198530675796427,-0.008000751013645576,0.002316152473354036,-0.6858447187806429,0.04869545861634934,-0.12001358430276975,0.030565799625689213
0.008490774758419558,0.0050849401478768996,-0.007764413441765011,0.002382279656406186,-0.26326984294687444,0.04060630732066859,-0.11580035679622759,0.031358034154319196
0.008647247102059654,0.0050551155738328005,-0.007858204070754929,0.0021479871944360546,-0.24118350010157888,0.04855756246666715,-0.1156063469910157,0.023938503854857938
0.00624944398096624,0.006693441434347547,-0.005508631285456481,0.006247284563641879,0.01365637483494867,-0.06898729552706424,-0.0681430095226742,0.16761653231991266
0.006093874453833722,0.006649748776581222,-0.005235602350307934,0.006105841448884251,0.036911162013729626,-0.0711172477289689,-0.061017623658258364,0.16137040965836116
0.0063551565897494505,0.006577264761224859,-0.005705655060141535,0.006067967879066089,-0.18690187201086975,-0.06450096308920808,-0.07482080220862339,0.16224312459319956
0.00619609110178547,0.006536380286574555,-0.005415170518493585,0.005949043292096508,0.09453686032104404,-0.06739283935346098,-0.06701829023477747,0.15688439350974168
0.006464466094067266,0.006464466094067262,-0.005888899997736628,0.005890323374175599,0.08909425871677223,-0.05958919803676619,-0.08096990846944696,0.15645662709214941
0.006315262232969219,0.006422803602305509,-0.005613870402925508,0.005783688517363647,0.0066126340537720684,-0.06284290480383124,-0.07355491708703983,0.15172072417716295
0.006421719075723132,0.006309907593114381,-0.005780626019632493,0.005605920220765013,-0.025178287745020195,-0.05838416705608728,-0.07883181212625608,0.1459417932855128
0.006577264761224861,0.006355156589749449,-0.00607573254534996,0.0056975459856565755,-0.33266067466517846,-0.054292539063302274,-0.08679829370048557,0.14990166043517358
0.006548651697228389,0.006206643795131162,-0.005971752464205448,0.005433266777530134,-0.060669656562828904,-0.053214678683030946,-0.08463067836013739,0.14018545438298283
0.006693441434347548,0.006249443980966237,-0.006242390996824238,0.0055144737317136166,0.20301068457457952,-0.04869796207241741,-0.09193619433369106,0.14318659643951948
0.008159381790995322,0.0053511157673393935,-0.007748549776223401,0.0030553157615784894,-0.7726424847404093,0.025837872295425016,-0.12112404448245577,0.054624360143482466
0.008191081030557565,0.005188770385967492,-0.007592774021818374,0.0028525041429504883,-0.22678129576058056,0.02584111680686524,-0.1161530861117948,0.047059667823189204
0.00801426371656846,0.00541122549991139,-0.0076437854833646705,0.0033083457721161387,-0.32853731446352374,0.018231261431233433,-0.12051698880638484,0.06304058067414023
0.00803022999225753,0.005231513177008293,-0.007464913543852381,0.0030807807327263106,-0.27591145784279864,0.017767981798819953,-0.11504176009616342,0.0549021215540803
0.006812880963004881,0.006147433031857422,-0.006413736308609367,0.00531385462913164,0.05223299333993198,-0.0428963943561646,-0.09693891803375722,0.13580517938979167
0.00667200264426927,0.0060803304249932326,-0.006137540498686793,0.005210706754465982,-0.18263926700171842,-0.047425108385693186,-0.08958018795247036,0.13225361909346225
0.006935465283302503,0.0060492245102820915,-0.0065875712771354756,0.005096952372958742,-0.6060074496109749,-0.03677194318580568,-0.10153916670570416,0.12814448867300404
0.006780625850744908,0.0059763847501338565,-0.0062733906766156205,0.005019037106454319,-0.12881452463170895,-0.04236259193024273,-0.0932319636942708,0.125426496314731
0.006912830424929454,0.0058986011429547035,-0.006449501951633674,0.004852942204754452,-0.14348205548427206,-0.036470427092138324,-0.09787101726671062,0.11926697766789994
0.007061073770271074,0.005954915005069572,-0.006736823112440132,0.0048982481035709955,-0.09595679379313504,-0.030490942986861485,-0.10527628193323489,0.12082006704020672
0.007189583730102231,0.005864596707708679,-0.006883453638950129,0.004689734923461592,0.07076083047343854,-0.0240243504757975,-0.10869659118517783,0.1128205724359732
0.007048234737265735,0.005794052251061357,-0.006604221521204909,0.004631998031023436,-0.2898394071653945,-0.029927813270094004,-0.10168071193263857,0.11102592940685897
0.007871104159928418,0.005475864446977092,-0.007532357294952072,0.0035551528375517404,-0.030999950094644183,0.010923330436621423,-0.11958830758339335,0.07161315137059975
0.007878595313302709,0.005298800656646523,-0.0073575529837196845,0.003316686557063521,-0.3463954372455446,0.010371703743282031,-0.1142669136476142,0.06312701756355042
0.007730047808600203,0.005544967222482056,-0.007420310936137431,0.0037837842271559985,-0.25812466594760974,0.0037109311639833696,-0.11832632724063956,0.07998096170525482
0.0077482164685134065,0.005377876633031102,-0.007272967898357269,0.0035406539832253657,-0.3702309035086749,0.004079740540843355,-0.11374164912907321,0.07100139769999332
0.007591233601480755,0.005618465515670953,-0.007303370246325697,0.004004675035914399,-0.6647543733849625,-0.0034032060793124136,-0.11674935713085,0.0879938305686739
0.00759499618939728,0.005460613195040887,-0.007148677195480359,0.003785151759186535,-0.26414868272764785,-0.003509920858092826,-0.11214718202931855,0.07994176253851121
0.00745479580756053,0.005696288158021204,-0.007171098877751736,0.004236635893657003,-0.4173982650945957,-0.010536032044551606,-0.11449503329394332,0.09621980434587635
0.007447707311548563,0.0055241105013674385,-0.007001646509836208,0.003989646740525742,-0.24574199475594258,-0.010693515652113359,-0.1095665268650428,0.08749900013530436
0.007166888220474267,0.00569531970804532,-0.006722379452954007,0.004420638014557014,-0.2923313320942673,-0.0241781617255781,-0.1042105106101832,0.10336534491729839
0.007320868219171371,0.005778358980093877,-0.007030679462182486,0.004465749616151866,-0.18436282855033106,-0.017405339173253254,-0.11177638478927875,0.10448629273142153
0.0073024920527346064,0.005604117514773209,-0.006857423340686738,0.004204429760080155,-0.26927458351465944,-0.017667698049963317,-0.10691305778536984,0.09543966828258725
0.010307788793957268,0.004699638250950224,-0.007949268964605639,-4.5885198245872416E-4,0.15705624496782367,0.11924477006549494,-0.081135311972124,-0.046710296543849235
0.010162518274828912,0.0047486712473297785,-0.008023620817426547,-2.475985262864331E-4,0.11103067222738543,0.11552266633212198,-0.08626827714694259,-0.042152338813961215
0.010013554417559025,0.0046970616950153645,-0.007971953371190723,-2.0623733032228185E-5,0.06294683370385268,0.10709148304667249,-0.0892063967499831,-0.03634446009845629
0.009828737136887762,0.004692705163958751,-0.007958751295974556,2.549611133825787E-4,0.02697989069443685,0.0987667469506141,-0.09336494286147184,-0.029401577447457136
0.0096717251527578,0.00476225547746806,-0.00801554968537467,4.999753880481853E-4,-0.018875740666621756,0.09400132649359635,-0.09819750031028499,-0.023430927149765503
0.009183714601019953,0.004816334178567259,-0.007920307777846528,0.0012418966366570666,-0.14122141607249608,0.0712103268606903,-0.10643244854789376,-0.002611138866335239
0.00950702412754166,0.004720534769327798,-0.007930645638518363,7.3549519870677E-4,-0.06682138510979373,0.08451958317618137,-0.09993617657134428,-0.016574668706979833
0.009330476519128456,0.00473493373242919,-0.007889757092618412,9.968621269702055E-4,-0.09670345113335015,0.07621637041800393,-0.10264755957623163,-0.009181085781539722
0.009063168625695948,-0.005088549402048353,-0.008184004166229355,-0.0015487343066489564,-0.6066309979314265,0.07183131669086207,0.11602216813005206,0.007126649693011962
0.009110732711855248,-0.004938374897698468,-0.008022723185258401,-0.001407356535703434,-0.09744302865914913,0.07108989466519867,0.11068031375899064,0.0010696091824130146
0.008956980318937435,-0.004949509634232876,-0.00795174633567086,-0.001639948027202637,-0.136889432315047,0.06322688626917172,0.11196484721590365,0.007963013194485107
0.008909334570059206,-0.005120404840570064,-0.008130159979054514,-0.0018097389831760087,-0.45664769130586563,0.06394352534794037,0.11779088721012577,0.014724104063530093
0.01132155936045727,-0.004664407038575741,-0.007469404069183353,0.0018235359545981024,0.32968852780333074,0.14473927383392435,0.044830103914435655,-0.07095117897520319
0.011130823953228397,-0.004610252037581989,-0.007535691950017271,0.0015569911189473927,0.2954492145410459,0.1389070637814652,0.05186780740894618,-0.0668911145022719
0.010929177641372434,-0.004571718970642242,-0.007604068289800716,0.0012815077308434939,0.25833933103694817,0.1326361713936489,0.0590211999548385,-0.06215491500522038
0.010324930748449992,-0.004703083411602359,-0.007950223698255184,4.846003026781729E-4,0.16113610659048705,0.12009237601887267,0.08076719374159776,-0.047240313627926016
0.010162745921160607,-0.004754156030025296,-0.00802967325182662,2.481411711454472E-4,0.11540057658984541,0.1158032795898346,0.08644417958039854,-0.04215093548613795
0.010687659704992577,-0.0045659987369162,-0.007700565138633133,9.608743814661863E-4,0.21461755374727493,0.12597536924444605,0.06723394448378141,-0.05625872993022347
0.010436206960052121,-0.004511675231347222,-0.007717078992808323,6.039112324615269E-4,0.15977432947525616,0.11568541351102705,0.07421876535156481,-0.048712413167497255
0.010001879831445432,-0.004690169163127486,-0.007964450258095048,3.1429382222257016E-6,0.07001523461641353,0.10634619122092488,0.08941859121043123,-0.03581050059369503
0.00981942128610331,-0.0047026978454673615,-0.007969214853220122,-2.700814093697373E-4,0.03267180052015716,0.09876978138794502,0.0939000483276178,-0.02902109091235695
0.009662047756685709,-0.004766565016938175,-0.008018795845033259,-5.154678092963452E-4,-0.02134545759399861,0.09367384910313484,0.09858892699829029,-0.02292695284148096
0.0091755557996449,-0.004819075488134607,-0.007919766021009534,-0.001255149108789079,-0.14470750549335307,0.07082416707767882,0.10662448110040294,-0.0021257031866804142
0.009503516209745903,-0.0047269447846203004,-0.007936860237753111,-7.423845791985508E-4,-0.06128420808151026,0.08456115931910156,0.10024758613660488,-0.01631994396458025
0.009323754118633842,-0.004742331007977151,-0.007895629216459463,-0.001009348653281738,-0.09198855529413584,0.07613513797242905,0.1030015460120365,-0.008786610975870355
0.008796540936511612,-0.004975444986363747,-0.00787869986187882,-0.0018840722012697637,-0.20350342254298795,0.055258091418806755,0.11320504809481734,0.015422146595768212
0.008756573701192635,-0.005157078253839507,-0.008067889966407069,-0.0020697509677111755,-0.3279583429702376,0.056117027498638554,0.11912368769550974,0.02258517789185296
0.008605047553236283,-0.005198530675796427,-0.007997582374737312,-0.0023267218421282676,-0.22748253059808524,0.048404560256891375,0.12006401303351587,0.030623054127221893
0.008635823478425371,-0.005014757768671074,-0.007805677152984663,-0.002131952489943188,-0.26768074493706023,0.0474011446002729,0.11430220257893864,0.023219049668945835
0.008454915646326116,-0.005244717217658646,-0.007919373931283417,-0.0025804639743577593,-0.13322215452244088,0.04082353516181748,0.12068357999731753,0.038824900142830916
0.008477808970838196,-0.005065270565710577,-0.007732076904681462,-0.002380344272301093,-0.3225383321620234,0.0397230353376592,0.11517111656074043,0.031230471436884132
0.008306313695911127,-0.005295594968187608,-0.007833820044510022,-0.002829929049468541,-0.03564464491598906,0.03339111263773661,0.1210786569894473,0.04717770596960574
0.00832477031493623,-0.00512492507134757,-0.007657907513961477,-0.002626898349888701,-0.3625712480103093,0.032293870643533784,0.11575579084826486,0.039345996961728975
0.008183139768051968,-0.005191255222518419,-0.007586942072951574,-0.002862662949938917,-0.3656755496383624,0.025462694004956127,0.11610999183450983,0.047254733312612006
0.008159381790995318,-0.0053511157673393935,-0.0077451307308677745,-0.003064518004991691,-0.41154922389609383,0.026013414520428216,0.12117919654020858,0.05531673203189918
-0.005328680423816914,0.01238389436045635,-0.0035942746518212074,0.007062997219844954,-0.4951661967151428,0.07537628232075211,-0.10849532548425649,-0.003603959609795885
-0.005204776173396278,0.012279520593895013,-0.003352211940245911,0.007083518407119577,-0.470230361313666,0.06796953296592267,-0.1073311095812181,5.906391822205803E-4
-0.005111741789635338,0.012127542454200647,-0.0031064542004751567,0.0071761785370520045,-0.4638534241243822,0.059716337761089165,-0.10791940772954793,0.007328007847372552
-0.005037932050573185,0.011968206546311864,-0.002870562889457691,0.00727972309994545,-0.45373418741443444,0.05159260584402694,-0.10871516742357439,0.01462699379971262
-0.00475864358687468,0.011794256576220971,-0.0024232515363532426,0.007186524542482743,-0.39575723294199167,0.03889412926007075,-0.10247540717280064,0.019513188987891856
-0.004836169678522515,0.011949061586456738,-0.0026484090621029643,0.007112395286668072,-0.41467951103602446,0.04643702256042732,-0.10248482927155245,0.012942212125314602
-0.004620211750333771,0.011228754849510506,-0.001683919515654147,0.007486668282284929,-0.325274964432849,0.01413006923903345,-0.10270569270374393,0.04528742319445067
-0.004637648028035034,0.011429966040787325,-0.0019320499790463094,0.007367337836436317,-0.3502169739031571,0.02248134534739775,-0.10238695452615452,0.03556624383808737
-0.004688475671736908,0.01161900718252972,-0.0021802393464672395,0.007270789191772857,-0.37398171704777544,0.03077190568602223,-0.10239814224757937,0.02708692322069575
-0.005531677984458464,0.012546686068628835,-0.0039966353595029406,0.007016543774671139,-0.4768727171526938,0.0879867664268552,-0.11006857228773416,-0.010555891489083669
-0.0056962881580212045,0.012545204192439475,-0.004237701260165964,0.007170548708052023,-0.5820296846723979,0.09665161284589603,-0.1145335658658913,-0.010446658613131035
-0.005358687522971619,0.012542260383447324,-0.003755496108693099,0.006881192080212903,-0.49831902481953677,0.08219060133342858,-0.10451779876663099,-0.011403164463174686
-0.005614135511506573,0.012687222994813068,-0.004212173140534973,0.0068801531005986604,-0.5040335698229422,0.09584226365382457,-0.10756595820974939,-0.017288985262522153
-0.00577835898009388,0.012679131780828632,-0.004459229195521415,0.0070349485618534935,-0.6747678976578376,0.10480426764596944,-0.11195934371277126,-0.01742356618868469
0.005219005995835768,0.012930652298862163,0.0037945288605983223,0.006270530833718439,-0.41242842161311905,0.08962695401043558,0.08711944400055797,-0.02873308497010978
0.004836277559045146,0.012317399922259721,0.0029646346509489205,0.006735896096960443,-0.4072183354945832,0.059980032582867916,0.0949082989204272,-0.004359314669803757
0.004888117852485921,0.012520479170824272,0.0031650133657080194,0.006551578507326625,-0.40462482874973277,0.06802408621709503,0.09123612891606701,-0.012923013917324947
0.005019772294158036,0.012752957954396274,0.0034576000095067534,0.006369485598529539,-0.4060265030029599,0.07863608662396965,0.08804380269081559,-0.021903809303215973
0.011891888739863452,0.015122252936814743,0.00698861667045362,-0.0025779194359919926,-0.04454585030414264,0.033936909216974835,-0.12494703193049564,0.049666664782878775
0.012125163653756673,0.015063997346544261,0.00681640331034812,-0.002856281471817915,-0.047056936793903874,0.022082061960360316,-0.12247425493837695,0.060029285255011604
0.01182638335595982,0.015323765418644188,0.006775574291618081,-0.002319736692952267,-0.04186738132604776,0.03432389494012574,-0.11943226870579429,0.04233073739759538
0.013063565014946472,0.014814462010602387,0.005916322379898059,-0.003756986746169601,-0.038327922904549845,-0.02201283193783349,-0.10066386439673188,0.09517736000790054
0.013490050295240499,0.014650508583363572,0.005463402794816424,-0.0040926499174280305,-0.02525801255825875,-0.038452685070824694,-0.08679586459330137,0.10825178726095895
0.013230761715182655,0.014698348651383636,0.005781516029108996,-0.003969006277719233,-0.03406826894018794,-0.028973648459598943,-0.0964864710846969,0.10252017318318599
0.01233272807103729,0.015177335382783947,0.006448629467078129,-0.0028973081584172584,-0.04643997761020814,0.010245251649218358,-0.1142907486270572,0.0638000895099958
0.012768394822225368,0.01497006494320348,0.00615565297325451,-0.003421402535133539,-0.038791642946153275,-0.009253813321472749,-0.10768272736240438,0.08308198539861394
0.012570395038359421,0.015103326201078541,0.006260877446748391,-0.0031442921285958617,-0.04338166815933189,-6.492240165211772E-4,-0.11025222449910758,0.07333544925559775
0.012985781650161638,0.014991306676472776,0.005867986791093581,-0.0035008035067989316,-0.036783048011190256,-0.01824876073137343,-0.09981038335914569,0.08729559836447826
0.011657401551349911,0.015416988495863287,0.006793931570461834,-0.002074221577002614,-0.038442002920746475,0.04121247206775088,-0.11833534529924729,0.03414083511069061
0.01148034612968035,0.015431586567230938,0.006912139936948251,-0.00188041979608757,-0.03628050800712925,0.049866261654486085,-0.11913149464578139,0.027089521780124314
0.011160249800130336,0.015426707890524374,0.007140188432545644,-0.0015252114903001265,-0.034779527896564986,0.06667651714794622,-0.11961862489986153,0.013790028749345954
0.011344800664671632,0.015536975283570263,0.006853997347984131,-0.0016612933484585056,-0.035587041927467686,0.054044848970608815,-0.1164631798722886,0.020411817885970546
0.010448640677808377,0.015468895331974392,0.007383917258862821,-6.063933724887758E-4,-0.02452174215059429,0.10039818391470932,-0.11134759151648066,-0.01621822951417222
0.010676580205756521,0.015443099222234975,0.007356577761527936,-9.146822302618841E-4,-0.02701357553190265,0.09069736314334444,-0.1156568941441212,-0.00681582142758501
0.010932230512288858,0.015473957392417645,0.007193127488657907,-0.001224526041696871,-0.029280177331967683,0.07668114667965863,-0.11724222461440649,0.00396693808855431
0.010170268501414618,0.015618255345543989,0.007176360440758492,-2.2050377608174172E-4,-0.019448059703457653,0.10524551509338606,-0.10235045402621964,-0.025965084707953074
0.010332161765850202,0.015618131751688639,0.007156541744563083,-4.2515679383817336E-4,-0.02245398741797092,0.09874224590209471,-0.10548790581687748,-0.020095129513978717
0.009984704510816764,0.015680110364574174,0.007079877655562997,1.4240223954121333E-5,-0.0188499809197073,0.10916324026652156,-0.09706918675597999,-0.03187283260743013
0.014370265749800127,0.014658247504168696,0.004361004590216789,-0.004086955674421426,-0.005929534818048317,-0.055818476305321725,-0.05373445239553064,0.10999043643163196
0.013865298335291515,0.014812953802081988,0.004899318102039933,-0.003927467744176399,-0.02182102282539107,-0.04534953151903238,-0.0711980569551612,0.10377897847493985
0.009736234275114804,0.01568419140038387,0.007052688568282508,3.214412698421954E-4,-0.01937534567543032,0.11709266770115613,-0.09072821433926903,-0.03984143634820638
0.009539912432590975,0.015624842294165497,0.00711029028354533,5.75350489011611E-4,-0.01705141122314185,0.12574142626269702,-0.0859944054158395,-0.046414230082284735
0.009092847090704737,0.015365242715386385,0.007370141245732087,0.0012414175315713903,-0.020071335802438337,0.15106044505545266,-0.07228884451071592,-0.06284832509742667
0.009239561863573682,0.01548320643463302,0.007242618112297644,9.987688548646618E-4,-0.018544296197538074,0.14120826007549142,-0.07743361745990614,-0.05700724315345853
0.008655974095561042,0.015294402503352277,0.007201046118931581,0.0018231149126704436,-0.033333527621200114,0.15990676277350313,-0.055184732865670064,-0.07234483607944191
0.00888891188994042,0.01538725091852227,0.0072146296089820525,0.001482038314808926,-0.026160001515640515,0.15248338904426487,-0.06473468771639677,-0.06654789795609489
0.009329429981465643,0.015668363001356843,0.006976519594793226,8.166507937125499E-4,-0.021221713782332743,0.12848362101984867,-0.07941030082282159,-0.051251618460998356
0.005561605952522328,0.013491269544035293,0.0044168346687332005,0.00567462424856738,-0.36321813810301545,0.11298070096388654,0.07208648971078939,-0.0486949049946965
0.005634486999357318,0.013624766698206442,0.004528527034588142,0.005511181705606548,-0.3459588393905862,0.11732462470009442,0.06746742059726679,-0.052760790680206886
0.005923118103872173,0.01371845930186887,0.004947610472187358,0.005453091265104013,-0.3407453159046372,0.1298316462315279,0.06657148345033725,-0.058036266345308396
0.005733019060322373,0.01375874673453803,0.004665864753226968,0.005348432644161516,-0.32832748368297887,0.12225811618970152,0.06275780814640976,-0.05683790270368302
0.006040394936088374,0.013855639200702083,0.005105742066762704,0.005268096371729262,-0.31862655517811084,0.13528608919285814,0.06090607335041883,-0.06238344718717304
0.006188142804582069,0.013981207580020338,0.0052999882772278495,0.005093514434144685,-0.2976535407417246,0.14141927331035595,0.05548817186279844,-0.0664966424712492
0.00540353079533348,0.013424621687832865,0.004190248487555132,0.005705978719668569,-0.36272461525018324,0.10628527111225494,0.07224422812383903,-0.04572896564589327
0.005198981219053711,0.0132290605410633,0.00387724112005836,0.005875029764822899,-0.37116519009455334,0.09594422586404401,0.07610735941297209,-0.03888041393294161
0.00638122571203796,0.014107443670379052,0.00555103807188928,0.004903118190121114,-0.2720001076664573,0.1489981360725705,0.04930208879247809,-0.07102217982893133
0.006939157282096035,0.014558932709640171,0.0061073138782502335,0.0041035575737921335,-0.18278482549943598,0.16259719361445632,0.02227949979430403,-0.08080973021158722
0.006779909710237911,0.01442117349260764,0.005979061871034026,0.004360277651192976,-0.20968742102632704,0.16025069232336445,0.031014953591589404,-0.07882305427328158
0.006547119382834936,0.01429411550840877,0.005710899390141966,0.0046024818673534515,-0.2395003141555093,0.15347036645036274,0.03930797946377334,-0.07512351407773522
0.006923302467431164,0.014749330056250893,0.005927237208104899,0.003844100679732166,-0.17006593104779108,0.15630328273312388,0.014129290213431612,-0.08003797373306828
0.007035168061995382,0.014873900757541187,0.005967683493989806,0.0036320571670441144,-0.1515428345224686,0.15585080903963242,0.007072180173615145,-0.08039755724104058
0.008407318622653592,0.015259804363199814,0.007049680903722324,0.002129386304779402,-0.044805578969642317,0.16214802655234092,-0.045285974878337,-0.07598449781227146
0.007723973677997141,0.015075119631274196,0.0066024489378885545,0.002955650258121167,-0.08837869935983587,0.16471397085930894,-0.017333556123312308,-0.08196850078924399
0.008168557067834729,0.015160002159088443,0.006971270234673637,0.002469256178719207,-0.05732900054764701,0.16663952357963738,-0.034706018075423534,-0.07980997436356017
0.007934890652320175,0.015130560264792576,0.006767445485493487,0.00271818553829511,-0.07251559278911668,0.16544142871160814,-0.025688677208075248,-0.08106249882991044
0.007176256489451972,0.014991097846720761,0.006037546224057496,0.0034146016710294123,-0.13302942407744398,0.155625504671283,-2.4295514174622323E-4,-0.08050629232456719
0.0073266551442699845,0.015128469061313161,0.0060821649301569325,0.003166231018565635,-0.11568399065930683,0.1539631263866993,-0.008299707566403346,-0.07981951445235935
0.0075262962764235395,0.015233543244417743,0.006196463807998167,0.002921283486066297,-0.09672970468052057,0.15361766940746302,-0.016435727661133645,-0.07907132551692171
0.0043978225324886435,0.009528703868610032,-6.213793845658455E-4,0.007585853676495768,0.005683538878430136,-0.04760253469004675,0.07398717396554468,0.1125586072111754
0.004386433309514298,0.009717653860192082,-3.721818673636102E-4,0.0076111939483605616,-0.02989716549303958,-0.042054842554937515,0.07857367160823568,0.10575339556930584
0.004487219770746079,0.010298255928008936,4.1100100377716345E-4,0.00771715014522031,-0.15002444550330818,-0.023001410557695084,0.09248596137736341,0.08622841688374948
0.004395349557860198,0.009913600225115823,-1.1381339847860786E-4,0.007639782289255899,-0.06792692533321797,-0.03600709519372414,0.08319181938226726,0.09888579842936364
0.004429897101568366,0.01011089077025121,1.506320206550633E-4,0.007675602200038355,-0.10811620836689749,-0.029558987865247886,0.08788125891985528,0.09227213440906179
0.00459074702294973,0.011296178289017642,0.00174506725722777,0.007413971482062806,-0.3302078789213088,0.016676252286968243,0.10167697350002515,0.041211559043268405
0.0045691945261488115,0.011111695735382635,0.001510436267838362,0.007505688097665512,-0.3032813510361518,0.00906188914380708,0.10136504281635365,0.04985144831764654
0.004559295545393367,0.010517689022473391,7.276244313459604E-4,0.007747754824315202,-0.19949844351862225,-0.014696818873330143,0.09748832572099177,0.07855481745396498
0.004545862686572139,0.010919064234535676,0.0012567914262988247,0.007582640766098633,-0.2700140148434714,0.0011013247928666223,0.10029003828612422,0.058844730986865594
0.004525646908641113,0.010727808538511987,9.998928084985587E-4,0.0076434490984889384,-0.23444114169251007,-0.006574049065478037,0.09861753286971318,0.06755420949587872
0.0045189619705998055,0.011800736538872737,0.002222696597182201,0.006970534784133001,-0.3523499318529732,0.035019649792414335,0.09513123067367867,0.0159131911826407
0.004462623346878411,0.011618037541850276,0.0020022548541987,0.007067060902163019,-0.33478632533352015,0.027396783216356357,0.09557242988761631,0.023518930379054614
0.0046926101479563545,0.012183824917826547,0.0027132074736996876,0.006762325723714823,-0.3840920570784432,0.052036549699016166,0.0937510504739593,5.212511391584036E-4
0.004589426454685223,0.011989586359852294,0.0024537758234551535,0.006864737301448753,-0.36729052871310225,0.04315871191384787,0.09437167553063108,0.008117015236101073
0.004407297186191658,0.011437474089738955,0.001778901546735668,0.007147328234214834,-0.31300455298800456,0.019869872491577067,0.09541197592559812,0.031041587230804798
-0.004732680674202423,0.010659695917264922,-9.824918863806534E-4,0.007892892150907325,-0.25147932299512427,-0.008598912103516586,-0.10390894226969416,0.07700076155305081
-0.004776754373410485,0.010494787160598791,-7.544359269227669E-4,0.007994843728281038,-0.21343373950067343,-0.01551965095172254,-0.10297799468587743,0.08676923974986152
-0.004710240040914575,0.010339214404501447,-5.075136895307438E-4,0.007955435741393445,-0.1592361032566445,-0.021873243356203376,-0.09879641088371931,0.09210534378387335
-0.004692459091989804,0.010161026593098869,-2.4017529463994596E-4,0.007959603844815687,-0.12606723572902814,-0.02870578710616437,-0.09498832827881715,0.09968195579044725
-0.004752109738995123,0.01000026375193571,-9.944909326004692E-7,0.008034181426831825,-0.08246877004550374,-0.03516389228961074,-0.09262587714213572,0.10922628700388384
-0.004702424607829685,0.009839923963243239,2.3864724788049524E-4,0.007970307351727131,-0.03165972854437701,-0.04063291826875126,-0.0875485109270683,0.11402159764358565
-0.004552067940060395,0.010774570856957951,-0.0010716310193645984,0.007652612153822004,-0.24783625355864067,-0.004724483398711757,-0.09963413601622174,0.06607275405541375
-0.0044324546031764295,0.011140098650291985,-0.0014669920872628583,0.0073545011670273054,-0.286014954624417,0.008821357576178112,-0.09712936026333352,0.04535328464357446
-0.004346583177981791,0.010943507927821948,-0.001193505566335116,0.007371925112140735,-0.2486805586650543,6.215147461902712E-4,-0.09445636869682884,0.05262607514041857
-0.0047022264288282154,0.009659752333069692,5.066024351162799E-4,0.007944681305518836,0.0015985330255152829,-0.046652372664802676,-0.08249313631022932,0.12101667880521437
-0.0047653945737028015,0.009508203854447502,7.461499190678773E-4,0.007980779633699482,0.0458905025871848,-0.052180531705035046,-0.07868171491058171,0.1293576560766069
-0.004727892492745276,0.00934398381423828,9.744154995573433E-4,0.007885938429715841,0.0856242539893839,-0.05652374696781796,-0.07277644386059422,0.1330508729119981
-0.004733754363879351,0.009170758349672908,0.0012223530464180385,0.007820835384728976,0.11677336238181511,-0.061081633712501394,-0.0668089905578202,0.1382623740318731
-0.0051570782538395065,0.008756573701192634,0.0020777092249297997,0.008065831979766711,0.08912044220579836,-0.07543608251557699,-0.05156898463025796,0.16933860543264267
-0.004980175397460265,0.008788137952034232,0.0018975204528414306,0.007877478018597166,0.2522500448732062,-0.07379646223988952,-0.05204957846669922,0.1595787878311341
-0.004761522505608205,0.008996039141520654,0.0014767926896449076,0.007763066671256075,0.1461787778043826,-0.06551729703977612,-0.060609455744959816,0.14386417436936216
-0.004792910530271347,0.008823689477485611,0.0017252676423643511,0.007694248703836265,0.1685887675212636,-0.0694485817421765,-0.054159092937479204,0.14883842843880532
0.005521060268812654,0.0071408168816459935,-0.00417678891251241,0.006561121931703581,0.18325678203876258,-0.08206662018531484,-0.02379674593363457,0.16808356879058087
0.005657244487765032,0.007043676370808098,-0.004423586940183924,0.006508613728112225,0.1778566819738294,-0.08093981163735972,-0.03231692823005583,0.168959968467031
0.005698172983181014,0.006879192595764013,-0.0045500976070025735,0.006285352818233956,0.1480309237472137,-0.07852949160530927,-0.037065797048197485,0.16370403340895057
0.005807375316313056,0.006742483237627452,-0.004757259914456523,0.006132020991901765,0.10778876855229684,-0.07590529875182521,-0.044259443752139756,0.16059414570646222
0.005944890737818039,0.006641786626274146,-0.00499282806405152,0.006034223966474811,0.09028871763134162,-0.07300202927762647,-0.052329574701230376,0.15861114283056332
0.004422149822135096,0.009347317310673089,-8.623396607581982E-4,0.007558182894078856,0.03898719499650372,-0.05265330925158925,0.06932207159148011,0.11906690402270632
0.004454348956696492,0.009171419159603034,-0.0010976590419935221,0.007524044662253079,0.07004924571071329,-0.05725677065446703,0.0644713792482015,0.12516821051287455
0.00418209687224468,0.009396779023077576,-7.265233261955187E-4,0.007336699982568328,0.009707524321908002,-0.04900824373640474,0.06736660401632467,0.10803731812915583
0.004497255444353982,0.009001009224475779,-0.0013295614658374625,0.007487653936458623,0.09900940888974062,-0.0614819907783708,0.059472731839096064,0.1310180535406034
0.004556698559751185,0.008837982531743076,-0.0015608737638927095,0.007457140214009411,0.12717530705569155,-0.06541845644445893,0.054390486966161174,0.13689678225151594
0.005294547664477592,0.007100486537013021,-0.0038860427009375395,0.006357765451604818,0.17322757299475836,-0.0806042587663127,-0.01546366856402283,0.15896414554388394
0.005200516679832595,0.007284397177040689,-0.0036638000160001648,0.006533002302740814,0.19217788958592183,-0.08153921652552472,-0.007852920886812569,0.16047401617761695
0.004789881239957242,0.008425233146260206,-0.0022111081560637464,0.007397782761769957,0.19960725691104675,-0.07507594532678273,0.039040574494390475,0.15332619285201168
0.004804052518196999,0.008251752037834409,-0.002413327680765661,0.007262329622124269,0.20467178685515228,-0.07689808502514352,0.0325499059518572,0.1546752588874355
0.004611869215582082,0.008677206927687154,-0.0017869040375082105,0.007409800039839198,0.15306717412888815,-0.06893299485375047,0.04892540942686491,0.1420602669148199
0.004643018688530706,0.008516114757073655,-0.001993377891890612,0.0073252823402583265,0.1687478035042488,-0.07162286250005107,0.04325242252019508,0.14535290229484243
0.004849381525122397,0.008070426673712782,-0.0026397954277008885,0.007135428168363556,0.21217563405342554,-0.07872354945795455,0.02536219404041995,0.15668178728188656
0.005117564452368916,0.007460382640378615,-0.0034475754442027198,0.006691012006099259,0.2054929691425552,-0.08194556762213451,-3.5557570390561924E-4,0.16123665531629083
0.005053815923286269,0.007666758785933085,-0.003217830842548917,0.006884744417433925,0.22052719272229154,-0.08206892850921137,0.007646435487317368,0.16233139442391445
0.004908534668982706,0.007877500553591528,-0.0028795698703174767,0.006993555220555792,0.2151401225917106,-0.08018588207961423,0.017713638816473653,0.158319530953327
0.014769316061489672,0.013542850080313217,0.003946900719495577,-0.005325626783807995,0.016872976621952276,-0.07305786751601008,-0.03154410474117106,0.14007211445776727
0.014870005900295042,0.013247932023260252,0.003749665771088891,-0.005635543131305587,0.028435984386573698,-0.07630108586052335,-0.022595491504772938,0.14621292073365644
0.014946331628775617,0.01280100944621919,0.003469009943800665,-0.0061381156361529,0.03621714455507625,-0.0805867679822475,-0.009149622090539223,0.1566209171562016
0.015041229103987946,0.012534621878253408,0.0031951072043133605,-0.006368069781409095,0.033847719650887724,-0.08140111692294578,0.001631366413195564,0.15893791543548888
0.01501393303602878,0.013055340193740576,0.0035022623685171715,-0.005764608368912151,0.03223939529936461,-0.07753401247808533,-0.013440790871025895,0.14692922411884057
0.014962789330682045,0.013957422530051087,0.003756535862141728,-0.0047254865497935485,0.011525220622804457,-0.06822064475773541,-0.029434385037973364,0.12394153952000476
0.015419634627658758,0.011826822896941107,0.002234105962034233,-0.006644394640227007,0.03610256065346786,-0.07478797909769841,0.0351440922253777,0.14915875858692515
0.015599773605279104,0.011656876714684253,0.0019293514699276657,-0.006542566452445948,0.033622651711224284,-0.06996941302009059,0.043443633237646724,0.14011147783629607
0.015359832262282025,0.012118430384434253,0.0025426956760709087,-0.006451785171798355,0.03763888865603088,-0.07722405595242739,0.02407343824508598,0.15020299561018577
0.015300005434102107,0.012423420507901281,0.002831357634032627,-0.006211932960467736,0.034419860492054574,-0.07824925141812132,0.013127742838353117,0.1492126721424943
0.014975284055460763,0.014434892260044786,0.003733283667205079,-0.004197905198261363,0.011033270169633859,-0.06214108564361109,-0.03406405492231351,0.11055662481907033
0.014969294634371563,0.015069891917934824,0.003639760465004491,-0.003571105271588932,-0.002787746392327974,-0.05488696023170313,-0.03784411448943852,0.09481427459599254
0.015481359905167889,0.010060766019152801,8.415547922199992E-5,-0.0074179433612469375,0.02168846513553212,-0.03573011003120365,0.09748981315685422,0.1181836700903904
0.015461436206013578,0.010330578999831842,4.4974232565926246E-4,-0.007423936501241729,0.02795382596104631,-0.04521960225509187,0.08979390838767144,0.12838984920003857
0.015470480076482902,0.010587861826142634,7.882315080917477E-4,-0.007342346485918932,0.0318164274491079,-0.052760702654267834,0.08108220920965827,0.13488926969311857
0.015445316289442419,0.009818982240628783,-2.456147204791987E-4,-0.007470511922295219,0.017720065452834968,-0.027082385446774708,0.10461333662071295,0.11069511642765115
0.015588919916063582,0.011241099886086745,0.0015156186620799048,-0.0068422774604539474,0.037037239312488875,-0.06469797666565918,0.05769259741758145,0.13838543007317358
0.015709142429987246,0.011450268325946072,0.0016544875803824514,-0.006540002382453272,0.03532305065396222,-0.06560273468722383,0.05109609485792823,0.13409842868063498
0.015658233332037277,0.010986559045718164,0.001196080542688665,-0.006877435449088151,0.03329519068869521,-0.05874855147804391,0.06633979303882921,0.1315870465871086
0.015681196762489965,0.01072236500835324,8.824912965368859E-4,-0.006952802117566901,0.03218244255907155,-0.0523953734217446,0.07501134968442202,0.12562745956909807
0.014717965632938784,0.00757988922523805,-0.0035177767204475105,-0.006860655067975458,0.10369576332799442,0.08236332852032902,0.12607659510880864,0.008537633885016672
0.014625669668531455,0.0074361403649610145,-0.0037495789323309784,-0.006766323746717831,0.12479955981580142,0.09069969603006466,0.12422348406227877,0.001037358446568512
0.014535410868052673,0.00732547954598894,-0.003951972468251134,-0.006702298787742952,0.12955544925488313,0.09776516582437107,0.12283814935944873,-0.004777365184078577
0.014516288923655422,0.0071592440189616234,-0.004070636439602835,-0.006471537924276892,0.14056506753840206,0.10365495847041103,0.11676203437610486,-0.013571629886996088
0.014796813978436628,0.007727748556288743,-0.003295433304956187,-0.006960383409305681,0.08386930342037659,0.07414565895289628,0.1277580516476798,0.016302571206202363
0.0151442125497541,0.008687851458368805,-0.0019035316177694415,-0.0074736419929712075,0.014088329967269402,0.023456126610936268,0.12851469579822797,0.06602900702976087
0.015091574652243214,0.00852127370690197,-0.0021520084848843895,-0.007416754474005221,0.02806454090447372,0.03204716962949953,0.12996838947852796,0.0578554592355539
0.015014399531760255,0.008387318829450539,-0.002382236368466273,-0.0074128684942736875,0.02885277273005426,0.03954946965807006,0.1318532684823613,0.052014157942967855
0.01486960859550913,0.007879279055450198,-0.0030711084550085043,-0.007057052623006946,0.06364471387860254,0.06576940370822955,0.12903715136001329,0.024299855679494015
0.014890010608218691,0.008063426786205155,-0.002869239139344725,-0.0072500236437709874,0.061262117754905046,0.057135248291699844,0.13200587151267967,0.035012463788006626
0.015025034713340848,0.00820457013891216,-0.002572472709621319,-0.007208001464391099,0.04598565431155367,0.048022202698638945,0.12940425228918154,0.04057266793856872
0.0154780278369025,0.00956028697348979,-5.871592421785475E-4,-0.00736510560643023,0.01638091337228398,-0.016273303921724627,0.10952270686726599,0.0977816243184406
0.015414835258873886,0.009310733599684397,-9.366042055491965E-4,-0.007390453905440143,0.01645701633067835,-0.0060635208972413595,0.11527283864901536,0.0890111750118545
0.015405996240217164,0.00903105434578275,-0.001297748853545588,-0.007270433314940989,0.018882192727183996,0.006375116207090224,0.11849041198223519,0.07503042976656848
0.015335748256939192,0.008808752446081994,-0.0016129393408398464,-0.007247661650047811,0.02279979407906013,0.01653684423180168,0.12182538189049497,0.06597870633565549
0.01299417919852085,0.005626574322472398,-0.006430647131074004,-0.004390272739219812,0.43372186382374095,0.17079062235434853,0.04061670563711627,-0.07965535935656977
0.012836609494504844,0.005530932050399191,-0.006600620988857914,-0.004176297696607414,0.46065410947759916,0.17287090387972795,0.0321123303196302,-0.0820418285118999
0.012675471813711753,0.005477685131826386,-0.006791722642393807,-0.004007539718567471,0.465207287325945,0.17574872574020653,0.02488002822194904,-0.08396689898115786
0.012410037619738785,0.0052593974114670825,-0.006968675794044295,-0.0035270708116715613,0.4726200955786082,0.1723540811872126,0.007625191104607608,-0.08472566535615554
0.012570443577344643,0.0053420244654780215,-0.006828816263710632,-0.003752830676970098,0.4560826313282292,0.17256062083250753,0.01601754937559301,-0.08416375837704927
0.01360579692943667,0.005919082679881166,-0.005624385459650681,-0.004948849170782913,0.34448445169290626,0.15289073686911078,0.06477216030102706,-0.06668105458056713
0.013442317403628593,0.005735929900540349,-0.005811198247090502,-0.004664847052866134,0.36535582329802324,0.15618348274551327,0.0543094058298681,-0.07151831784418326
0.013220510816319997,0.0056110124285855874,-0.006085396232463888,-0.004440240195377461,0.39529428433330566,0.16165613130411674,0.04490667620625938,-0.07594455516738285
0.014081702887528911,0.006606748094438618,-0.004928254905649728,-0.005923639842226227,0.24263025994666745,0.13325382882326367,0.09951331230871817,-0.04122075829122799
0.01414660161733675,0.0067734182295751165,-0.00479443504479385,-0.0061596566240133006,0.2299500899579306,0.1281637437878901,0.10703395366490384,-0.03387279679303033
0.01442139767095731,0.006987844406702146,-0.004290498994592377,-0.006295627432626966,0.17177962560488813,0.11184837696332361,0.11177489575384149,-0.022151758973759386
0.014304444737090012,0.006858245864615033,-0.004517443954770903,-0.006186080238231725,0.2100035900568232,0.11956170070629683,0.10837608594793889,-0.02875430607933759
0.014171448781947156,0.006417384995714365,-0.004802417439032795,-0.005577405833120038,0.24516080078501049,0.13045532518360312,0.08907022855530299,-0.04654248780790576
0.013909339268887119,0.005839504651368188,-0.005156467455724762,-0.004801370954165791,0.2920661010890533,0.13874158743678847,0.06328682518783506,-0.06254694098675549
0.014091346850592192,0.006010925098051457,-0.004918236893459619,-0.005006439146848404,0.26746716383510444,0.13286321624750178,0.0711964039687877,-0.05692470479720734
0.014257760941648373,0.0061657158045449745,-0.004686267503062576,-0.0051707773256544414,0.2407662696647261,0.12654118138970086,0.07751546556630319,-0.05134410804374836
0.012347840298272132,0.005040504912151363,-0.006861637507039233,-0.003214332955076186,0.42316284149243,0.16299931507382606,-6.534542684892565E-4,-0.08244574849422272
0.010394036213322917,0.004502276410087403,-0.007715867652585823,-5.444528584991155E-4,0.14925594645114282,0.11380404851203556,-0.07517786429566824,-0.04744663196662676
0.010586590123299386,0.004491094686233157,-0.00765475730000104,-8.008123385767877E-4,0.1870139334382782,0.11963316012552903,-0.06934209106930894,-0.05283841641616882
0.010767030341955905,0.004525920928278957,-0.007627717333838372,-0.00105078913111723,0.22495680998675052,0.12645659784318675,-0.06400981232745769,-0.05793020603597975
0.010881135347782987,0.004361283975336449,-0.0074137377426930695,-0.0011250631189885006,0.22248740202510306,0.12200166213627371,-0.05858179115127674,-0.05856295777885286
0.011050086571073089,0.004390310542473309,-0.00736186413513681,-0.0013387187987852274,0.24921874296445426,0.12703137804197895,-0.05345706992775629,-0.0624001119753488
0.012167776293399693,0.004879449092922503,-0.006927185500459405,-0.0028896912346703762,0.4022233688850548,0.15763021960069254,-0.010481000017604663,-0.08068624923471769
0.011962996789993843,0.004792796098459877,-0.007058954812850421,-0.002619101504748922,0.3871442023179627,0.15465557154546936,-0.019370501036868295,-0.07904515019631202
0.011297266560786598,0.004634943426255749,-0.00745625093646955,-0.0017746343456799937,0.32099611076205653,0.14291362810507266,-0.045743386088997424,-0.07020229194107482
0.011516002997754274,0.004731080342266946,-0.0073929713132835214,-0.0020995125848081403,0.35827164192020605,0.1502508850161399,-0.0372995543133215,-0.07469166899286493
0.011747152357651508,0.004740219037676226,-0.007209909514674955,-0.002358133536178603,0.37069756934853754,0.15205099538238545,-0.028319512757171903,-0.07701349100214526
0.011235666863167543,0.004405372700207262,-0.007273091556515257,-0.0015587720371804026,0.2725482211270642,0.13111480027406916,-0.047421069762664025,-0.06590078699786196
0.0127209369966301,-0.005390818667109289,-0.0066626287133784564,0.003915137062595001,0.4566174474010865,0.17063581272955045,-0.0229586360464458,-0.08275842381195408
0.012368495201579118,-0.005297705339228763,-0.007053836009439651,0.0035422158829187178,0.4809249088689908,0.17512554303833153,-0.007360098982864929,-0.08545681004383249
0.012542417869761558,-0.005294601857641119,-0.006827926728002672,0.003671094717660756,0.46729842640959907,0.17111492943798695,-0.013650325892199099,-0.08393571247478158
0.011800644279305158,-0.005013811877651313,-0.007424276838393981,0.0026680863994240824,0.43105463330825194,0.16628633530608902,0.022958283182113858,-0.08179647659255672
0.01192702543320785,-0.00512039758852797,-0.0074022695483302505,0.0029137691730863054,0.46337950248805704,0.17156402844059046,0.01558222513245441,-0.08404610455731942
0.012099229627476874,-0.005130675863655348,-0.007224667606903052,0.0031004027328189153,0.46883586148106365,0.17079919388355802,0.008029632619711567,-0.0843273524034811
0.01224825052565555,-0.0052049188903067955,-0.007119728147905287,0.003324921180870731,0.46821589090446863,0.1726041544394962,1.2823416120873591E-4,-0.08495433739025217
0.011527117827596103,-0.004757011670299702,-0.007409901138564669,0.0021324554775751813,0.3665337221773986,0.15181109088032627,0.03659587755659887,-0.07521065000652823
0.011475177569459252,-0.004524200205135885,-0.007226363999490134,0.0018991710829604485,0.3152874869615276,0.1398627408964439,0.03945254276156172,-0.07095873409720939
0.011772102942831484,-0.004793654474399862,-0.007237900380729961,0.002431198302684143,0.3856128310021251,0.15494197599873505,0.026735714892334127,-0.07803419514935962
0.012810416269897772,-0.00586459670770868,-0.006888375668569153,0.004682520887998205,0.4852699341222268,0.1878393936271602,-0.045334997224274,-0.08200994463785248
0.012844353154474792,-0.00567366090266198,-0.006688589949971769,0.004392411268087301,0.4701978451856786,0.1782603337880774,-0.039288723797521026,-0.08223810374127315
0.012874395012363421,-0.005473619018275846,-0.0065066256946725185,0.004113071501359612,0.4415859829115009,0.16926517329670124,-0.030709361857765193,-0.08114745259679558
0.01293892622972893,-0.005954915005069574,-0.006735847490645524,0.0048993575997841685,0.37432429234536707,0.18571308225850935,-0.054004284435569476,-0.07914515256899739
0.012980506883663563,-0.005767828022423881,-0.006540755083276127,0.004601060586947043,0.4794660792492748,0.1762208922617168,-0.04753235666149239,-0.07960363132360092
0.013064534716697501,-0.006049224510282093,-0.00657645041066261,0.005111316995341646,0.23935199531991894,0.18291405532123184,-0.06248458191101524,-0.07561294781502796
0.013110452192291415,-0.005869863222091237,-0.0063938591015511225,0.004810108272663642,0.4891129405867715,0.1738075107658497,-0.05567308010563654,-0.07648227496596544
0.013187119036995118,-0.006147433031857422,-0.0064118367904183035,0.005316486212529382,0.1344656974225168,0.1794882735338803,-0.07066511416848872,-0.07143099445927076
0.013230886536033881,-0.005977530372299321,-0.006251471951763039,0.00501736751889617,0.49063363078942074,0.17112381475203142,-0.06359265195397389,-0.07294108524876437
0.013306558565652453,-0.006249443980966237,-0.006248069777044133,0.005507996893726667,0.48905592523576097,0.17543403003007393,-0.07826686604191908,-0.06674023081265931
0.013336003931626279,-0.006083549843850072,-0.006120100628705411,0.005211578653679007,0.4414922582966896,0.1683535719168174,-0.07092802185185211,-0.06918916574399135
0.008242286799274016,0.005045151353937231,-0.007494758121267059,0.0026492358676488813,-0.2870311038756676,0.025889702842211836,-0.1117538192065756,0.04209526380972105
0.00901364256096809,0.004787476082714555,-0.007803033015735883,0.0014673154712124298,-0.1741462706143042,0.06143760006446236,-0.10667711058950662,0.004738171926873792
0.008836735775602176,0.004818194792649183,-0.007731802798834159,0.0017250586767245748,-0.18966221399996896,0.05295672709119686,-0.10805963831422105,0.01269860881557512
0.008697863607508285,0.004914873342127597,-0.007742564653312138,0.001974591765722709,-0.2274326148367579,0.04796993455727221,-0.11100726454401917,0.019777924639726278
0.008367348896189147,0.0049642898214005155,-0.0075275006328361345,0.0024289827296505788,-0.2638183522767497,0.031091032040465566,-0.11052047199768301,0.0352356479110252
0.008526542862889194,0.004907369543820027,-0.007603541625350762,0.0021877292449340425,-0.250759729327604,0.03847237731971112,-0.10999999822388172,0.027396439611472288
0.006174650556308586,0.006389785071805126,-0.005377357907200072,0.005699394745248521,0.010726801348810938,-0.06546710290321642,-0.06522671808955195,0.14940116581772497
0.00601096182094729,0.006471375733809143,-0.005114797822172467,0.0057868925650412465,0.04827420372344942,-0.06954610925126681,-0.05635974099741149,0.15180739802865006
0.0062513616789944965,0.006258343163097001,-0.005489823064018919,0.005500656512673987,-0.016525273773881518,-0.06199795347062976,-0.06868931716400371,0.14343979456190403
0.006375155431953024,0.006127811570447484,-0.005666062072486819,0.005301369096128016,-0.05953791464033103,-0.057328797670236055,-0.07408438106632,0.13719094710089422
0.006526612510225097,0.006055536809072717,-0.00589014850478733,0.005183021300791646,-0.08527478041345483,-0.05204871375763744,-0.08116876957933523,0.132638849280855
0.008064492792843572,0.005030571593140504,-0.007302279885194315,0.002828064911406389,-0.28473867028723143,0.01602349500671971,-0.10846220123001683,0.049582927631958824
0.00787916132959457,0.005108052737776419,-0.007176068467156381,0.003095120236454018,-0.281423680916312,0.007470341042182137,-0.10739732577142709,0.05890700345822309
0.006610816375367784,0.005905702446792342,-0.005970583814046713,0.004935969306160405,-0.11551575749333842,-0.04794929098103953,-0.08293975052643739,0.12494340453189323
0.00675437494611018,0.005801714338839988,-0.006149060158479863,0.004745680144912037,-0.1611913920396972,-0.04221744090659018,-0.08781637661045306,0.11818256862324276
0.006913564611394796,0.005756299660464367,-0.00637141751780199,0.004627678654883197,-0.185444450195934,-0.035726256527713135,-0.09426242863831595,0.1128738136841452
0.00700434786915464,0.0056194273136008915,-0.006427818369070145,0.0043852062333114665,-0.19036567220258518,-0.031585794939349494,-0.09477347254582587,0.1051476628926763
0.007722405876421011,0.005195177343069043,-0.007074030438029706,0.0033383839513502754,-0.27218399087694417,4.891327807581945E-4,-0.10659976928527977,0.06723562141669892
0.007613204696386314,0.005317207005270279,-0.007046888462205888,0.0035815594247378055,-0.28415587045309915,-0.0038819909220041008,-0.10764493172607366,0.07480587708356384
0.007454231896151291,0.005346753237106732,-0.0068651819679444665,0.003742737804490449,-0.27455919949182284,-0.011673739241286625,-0.10368841894014287,0.08164586150516571
0.007288904356209573,0.005418960906370614,-0.0066978555645524655,0.003950206381457559,-0.24748098220037806,-0.01918499801199795,-0.10022447626963915,0.08958777619327489
0.007135708003571752,0.005511188196641613,-0.006548691318652861,0.004165786111962264,-0.21969289086286725,-0.025900607970823764,-0.09714356421404922,0.09749648867531864
0.010166211921356253,0.004536121716172873,-0.0077858425103324086,-2.3404900451243587E-4,0.10365001293525575,0.10678765858369435,-0.082037565090098,-0.04046800038979053
0.00992023469015109,0.004490026826802287,-0.007741273087399413,1.0950285456257177E-4,0.048378475397324046,0.09504124513365662,-0.0867551709221574,-0.03176174791341166
0.00965085642728672,0.004541474713751235,-0.007765558768077564,4.890590977841234E-4,-0.010550595023061656,0.0850863518388539,-0.0930133012814538,-0.022010192361479188
0.009146448727779265,0.004605458619647981,-0.0076718428525014435,0.0011972636108593014,-0.1130090671647417,0.06306644690567033,-0.10045245700819551,-0.0019064789711928745
0.009390623435252758,0.004542737944714776,-0.00770023640307977,8.461339428187667E-4,-0.06226213943385448,0.07307588833265993,-0.096526983989755,-0.011965869142169872
0.01028888156624597,0.004333874309214223,-0.007558202321715677,-3.755347678668594E-4,0.11997243068785146,0.1034222226716384,-0.07485095435827771,-0.043093999586831286
0.009015553949620447,-0.004783923680325027,-0.007800158762456156,-0.0014629585133044932,-0.1769340123782128,0.06143659704591508,0.1065464019852983,0.004721061501416214
0.008847023681414747,-0.00478952177950568,-0.0077070793122782375,-0.0016933236338509468,-0.1962780140062119,0.05270034776286426,0.10709838236343815,0.01216599845236068
0.011292631880204393,-0.004420518512824576,-0.007252790324046303,0.0016313063035115376,0.28141954685683296,0.1327885341780515,0.04581788808268827,-0.06692046141409047
0.011071522129360259,-0.004424734278699261,-0.007384010146356035,0.001381814989655297,0.25759535693929747,0.1290755315466486,0.0531133641248895,-0.06318754997542878
0.010866068766893056,-0.00431382524673207,-0.0073743551332710175,0.0010870338070102998,0.2151938007717971,0.11968853877636863,0.05874078078769008,-0.05765285646162089
0.010167786174158856,-0.004530178093185177,-0.007779403111137527,2.3578391917317224E-4,0.10254725276470479,0.10671076577520996,0.08190908959162473,-0.040494597642310996
0.010610234112366713,-0.00424642435081003,-0.00740075333812048,7.573966275520129E-4,0.16990808375798325,0.11017111527284808,0.06525446337048645,-0.051009360774139534
0.01033860875554719,-0.0042349010741178725,-0.0074516767738050235,4.2304856480689313E-4,0.12488241509914665,0.10134709507257215,0.07193504979121425,-0.04376423808162081
0.009908036556899771,-0.0044918263918590495,-0.0077427692619096095,-1.2641041713672973E-4,0.044814321348495084,0.0947176493042725,0.08702556212897394,-0.03137757018052117
0.009644116560246122,-0.004542027988960331,-0.007765011755665818,-4.984101208928398E-4,-0.012975365595543575,0.08495708032769411,0.09310391658838069,-0.02182227398765091
0.009140479242727026,-0.004602242439117292,-0.007665759292834451,-0.001203712646710075,-0.1141655185520931,0.06288807253526045,0.10029443987993746,-0.0017848651716995088
0.009367229006306281,-0.004543640973996831,-0.007693504084666379,-8.778664997554546E-4,-0.06784393991123583,0.07218487718308798,0.09672710427680746,-0.011131931215511261
0.008673671060581327,-0.0048194029392391955,-0.0076219654796801555,-0.001937039989710225,-0.21447979536271247,0.04426807167842211,0.1077799046115846,0.020037487016611667
0.008504375257585928,-0.004870106639766936,-0.0075458940001035535,-0.002184699317872079,-0.23010499120233394,0.036441500991350906,0.10853636370840604,0.028013269760575776
0.008014263716568458,-0.005411225499911389,-0.007648283038511378,-0.0032985512669379716,-0.68971788487455,0.01868579178813492,0.1208623670683016,0.0632383138445039
0.00802332890234686,-0.005251566197101217,-0.007477518262891885,-0.0031090120785273105,-0.2640659696362639,0.017433541251119764,0.11548746782548396,0.05581238260336679
0.007881891053336738,-0.005295260554173083,-0.007358202040705278,-0.003309041362391498,-0.25749324099266174,0.010307829133891786,0.11413775205803241,0.06289084142108886
0.007871104159928416,-0.005475864446977091,-0.0075389723280648606,-0.003540996684165193,-0.5286203910628593,0.01120432705078317,0.11993447045937124,0.07153829280625526
0.007732164613533447,-0.005357027122154179,-0.007233363760507851,-0.0035295407189011078,-0.28101002360807015,0.0029692620356811072,0.11267375189620883,0.07076646981158642
0.007730047808600201,-0.005544967222482057,-0.007421992518194173,-0.003780072220010647,-0.38859958139538225,0.0038856597623752108,0.1185278509063417,0.07991070708858748
0.008340425540901435,-0.004935671194918866,-0.007473912003035948,-0.002434051997110872,-0.24615845382371057,0.029076218887717473,0.10925273646772027,0.03606297525670249
0.008184677435355085,-0.005015258523515697,-0.007408489361774301,-0.0026845904382257813,-0.2606656004936448,0.02224742565465299,0.10997530393993242,0.044129374383589236
0.00806549489116069,-0.005115073100659808,-0.00738643144954877,-0.0029156731039753844,-0.29184293420504936,0.01747601022288012,0.11141157271443058,0.05122719730182853
0.00758406606694595,-0.005430635364936798,-0.007108160521991257,-0.0037542005244294518,-0.29998564805089994,-0.004208568616423288,0.1110188875375815,0.07889455504951771
0.007591233601480753,-0.005618465515670955,-0.007297931923883077,-0.004014366262569206,-0.2853883100434084,-0.003245053439918361,0.11666604073740446,0.08826779197769923
0.007454795807560529,-0.0056962881580212045,-0.0071660996675207795,-0.00424520062254182,-0.14382043762343455,-0.01019200823483346,0.11438171171448819,0.09664174313359136
0.007439760129759206,-0.005512772538247736,-0.006981393071276691,-0.0039788936603323425,-0.31355292770442306,-0.011183173386163585,0.10908405453649184,0.08710283877186693
-0.006577264761224861,0.013644843410250553,-0.0060696928920845605,0.005703806719213518,-0.5352401399792116,0.1634447643443424,-0.07528925773672869,-0.06433599717710373
-0.006464466094067266,0.01353553390593274,-0.00589354311848785,0.00588581544037872,-0.21054827825902533,0.15722516258136301,-0.08120629582420522,-0.05943733711943888
-0.006428299697776356,0.013690749907018998,-0.0057796787742460795,0.005594911151323583,-0.3392657812569511,0.1536428469336288,-0.07335925903072717,-0.06365538720682797
-0.006693441434347548,0.013750556019033765,-0.006254814177819698,0.005500249666058737,0.14655387507343476,0.16977482949345382,-0.06867108290521977,-0.0688849319885851
-0.006538365837285747,0.01380646990430865,-0.005935566912461407,0.005400258794845861,-0.35391819596398294,0.1588898278720673,-0.06708476920398397,-0.06809102310335918
-0.006670557419727051,0.013898278135372172,-0.006127172285074895,0.005234006496969251,-0.3442121788396846,0.16500861972909145,-0.06136904974691134,-0.07198367762212193
-0.006812880963004883,0.01385256696814258,-0.006415741662471014,0.005311794937399886,-0.44308605643002313,0.17533578692554527,-0.06207619194313319,-0.07315371502197363
-0.0067894270866041525,0.014004079029856512,-0.0062771406634658964,0.00503292534490551,-0.19173285385175595,0.16966238982413528,-0.05444721862218082,-0.0756960803250642
-0.006935465283302505,0.01395077548971791,-0.006576463406053068,0.005111255470762741,-0.5535900326562394,0.18023068364072295,-0.05499690055317696,-0.07710344561314461
-0.006906012252234028,0.014109336490405173,-0.006408655292459021,0.004824760323379079,-0.19613700573922935,0.1733716474588974,-0.04731646005654346,-0.07886120408070472
-0.007061073770271073,0.014045084994930429,-0.006737567900598741,0.004896879186294369,-0.23643121170478323,0.18478145283845518,-0.04733709831628254,-0.08053858658644132
-0.007041190044039889,0.014207027812116581,-0.006561681379617767,0.004614208208123788,-0.20492674474666076,0.17738141355321105,-0.03987684477038788,-0.08174161813650908
-0.00718958373010223,0.01413540329229132,-0.006887396937489872,0.004683940172612881,-0.2506451450740701,0.18872714133184018,-0.039585852253610145,-0.083472693471344
-0.005141706727759531,0.01248952173655725,-0.003441155311762847,0.006775621907047177,-0.44993771654548087,0.07392101031864325,-0.0994195556800327,-0.01021302066602016
-0.004985861352734655,0.012294968143044573,-0.0031107591005344816,0.006879034154063255,-0.43629421061619617,0.06291748839841889,-0.09992698547552618,-0.0022465324611055768
-0.004912180380363133,0.012120229806091667,-0.0028831527038365684,0.007006453099194972,-0.42829950790252286,0.05467457278521735,-0.10159589694079192,0.005427609576228633
-0.004528230402522341,0.011779467489639116,-0.0022107223525192634,0.006995775124851201,-0.35210865115553486,0.034423368349405764,-0.09560820517166053,0.01685233020554572
-0.004625959624397384,0.01195823396272904,-0.002459614482096651,0.006922821569973608,-0.37274070014587174,0.04266018999009997,-0.09588783130456474,0.009905399417675239
-0.004732173821943872,0.012088278494859533,-0.0026732337513050855,0.006887699977277647,-0.3924960136921709,0.049499106199879496,-0.0967165377565844,0.005093974796008931
-0.0043987684029447045,0.011340831276212038,-0.0016710260926825406,0.007202896469987887,-0.3032621579675729,0.016235654357729386,-0.09562161806935943,0.03505923570272082
-0.004445814712849136,0.011577525856983914,-0.0019495929594410676,0.007082336354697329,-0.32905228954132376,0.02563705999668023,-0.09535583928885044,0.024980010131016927
-0.0043138763085645,0.011766775823149986,-0.0020284851644990316,0.00682996011449106,-0.31729600533061436,0.03072216378668353,-0.08968101516376356,0.014692589597325483
-0.005954915005069574,0.012938926229728932,-0.004895999986658237,0.006738305310809535,-0.45548391343696243,0.12087673251507292,-0.10542250597507062,-0.03078222547614203
-0.005864596707708681,0.012810416269897774,-0.00467878816052808,0.006890860970169212,-0.621846404880671,0.11285799514150806,-0.10893596114520909,-0.024208393740634614
-0.005783630289274099,0.012965621254318478,-0.004620427082106838,0.006574738666612239,-0.4927718253203977,0.11107980515425404,-0.10089451266972586,-0.03052636563455442
-0.005699107886394624,0.012832332403825695,-0.004424926997032217,0.006725633522911715,-0.4568785855043401,0.10385258013103489,-0.10430674069336333,-0.024291867764239982
-0.005433181124252072,0.012697787115488452,-0.00396039219921275,0.006727185645530741,-0.4798038344425078,0.08997170790019521,-0.10138403057106772,-0.01859556576602885
-0.005237760515141733,0.01269948753216849,-0.0036992780926439414,0.006582696333891191,-0.44417382026444224,0.0836153317822445,-0.09560764058594727,-0.01918997106148052
-0.005543363795593472,0.012825341481856439,-0.004189064204984309,0.006625593957979137,-0.4784941955743368,0.09778277978097835,-0.09970228818875199,-0.024232370332996436
-0.006355156589749451,0.013422735238775145,-0.0057094734573196445,0.006064424154776757,-0.07189226476447791,0.150455241774754,-0.08685427627779112,-0.05430195341983621
-0.00630225651674593,0.013574640772604276,-0.00558291919657232,0.0057773049064037746,-0.45340753175963905,0.1466431734684168,-0.07921954056485546,-0.0585351748542595
-0.006049224510282092,0.013064534716697497,-0.005100763736532129,0.006584681392731749,-0.6689710573757849,0.12844721413507462,-0.10154821837375859,-0.03708540298629949
-0.005881936454304609,0.01309563436780132,-0.004825954085006003,0.006424802651915809,-0.44129922887914835,0.1188519309819724,-0.0972906966851853,-0.03672995005387025
-0.006249443980966241,0.013306558565652458,-0.0055114105406866955,0.006244838254866551,-0.30815864404275917,0.14322388021904572,-0.09214933610771865,-0.04891368316269298
-0.006187592369122125,0.013476084086150773,-0.005393244851667772,0.005918639105361713,-0.4527473269619313,0.13997020257858683,-0.08349283262507583,-0.05395051186157813
-0.006147433031857423,0.013187119036995123,-0.00530769754188224,0.006418924143124023,-0.521702499592905,0.13590140665251493,-0.09707926146118397,-0.04317542696580682
-0.006075097947197482,0.013357107983904387,-0.005198638372624731,0.006082293173017912,-0.4330407260491444,0.13292571830819314,-0.08819441779274136,-0.048574201690059
-0.005972367239426951,0.013227702897551019,-0.005008767850027061,0.0062545028806060615,-0.41965971406155017,0.12582661266973486,-0.0928702973949942,-0.04275765496414357
-0.00629026597596899,0.01371899709910778,-0.005534970071868002,0.0055277549790580666,-0.3415420804912111,0.1464440937187199,-0.07041989627970752,-0.06232687634160923
-0.005011563630733173,0.012699256075195295,-0.0034179990991113477,0.006428428092773947,-0.40790051771218644,0.07681624989722545,-0.08949450278768062,-0.019708406606636853
-0.005134651256994581,0.012856059001180638,-0.0036521835322249007,0.006314675996777075,-0.41086813829931235,0.08499669219964834,-0.08767162345196232,-0.025746215100142144
0.004895969474487904,0.013022049047806161,0.0034361505165013627,0.005979399784342033,-0.3621831528301187,0.08219657951038262,0.07704187958710919,-0.03124609628362735
0.004600929775685432,0.012440234341876409,0.002806613934641353,0.0064395558485420374,-0.3610540705794643,0.05832730986681565,0.08566705250868599,-0.010600169490880515
0.004657172505892514,0.012762676191837269,0.0030519284724877783,0.0061396924604376095,-0.35340002048775515,0.06911138588498879,0.0792179908515598,-0.022255636278770526
0.012111660764718313,0.015374408612349802,0.006442817543159874,-0.0025236264445395794,-0.0402664952452385,0.019020006180419474,-0.11312335669356835,0.05117421308605991
0.011842341929577057,0.01550010624597991,0.00652798933476109,-0.002179518037571645,-0.033975552055676296,0.029982094010868605,-0.11355921673483335,0.039650303999719014
0.01333938416098722,0.015076526009828499,0.005378445594527945,-0.00352254683840978,-0.03564770973082435,-0.03051958355665468,-0.08628748205257884,0.09096049900599033
0.01250785626494792,0.015451221884912101,0.005967970920524322,-0.0027285121018800046,-0.045580047098673825,3.4468558032126496E-4,-0.10200760568872315,0.061318429448870115
0.01287198385368102,0.015252201410884625,0.0057718113206952,-0.0031425685278594034,-0.04280418105637462,-0.013611189121356781,-0.09696570082425543,0.07574364509056673
0.011580734537001026,0.01569713151778337,0.006469995684130764,-0.0017893676962792131,-0.032868982751610896,0.03890776352920123,-0.11044832344868852,0.02698819838092586
0.011162553874664364,0.015779845290524782,0.006611300370502422,-0.0013254405292477986,-0.0314865478824223,0.05568828594996033,-0.10929051474994565,0.011267817069155667
0.010525400971155641,0.015714780042368575,0.006958876085650537,-6.408266197081176E-4,-0.025241585031792416,0.08606234206142092,-0.10621268478170863,-0.012333692291716783
0.01079723511036571,0.015718599707352735,0.006866759228509206,-9.579114388161942E-4,-0.026932140727990835,0.07426836771291578,-0.10901252401666102,-0.0022728975017273314
0.010215621527719109,0.015861116376300964,0.006784341690096709,-2.547494887217002E-4,-0.02575287640716472,0.09237527346903929,-0.0982983822849062,-0.02267699439442089
0.009880922559996468,0.01589416345091501,0.006736489947082468,1.28456036966786E-4,-0.021661230317071182,0.1020032419632598,-0.09097921143523154,-0.03244155134314169
0.014148328448044664,0.015470865927892059,0.004296101082261324,-0.0032340159314582263,-0.009225352615381583,-0.043993298019600675,-0.058758598280770895,0.08784107842697154
0.00848831432443858,0.015486593128257873,0.006780885881693256,0.0018589371642473633,-0.045121510627215235,0.14905745255752723,-0.05110597262634777,-0.0702767197977093
0.009538025897864176,0.015928901052243098,0.006635434949978918,5.053438713938991E-4,-0.028243308819342287,0.11013654074940239,-0.0827798677366265,-0.04164563528023898
0.009046180775158971,0.015616349938999291,0.006938221167095014,0.0011687282706252919,-0.026173027268744816,0.13674179804057343,-0.07072960394768803,-0.05871263951958895
0.008723889356467484,0.015589165894037518,0.006796289227547978,0.00154089866322581,-0.035725848860323005,0.14205926331995114,-0.06025038899384843,-0.06502486255935142
0.009201907706667482,0.01587487735728365,0.006614918871078385,8.85435918065108E-4,-0.027962233975294258,0.11994275454576245,-0.07428226980869865,-0.05040574196738207
0.005406736733775547,0.013666040617247594,0.00422089301645815,0.005386680916162809,-0.32840691125582117,0.1099405834624604,0.06274206250912806,-0.052058199396099576
0.005553608851248038,0.013778263722522104,0.004417363830176247,0.005277606662867115,-0.31778174722678665,0.11598360462227253,0.05993570511260822,-0.055660160117134885
0.005830792649179686,0.013915583598448376,0.004787959466790973,0.005145971556044275,-0.30679369865563083,0.12677585599334948,0.056677341201228644,-0.06102088985600305
0.005629243253787328,0.013915500508572546,0.004510727653836744,0.005110091335401233,-0.30132073640687684,0.11960123702863337,0.055104938075622535,-0.05902103482152019
0.005947829004488408,0.01408496155270333,0.004919222641454627,0.004921986353402401,-0.2815356952758981,0.1313739418856533,0.0498387070406008,-0.06516074565766684
0.00615297306188574,0.014171701390874026,0.005184822101876313,0.0048087293454648445,-0.26740083146316795,0.13875564983728123,0.04641727203553089,-0.068656183899178
0.005136143600477852,0.01363372613150357,0.003876059403118005,0.005345096823278481,-0.31547267501589665,0.10106162779562487,0.060093748136345625,-0.049702277981991706
0.004813363812762445,0.01340293399803315,0.0034589722691027373,0.005504972450943716,-0.31962507657631917,0.08808847370468115,0.06310411433418235,-0.04222412096240082
0.006261015145583993,0.014389055534607002,0.005248911133480636,0.00449850943954382,-0.2378098794624384,0.14068852649126104,0.03644709838317279,-0.07200591530980253
0.006728912838504117,0.014699116957974831,0.005704978895416328,0.003980997144706104,-0.1853508504696598,0.1512299084935912,0.019149384867195297,-0.0781542125733013
0.006486410758765437,0.01459189944466364,0.005449711605823648,0.0041888162691751584,-0.2090175866910546,0.1454000232560295,0.02640226523536385,-0.07546285974638063
0.006815594077459758,0.014925445288634119,0.005646868424152828,0.0036585041700141516,-0.1604834321702641,0.14797309385652235,0.008731749258365758,-0.07819168490122332
0.00697959681516312,0.015040799794880974,0.005753689534824874,0.003449626765437708,-0.14112393397894493,0.1487794317381116,0.00203271719556313,-0.0785866207258115
0.008231217673157635,0.015488335952206268,0.00657322252768515,0.002107610587537388,-0.05460147615051154,0.14888808562986008,-0.042492982037597854,-0.07281793010988537
0.007749563574007591,0.01532531153737317,0.00632892439211659,0.002664307345555173,-0.07611428577695482,0.15306480513757045,-0.025025902776109516,-0.07774652694995456
0.008000133969697537,0.015340050421271654,0.006559708178743502,0.00244699875372874,-0.06209036570415862,0.15499791431429705,-0.0326803760187798,-0.07680040416671033
0.007063144951117011,0.01522957096144309,0.005686462325668783,0.003192349111017899,-0.12403855071961727,0.1442663756762084,-0.005528767282213218,-0.07711471208227862
0.007283228518036577,0.01539429448304993,0.005771786594081605,0.0028995836044874465,-0.10686997937258878,0.14270837006713052,-0.014560802484686502,-0.07616220554064697
0.00753867908242325,0.015485884084184165,0.005937608860573379,0.0026508724700864904,-0.08491430709457896,0.14305749191945027,-0.022696954071722134,-0.07536398970941215
0.004153847081327842,0.009590272255575112,-4.909111774035095E-4,0.00735712671959332,-0.020598522172425974,-0.04388049264834629,0.07148925401606364,0.10120945292767593
0.004144004053216019,0.00979919190668293,-2.3971930518040365E-4,0.007378941186092165,-0.05344946809100692,-0.03810186214025302,0.07573510469960981,0.09400589414507443
0.0043435637637735565,0.010416388403938132,5.414102878106998E-4,0.0075459270892189205,-0.1635013824831762,-0.018765128753787125,0.09043304446231959,0.07647291529389222
0.004248564560545863,0.010240622900093031,3.0375410802863757E-4,0.007478637621881033,-0.12678137863769093,-0.02482060708488421,0.08569765891665328,0.0809407111683839
0.0041750208499240354,0.010019610878311635,2.6017986292560246E-5,0.007419431309174798,-0.08843434564697573,-0.03173409190890181,0.08047483589648058,0.08717474678992145
0.004359498762479559,0.011257544055584122,0.001556637890076757,0.007218568731781969,-0.2897031155515644,0.012610932629998515,0.0948886016515073,0.03847713557970181
0.004398140987796737,0.011041343664696439,0.0013335389890859267,0.007374530767061393,-0.2701882463754663,0.004798462069543682,0.09620356327083818,0.04934969004609537
0.004297569615014243,0.010616851504293688,7.811693258366529E-4,0.007448898707614975,-0.19656495308046143,-0.011569980843833094,0.09134435121106134,0.06621924276885831
0.004294695882042326,0.01085008532355611,0.0010610435157101335,0.007363094590338996,-0.23277611956404856,-0.0030748794391373753,0.0927885285867283,0.055738650631977325
0.004359595089614838,0.01195613405800679,0.002225986930444596,0.006714093811741454,-0.3307400302861772,0.03772163079067355,0.08832853122643608,0.007425002988855121
0.004265692243414805,0.01177595214621587,0.0019996098187977786,0.006785560432020659,-0.31199181154810934,0.030083976387086847,0.08810216495516593,0.013947354661374234
0.004263755318196465,0.011575851976248922,0.0018175620303487803,0.006929126861494131,-0.301814930871235,0.023043392064015112,0.09004537869389692,0.022546955519995176
0.004362420390490052,0.012214360464422383,0.0024259943526071907,0.0064930614445350135,-0.33394653402529784,0.04636084282926694,0.08417698757736328,-0.0031134259234598836
0.004132775705970894,0.01140544583380055,0.0015710164264980126,0.006932354728138433,-0.27119617485451636,0.015489355244309415,0.08752163721443418,0.027899721969827016
-0.004564049720918945,0.010513726876871477,-7.233567565454933E-4,0.0077536401044991776,-0.19857175079948602,-0.014894072155843832,-0.09752390014605915,0.07884392127421401
-0.004511748498983391,0.010250539409136797,-3.490214407205171E-4,0.00775014002207905,-0.13946413147296563,-0.02477964725384513,-0.09232668858538517,0.08908672093303595
-0.0045420148475463105,0.009997080454895228,3.2908847817471808E-6,0.007798882005539042,-0.08369692427590639,-0.03392657026527692,-0.08817019377314894,0.1010077854699902
-0.004507670415625017,0.00973221560602886,3.704207912317422E-4,0.007741843237979913,-0.026891650660201907,-0.042502576630729705,-0.08113138151463946,0.11003832599702436
-0.004274560666849568,0.01067835276834001,-8.486090539587197E-4,0.007406583330578228,-0.20313445385630677,-0.009492644836615055,-0.09115319852035932,0.0627804085534343
-0.00417026113444633,0.011174444478421407,-0.0013620471340404499,0.007095074010079275,-0.25651974253214166,0.007927590563683057,-0.08964908304600304,0.03820475452917368
-0.004023663668398886,0.010883591521717867,-9.898492303578126E-4,0.007101161459097473,-0.20996384930742498,-0.0031365038070347534,-0.08553897025358294,0.04755604491496646
-0.004546955262276415,0.009483913819370984,7.201568407441795E-4,0.007731584825025626,0.027291321150389482,-0.05029306678666228,-0.07496712439173255,0.12027297107292553
-0.004532465758371032,0.009243627339063578,0.0010375434707298517,0.007634697507682247,0.06714856190938794,-0.056434382495147616,-0.06748376381508253,0.1267061313280333
-0.004568501212283563,0.009056655994328252,0.001295911703554269,0.007588528752088483,0.1017835752335541,-0.06126638286406678,-0.06164746010401088,0.1330543686034504
-0.005198530675796427,0.008605047553236286,0.0023349207973497534,0.007995304217500126,-0.10097299611675394,-0.07876149654503178,-0.04405904483962129,0.17414246147966697
-0.005028639737947882,0.008633641725961547,0.002144557976864967,0.007818643311688871,0.3170330260708987,-0.07708172126016789,-0.045181373606655695,0.16428205751033267
-0.005244717217658645,0.00845491564632612,0.0025742355270567526,0.007921538242146807,0.3374531469953508,-0.08130215069452483,-0.03652173815465208,0.17820174224078986
-0.005088994885836612,0.008491400423163395,0.0023829468469034453,0.007767870351562986,0.33631640797919754,-0.07989321716688001,-0.038448577625866655,0.16882570459803656
-0.005295594968187607,0.008306313695911128,0.002816530348522916,0.007838485942454811,0.5453379920966647,-0.08354552404479514,-0.02852996011798666,0.18152064639401896
-0.005140445120930551,0.008329563894534863,0.0026359225732470477,0.007677072460899854,0.2505324091717393,-0.0824877420961922,-0.030358453043547225,0.17237197762833537
-0.0053511157673393935,0.008159381790995322,0.0030723544659569967,0.007741769621232933,0.10309592502576008,-0.08542409908549224,-0.02016064236862178,0.18420579646419025
-0.005183313195806631,0.008179286915907354,0.0028596191761116733,0.007574039162145628,0.2949012643283517,-0.08425756373205097,-0.022924772262104164,0.17451216350255946
-0.00541122549991139,0.00801426371656846,0.0033120065187148425,0.0076425059166032325,0.14086698125409303,-0.08653651593954359,-0.011939294463190685,0.1863718859181505
-0.005250528258450767,0.008040314068112335,0.0030891246987491687,0.007494088929988083,0.3590825455414505,-0.0856584655903716,-0.015561942190033812,0.17714044447778973
-0.004838515185944187,0.008656542421713105,0.001971682666165672,0.007628235068921443,0.1884235689852141,-0.07302401130794721,-0.047588979656016,0.15369399639815298
-0.004604360754769936,0.008865915483817167,0.0015551921634178378,0.00752183940187853,0.13208682540860472,-0.06570324480620447,-0.05526447546519583,0.13874991952773089
-0.004629630770367379,0.00868664599287893,0.0017877612342726043,0.007433794097517183,0.154367655935168,-0.06915365483811232,-0.0490472017405006,0.14283824221577382
-0.005325910579819747,0.007886135763041277,0.003340549638595021,0.007391348342802647,0.25734672483860394,-0.0866573972904306,-0.007029994066007313,0.1792045419293902
-0.005475864446977092,0.007871104159928418,0.0035371597512854607,0.007540826809325791,0.7697316416170666,-0.08708530479120814,-0.003630123895783198,0.18774029397273395
0.0054665714959950444,0.006919654489468118,-0.004199483277223513,0.0062147934144833475,0.14992277038340215,-0.07930599228031966,-0.025589836549645688,0.15868342227106932
0.005590640059549644,0.006717997807302076,-0.004441157225600643,0.005993740024103004,0.11618078647999974,-0.07671611193865951,-0.033829114235024264,0.1547443436606175
0.0057698829375453144,0.0065217965893406595,-0.004741803637777602,0.005782777349193345,0.07794871242658928,-0.07308962825038227,-0.04402973328067733,0.15076268220989944
0.004215419811235431,0.009211066432346362,-9.540525203607098E-4,0.007306169969313068,0.037615671303970706,-0.05362890484571337,0.0630356302291356,0.11429237450248607
0.004255795753493026,0.009031151142585745,-0.0011766402498038268,0.007268439361025613,0.0636621009984931,-0.05781870069213315,0.05853689339589583,0.12010326097392245
0.003973569870583473,0.00925691838515929,-8.176968922694186E-4,0.007103382223395532,0.012073069829225992,-0.050071047054958844,0.061135130788143345,0.10378744230023039
0.0039251297430484096,0.009444139157732357,-6.043963666718782E-4,0.007115289702297985,-0.013081343988295217,-0.045495262866849136,0.06452282044105921,0.09708592241862957
0.004312984701571834,0.008859923578272345,-0.0013969783084110522,0.007235382381987174,0.0886242822327744,-0.06169523715228913,0.054007768504223,0.12585447160876786
0.0044253537101572775,0.00870899291559292,-0.0016293293006420045,0.007251392690078365,0.11764860734409843,-0.06567078513583184,0.049772048070977876,0.13305554154567628
0.005137632474755168,0.006864193846725072,-0.0037895622839105546,0.005968209082501646,0.13037443637151022,-0.07770086766125685,-0.01452372119065219,0.14800440330463382
0.005028827801686596,0.007100321028221827,-0.0035525815875107236,0.006197141320063065,0.1533751313866107,-0.07886093730326371,-0.006696583885442657,0.1503362398889182
0.00500376545165261,0.0073059061094442055,-0.003410666122788308,0.006425800738256285,0.17481413825989267,-0.07990426041565317,-0.0012593250074341585,0.15367809077082764
0.004658927344223023,0.008126716050960317,-0.0024085591361514168,0.00701873004656834,0.17903719219761652,-0.07543160482480044,0.029852490279590038,0.14770453465593752
0.004559330257701679,0.008316342776494243,-0.0021395553309771008,0.0070924598723920654,0.1584932799360943,-0.07246957872732866,0.03697137716959737,0.14277098448448436
0.004427791718134721,0.008520953977042786,-0.0018322974261473135,0.007129258331460587,0.13017955491347608,-0.06833914637543165,0.04390602704665398,0.13557319530747816
0.004645528915538964,0.007924924001046536,-0.002577140613408476,0.006822444614946853,0.17371280754798615,-0.07623957926279279,0.023660429949065764,0.1467958701982434
0.004859556402622245,0.007454354601374185,-0.0031529123134854723,0.006498053911409986,0.1718602284490902,-0.07904657117665059,0.006278081827034301,0.15087694599869095
0.004719215047840476,0.007678599302129025,-0.0028461217792418903,0.006636960744122777,0.17222641788415397,-0.07770314274586752,0.015350818639761746,0.14824308323622257
0.015367026588070515,0.015891977964293633,0.0031130091239254397,-0.0028302132763734058,-0.009484463055059981,-0.049498887558124025,-0.02915682559612348,0.07573402639146147
0.015217397855857628,0.013393613769132957,0.0033791771899141375,-0.005220912420789307,0.02870030326478537,-0.07377983604934597,-0.012651927095134715,0.13291799077991695
0.015341462470728193,0.012832646152268494,0.0030269773553440508,-0.005733862376470645,0.036231189997825645,-0.07609750842212715,0.0027568120892671683,0.1397023267042241
0.015396526715011636,0.013954203318979464,0.003290808072695053,-0.0045211465859556835,0.013509432751928011,-0.06660265508502859,-0.01813011520399764,0.11399399624383696
0.015936339753852734,0.011593568962648008,0.0016406696796065566,-0.006152418938458556,0.025231361059823657,-0.06311056542306144,0.04757320315384093,0.12387119061638939
0.015679132483087107,0.011925596897626898,0.002103864104957213,-0.00623172215036917,0.03266142109791834,-0.0706654974959422,0.03532410121427921,0.13585908171528194
0.015692014162572147,0.012410951601532244,0.00244409636374758,-0.005809354022450545,0.026938327055209932,-0.07231898296278981,0.02092334702802451,0.13257450697266673
0.015914418278452434,0.014596480721490685,0.002852170926810928,-0.003715640492878578,0.014967081164215067,-0.06016928296555062,-0.012343713974389778,0.09388354791765499
0.0156273449877663,0.009918987471612437,-9.888876341417742E-5,-0.007167040094467858,0.01831305650921196,-0.028846841353759374,0.0983247940352237,0.10509933378545218
0.015725589174217854,0.010149490081354028,1.8596282312672454E-4,-0.007004958698638697,0.02391877934534591,-0.03551008652760828,0.09093795187963526,0.10820096896274749
0.015724263534630172,0.010429308180611146,5.226193000785516E-4,-0.0069684125339477656,0.02939254642017658,-0.04394920260019103,0.08343470051054991,0.11637159540431175
0.015678842145097613,0.009684103212720525,-3.860545748454981E-4,-0.00705559643097825,0.017735174852228756,-0.01960362800958609,0.10240185006133841,0.09349881704039255
0.01599831790658881,0.011211899009044478,0.001262106461038513,-0.006285745947204704,0.03041021567071838,-0.05678611792978627,0.05917303144537117,0.1180225461639266
0.0159023241453426,0.010878722022821717,9.742279982492098E-4,-0.006563465113875376,0.029196665531777168,-0.052124210697085595,0.06901470216023034,0.11750528028762879
0.01593397078221356,0.010595718866784384,6.616060545550995E-4,-0.006608232686516703,0.030670536653389497,-0.04505336927430346,0.07667189630177687,0.11026821888153815
0.01630970536209942,0.011387115511923429,0.0012645652505563101,-0.005811122204943899,0.031917331002590636,-0.05293757058870828,0.05492326098817711,0.10427670805431058
0.014895376960645444,0.007569118867022658,-0.003291319308301464,-0.006634158283483718,0.09400172319164342,0.07742567098237219,0.12028704289172816,0.006367562016581368
0.014806976671231452,0.007405603492970664,-0.0035179516491588084,-0.006522084958770461,0.1087575013667574,0.08578445712054698,0.1179079666820434,-0.0016152406644640196
0.014687561878269383,0.007268525589575946,-0.0037641858674839733,-0.0064609143171688735,0.12664952242251906,0.09410782393398374,0.11651319855010796,-0.008126297643030451
0.014610312372283921,0.006957423134389344,-0.004022397291147205,-0.006091999941906755,0.16063962837641713,0.10491039552095462,0.10644806463566374,-0.022706244882006926
0.01470794342052609,0.007093288474875319,-0.003826361882828095,-0.006197066718224595,0.14191971344797852,0.09802311530176708,0.10955699374385472,-0.016397961808593348
0.01499908142418732,0.007733159076843847,-0.0030387436938730124,-0.006709719424300453,0.0803597525641373,0.0684926756232238,0.12140569620013265,0.014090225405522789
0.01531135885285636,0.008553226088045977,-0.0019270741452678379,-0.00709606442242178,0.03143186664575804,0.028246387848814447,0.12248172667280448,0.05285837296627217
0.015205599190970222,0.008358364606639128,-0.0022308431888668806,-0.007088876964351565,0.03720956634150579,0.03815519441847389,0.12479422205510411,0.045017167248439675
0.01511252384413929,0.007942375580655466,-0.0027323552753183507,-0.006801510037122309,0.06533374885834779,0.057701677851177864,0.12237774625877965,0.023749595929940248
0.015272359972454592,0.008148402710071976,-0.0023790564123129013,-0.0067952271210412404,0.051200402575748684,0.046227832951784065,0.12046319669125638,0.03186842221827224
0.015704621939758884,0.00938550452683744,-7.392219350204923E-4,-0.006941030645811852,0.01924787451607925,-0.008111222159207414,0.10651441919866599,0.08011225485428762
0.015598767426674782,0.009130509639220822,-0.0010799433203240777,-0.007008308688064002,0.018972755084044845,0.0017720707716629125,0.11190917912542483,0.07273056069699516
0.015653612140895324,0.00884477299911724,-0.001372826126414401,-0.006777028164202537,0.025241372738450646,0.013183211078211174,0.11208446164440546,0.05764195541336945
0.015539077809991001,0.008620968309210868,-0.0016835008420713836,-0.006803743363800822,0.03454026767884074,0.0231098585491108,0.11541060257604033,0.049934664650149896
0.013039439359171252,0.005448467079439378,-0.0062581074557568625,-0.0041491628680353975,0.4086652947932854,0.1628011555269586,0.033951300383632615,-0.07881600930729095
0.012809246900327545,0.005301978568301474,-0.006481589158012497,-0.003844257010014074,0.4197167754500851,0.16438413720403885,0.022195620267386675,-0.0812731873627283
0.012618685649671205,0.0051262478682444455,-0.0066038565781481,-0.0035086615351933325,0.4151439611924191,0.16191809964559498,0.01082501124369306,-0.08176894790295632
0.013726621515895175,0.005655268811543922,-0.005374159911483726,-0.004558045146176756,0.316258899473524,0.14321667172525784,0.05412138433494595,-0.06757080914750847
0.013481184455467017,0.005489729290862302,-0.005662171265098061,-0.004315999378567441,0.34310266719371435,0.14870489856355298,0.04447666511629189,-0.07233767228408387
0.013266563089952438,0.005383153791507186,-0.005910685979648034,-0.00412985399006951,0.36838203758704047,0.15317555247405013,0.036605932089796685,-0.0756232772606507
0.012654811484217758,0.00483722556017861,-0.006364592518051353,-0.0031903889723797004,0.36557010601547885,0.14952663043935918,0.004557965958442216,-0.07882900682852072
0.014335776662597693,0.0066070720758207345,-0.004528503262943685,-0.005776702073010968,0.21313709156924723,0.12187244323314997,0.0960896219019478,-0.038494254822314826
0.01449071088242055,0.006776781887614163,-0.00425754128481592,-0.005925023710763202,0.1839580179139824,0.11311578325003131,0.10112347571477799,-0.03092128435573317
0.014697886173966664,0.006778675626011288,-0.0039660594288938285,-0.00577475627771739,0.163188987066569,0.10413826386600862,0.09795704915959837,-0.028637123799775604
0.014462738061196988,0.006323977168374491,-0.004389540571496534,-0.005299992483762527,0.21106868144221666,0.11782462703902467,0.08292657288646806,-0.044729467123638296
0.014042766952009574,0.005597894739306978,-0.004937428608069754,-0.004455440901935553,0.26887744319597123,0.13109812826316716,0.05451460316590046,-0.06344281196782227
0.014158058460909655,0.005792862384752137,-0.004809426000408115,-0.004690383098891469,0.2585104363769118,0.1289378466315265,0.062308975702801875,-0.05959031346852929
0.014354504790166828,0.005903456957150224,-0.004557013840953515,-0.004782687373397205,0.23315150413681227,0.12242368924715485,0.06660852391812237,-0.05527913797540098
0.014489661572699566,0.00607355556940601,-0.004376790917121969,-0.004954437640512118,0.21395095425890492,0.11779171385662546,0.07264341871027688,-0.050465397539447385
0.012415799593824453,0.0047024862469370755,-0.00653235274960546,-0.0028940958331630166,0.3580394785408836,0.14732803406374262,-0.005591444588867033,-0.07817422118793556
0.010478109924626227,0.004253652602470898,-0.0074423118971097615,-5.986743189150234E-4,0.14918850869251965,0.10653556400524038,-0.06868072408306734,-0.04781511272476757
0.010694476018114442,0.004305834421251021,-0.007431548011351993,-8.78128586314412E-4,0.18815346306118888,0.11484015708349771,-0.0635705458896217,-0.05364443084366486
0.010864240546758944,0.004181262336484793,-0.007249966342543596,-0.0010302359327526403,0.19878759715291655,0.11420204163034067,-0.057389766557426836,-0.05617766100949871
0.011132858470405588,0.004242237633703226,-0.0071808970521831965,-0.001354726720125798,0.23907751543203695,0.1222537091159707,-0.0499658164798682,-0.061902219782222524
0.010997303223024824,0.004239394512996337,-0.007245572671709532,-0.0012044498860717663,0.22313177770242057,0.11950671626361815,-0.05398587680564286,-0.059441509705896414
0.012174394193565679,0.004577773153272182,-0.006682484097967922,-0.0025936911592386903,0.3441771304650627,0.14401903563654408,-0.015224865258887057,-0.07662140624567725
0.011906764543665465,0.0045714762817902765,-0.006921966451962244,-0.002363880734380082,0.344259404249203,0.1441479579670866,-0.024028414484910634,-0.07547028948183236
0.011441046957479904,0.00441286448049715,-0.007148851048437466,-0.0017853613532737183,0.29304487906905946,0.13431950755377928,-0.04058975540388627,-0.06900887226020253
0.011667337446662023,0.004443923347368342,-0.007012214097291718,-0.0020356804107061186,0.3130304078393804,0.13773431279437812,-0.03290008295354471,-0.07197160409315306
0.011323037806921572,0.004154213693094201,-0.006998566741413234,-0.0015022889347116042,0.24665759208946517,0.12152812809413883,-0.04384538299109202,-0.0636850599905092
0.012898957239969146,-0.005267389489082644,-0.006340335707203903,0.003842845919843789,0.4055806390836229,0.16074449036177232,-0.023767606018271537,-0.08009711431070195
0.012742913585978746,-0.005186095022136877,-0.006489777059100091,0.0036572522380570113,0.4109703939694371,0.1617230030452825,-0.016572588103205024,-0.081253314711652
0.01240362470944789,-0.005121249451813203,-0.006861680429253142,0.0033526668676307444,0.4372833907609646,0.16596274997465957,-0.0034630068612980444,-0.0831200968887053
0.012596318690425181,-0.005091296163037187,-0.006606202328007569,0.0034514120664710774,0.41150317555189114,0.1611204657381016,-0.009145521728002768,-0.08167417533974856
0.012002805431615353,-0.004918818657501821,-0.007132119253683059,0.002781470206343397,0.41389731908406135,0.16079802537186969,0.016148861324666086,-0.08104797916971189
0.0122474285360359,-0.004985295641206307,-0.006929865411180917,0.0030711715995345545,0.41890964938106884,0.1619066391107664,0.005652028591831756,-0.0820176673525078
0.011700293749939977,-0.004527140955803773,-0.007058268225575753,0.0021325030826214136,0.3290084377711569,0.14181917035803313,0.03150782149838289,-0.07342142347382341
0.011534488946063083,-0.004251860785579534,-0.006946832738634156,0.0017692920109326836,0.27564856920848463,0.1280518943190236,0.03778644367238593,-0.06763090845921103
0.01197060221622205,-0.0045962696621061425,-0.006886122101559744,0.0024427953883570694,0.34975025657327,0.14550723279629882,0.02164785524729336,-0.07620740689047566
0.01302200462318099,-0.0055672931941390105,-0.006353022109736115,0.004312606691823471,0.4230480489377571,0.16761407614941584,-0.03850968359436898,-0.07910832369851829
0.013059861636783908,-0.005352927230814101,-0.006175530676029037,0.0040246717544834,0.3934044920963729,0.1590282148153094,-0.030933184107129166,-0.07844010041695658
0.013162188590927193,-0.005674460724813528,-0.00620500545367295,0.0045190291584863715,0.40405432716123196,0.1657951853033046,-0.046506128327805034,-0.07660544380877847
0.013290336351824791,-0.005793863996823557,-0.00606785494495463,0.004732090548364287,0.38702730749975367,0.16389177201321117,-0.05463891093143224,-0.07363985558002616
0.013399536935283595,-0.005920492987406768,-0.005949901867017003,0.004946918244484187,0.3746166830984998,0.1620704567484085,-0.06265922097429132,-0.07032387634661362
0.013422735238775144,-0.0063551565897494505,-0.006071408113122181,0.0057020574148574435,0.4194193898344712,0.17043573844323948,-0.08573324012913286,-0.06159308090805133
0.013458106781544785,-0.006186659810716294,-0.005947409977745079,0.005393135043496204,0.3434411719203942,0.16384012104392584,-0.07821787391745416,-0.064624980832876
0.013479653436251113,-0.006039034353753246,-0.005863659437314496,0.005142544150615703,0.3747744205401556,0.16059900857063333,-0.06980884629949934,-0.06706800514439899
0.013535533905932737,-0.006464466094067263,-0.005888356275724478,0.005890997138345381,0.2656683760554171,0.16493648678688191,-0.09279590006666123,-0.056012046884652306
0.013568393066636217,-0.006290447414118597,-0.005784383496318067,0.005564205787251434,0.3707035125117247,0.1594757906076432,-0.08476505964257958,-0.05999915502335242
0.01364484341025055,-0.00657726476122486,-0.005708180799388508,0.0060656942117665895,0.6500796222513966,0.15907283265744404,-0.09950906305776396,-0.05001055019238054
0.013692125743693512,-0.0064217759600099945,-0.005590955677449713,0.005768790094977335,0.274286757008893,0.1537417822841238,-0.09247674780404458,-0.05381095561332241
0.013750556019033765,-0.006693441434347548,-0.005509372689816938,0.006246618468834098,0.34452247486054527,0.15241388101079462,-0.10594507562994976,-0.04365348692285529
0.013811333868397738,-0.006525788312351223,-0.005390425759270299,0.0059129980395282175,0.25969458316804955,0.14739853571041014,-0.09805166440439439,-0.04822590448439825
0.008216888376170559,0.004859908358548836,-0.007286422925442767,0.0025022000520221847,-0.23991720430091198,0.021264315344342033,-0.10513869325748397,0.03991679153767914
0.008880945060653195,0.004613430223878459,-0.007542180686604377,0.0015428820194454181,-0.1517449949685898,0.05000781709834556,-0.1015787629065698,0.00909618276987543
0.008634686232431162,0.0046995674294949795,-0.007470231903136538,0.001899080401148681,-0.19112706360557485,0.039491997677347464,-0.10380465521717176,0.020231717769922854
0.008382785405901648,0.004746732296475118,-0.007322682284630996,0.0022241746001624737,-0.21354513872257397,0.02776996912749966,-0.10341942727813436,0.031183944079438208
0.008965132043364417,0.004365058123841347,-0.007341493223914343,0.0013062419096683691,-0.10685506184760778,0.04819883313553076,-0.09391375983824858,0.0034986284566056757
0.006063177707590488,0.0062498540893907275,-0.005193868445728233,0.005455725795907474,0.007608425109478755,-0.0656419292918064,-0.05881866044028062,0.14245277485724997
0.005860097797476499,0.006306977041488773,-0.004892462939979531,0.0054957112498357575,0.03761426877284741,-0.0693690783867854,-0.049088304442483736,0.143514963939234
0.00615820506942253,0.006049897051518781,-0.005316019455091576,0.005167791466010684,-0.028767627839089562,-0.06139907291621866,-0.06249670485974112,0.1342518701749625
0.006373985482460608,0.005895087824238674,-0.0056045973797937045,0.004941252085540598,-0.07490413324902741,-0.054957137343282,-0.07110423748175611,0.1270179923601028
0.00803525953038713,0.004820029578990625,-0.007077822805137414,0.0026464594151541223,-0.2276819477290402,0.011675464478629414,-0.10109458877775183,0.04632115337447084
0.007880025267912441,0.004899820907000298,-0.0069912285823675825,0.0028692989404885696,-0.23487118372927104,0.005102456633734157,-0.10070060224622544,0.053972166975281254
0.00769921932007098,0.004992430576828793,-0.0068738388165759555,0.003123015023958972,-0.24095859937462108,-0.0026685547328212027,-0.0995139189723837,0.0629393101325366
0.006552555939829882,0.0056901086194381155,-0.005799792034901067,0.004620909920840453,-0.11563027257179713,-0.04827818344774424,-0.07626101450217833,0.11685172910415502
0.006780987119224893,0.005579448094580384,-0.006080093732266165,0.00440751822064736,-0.15797991911026557,-0.04021492099130531,-0.0840911786728652,0.10867410214796493
0.006944463307843596,0.005422027457113306,-0.006226123530840451,0.004128735201233056,-0.18335423727236158,-0.03363988445001709,-0.08722190645371665,0.09919813096517983
0.007504448644604706,0.005128183105517929,-0.006755261730888517,0.0034302748477851304,-0.23836407462415976,-0.010708759108081816,-0.09844871538433395,0.07339398905684942
0.0072873285108983905,0.0052105743497248905,-0.006546228817119001,0.0036760042816234074,-0.21954284527531145,-0.01982930427001682,-0.09413165859445227,0.08274718727893617
0.007107027016558503,0.005307069147462225,-0.006376354353176336,0.0039002859101376457,-0.20209089412828285,-0.02720793688230704,-0.09048291065007753,0.0910967017300426
0.0073208682191713715,-0.00577835898009388,-0.007027012915122633,-0.004471813924076904,0.03189895094438527,-0.016939599670529104,0.11175019861341373,0.10505896368812902
0.007302236975730496,-0.005603393995868473,-0.006856748897379591,-0.004203621060690429,-0.32524867666533885,-0.017825368990005645,0.10693163553577907,0.09531054062327171
0.007180983357139363,-0.0056985193812771825,-0.006745377198037766,-0.0044179291235461535,-0.31922850136521647,-0.02368582170117153,0.10484900726007838,0.10312917352265817
0.00718958373010223,-0.0058645967077086796,-0.00688626354020908,-0.0046857894384043156,-0.10016776105896363,-0.023578625629901127,0.10874734485988315,0.1132576074575689
0.00706107377027107,-0.005954915005069573,-0.006740973563762655,-0.0048922950981876625,-0.43722662310189353,-0.030081889345648635,0.10539351225596712,0.12105939283578711
0.007042943567313314,-0.005800186351171606,-0.006599453425002215,-0.004644435715864884,-0.20636675740085828,-0.030388530358333565,0.10157904784568338,0.11155038987967834
0.010076562600435556,0.00425358623947906,-0.007496153686343879,-9.769369439276382E-5,0.07747783972940309,0.09267637208498915,-0.07813035083357149,-0.03618114006581243
0.009784351222272758,0.0042152435197199715,-0.007447688461268247,2.6602718079776186E-4,0.02681316171301325,0.08009634950514556,-0.08258068037801546,-0.02669067242115797
0.009489074305812866,0.004232279708892444,-0.007411369324537406,6.311151898662257E-4,-0.020940706908607342,0.06834829832165479,-0.08691254338040728,-0.016561929245367892
0.009232023724723122,0.0042924659717245035,-0.007389237982709469,9.597128325281287E-4,-0.06416725743889574,0.05870699527015679,-0.09070845598375386,-0.007070977057171198
0.010320126478033265,0.004046874315935184,-0.007274098368335462,-3.7175183257730416E-4,0.11298509052867538,0.09366934270777934,-0.06890998799579241,-0.04209794606909573
0.008722617640715592,-0.004609680157545566,-0.0074399177742145274,-0.0017330442510568938,-0.16759213525148267,0.04217575331447477,0.10119610892852444,0.015452498055442103
0.008916778182122071,-0.00459916927932767,-0.007547949494048392,-0.0014900528603285761,-0.14425515238260334,0.05163529957946777,0.10100309821157706,0.007395875663291573
0.011160960610263355,-0.004135596472511676,-0.007072290572011976,0.001328644634955128,0.22883363231571363,0.11815942208592492,0.0485504672774807,-0.06093691916888722
0.010821934133892949,-0.003984142708927188,-0.007090304191003497,9.092501548245694E-4,0.1752994564562955,0.10529871958398344,0.056212135091519906,-0.05296213818670965
0.01004110983941214,-0.004219894638658533,-0.007463763043433665,5.245324211322309E-5,0.071335500468233,0.09011461604785004,0.07819680497139635,-0.0347339133299605
0.010501094469510336,-0.003928981676049504,-0.00713536690954851,5.516481326231416E-4,0.13161869291761977,0.09501614862034474,0.06302504957219944,-0.04538739621261322
0.010208199609381834,-0.003996125397735159,-0.007241126529286254,2.3825052332889554E-4,0.09409461949407286,0.088265609388191,0.07026418092238164,-0.03837015414503731
0.009762194733821498,-0.0041923873874137865,-0.007422873441053618,-2.905470431158928E-4,0.02375689350745327,0.07839583929878342,0.08246944912546256,-0.025650351352165337
0.008996796989032064,-0.004405796123109063,-0.0073966446775124445,-0.001289584955821599,-0.10843239536138509,0.050668208704425254,0.0950992845557176,0.0027752105619964825
0.009456608224814223,-0.004221004086830734,-0.0073921900541615545,-6.67273446111675E-4,-0.02485395378048948,0.06658085717213441,0.08709593483423828,-0.015141932140557956
0.009186536988408406,-0.004312258210648111,-0.007390746187725024,-0.0010216608104859628,-0.07200112305137406,0.05712406402106165,0.09165051744069846,-0.005034650021367742
0.008535920377246849,-0.0046555373478705045,-0.007354347098236229,-0.0019813955999663344,-0.18988069834723678,0.033811711762198944,0.10174525077225817,0.023615816011192132
0.008361866702803354,-0.0047280331477535685,-0.007287183507010824,-0.002230949502408474,-0.21202063593567985,0.026435889674497236,0.10257570286573059,0.03176005094309312
0.00790732270945709,-0.0051139451923585145,-0.007213446671276091,-0.003074965150344299,-0.28902385661612756,0.008996523890176087,0.10823614676408912,0.05793727625348264
0.00774264751386506,-0.005161464216502382,-0.007067685020301784,-0.003280882916114308,-0.2797342708899524,0.0010989498756580963,0.10595048540325645,0.06568687725693535
0.007581599369676025,-0.005232474479432247,-0.006933785479433313,-0.0035004698266507222,-0.26906503259794784,-0.006269122159325951,0.10388699919238131,0.07369514631136442
0.008188270409740656,-0.004808764680086234,-0.007211852874941257,-0.0024844911037394603,-0.23081102119684918,0.0190008744408624,0.10309442240534693,0.04022291065211144
0.007996004653171265,-0.004917269725909736,-0.007125904665560173,-0.0027802914965501416,-0.24651129319350235,0.010960033527735906,0.10350333763658981,0.04999821966995872
0.007428071017397756,-0.005316696393856706,-0.006806292474072294,-0.0037216406908125894,-0.252822334835389,-0.013111748790974596,0.1018419010066375,0.08164528225924193
0.007277203271365346,-0.0054102400836816165,-0.006675483943600344,-0.003945169233340438,-0.23464273774591096,-0.019743291708258514,0.09955160153825328,0.08964810897484192
-0.007171450814764616,0.014298075426914669,-0.006697424289694516,0.004406958415639355,-0.12531361608499617,0.18066837567726937,-0.032332847330312435,-0.08410235632596491
-0.0073208682191713715,0.014221641019906126,-0.007028264631327249,0.0044697774326206904,-0.43894252876065637,0.1918858879813892,-0.0316356803259402,-0.08595260691226154
-0.007297814201251106,0.014392736294841972,-0.0068088251571917354,0.004187260184149183,-0.10554349931105027,0.18278514582341157,-0.024505242712166562,-0.08590582866784034
-0.00745479580756053,0.014303711841978798,-0.007166650931342496,0.0042442379127261235,-0.29499891490340346,0.19444138457313756,-0.02329691110537886,-0.08783918461502034
-0.007434144110411075,0.014481263624082905,-0.006925896570848228,0.003964349364132051,-0.10846551791820978,0.18471150029852723,-0.016491128753680376,-0.08731462063071872
-0.007591233601480755,0.01438153448432905,-0.007298188516212375,0.004013866722155284,-0.16576369376128428,0.19639658153804093,-0.014772859694526975,-0.08910539658656365
-0.007576641445833553,0.01456150348021877,-0.0070457977258253516,0.0037420386022149143,-0.11017284566961315,0.18633769378085907,-0.008407633361588873,-0.08828161356511034
-0.007730047808600203,0.014455032777517945,-0.007421856614787402,0.0037803730529607205,-0.07685731948594159,0.19774231847719548,-0.006144135429793419,-0.08978135409727467
-0.007721894943098762,0.014633541485347791,-0.00716396513229338,0.0035211492242556777,-0.10533379798792804,0.18753674028625025,-3.309955875120489E-4,-0.08877434315554904
-0.00787110415992842,0.01452413555302291,-0.00753753502093655,0.0035441563283844803,-0.023831456186955553,0.19846792169567476,0.0025561713845130606,-0.08989351278341111
-0.007869773771563051,0.014699324911783862,-0.007278298050328897,0.0032981358826120306,-0.09374924259547256,0.1882246225505907,0.007813164353492592,-0.08877462152801918
-0.00801426371656846,0.014588774500088612,-0.007645256949398328,0.003305359052346701,-0.006708429027531532,0.19855578202064242,0.011289164869005585,-0.08945865094880671
-0.006366699042667121,0.013859244390096337,-0.005623557227523667,0.005301659611427167,-0.31721429260876893,0.15003777959399822,-0.06295568117639942,-0.06658649587181807
-0.006509168875156667,0.013977487524037827,-0.005814116553921749,0.005107382489273887,-0.281238941587521,0.1560518817388086,-0.05667569099761316,-0.07080789952367024
-0.006660932367449683,0.01403692051142414,-0.006037910756740551,0.004996838617057715,-0.27367413073645497,0.1626545863528522,-0.05295408427160932,-0.07400867217374195
-0.00674399862661807,0.014172092679879273,-0.006093887597499688,0.004759190245644655,-0.25624957162188317,0.16437099654133278,-0.04467908719642776,-0.076851189659269
-0.0068840205226529455,0.014294909494209432,-0.0062338142096467425,0.004524576629118047,-0.22041129024352166,0.1679631111460416,-0.03652338642473804,-0.07975883761966707
-0.007034999174214442,0.014359357173948473,-0.006421837199855394,0.0043686101757878185,-0.20214841045544843,0.17267806826873391,-0.030905342868849793,-0.082099051617333
-0.004854471113572581,0.012491948792556495,-0.0031088812231014127,0.0065595883934250815,-0.40022293179408114,0.06608731346214712,-0.09109727381265144,-0.011712170266415009
-0.004750829262828219,0.01226514264000609,-0.002835402475789711,0.006725349036865517,-0.39135163602852957,0.05617055712328823,-0.09363504700282325,-0.0027271401449875323
-0.004366691207869312,0.011973551458915786,-0.00224659629589902,0.006704903836829419,-0.3303056708267163,0.03864374780986766,-0.08842953642009954,0.006559734491365301
-0.004536376156603249,0.012164002906572708,-0.0025477249314970196,0.006662854462715467,-0.35656147180624376,0.04808806170559893,-0.08979741589326994,8.839358366230824E-5
-0.004116582829810985,0.01152930936672466,-0.0016760165749452245,0.006841557670002238,-0.27740343646944915,0.01975353646596423,-0.0864895785867944,0.022207257607467997
-0.004083589444269165,0.011895559512014448,-0.0019603253785321017,0.006560826498857254,-0.2897218098619721,0.03134765704217347,-0.08178845577314241,0.007178867196440636
-0.005722238750981228,0.0131110745620204,-0.004577721821871217,0.006309962386116222,-0.4462657361963293,0.11249038536747884,-0.09214279353247883,-0.03690005128957428
-0.005576196916483993,0.013004314712628843,-0.004319637633711504,0.006385246469889973,-0.4497451214607348,0.10410853279815002,-0.09313561461169685,-0.032156940195806484
-0.005346766202412496,0.012911321267066244,-0.003955490782718409,0.006374432896531895,-0.4339870625779133,0.093428637477992,-0.09109670494790378,-0.02801324405000946
-0.00613789751217083,0.013655421314516995,-0.005293483533187188,0.00560357061564904,-0.34788543518260623,0.1389994541294447,-0.07231971741306288,-0.05879579195117827
-0.0057927021649509325,0.01325737259718843,-0.00472454968705426,0.0061197567025277335,-0.42984979777904536,0.11862358698401608,-0.08683871048997592,-0.04296940792267225
-0.0060059405112762275,0.013540733280714149,-0.0050882871032804505,0.005753964198946133,-0.37512289708870933,0.13209940250715957,-0.07657350931888646,-0.05413363386241521
-0.0058878093279691665,0.013404448682719354,-0.004895513847730934,0.0059298516440929065,-0.4015839346520927,0.12519352630653036,-0.08152852658946315,-0.0487807380803033
-0.006152013458078813,0.013874336917839753,-0.005273214671299972,0.00525563366887193,-0.31857273680542836,0.14011554109435387,-0.06076293935100963,-0.06413032567685362
-0.004758839888436694,0.012733529467116249,-0.003147121245481625,0.006230293646361033,-0.36884632868095996,0.07097211914860606,-0.0822033852917885,-0.0215324900908696
-0.004941937579461118,0.012923965766395411,-0.0034490838325377487,0.006119056580164996,-0.3772882060562815,0.08112765907871405,-0.08091833773680618,-0.02828825749593349
-0.005135235124320182,0.013045818810856195,-0.0037355080452382834,0.006076098300531937,-0.38743034251687375,0.08999235051623589,-0.08116411955506297,-0.03285786790274389
0.004467503215379627,0.013054059337617739,0.0029800512043817837,0.0057367563973438835,-0.31312016817697,0.0720057443608997,0.06695685349868073,-0.03166271270174803
0.0044029012084866575,0.013521243530780122,0.003045619211485252,0.005236952732182,-0.27428524868110543,0.08024780356304005,0.054202245714735434,-0.0421548300985093
0.004169201273965978,0.012657879879626265,0.002518005070687198,0.0059750957833733616,-0.29663545847583217,0.056046705235620393,0.0704652609821733,-0.02005477014443544
0.012101065886542174,0.01587849868642873,0.005865039608235173,-0.002084351620879769,-0.0393859423884888,0.01396628285260229,-0.09951309092115153,0.04070340935237892
0.013059303975349308,0.015921561015946946,0.005030200192150677,-0.0025561506046694674,-0.03569074799539496,-0.018466874678002874,-0.08172837053391764,0.0646612753221998
0.011471923238664864,0.016196031123371736,0.005906028814468043,-0.0013910900522967685,-0.035915251386775475,0.03307297482248631,-0.0971753955182132,0.01944672903351681
0.01068906898476655,0.01618166804458643,0.006233827567937115,-6.979088442549406E-4,-0.028877363252967938,0.06292018294729984,-0.09659850762787017,-0.0059915229292597846
0.009926823400033518,0.016320705634429944,0.006130703262447022,5.956171577265644E-5,-0.017738104081278395,0.08185292920084504,-0.08540888845541435,-0.026796982837837106
0.01115455170797061,0.016657460731566688,0.005501918837003629,-9.478671547941429E-4,-0.032568402955895116,0.03653548350475571,-0.08830826500882315,0.008188806943209644
0.013810144570052568,0.016684642449989226,0.003935077240368026,-0.0021968919042766664,-0.03711999224880919,-0.0289748456945022,-0.05597870286293274,0.05683254495484121
0.015001150592418251,0.017042059543266593,0.0030028717966669376,-0.002068172323110702,-0.02103980359412519,-0.038494895346963265,-0.03569263983747257,0.05974930558178826
0.01620642459900051,0.017454803763324568,0.002205031707935207,-0.0017911237268238664,-0.016595270784444446,-0.038150806437595615,-0.019752403290523874,0.05126525753873303
0.008423171524290288,0.015801257074637313,0.006301864498247396,0.0016962003207141273,-0.04339025477307334,0.13204892387089906,-0.05246515407977614,-0.06471119031781036
0.009232333343927696,0.016261986703613424,0.006088127805625758,7.274974434654762E-4,-0.028147006501038022,0.10107186176395332,-0.07256249180091336,-0.04377932108521317
0.008840783529415605,0.01594914180045606,0.006352749174990458,0.0012175420610176341,-0.031591379938723484,0.12176464358613455,-0.06393890879683452,-0.05622527993534449
0.009385554910933647,0.016844968554964392,0.0054146943333891456,4.5155550182347575E-4,-0.024211195056265112,0.07637244054181928,-0.06757209724628149,-0.035023878665980314
0.0053551721794335766,0.013956871928996872,0.004155750804904085,0.00500401323214653,-0.28579853019193197,0.11141485506418637,0.051172735039127844,-0.05769542294952152
0.005667389229911266,0.0141292987868898,0.0045306982740360895,0.0048339847439661104,-0.2728259590771262,0.12170592554577513,0.046425189880187706,-0.06307278174795594
0.005910524934299494,0.014365623872659904,0.004788869581877647,0.0045404981974021645,-0.2439271566695618,0.12909498855943732,0.037850763857303744,-0.06791121947734162
0.0047786841586889214,0.013957465399428014,0.0034913920969541737,0.004884566912243143,-0.26133891545111076,0.09527758377411345,0.046014701767834294,-0.05206815863930005
0.006092197893526762,0.014753547619840022,0.004862650048151894,0.004047254489443742,-0.20741658987813769,0.13139354932717906,0.022081886609882487,-0.07201101794513513
0.006487331708427676,0.0149624153182972,0.005219908773282162,0.003718035507087929,-0.1788379778328599,0.13781766683576094,0.011465368252941756,-0.0749767859852767
0.006739252573237089,0.015227108846859632,0.005328572296711925,0.003331911708508178,-0.14263949434219383,0.1375897590897408,6.751064705868202E-5,-0.075221658442987
0.007827214893627702,0.015774695853213838,0.005887648978274721,0.0021928539027758908,-0.06900483938461295,0.1335296739761018,-0.03599975760625759,-0.0707025871985011
0.0069139709890871405,0.015583570117377968,0.00523365913047806,0.002892107168942093,-0.11593790025916538,0.13119524207025968,-0.012984852903553867,-0.07322700675166575
0.007330624664898538,0.015704729429563438,0.005522317840293193,0.0025696283320003153,-0.08615513419297025,0.13241095822700952,-0.023627365126553425,-0.07214221562893167
0.0038714925974414126,0.009653233516988534,-3.701795443272603E-4,0.007110683599179843,-0.04130033303885163,-0.04007133430181153,0.06775435074102189,0.08907847374026544
0.003871744974731023,0.009899658277936037,-1.052577886069446E-4,0.007135984402833481,-0.07278650177421159,-0.03374485668377709,0.07203310017867719,0.08135328476927563
0.004075349663543028,0.010442658878835052,5.183988365250721E-4,0.007279443067014119,-0.15467327101620032,-0.01790754633167371,0.08388795890082339,0.06737698981225072
0.003960564851622743,0.010153701189790773,1.7516437745056438E-4,0.007213059727141646,-0.11016417719734693,-0.02681428637540142,0.07786043406896716,0.07522325686282377
0.004078047524744255,0.011096055027934459,0.0012345073093601555,0.007055735546766391,-0.23660414270437372,0.0043378147737559375,0.08711019889244884,0.03999833955829398
0.003989154524264449,0.010748125653311638,8.33579511262353E-4,0.00712035873494245,-0.1909850032619453,-0.007899614654753999,0.08400774284481427,0.0526082708712634
0.0040614743888843065,0.01200003478067067,0.002021967046857804,0.006466329182915926,-0.2902690176390424,0.034366042666561514,0.07962673446599346,0.0030063740774299557
0.003972555466842043,0.011664417008917776,0.0016979742278860606,0.006644045288308642,-0.268080740762176,0.022516627344993986,0.08110564275350583,0.014781638637215029
0.003950970731916638,0.012332605634141215,0.0021516995444308797,0.006135016827120418,-0.279441593083908,0.04297883627144652,0.07181301713236507,-0.0097658204908549
0.0037074295600885857,0.011401316303833724,0.0013261020278644,0.006609888331512396,-0.22839259941125614,0.011333318320799715,0.07609102463130192,0.02164364528659606
-0.004230876153326248,0.01040018441785419,-4.984442876339721E-4,0.0074363587172940155,-0.15629659455689104,-0.01941571897075944,-0.08728366202811022,0.07357725532684366
-0.00424024667135646,0.010134188833250972,-1.6977128583585543E-4,0.007479594006197697,-0.11023822675380844,-0.028305777754802836,-0.0837551375938755,0.08468618596914457
-0.004280419332928854,0.009849203046891113,1.9016291408741133E-4,0.007517705654177733,-0.0584917653061356,-0.03748413069301491,-0.07932824238972301,0.09693857367265855
-0.004271982007411265,0.009563420020415101,5.482811421390318E-4,0.007466725992989308,-0.008478003347454396,-0.04560918789970463,-0.07272582281111951,0.10631368632583882
-0.003934629072880095,0.010543294982769026,-5.988894480337205E-4,0.007129944064974288,-0.1610758911109366,-0.01479691241538107,-0.0813566837817618,0.059348337344302136
-0.00370351853915395,0.011209264793058197,-0.001162151901653046,0.006702789995615336,-0.2122517270470752,0.004984151571530141,-0.07635686231845058,0.028681948943649636
-0.003712429419081579,0.010752684179896603,-7.503651879287699E-4,0.006886850225068406,-0.1746595381579844,-0.009091719737214052,-0.07606103851434158,0.04625667095737567
-0.005544967222482056,0.007730047808600203,0.0037850760434063077,0.007419339194334092,0.17338960077766666,-0.0873285084743854,0.005066997657548082,0.18821122434956003
-0.005374568167429395,0.00773798670362303,0.003546447824836239,0.0072559119961026685,0.25537731944065895,-0.08688680974738981,5.300635279880173E-4,0.17899245047636983
-0.005618465515670953,0.007591233601480755,0.004017852199510379,0.0072961377037419435,0.0503302390083974,-0.08684992183956815,0.013454593558017565,0.18828756544600334
-0.005452012376550966,0.0076039169083792135,0.00376550552750347,0.007152153063036542,0.33039532633614166,-0.08678732719119113,0.00816431623634379,0.17959583027576562
-0.0055456807335498145,0.007455644712270327,0.004013113049767502,0.0070294692453567705,0.2332300408416961,-0.08608818858162644,0.016961482862202046,0.17962127799726144
-0.005696288158021204,0.00745479580756053,0.004232491464625933,0.007173682694265152,0.6581576179911883,-0.0857352632281816,0.021727099588996653,0.18759583400784932
-0.005778358980093877,0.007320868219171371,0.004465797014441981,0.00703064660890212,0.14960710134306815,-0.08424716893856228,0.03022286767377087,0.18589117250804774
-0.005611495020356486,0.007311979593307759,0.004210056383137209,0.006875785723943754,0.21282434000786624,-0.0848294063054469,0.024333689804448205,0.17751343173808423
-0.005864596707708679,0.007189583730102231,0.0046879120342522675,0.006884789679818576,-0.10110584548081307,-0.08212985035526389,0.03829976349568808,0.18378398979057098
-0.005697526788631575,0.007187329848324316,0.004412936216368923,0.006753294314692286,0.27335036472095436,-0.08325741099666316,0.031603473199718006,0.17605740183405524
-0.0042662880294246025,0.009322469533485742,8.410496335905521E-4,0.007394610889433983,0.02763313009214045,-0.05163446689185725,-0.06659652236242215,0.11314310274437989
-0.0043333699200450645,0.009087911922028048,0.0011465318677926191,0.007367651815556947,0.0658169914110414,-0.05754729315296354,-0.06085686893953695,0.12169245138240183
-0.004426197515453629,0.008928095713745523,0.0013801625759214775,0.007379076296704592,0.09793730052286949,-0.06190441337049217,-0.056611788271945906,0.12912991278127625
-0.004908415752925354,0.008504047769220355,0.0022158503334387815,0.007584217696532595,0.20951702887970877,-0.07634665759015445,-0.04108251917663677,0.15891614486737116
-0.005008934902005602,0.008374056027272795,0.0024599178460826846,0.007578604788839932,0.24888354102873453,-0.07954544242478652,-0.03461093380896111,0.16500049426541968
-0.0050074784741289124,0.008206538427801571,0.0026520041646791,0.0074199442941466414,0.25426147415774714,-0.08079606788827036,-0.02792913615006093,0.16511694665997576
-0.005064612398293131,0.008036710245776128,0.0028915539317140603,0.007304335033225459,0.24738414294030378,-0.08243032316021238,-0.02026716831688832,0.1672910301572049
-0.005182409299847746,0.007915036211086598,0.0031434323343478995,0.007285449405038086,0.26935207185377397,-0.08444424398500391,-0.012653035944918128,0.17212772109316596
-0.004691260487973757,0.008503046528670968,0.002044484573207775,0.007362262986285535,0.17863019985962267,-0.0726799222534621,-0.042333605788149924,0.14789868122993569
-0.00440251590782391,0.008744601542039326,0.0015759924450347497,0.007252024481734892,0.1116686211996476,-0.06477209994975001,-0.05084139520762248,0.13127362804607431
-0.004448212015634621,0.008526072989542886,0.0018410907569582113,0.007150901810038325,0.1333861423046563,-0.06849423569540225,-0.044102170645711265,0.1360708045949235
-0.005199158658999126,0.007748485531872693,0.003319262962707016,0.007106835284981949,0.2665364380011215,-0.08438505450788909,-0.006081835534391629,0.1705394962216055
0.005308665688933199,0.006652780379637512,-0.004076731054425777,0.005779786466167689,0.1048381884491452,-0.07612415952564634,-0.023578250656776947,0.1463529955470567
0.005527898226434843,0.006506813105756292,-0.004401356954184536,0.005673081029531858,0.08484893848438464,-0.07420222940763939,-0.033543529707415844,0.1459423906710514
0.0056046152112746855,0.0062599536175304655,-0.0045382470282391806,0.0053643257391222015,0.046757118713208694,-0.07089913884263344,-0.03833565767654992,0.13873629394262998
0.0039997092404760615,0.009061132715243201,-0.0010322189888749957,0.007053043851151969,0.035495214424957705,-0.0542475363560593,0.05682976385211568,0.10931739217799476
0.004040206628473458,0.008865108797734392,-0.001249882491838424,0.006998208135080058,0.05686661595849853,-0.05814289221169866,0.05239564299235227,0.11474416623288407
0.003740988295332693,0.009300287543849928,-7.01452257025953E-4,0.00692214739473534,-0.007290714679179991,-0.046887959563395885,0.058777663339656436,0.09427378077743702
0.003776710151923001,0.009126788661917821,-8.807956439469139E-4,0.006894282555157101,0.0120266528956671,-0.050538470748505926,0.055749329888645616,0.09956237576921938
0.003618635063362378,0.009466092592812706,-5.113584432061327E-4,0.006866931205747309,-0.030282249716486565,-0.042351509533982805,0.06004900149421849,0.08567211987892352
0.004138605626528681,0.008620550377317458,-0.0015446998123104221,0.0069457412606130035,0.08719975390434795,-0.06309402533135533,0.04654525021604121,0.12254657736460939
0.004944285526454118,0.006557357588223225,-0.003659591087230876,0.005518087522715948,0.08827643630861141,-0.0743624979536578,-0.013290808419410714,0.1361262780867887
0.00478289667098445,0.006854563057786734,-0.0033774054124584806,0.005786554398440427,0.11222446591469826,-0.07560880637369188,-0.0046202152040868685,0.1385323595304753
0.0047535514838863285,0.00719236403986379,-0.0031905744602347755,0.006143050918835116,0.1397469670670937,-0.0770328678765455,0.0024907508390478055,0.14333806296399312
0.004390045856947195,0.008057581100778664,-0.002238195427090382,0.006740350387553472,0.13825992361129977,-0.07204346722540651,0.030384747229669686,0.13669549177654836
0.004201594441180586,0.00831604836469276,-0.0018690674915294808,0.006795727261443952,0.10953903950026418,-0.06741324125679059,0.03852976880441767,0.12824292783657018
0.004357844521351659,0.007732992991794001,-0.0024605988627286993,0.006436380188508174,0.130344720430156,-0.07306854254554997,0.02210307191774519,0.13535616304305031
0.004490009855261011,0.007415064879034815,-0.0027923984246179877,0.006220277708995011,0.13065006326910555,-0.07491803099676762,0.012739198475222315,0.13782238542791983
0.014588774500088612,-0.008014263716568458,-0.0033189040566789607,0.007639449949216707,0.4977895945040476,0.07116672392048669,-0.1417154407864095,0.03624631421030795
0.014648884232660605,-0.008159381790995318,-0.0030712904773055757,0.007742121429106376,0.20005615504627183,0.0618099079974663,-0.14233403273227088,0.04495811637249796
0.014760524919728358,-0.00802476077690746,-0.0030658994447866736,0.007393334221979246,-0.0068827297110033445,0.06200863826390921,-0.13645020593021437,0.035299474395776714
0.01452413555302291,-0.007871104159928416,-0.00354522632317915,0.007537119538462446,-0.011797082772793769,0.0800014997502066,-0.14062582826285666,0.027648585263965172
0.014679192356469854,-0.007885550069629923,-0.0033101506069354854,0.007327595981125493,0.0075147873184978195,0.07100774293173982,-0.13619974122585396,0.02752759305108757
0.014455032777517944,-0.007730047808600201,-0.003777738739907883,0.007423104491208767,-0.07271626752280697,0.08872800216675973,-0.13890097335056756,0.019006404749787025
0.014611878349147449,-0.007732664858472792,-0.003542432686038309,0.007207646693403566,0.12456952537202957,0.07995659354894848,-0.13452263455875524,0.018602631216457003
0.016847790228288917,0.015345887251965173,0.002185010438700888,-0.002863124200701468,0.016690841946295405,-0.0500066249734382,-0.004323714796974298,0.07086762645391285
0.01786824512389523,0.016390498067522918,0.0015864632181907072,-0.002019408458511159,0.020383579003445014,-0.039011897018023205,-0.0013232495973352178,0.05079569176582897
0.017441868860844062,0.019085177524684145,0.001330397552730027,-9.989315301916636E-4,-0.032901950275585484,-0.029239449935325356,-0.011231961063385204,0.035831018204469885
0.01617932607377311,0.01320956566909982,0.0024057867037088686,-0.004707559806420566,0.0228875745456657,-0.06534152456320298,0.0124576382418846,0.10762603683174374
0.016320462695254626,0.011999085408564899,0.0017045087273615206,-0.00545697676952993,0.039024091850565594,-0.05963041190965289,0.04005674341398444,0.10766062673491773
0.017387984569736618,0.013797926806871329,0.001747226358638944,-0.003549464290881188,0.02995651084601667,-0.05076858287493472,0.0158127724147868,0.07375383190455752
0.01591724174521034,0.009884448795942026,-1.2229381793289515E-4,-0.006704506819041574,0.017484148218307318,-0.024329338247383148,0.09367440449485377,0.09035802979397238
0.016044445292354863,0.010256922080764876,2.7990833163035094E-4,-0.006509835455461453,0.02171962977524514,-0.03432939927232636,0.08453106407189537,0.09700174826129004
0.01598579483922649,0.009545663242465566,-4.863389946480778E-4,-0.006555494484861845,0.02193546431525103,-0.01268007635604838,0.09751200015332638,0.07589113727633423
0.01643458283482061,0.010772166446882944,7.064726450575132E-4,-0.005884167713723771,0.03305663993500179,-0.04038374853765478,0.06894659197765723,0.0905518840506254
0.016857895513357566,0.011362914807563481,0.0010167103819676959,-0.005214520043422525,0.026856108711567062,-0.04605908340228536,0.05330992195801321,0.08715964381213587
0.014976460515349309,0.007400335367911681,-0.0033038206512883443,-0.006331493844173289,0.10233669842155761,0.08006457305519891,0.11290886162573992,-0.0023501087688535278
0.015079344837589496,0.007546082547760927,-0.003083365875241746,-0.0063936576742514,0.09061209880870869,0.07250796642980524,0.11417279593146887,0.004022034765999826
0.014938825371654333,0.007179611543114622,-0.003478203776079124,-0.006094356292383168,0.11942761201140929,0.08743088612503155,0.1069488021970063,-0.0124086395384146
0.014827927388560064,0.006948246258289572,-0.0037300064792485477,-0.005897057837178503,0.1429661234084865,0.096229663158912,0.10166229861119173,-0.021691996266781116
0.015267884103047559,0.007653027971505822,-0.00279734886191858,-0.0062974272548026525,0.07969203219450323,0.06374888347908005,0.11134946333735103,0.0077806020219939875
0.015551940657240438,0.008322146001073087,-0.0019703426669932093,-0.00656370793708596,0.04464928878406598,0.034970928582047735,0.11338249676413581,0.0345962589302117
0.015466701456582159,0.00791455722308004,-0.002400646728282161,-0.006321828601566466,0.05870166078045921,0.05050567805124292,0.1106606156447094,0.017710539470819076
0.01607146413177804,0.009081730493443536,-9.305420969685917E-4,-0.006295610671301743,0.02927668341809783,0.0037306524924207267,0.1000559761589013,0.0547114981033216
0.01592914972309658,0.008563457634304902,-0.0014898576216212428,-0.006228548482526716,0.034449557080337416,0.021752086728254377,0.10414947981676294,0.038294139733885735
0.012685482987484379,0.004518360323449505,-0.006138109038883576,-0.0028676049477248705,0.31789806483238164,0.13713856056604165,-0.0013628855789203072,-0.07521388244373789
0.013140279941912405,0.005187888114311736,-0.005982431687563367,-0.0038356168744834306,0.36294451705237035,0.1510628334954769,0.02701246597193047,-0.07700487235081499
0.012923091544588023,0.0049731000329475035,-0.006136355771918276,-0.0034858596876204823,0.3603038374530219,0.14940024520372633,0.015349699191005628,-0.07813960144034048
0.01383245189034862,0.005346863406991807,-0.005157219527469414,-0.0041486445999261426,0.2882482811343275,0.1343561346821827,0.043543894064784594,-0.0681712334774469
0.014147100188008101,0.005399050601047508,-0.004778469161980988,-0.004193402810322413,0.25320486418966925,0.12483713312117499,0.047955112997854696,-0.06340042466446011
0.013451400876891527,0.005178672044336927,-0.005584626771884126,-0.003903097223189042,0.3232464527066479,0.14215312982731712,0.032718479806427135,-0.07333410928905694
0.012947678847120732,0.004661982170935923,-0.005941348206321785,-0.003143217281598476,0.31964166281612233,0.13831735111771015,0.008085688796076261,-0.07541743768876526
0.014673603016491819,0.006497575719640389,-0.004076194815131427,-0.005416183506260103,0.17717427610575584,0.10828543395558811,0.08766444315245572,-0.03756490051316158
0.01488687721007698,0.006713351130122966,-0.0037416871957611656,-0.00555098853853093,0.1515968034081441,0.09815938382188323,0.09247527543910408,-0.02932598635619842
0.014732981967116641,0.006141480792051103,-0.004063494699288513,-0.004932070399071134,0.1883445026544197,0.10909145686317671,0.07345467516275027,-0.046424310524703076
0.01438423576085129,0.005607053862100783,-0.004510951154310065,-0.004403099632957753,0.22691765725980545,0.11926732361649774,0.05595782535005371,-0.058508155342650914
0.014640322103369,0.0058331471249092595,-0.004203273791692898,-0.004599044229530912,0.20340281659043438,0.11212875895976367,0.06340025333611728,-0.05258513037796215
0.012414323239664082,0.004322261089880767,-0.006283099392080409,-0.0025215431983325615,0.3014666779786124,0.13246030879143342,-0.011671065893270842,-0.07341740315820124
0.010690093884695032,0.003977927018064824,-0.007128785863193527,-7.674056358876721E-4,0.15749270542677754,0.10187807666518536,-0.05948485712895173,-0.050564491677625514
0.011058194107023099,0.0040218707010739015,-0.007024876170731749,-0.0011684187167388357,0.20637201688680645,0.11163768413324446,-0.050757072491617664,-0.057919061200571394
0.01201153034840352,0.004175466931790699,-0.006534932068908398,-0.0021185606967578426,0.2802496884418772,0.1280959751876385,-0.023914782231586856,-0.07076678621527645
0.011606970069587401,0.004107653373790397,-0.006782215911819625,-0.001737789000023776,0.2615906334413682,0.12300495756278292,-0.035353890143839724,-0.06661259549638043
0.011362277682551231,0.0038614989135024856,-0.006743791767185668,-0.0013737842820521447,0.21741719407777152,0.11098126096518016,-0.04147674579406892,-0.06078987467274218
0.013086986913510441,-0.005124149879331177,-0.006017545394845157,0.0037364282442488212,0.36302035060283955,0.15048765081729853,-0.023598923953774466,-0.07733544337327809
0.01290968996897302,-0.005076171982756152,-0.006211511632000805,0.003604077789386195,0.3770647729701603,0.15326590549754227,-0.017711305282030305,-0.0788612662985166
0.012767989380191233,-0.004945506380343311,-0.006303302078333946,0.0033773366129775787,0.37333534741361524,0.15144445169664114,-0.01003127983948686,-0.07905584837768585
0.01248959392275935,-0.004845692036936196,-0.0065542737829963355,0.0030972475150437876,0.37872654169644354,0.15233222516141046,5.404462301055549E-4,-0.079623492133868
0.012241066999260359,-0.004690418947024477,-0.006702348189979564,0.0027552941339784053,0.363199802354579,0.14847370411388758,0.011291019379883973,-0.07813813484590355
0.01145352355823945,-0.0038547810764728886,-0.0066870504191392606,0.001448559210987929,0.22121780456429332,0.11176559178713942,0.03904027434860007,-0.06145722562536677
0.011890093616554694,-0.004288776025513057,-0.0067133239727453,0.002113240651858836,0.2982644444156834,0.1318712732368017,0.026621168264249397,-0.07126909977873515
0.011757650956115352,-0.004009700233099071,-0.006606520961520075,0.0017978326385427608,0.25411474912268484,0.12035920133059616,0.031236293557140422,-0.06652334249702431
0.012205673926113774,-0.004346372000365294,-0.006488628726233536,0.0024045691910512305,0.31008041401025016,0.13416841218277442,0.016803210546058333,-0.07340819338124914
0.013215019012741837,-0.005459661151344134,-0.006017981755085469,0.004221516125162124,0.3815772811576675,0.15734742941145977,-0.038498085767090955,-0.07636202320362512
0.013263505038205484,-0.005224857408448798,-0.005842033414275181,0.003919998007029534,0.3511143785726163,0.14864678517609564,-0.030734377129719496,-0.07557881612329709
0.01335905470088112,-0.005586979738036017,-0.005872435939464474,0.0044343812394038035,0.3693063538014632,0.1557461684397735,-0.04645687954014802,-0.0738148331466565
0.013482740998809703,-0.0057329758959009484,-0.005749580607728473,0.004663801773524407,0.3585874469845451,0.15441632039289258,-0.05477987698494537,-0.07080507066613768
0.013578625216730929,-0.005895693476049367,-0.005659278211761956,0.004913594895633769,0.34796824904728124,0.15359482800525837,-0.06355620124384448,-0.06733240096621756
0.013635296450327492,-0.0061023266818601655,-0.0056274125180105,0.005237701724683568,0.34438189771217304,0.15414945430028795,-0.07427840419835967,-0.06298226691653952
0.013711073166283408,-0.006269748755051621,-0.005536675988077877,0.005502380590684963,0.32960113483186015,0.15209216404945952,-0.08357956311678592,-0.057796193378437444
0.01385256696814258,-0.006812880963004882,-0.00530600383281241,0.006420273763919594,0.16079812813438127,0.14561074497400808,-0.11196509504423575,-0.03688498041413945
0.013920772348179287,-0.00664729395664859,-0.005196979354626468,0.006076268361401057,0.27420305575032217,0.14100381675994975,-0.10386953983522802,-0.04192547583189645
0.013873620578662732,-0.006346474294089597,-0.005275944489952573,0.00558582684117774,0.308606192575595,0.14442554643408953,-0.08749853764173639,-0.05289116705451796
0.013986085415221653,-0.0064684792723079905,-0.0050941185163858255,0.0057432030324546446,0.2737687484212253,0.13882866933351223,-0.09323812792544021,-0.04737261936690889
0.014381534484329049,-0.007591233601480754,-0.004020141537565989,0.007294709346740791,0.4733973955131264,0.09787511697106295,-0.13659053874658442,0.010421419973061258
0.014546995128482499,-0.007586363886238215,-0.0037560479887340137,0.007078577832871822,0.08008925513986558,0.08809407821165181,-0.1322274014235435,0.010186850867537822
0.01445744762045882,-0.007454688710553561,-0.003987468298783845,0.006984349337502174,0.06017934601795278,0.09668116215568995,-0.13028111017123453,0.002603439359228949
0.0143037118419788,-0.00745479580756053,-0.0042409063983969075,0.0071687530267628245,0.17480784713975953,0.1065356460609954,-0.13391319678674157,0.002128586973272531
0.013950775489717909,-0.006935465283302504,-0.005097622286048388,0.006587084041936283,-0.06521886003491408,0.13848636251219248,-0.11751174607143783,-0.02964234477595654
0.014021539014270676,-0.006777233880870045,-0.0050061168691861195,0.006245674285795869,0.28744261653080594,0.1344241564314106,-0.1094790061034455,-0.03517943327552341
0.014045084994930427,-0.007061073770271072,-0.004893464717703818,0.00674020212581911,0.1417257709900144,0.13117474482267827,-0.12234592354497976,-0.022114614987222708
0.014106536540751863,-0.006909947413160947,-0.004828963131495887,0.006417072392583899,0.28563767112495425,0.12809070708698167,-0.11477643214834195,-0.02826052822708487
0.014375824488580966,-0.00731926340808636,-0.004202606315684396,0.006860005651688733,0.19418871638069138,0.10493111152978622,-0.1273284727268589,-0.005300165208934161
0.014221641019906124,-0.007320868219171371,-0.004457345813738322,0.007036120851760132,-0.12930390348761456,0.11478843799180889,-0.1306434777122612,-0.006142213413922826
0.01413540329229132,-0.00718958373010223,-0.004684075228016156,0.006887243581422267,0.3441316213220775,0.12326748701095551,-0.12669257450503285,-0.014301074221957625
0.014203455223397388,-0.007048491167136225,-0.004618302523131766,0.006576699476191585,0.1704320105748052,0.12024666632049048,-0.11967489163235644,-0.020495424758495095
0.014300192018367415,-0.007177904464601435,-0.0044017373976991915,0.006706284757533276,0.18875966313698941,0.1123803911712049,-0.12340524831109563,-0.01320375875937868
0.02055081204763472,0.021112783973581295,2.785398230112463E-4,-2.446324571779536E-4,-0.013703007905672379,-0.013672867033970916,-0.0015483736878187193,0.014527614603137234
0.025,0.018733575722169347,0,0,0.2192828176732413,-7.810976392145147E-4,0.007034059787610354,1.0969947488008874E-4
0.025,0.025,0,0,0.0012133689033869146,0.0024258394150652183,2.9741609236004127E-4,-0.00235067204490112
0.008160726610618353,0.004603586677955615,-0.0070038424160179715,0.0023291244459363388,-0.19370972934917183,0.014797649575420983,-0.09632520253609822,0.03730557255119471
0.00867685629437766,0.004398725215795433,-0.00720893573071233,0.0016490009467571077,-0.13862408907617588,0.035485725024144286,-0.09457527921398369,0.014782038394945381
0.008390519457111471,0.004445671947630735,-0.007053116313661662,0.0019789474132502582,-0.16247742092696463,0.023130534878871692,-0.09419680592233452,0.026155298337809132
0.00880878756224926,0.004150385848751012,-0.007064722716821938,0.0013653433118252167,-0.09882770642905742,0.03690359039095474,-0.08767130309380307,0.007263551448554321
0.009040955726856656,0.004125126337651189,-0.007155551947720976,0.001108244933912419,-0.07167399446616841,0.04631873882691587,-0.08685844985670996,-0.0010822253065905327
0.00585183933986418,0.006031898925207339,-0.004877596231580859,0.005105850167673834,0.0035016243152257358,-0.06622862257653546,-0.04852161250957811,0.13297412356167262
0.006035232851799933,0.005752673480089188,-0.005096189035251701,0.004743189779426095,-0.03883041253107677,-0.06059500308298952,-0.05496346929771457,0.12324557809489971
0.006268831893940446,0.005552411873272111,-0.005363701693256845,0.004467926403074889,-0.07932367781079298,-0.05419478386494919,-0.06255846470269492,0.11476046138805103
0.007887562135630926,0.004662260560751565,-0.0068031847878289664,0.0026260618535474544,-0.1990605568102423,0.003122625861250979,-0.09359727478967234,0.04837805989122143
0.007714456498947473,0.0047855803945138775,-0.006726374000465744,0.0028881595268899795,-0.20843359647253096,-0.0034104311923163675,-0.09361607018750558,0.05709464077742996
0.007495568989795235,0.004832938956632619,-0.006528200534574881,0.0030972388670754834,-0.2002031474195997,-0.012466646322253463,-0.08977068524238302,0.06554372560665474
0.006526035989531402,0.005405922448582953,-0.005655921145545688,0.00423461015004561,-0.11577048465998889,-0.04694657465900162,-0.07059467870222834,0.10663864364885069
0.006747615577890926,0.005335482600018868,-0.00591726361318055,0.004083367130672937,-0.1475354170131492,-0.03994483942676591,-0.07789946134777671,0.10027344113369967
0.006891094260660854,0.005179549390375853,-0.006025626626667919,0.003832049348650463,-0.16209451816486106,-0.03474229391553288,-0.08000895771696596,0.09219957743399494
0.0072634680107170725,0.004937597480514249,-0.006336701071517309,0.003359527946797594,-0.18920384789596434,-0.021317220351537606,-0.08625592228160073,0.07537386232881126
0.007094632244552477,0.005100059667850444,-0.006234506652831766,0.003642685076834735,-0.1838590049625841,-0.02750723100508079,-0.08498548019795467,0.0847079106982655
0.006935465283302502,-0.0060492245102820915,-0.006577032336559254,-0.005110574695076877,0.11533318368282199,-0.036478248300157175,0.10137674912900525,0.1291135911690271
0.006909295643316126,-0.005884552319072493,-0.006436751035442701,-0.0048319635208332054,-0.19736937738118607,-0.0365605852121699,0.09755416619292924,0.11842529304842266
0.006795188073906055,-0.005990088405596143,-0.006303775702266329,-0.0050371284413951644,-0.18417427520945798,-0.041928664582414114,0.09418001834904997,0.12579059262322304
0.006812880963004882,-0.006147433031857423,-0.006419647566882553,-0.005307069463901407,-0.255517888020235,-0.042626808765647055,0.09707324784886495,0.1365929610706695
0.0071355109209808275,-0.005522781687289888,-0.006556406411814756,-0.004182586693368126,-0.21313233239983317,-0.025880472632309557,0.09751314724444328,0.09784675480100741
0.007040611191504066,-0.005648110342188201,-0.006499669331119092,-0.0044117035708005825,-0.2077843272748651,-0.030085132364652073,0.09708682287689271,0.10519896124460049
0.006880001330076809,-0.0057012990733050165,-0.006289606806302653,-0.004555093298344048,-0.18178502917545988,-0.03697947718531371,0.09133026317234423,0.11140040302094707
0.009979569724554011,0.0038993767490298216,-0.007163455508591518,2.0098403201314804E-5,0.060795262647667096,0.07735844724438667,-0.07232913749819626,-0.03178304142198397
0.00958980957806621,0.0038747168380044543,-0.007104088389243981,4.399121397983315E-4,0.010588302633632392,0.06249899362420542,-0.07676809023649689,-0.02013393048524276
0.009248609191205072,0.003964230051890962,-0.007093802311572673,8.250088240556803E-4,-0.03515779748723629,0.051320755637502914,-0.08163158747474059,-0.009009766724276926
0.010368815485645676,0.0035631261487262715,-0.006855902673597555,-3.518422227016637E-4,0.10148203443609473,0.07871411704369903,-0.05900246693901428,-0.03945569241841978
0.008567742431666045,-0.004414717947357554,-0.007151829869380055,-0.0017758126120543739,-0.14983139772306545,0.03071832076168271,0.09455187464560479,0.01934353257315516
0.008797842075322013,-0.0043738336381703175,-0.007259082412528129,-0.0015011702462175978,-0.12623959557689632,0.04051545111518722,0.09422777664946198,0.010216580804888036
0.01110539418891915,-0.0037002962494922984,-0.006748011624429393,0.00106893334190992,0.1814304000328791,0.10086951953835972,0.04636442630634278,-0.054810479716419676
0.010709403040087922,-0.0035873614189693226,-0.006803344457090532,6.734562421516254E-4,0.13673849174120903,0.08892450933608233,0.053454839421269405,-0.04679223977169222
0.00993281087689508,-0.003852761331066035,-0.007121319943716615,-6.96841778556965E-5,0.05390175360099103,0.07415564226432848,0.07217529087305875,-0.029815151494671652
0.01026487569687152,-0.0035771196853294756,-0.006879886403636833,2.561024234975788E-4,0.08968212378682071,0.07684681729277577,0.06129230077255267,-0.037225161582677524
0.009573344838745633,-0.0038196818831496325,-0.00705399899379737,-4.469932372547253E-4,0.007899825329522388,0.06025430793008735,0.07575125716093918,-0.019126453570256215
0.008942110136839994,-0.0041403930353885,-0.0071234408555209605,-0.0012209503513301958,-0.08495924339181876,0.04215105765123448,0.08747851726300455,0.0029322355077684437
0.009205930138821691,-0.003914685057210618,-0.007036915086127936,-8.525706469472463E-4,-0.03749245922336703,0.0483594767813243,0.0806195768615689,-0.007375267146645911
0.008385141852368664,-0.004490230629455326,-0.007087739567090527,-0.0020177706605003956,-0.1701849558389843,0.02351507565525772,0.09547662985072695,0.02730078187016959
0.008216869225856138,-0.00460735765759779,-0.007055125692748995,-0.002278304226831334,-0.19221131360849578,0.017432483193270204,0.09709248666732685,0.03548754850270319
0.007769366992628583,-0.004950250973736231,-0.006916153110850248,-0.0030189482704453194,-0.23742792288654993,4.350250915056378E-4,0.09986110487686245,0.059303104273564604
0.007582908404944257,-0.005019252926691426,-0.006762938975751545,-0.0032442382390664632,-0.23173653714265105,-0.007640106444528852,0.09736574079327921,0.06768989686991488
0.007418218170110823,-0.005108390591970074,-0.0066355855605581176,-0.003466034379874264,-0.22613249752259454,-0.014477934377558998,0.09533681727423314,0.07566933859828086
0.008010770615448429,-0.004634719491096762,-0.0068965070484862225,-0.0024940112175173795,-0.196267243372399,0.008221331085502525,0.09493984620289973,0.04366839543408867
0.007797765153298238,-0.004707056487035048,-0.006750490609994489,-0.0027428788260952432,-0.20086517090023778,-5.218461411633877E-4,0.09317329447956268,0.05273760131380641
0.007258915076378444,-0.005197695240181675,-0.006501320427184042,-0.003676216743593065,-0.21553006220542362,-0.02109787455979829,0.0928326465563807,0.08340099379865375
0.007089685250713937,-0.005302452428979639,-0.00635078538475779,-0.003902667817453092,-0.19975191430496822,-0.027962741298136445,0.08978004809500818,0.09167138316111313
0.006355156589749449,-0.006577264761224861,-0.005708089412446825,-0.006065756544644942,-0.2586344689301686,-0.0643552804372329,0.07498943953483732,0.16280944787171522
0.006464466094067262,-0.006464466094067266,-0.005891201303061362,-0.0058881991110451325,-0.08896209597280913,-0.05942867461367219,0.08105855835721025,0.15705965395432414
0.006304670901760167,-0.006424400767086372,-0.005595932922384462,-0.005784421818768742,0.05918302102196732,-0.06322290105001777,0.07296596673194328,0.151610669457429
0.006693441434347547,-0.00624944398096624,-0.006253438694847201,-0.005501700269637414,-0.4302922238962715,-0.04852632288109068,0.09230653596517756,0.14354677023598406
0.00666136959951516,-0.006095246446365704,-0.006125315535534866,-0.005236962568862171,-0.0509460511329008,-0.0480232619767122,0.08918017739670353,0.13303238291891784
0.006534352324622246,-0.006186558406397164,-0.005942524782231153,-0.005400254204463307,-0.06323594945984247,-0.05336509107562836,0.0838496201367091,0.13876373846653742
0.006577264761224859,-0.0063551565897494505,-0.00606737179914723,-0.005706276082930033,0.20301523147421421,-0.05414694152597407,0.08679984757042687,0.1506370754309542
0.006430578845695216,-0.006302691462857524,-0.005793806072474396,-0.0055938664776966985,-0.06306414262334331,-0.05802289607823996,0.07933423053425705,0.1453525728707061
0.018733575722169347,0.025,0,0,-0.22387111162823217,5.596947243362617E-5,-0.0065774756142533836,1.615913590571054E-4
-0.007137175344203809,0.014473512436779037,-0.006477534257638632,0.004146067156212774,-0.18533843245950188,0.17327456278091893,-0.022991782344412574,-0.08344699260484269
-0.007267978206565656,0.0145786238591252,-0.006570365261494804,0.0039201594461511355,-0.1600731158973124,0.1744318492332295,-0.014963963099692916,-0.08458330614966005
-0.007415061060864268,0.014670728355292269,-0.006683978174526109,0.003698031482722136,-0.13571261024546752,0.17575497697074438,-0.007034334956454295,-0.08539150415192308
-0.007565971622155211,0.014748567312564256,-0.006803119809070657,0.0034855060687339454,-0.11361625770396876,0.17692890167968958,5.668753026001825E-4,-0.08581233382949931
-0.0077167616705560264,0.014814180951136617,-0.0069221297933512995,0.0032810520546285066,-0.09524272663532661,0.17784999452174433,0.007869747493216284,-0.08586445407085756
-0.008020216295571264,0.014760936870677253,-0.007385808384631198,0.003070108840843424,-0.08133100817621258,0.18826944604365778,0.016068270962624528,-0.08824278637681132
-0.008159381790995322,0.014648884232660607,-0.007745701563511949,0.0030625526924239078,0.02787875744949171,0.19804238896206372,0.02004686784777867,-0.08847635619824289
-0.007873887349062098,0.014875339315310014,-0.007040434478359731,0.0030682322426192118,-0.07929138441767629,0.17833545741471793,0.01543875861027999,-0.08549844919589578
-0.008172396497860413,0.014816853058584179,-0.0074874846367983675,0.002840355918924757,-0.08174254115447255,0.18769745192034082,0.02428677770582677,-0.08717433511522789
-0.008306313695911128,0.014704405031812395,-0.007839320569127681,0.002814606527067926,0.22334993613692675,0.19707148496115576,0.028880480688900523,-0.08694823986989826
-0.008330497690244784,0.014860414845997672,-0.007598456248682131,0.0026094463223559797,-0.06721244002068892,0.18698282269707736,0.03250511502142703,-0.08560624665044976
-0.008454915646326118,0.014755282782341355,-0.007920350981197291,0.002577923443942315,-0.16874753490922914,0.19534826549355164,0.03742476495898754,-0.08513026300867814
-0.008605047553236286,0.014801469324203571,-0.007995841002744012,0.0023328301878361457,-0.3099037186070476,0.19284596205043292,0.04573188886528737,-0.08283459390395813
-0.008494285295770414,0.014920588518277551,-0.007671778587877776,0.002346708210994544,0.03788043703997699,0.18433623653785933,0.04145932631733374,-0.08312001846870519
-0.00863554103378752,0.01497730622876253,-0.007710667784260714,0.00211265363871881,0.017965669790352832,0.1809968008235088,0.04891868596306837,-0.08044939166065236
-0.008756573701192635,0.014842921746160495,-0.008066796548375318,0.0020738485959213076,-0.072706172211958,0.1896423021462407,0.054110499787439335,-0.0797118542290577
-0.008789845911427027,0.015019328263890743,-0.00776951746738916,0.0018720613615634994,-0.009765756398493605,0.17780476727176228,0.05659351698005155,-0.07734216992132047
-0.00890933457005921,0.014879595159429935,-0.00812871547858134,0.0018162111263764975,0.01558059359975479,0.1858888085190548,0.06223240105336172,-0.07600474727890345
-0.006310904520549585,0.014063036931329518,-0.005460075923235921,0.004972797722932098,-0.28455696648966095,0.14624095024562803,-0.05167001416781581,-0.06938224573010836
-0.006528801399207188,0.014199753085201511,-0.005734403486779465,0.00474876291159853,-0.2543481902282498,0.1541842947875276,-0.0442879220384627,-0.0740146438987191
-0.006689141287811476,0.014386518343606734,-0.00586674576742251,0.0044352630951187836,-0.2194754311228385,0.1575066000193155,-0.03374395667556925,-0.07746273496087054
-0.006926631039084677,0.014518608803432885,-0.006121927273753301,0.0041668629613300255,-0.1869409803947244,0.16355835534264804,-0.024424703724835215,-0.08073434672695988
-0.004510249818614397,0.01247513890874739,-0.0027383854438793836,0.006345524309820688,-0.346372628841512,0.05732128315323298,-0.08259311386546601,-0.0125512832349144
-0.0042323618172062415,0.012223875686545857,-0.002319215558822776,0.006397795368692185,-0.3139172179092648,0.04434825085472415,-0.08084285572646288,-0.004452841920057123
-0.003702325452665237,0.011737276932271619,-0.0015812071938706462,0.006412430749206696,-0.24202725288063162,0.021227216588302702,-0.07290534023962003,0.009022377684617335
-0.003849326961345126,0.012136251081998397,-0.001953132084661154,0.00622755137074552,-0.27180972646082796,0.03493879656290066,-0.07173585345420024,-0.003648864007473314
-0.005574891227152746,0.013231777537398818,-0.00439071069709934,0.00605192940601508,-0.4067876957785797,0.10934172329597049,-0.08344078538330245,-0.040842071451392015
-0.005350365367264003,0.013147196011375007,-0.004052324224389672,0.006056971254744525,-0.40026666658495674,0.09949217035236607,-0.08229045512557533,-0.03692592518810812
-0.005959201035347784,0.013754303565189994,-0.004998445739338061,0.005407710934643986,-0.3397066817646803,0.13154338186693804,-0.06523108652457861,-0.05927099319682854
-0.005679283583368541,0.013436505049067514,-0.004580584744124486,0.005798648127557667,-0.38223993995453526,0.11683141273666099,-0.07650069644906304,-0.048037391658693925
-0.005799478388083546,0.013604999847661127,-0.004767638489045194,0.005590895790848168,-0.3603506422064637,0.12384532840222916,-0.0705059222928708,-0.053967763842579154
-0.006080487952925786,0.01414308977236476,-0.0050896327009483265,0.004848827631999599,-0.2768119422969663,0.13608191367029224,-0.047623714506177646,-0.0674483621701834
-0.005906880622217772,0.014000394638968704,-0.004880381175605495,0.0050380217447395514,-0.29870083100682004,0.12976663050522097,-0.05345445393853664,-0.06334026782063044
-0.004713926926378486,0.012981701857890238,-0.0032136318009899634,0.0059322434599343565,-0.34229440084048157,0.0760234845650571,-0.07424915796259073,-0.029681117268355744
-0.004520727675436835,0.012828879912063901,-0.0029413039521800936,0.00599495450453482,-0.33303261780377774,0.0672865256586336,-0.0744735352320968,-0.024409384470213024
-0.004897859742051296,0.013186906740458845,-0.003497122870270392,0.005787804531376222,-0.3465754748936698,0.08556664359702737,-0.07158320447011152,-0.03646360734057039
-0.005139811254755585,0.013248577199349729,-0.0038082142014643936,0.005823322519278689,-0.36324564626901173,0.0944862415771895,-0.0741331100772126,-0.03944255427779867
0.004175248969617629,0.013897978528022117,0.00288221750086676,0.0048048969065988675,-0.2287194503909294,0.0810535495273894,0.04203719404739359,-0.04739479987896049
0.003769483121097512,0.013305913276864976,0.002403538212879706,0.005232183413725221,-0.24361874810492498,0.06330426606146305,0.05025672291395206,-0.03513274200197011
0.0036534938082539744,0.012634556737694067,0.0020704054965093505,0.005739692786773699,-0.2516213787979993,0.045649134684564864,0.06010088639804191,-0.01860440473578645
0.011963009292574333,0.0171584452633064,0.004687037119394755,-0.001251571408496224,-0.025386807519530017,0.0052693967210113235,-0.07406574499194259,0.02434407343815562
0.010534866254431821,0.017308657310547818,0.004930515145198198,-3.6214642601222006E-4,-0.028928703442521523,0.03738197299332758,-0.07184070651989198,-0.0058351445181116565
0.014420231112574346,0.018787289360224495,0.0025637351135759383,-0.0011635930641300761,-0.03933916486433409,-0.026288701589823046,-0.033800552664258326,0.038086785054468913
0.016389040864147192,0.02199662688416145,8.627778975792338E-4,-2.9994167186660274E-4,-0.12985496485634043,-0.01648308642496328,-0.015966908056334345,0.019226773204286323
0.0084187116544294,0.016555689070484714,0.005411097567480412,0.0012623010819722985,-0.0337933980478094,0.09931083605533107,-0.053145939677723505,-0.053050615482049805
0.009101558547887356,0.017764198399068412,0.004439403426848257,4.5184962300347204E-4,-0.0236613759455048,0.05644614120140528,-0.05727467954865519,-0.028374629623626222
0.005315862636218725,0.014615098622179204,0.004010958686347669,0.004231487643148385,-0.21142897850669098,0.1110721470964263,0.027593324338163965,-0.06365563081359354
0.0044174719079696535,0.014422045621786232,0.003130151537969742,0.0043565554279696665,-0.2066504891453323,0.09173390822323224,0.031370778133936815,-0.05610425370322768
0.00609135804461386,0.015591758097766303,0.004432112512059686,0.00315663792608922,-0.12855408606684146,0.11627763738687491,-0.0019521223096596629,-0.06920186801408788
0.007120600885682156,0.016318108332329995,0.004825420203669041,0.0021715670147793736,-0.07194756161650527,0.10861810947436977,-0.02721142178927651,-0.06431196796557682
0.003513949842214438,0.009719679996089269,-2.56355150954498E-4,0.006827974511155647,-0.05797874785039649,-0.03614753664483034,0.06236744643195468,0.07574621062082897
0.0036012867330558257,0.010066776604809535,6.854176656163447E-5,0.006911115302125054,-0.09366476557369989,-0.028027810948010667,0.0684710331435288,0.06738494136262799
0.003596434150314614,0.01046742560384136,4.5129819597772243E-4,0.006866095180388699,-0.13803371541379064,-0.017188969307580116,0.07229757354155252,0.0536732070864613
0.003605463818242387,0.010979638598346301,9.217334597503645E-4,0.006728235161619842,-0.18706144321994442,-0.0024358568775485374,0.07420677711031336,0.035748804981056655
0.003459332673362346,0.01197940357117455,0.0015860252988984665,0.0061143445825432305,-0.23018880468917108,0.025995876011495892,0.06505526020617654,-9.111599305839416E-4
0.00326876365323184,0.011352636058492956,0.0010724631415643694,0.0063446855578655065,-0.18851171852623222,0.0067695171499887186,0.06477685890639041,0.017943545872039283
-0.0038976970344255938,0.010231199563139996,-2.544740305032173E-4,0.007150164424055229,-0.11740841059623121,-0.02436486424411494,-0.07746896953933981,0.07019320666245345
-0.004050268377340862,0.00996690265825754,3.587123375813342E-5,0.0072998587483005615,-0.08165479505503224,-0.03287110663675117,-0.07687328865788372,0.08485569215383919
-0.004070333678293211,0.009701410708498986,3.464965058046232E-4,0.007297158332637149,-0.04183188485533171,-0.040354355288871636,-0.07248820774172048,0.0944759135292952
-0.003933788008680841,0.009436564642914098,6.142741006998222E-4,0.007121350780636801,-0.01271269976860555,-0.04600319348458951,-0.06472080729714101,0.0975953032054293
-0.0032872547189193475,0.011440430616239882,-0.0011449353569695211,0.006314654647349614,-0.19544910704913074,0.008582811827240624,-0.06454078021017556,0.014893667321251549
-0.003534663987661092,0.010389770430095075,-3.6918229067571767E-4,0.00683080171120263,-0.1266094008751513,-0.020000145819831384,-0.06945204459069813,0.05543003975898064
-0.0032516215024938192,0.010789637744572056,-6.468108097329198E-4,0.006541480620865813,-0.15253426943584916,-0.009070000452902736,-0.06487798945429334,0.035430888133210166
-0.005805694620388287,0.007052193300847051,0.0046489862445692415,0.006616389779815331,0.15114979253074598,-0.08090592892622607,0.04003243996878378,0.174083765149739
-0.005954915005069572,0.007061073770271074,0.00488763100434768,0.006744426584340932,0.6436429030918185,-0.07939530636812869,0.04599502602388786,0.18096736973686034
-0.0060492245102820915,0.006935465283302503,0.005106636443198635,0.006579960360335661,0.04943802075897893,-0.07630878344671332,0.053832638792728905,0.17707833003838677
-0.005884345539506613,0.006912015095173927,0.0048315636193531205,0.006439717910683464,0.11720970728437204,-0.07826112259840319,0.046807978468279526,0.1699718824439468
-0.006147433031857422,0.006812880963004881,0.005311161459623292,0.006416164424794496,0.011042831544773401,-0.07272469989239704,0.06112397058901875,0.17295320692184016
-0.005983265553820966,0.00679343389199673,0.005026350216441971,0.006297177638581686,0.14857535954041523,-0.07528101829082523,0.05366073191419874,0.1666600104126009
-0.006249443980966237,0.006693441434347548,0.005504367242912156,0.006251146483927369,0.2902299975377655,-0.06866990962148023,0.06806348940719588,0.16818602234820493
-0.006096426645834163,0.006664149170838749,0.005238093325783438,0.006130537183210139,0.048854284547892285,-0.07140817842016389,0.06109549926379876,0.16220090493719666
-0.005271451936535131,0.007581993976424626,0.003548179880472449,0.006965501842317583,0.24355483865715596,-0.0844750651683356,0.0017398693516945762,0.1706434413956024
-0.005393806537857902,0.0074725224963848955,0.0037910944837418565,0.006925993105823735,0.24287690139010826,-0.08493459644108413,0.009756134612229279,0.17340845491133391
-0.005430024290661805,0.007304146036324408,0.003955055982712902,0.006725808485184607,0.22876084528514198,-0.08360643446975274,0.016015040819807872,0.17008732004577917
-0.005521091171180641,0.007149092936195607,0.004172425035172481,0.0065730957008094115,0.19353501377482862,-0.08226573223912753,0.023626839581298156,0.16842436517098594
-0.005656631152200358,0.007053472741897964,0.004417977776587102,0.006523196701089885,0.1812703779099795,-0.08120863883623415,0.032036112880736864,0.1694461867803044
-0.003979167219762997,0.00911937945712264,9.640389840571945E-4,0.0070588471275934385,0.02812022110721567,-0.05303790905763312,-0.058283236490381245,0.10710273796452818
-0.004168384345950692,0.008876052637081825,0.0013031184691819047,0.007113395324998406,0.06934187281113753,-0.05960093450892872,-0.05376490889558521,0.11935036331895944
-0.004797383968243219,0.008299212021932987,0.0023567889604696013,0.007297911753556345,0.20441144671708414,-0.07651230902206592,-0.034211157613777805,0.15425360900564652
-0.0048517024353199965,0.008041636306771134,0.0026701556961969235,0.007109604942269941,0.21106879953320698,-0.0789297028735713,-0.024309000812400842,0.15663995104724518
-0.004987928309827038,0.007822897932785965,0.0030126673592071685,0.00700382959016524,0.22382592254049077,-0.08140732522987458,-0.014199744692744957,0.1613806101253901
-0.0045054893028018735,0.008295690984392482,0.0021167633445927955,0.007028932991569718,0.152657202967176,-0.07187208050695583,-0.03648545154528741,0.14042884125350955
-0.004138310044767203,0.008584826435169631,0.0015790643786324952,0.006923980393282007,0.08699921615692334,-0.06357952611627073,-0.0459032525375745,0.12272301468854209
-0.004275332794859285,0.00835839866379937,0.0018830748048567114,0.006883907341278311,0.11668644367429928,-0.06802070841921987,-0.03963562670489328,0.13046602990485426
-0.005063608799218731,0.00757332121406985,0.003301911188669361,0.006784253019611406,0.21114225118506866,-0.08185389363517842,-0.00426411906329676,0.16111545800199237
0.005230560096866281,0.006283555221609058,-0.004058513630001107,0.0052896238051117145,0.06131809251619315,-0.07244896141590997,-0.024710879677011546,0.13455077900887866
0.005387410874434239,0.005908679779753077,-0.004283932161086117,0.004873748330221324,0.02425318187836636,-0.06845668988587007,-0.031729086594709514,0.12623181668837033
0.004731314863386438,0.006219180189238509,-0.003503354330467789,0.005074397665701503,0.05995780926274891,-0.07126540303408112,-0.011266718026954397,0.12524336731459074
0.003726847338319069,0.008933909447857,-0.0010404831008536655,0.00677989863693054,0.02538702939378316,-0.05334696885708279,0.05110502986150336,0.10175213617804908
0.0038090408324478117,0.008684598164739064,-0.001301154225356934,0.006723445448100411,0.05062257315107245,-0.05789309720525199,0.04645513718520425,0.10880309415647096
0.0034703684609567425,0.009155755584503938,-7.509449540220945E-4,0.006672597423384074,-0.009623932270967752,-0.04710351842829737,0.0524175933542408,0.08844756234346818
0.0031898814411805746,0.00952345975771221,-3.798095224345613E-4,0.006568611193890566,-0.045979998676239246,-0.038527421610473116,0.053711741885313365,0.0726392010527443
0.0037532673537350805,0.008388226843147937,-0.0015141070475543604,0.0065174831903526175,0.06201642671292312,-0.0608582007236134,0.039530664480783,0.11075492018856066
0.004476954291368802,0.006592391927398811,-0.0031440230926268044,0.005382719202414925,0.07952498415372335,-0.07217420707397014,-0.0013583467638291905,0.1266377990356702
0.004297755984869765,0.006984502921415163,-0.0028222834904931484,0.005699784612137586,0.09256311032927012,-0.0721823099202185,0.007794633352090233,0.12743216758448264
0.003917049661687253,0.007928462419684128,-0.0019631235358676265,0.006313177410915827,0.08729102217794715,-0.06654338149434841,0.029831760271587154,0.11956623233289373
0.004002264826871571,0.007435350370111793,-0.002334338108149782,0.0059671026829198484,0.09090410470248772,-0.06932347950937635,0.01934026124089974,0.12233175093760514
0.014704405031812397,-0.008306313695911128,-0.0028188209112313106,0.007837589190200153,-0.059923322482651205,0.052616919069755165,-0.14254141332867654,0.05383131723494578
0.014828039014325846,-0.0081749077715344,-0.002824303433895337,0.007474341504170315,0.0340798268514421,0.05307442654633105,-0.1365797688040701,0.04366745186353493
0.014953942322077883,-0.008033490137570981,-0.002824715655836797,0.007122562843901676,0.06581220999398103,0.0573297530807474,-0.12931990143480576,0.03185220045337477
0.014864320730656869,-0.007880971516524591,-0.0030762392465862945,0.007065740467406587,0.08452999805120902,0.06612001385666165,-0.1294036855037133,0.02434960659097615
0.014746548962212187,-0.007760246127175386,-0.0033343041371667265,0.007068635010986507,0.08555848964216782,0.07459387196270054,-0.13044153840877482,0.018702556681538314
0.014729958356324608,-0.007594250355267608,-0.0034904516558258657,0.006865629576838021,0.09858774916958686,0.08175479015433272,-0.12625065513073339,0.00910701558198899
0.02074038683864774,0.01686132371047283,5.673546506015985E-4,-0.0011021499175032723,0.08104642398293975,-0.025308362366595446,0.008116216553209583,0.02951684661227227
0.018941408882997467,0.014763270402439934,0.001123937010909917,-0.0023657583822550704,0.03866538052130239,-0.03703191680072962,0.014027340087437562,0.048210987773390564
0.0175869963983033,0.01210430273901597,0.0011303912400286201,-0.004255562178225025,0.030532303499623718,-0.04343061575071116,0.040479943216379106,0.06993155009428688
0.018857967556604457,0.012768054057216385,8.93203003970182E-4,-0.0031263245466766247,0.040941796467902754,-0.033454873606483776,0.029645274357734626,0.048414404127654055
0.016557587002387745,0.00969888628487268,-2.4660360787430707E-4,-0.005812706348785738,0.022278678780806555,-0.014516717810300738,0.08482795034290823,0.06203779079444943
0.01763184861489186,0.010554268218817317,3.3693778726270803E-4,-0.004620947125042337,0.01923687779550651,-0.025001237663728134,0.05923717652713995,0.05286242755995606
0.015265243261369429,0.0073056954603163615,-0.003024100048459451,-0.005924029970909488,0.09567758206031275,0.07401334832709182,0.10296582362087316,-0.007206946217852638
0.015158492498580764,0.006902294454763182,-0.00334609248116751,-0.005567624088591805,0.11615604169827219,0.08590338569673873,0.09418830308411014,-0.02138697162617414
0.015568202411719047,0.007555519973592665,-0.0025633060742123745,-0.005871162635229204,0.07477686054085887,0.060146487020865856,0.10187299800158087,0.0014471029249812012
0.016060645709841417,0.007863721962423634,-0.0019474484271911222,-0.00560380760636016,0.06012715330641911,0.04201064691392321,0.09450773677119348,0.0092793336408149
0.01669815788883326,0.008647406040561047,-0.0010482179016390216,-0.005361609537184305,0.03708177951559485,0.013242899838399089,0.0861295872374046,0.028568712027950905
0.014374778699948021,0.0052732878681692385,-0.004498182248470134,-0.004015393326277776,0.22346408527655842,0.1173264830743824,0.045065344494391674,-0.06179989576404862
0.014090829440001472,0.005182694798742573,-0.004811433776215244,-0.003942011026831245,0.25010678835549066,0.12369706781338714,0.04055975720057091,-0.06533582990031793
0.01295187321036348,0.004402299000124321,-0.005808490984653645,-0.0028746872318606616,0.28730674017322616,0.13003582515143491,0.0029764732674298863,-0.07297000064292794
0.012744441874583507,0.004183287113780655,-0.005901098335686763,-0.002572850999072804,0.2718694372686032,0.12575589104673643,-0.004914551602581665,-0.0717336092318096
0.013351939801138466,0.00484195650643245,-0.005573031331509778,-0.0034791222852430426,0.3052648155208884,0.13590556316862945,0.021019916451182372,-0.07352416099615187
0.01381594941532528,0.0049149699616746305,-0.005069485755471369,-0.003634803351476166,0.267204381122268,0.126524169103164,0.030070101829788923,-0.06894374701446503
0.013266987420798276,0.0044755512686187075,-0.005520203152004033,-0.003060066126539156,0.27580059741512186,0.12757040614850557,0.010668130842112947,-0.07181534520777604
0.015164588216085528,0.006363866899129633,-0.0035161779454445435,-0.004956825789214144,0.14233784998638035,0.09343494653495109,0.07651600609350949,-0.03746979954261848
0.015002001946630397,0.005882485774575821,-0.003787217076351661,-0.00451143297546387,0.1647252444565035,0.10069788527783848,0.06385630296136949,-0.047391355673161745
0.014845265254062386,0.00535334747878921,-0.003987767564134998,-0.004000483872204626,0.1844217875296089,0.10481545943192504,0.04819414524522143,-0.05599201593096749
0.0125601746696753,0.003759941972222225,-0.0058500767438029256,-0.00211976441914224,0.24191694435314323,0.11311091166228616,-0.012756303457377468,-0.0669667623097212
0.011046694632663568,0.0034728686005117046,-0.006607075384815685,-9.25689373153446E-4,0.16024522321805465,0.09162848685173576,-0.044840201246496555,-0.05148092872253123
0.011776491796560507,0.003550888199042223,-0.006294259766602408,-0.001513299811727153,0.2101511717344035,0.10382693890820915,-0.031041602688278817,-0.060638365414439566
0.012412241681881125,0.003038684104579991,-0.005631981379801719,-0.0015327543110417454,0.18619454424046306,0.09327312066341974,-0.016818866406154435,-0.05930117807949838
0.01330744195681955,-0.004968928477739664,-0.005676323547688392,0.0036155931262367154,0.3225773359459489,0.1395947413533363,-0.023730346381155624,-0.07412676026354505
0.013044882535265917,-0.004851068528800066,-0.005928755603511969,0.003392908621720681,0.3364014417334987,0.14208915624831867,-0.014823621846592718,-0.07602230310374168
0.012824067462171363,-0.004628563337248604,-0.006056162911454069,0.003051690353718168,0.3237486291797755,0.13866368834927642,-0.004442952167837488,-0.07564783515446151
0.012530550554574112,-0.004457728497737659,-0.006257174581956008,0.0027204064694966485,0.31730633633188027,0.13630654912832763,0.006283994652745675,-0.07487321302587564
0.013335741605844852,-0.004740352858071664,-0.0055511247863268606,0.0033606955938767285,0.2988250890165382,0.13281554215315755,-0.017952527703205247,-0.07283306693713368
0.011446904665181862,-0.0034527619030703125,-0.006414981888838912,0.0012254598431479776,0.1872002241154478,0.09817394859604697,0.036604338524962754,-0.0564701059903522
0.011829764050009016,-0.0036267518362649805,-0.006304254645901661,0.00159733127500814,0.2183555851970331,0.10758744002847077,0.029274252292624776,-0.06203268387645879
0.012097557694993625,-0.003984526238407632,-0.006340383078505803,0.00202964241430114,0.262624369776715,0.1210057774142612,0.02244554305842925,-0.06837114702264031
0.012504172475077804,-0.004060512631402801,-0.0060518003558673004,0.002339780103569521,0.2714938707637448,0.12317396173869732,0.012078900333025012,-0.0703457966321168
0.013425079607073856,-0.005350908154511921,-0.005684474965548705,0.004120290978341365,0.34049949225935744,0.14710782429474656,-0.038181902831470826,-0.07349226058828472
0.013486641102303333,-0.005092569556951784,-0.005509081156593254,0.0038032501753722243,0.31248809277722955,0.1382214300375512,-0.03069504040688092,-0.07245610973187244
0.01357971228378486,-0.005509782964898661,-0.005533860762357173,0.00435338691904966,0.32782491308892237,0.14564919413229258,-0.046497140173580705,-0.07080549234675443
0.01368945672405253,-0.005690957766350585,-0.00543578245299657,0.004608925006893372,0.32143909166291934,0.14525095062278617,-0.055175123451393505,-0.06784498453510589
0.013785066755661138,-0.005888373171024492,-0.005345618235492531,0.0048890001300798255,0.3102281080054436,0.1444830020869381,-0.06471659796674938,-0.0639241295450117
0.013881107983616331,-0.0060997716138058485,-0.005237476883795703,0.005191136216290336,0.2959612390804889,0.14250863606704559,-0.07493579052011522,-0.05869584510240234
0.014102552854785148,-0.006605939844430055,-0.004894635600257636,0.005910756474905999,0.24308174260527657,0.13239968366206153,-0.0991827467145008,-0.04098435466730196
0.014042708427569417,-0.0062659599368834204,-0.005002604528254237,0.0053993562786855765,0.26700712878507327,0.13590593684197058,-0.08269360967795501,-0.052263804984948696
0.014157455450986465,-0.006406584054304828,-0.00482447566691385,0.005567905140960893,0.2470739883335563,0.13058120153345534,-0.08871223005681532,-0.046740085247826295
0.014635689520678409,-0.007432240272152185,-0.003737805531551877,0.006748917545731527,0.13007634168975854,0.0907932239493605,-0.12392050798916156,6.426875908676888E-4
0.014512748216489766,-0.007329986043449982,-0.003983353270324438,0.006732986655947145,0.13910631120178402,0.09887603254801657,-0.12374047285018694,-0.004683427919939058
0.014196029884047279,-0.006751875824673296,-0.004718767332592738,0.006092067364946756,0.21086791324199236,0.1263346397457654,-0.105202323226347,-0.03422110962892277
0.014241584046638403,-0.006915760500075874,-0.004601749735577909,0.006326376422201853,0.20095437681389988,0.1215459782240409,-0.11231092272247081,-0.026762959991804013
0.014482124096352125,-0.007167850537792605,-0.004118361001326416,0.006517619312209171,0.14901412675844086,0.10504603567530686,-0.11809535217909727,-0.013321588485839314
0.014387331316760791,-0.007013647013879256,-0.00433414209760876,0.006364951924080734,0.18107231006901878,0.11291142582563228,-0.11380518355851472,-0.021183094733831436
0.025,0.014410572767669348,0,0,0.2704367892879245,-0.0024412793658632193,0.020289712153344915,0.0038326321603532015
-0.006693441434347548,-0.006249443980966237,0.006241364750790002,-0.0055156117045552676,0.23555496781914073,-0.048786982618713975,-0.09200350586354049,0.14318431742856896
-0.0066480570167162046,-0.0060804445700453095,0.0060988262001856,-0.005213709481897648,-0.1756892738397189,-0.04818198150669975,-0.08843422966724145,0.13234911669404203
-0.006812880963004881,-0.006147433031857422,0.006413582256418361,-0.005314185341829866,0.04032398819223387,-0.043115409347482404,-0.09688738521047192,0.1358122732077698
-0.006577264761224861,-0.006355156589749449,0.0060728109904124895,-0.00570064137790275,-0.18501387083489437,-0.054250177418805855,-0.0867681534732661,0.14985853442007888
-0.006545478149372308,-0.006192215458918757,0.005962385401286963,-0.005409600876637374,-0.11352520829890063,-0.05302258018730047,-0.084450866768345,0.1391892245783454
-0.006464466094067266,-0.006464466094067262,0.005889211516459522,-0.0058899671203332645,-0.05195878071277413,-0.05947485069452176,-0.08093326372072193,0.15625144434901844
-0.006423184163870311,-0.00629938808254921,0.005780280435118607,-0.005588411074809848,-0.0033861962534310858,-0.058239248587403904,-0.07886890129302648,0.14536344622752106
-0.0063551565897494505,-0.006577264761224859,0.005696739753945048,-0.006076442744083016,0.30658583011472423,-0.06434369619855028,-0.07456221971785744,0.16241627925058374
-0.006312112713807302,-0.00640949290325048,0.00560733044457425,-0.005760612651288758,-0.04035784417900922,-0.06275598866046099,-0.07344983873325434,0.15092319454309336
0.007903081523626381,0.0044366371761560015,-0.006645507823198923,0.002405496170213828,-0.16717163005439253,0.0015390780177122073,-0.08734346906186947,0.04356346824842171
0.008112250977203991,0.0042468303363667435,-0.006679472177922286,0.002078800469512004,-0.14153098722681323,0.008434266483441021,-0.08515390410240918,0.03308204615915312
0.00848019971490641,0.0040571224439953915,-0.006796151125678171,0.0016270550402141793,-0.10951155255837842,0.021159589566543034,-0.08361438547502889,0.01800757457729694
0.008880794031741161,0.003805897122471698,-0.0068182098739254775,0.001125315052852365,-0.05954985590002838,0.03322001252428287,-0.07812895959634182,0.0025207951659035293
0.00564728485241313,0.00561279778157485,-0.004589724338168448,0.004549339899289336,-0.014419312215293606,-0.06378406014452064,-0.040363631246701774,0.11898124674271841
0.005909771673216641,0.0053728303735573356,-0.004874339155450372,0.0042655089549769,-0.0472942610223985,-0.05849705738972278,-0.04820230532053035,0.11147763380082808
0.00621502975330376,0.005197530202915734,-0.005200402218963597,0.004028951432252592,-0.08097483250303635,-0.052035606754828094,-0.05700014827219319,0.10392573686768151
0.007610140954134877,0.004527753400392375,-0.006437706007124185,0.0027055158598436155,-0.17044722048467992,-0.009635683746381617,-0.08426855356442989,0.05503205113130811
0.007247770545278688,0.004615206982601446,-0.006127039788900611,0.0030147424361573892,-0.15775623803203556,-0.022432588662369742,-0.07802783839648254,0.06775440034406016
0.006591195652998498,0.005080553301272506,-0.0056123432954092315,0.0038103653567744746,-0.12098518854082084,-0.04316499210053447,-0.06786962519282623,0.09525568028295169
0.006922070588104821,0.004850464436981217,-0.0058972043642483854,0.0034266639073301545,-0.1455913811479558,-0.033152614771366544,-0.07410834223939235,0.08207677007176795
0.006741101835027004,-0.005811600569010536,-0.006132961053999569,-0.004764565762670453,-0.14454503344141553,-0.04279483629276062,0.08742767832474964,0.11879109904994245
0.00664972628660164,-0.005954091622613055,-0.006051579816514158,-0.00500682740344417,-0.12740582957165147,-0.047126295573030406,0.08573280534751561,0.1265402955924895
0.006922345479431756,-0.005473973891744215,-0.006224620148640468,-0.00420947699516103,-0.18010557903600113,-0.03469487190739671,0.0876307595154915,0.101857802891945
0.006686855821690019,-0.00559286529448666,-0.005952199260577503,-0.004453103024656086,-0.14048425885974947,-0.043332334560179035,0.08046538889853806,0.1110310870164787
0.009754189705423542,0.0034469934452645732,-0.006781660966357733,2.202303009519045E-4,0.034687947161977796,0.05700237276246329,-0.06495678959790864,-0.02382585161328153
0.009258401884021147,0.0035251160794365615,-0.0067448706466762065,6.805948730044942E-4,-0.013388183370020236,0.042105472398019206,-0.07014761430786799,-0.010357296781953568
0.010599099144978396,0.002938000660160885,-0.006389368815565377,-4.3540136399503363E-4,0.1001665333553579,0.06850241316924684,-0.04580675096725695,-0.04025148223565762
0.010018900502482872,0.003030956528369662,-0.006503460676510536,-1.7167046620042354E-5,0.06223113881611871,0.05590783368481831,-0.05390694902340052,-0.029385264570999898
0.008371436001256082,-0.004272235125839497,-0.006893444716946818,-0.001870294788066273,-0.13941644646320892,0.019504669656878373,0.08892806243085603,0.024881444618272453
0.008593496643087067,-0.004086790785264112,-0.006889463273898152,-0.0015407681013047477,-0.10599423010996412,0.026367740278081694,0.08527447807095903,0.014713649471068442
0.011039644020962686,-0.0031871363321535704,-0.006422530937052776,8.166947257914765E-4,0.1417113381507985,0.08351219981151335,0.04221906300588974,-0.04834335129159829
0.010538849402276118,-0.0031751472720868046,-0.0065485694427212275,4.337804430861552E-4,0.10134012153596653,0.07271402317772885,0.04956187075230664,-0.04012810774260115
0.009723536597027018,-0.0033634773395998423,-0.006716233852054635,-2.3833414789089177E-4,0.0334142057825772,0.05484888413319495,0.06327410119489284,-0.023152395824045505
0.010074523028638184,-0.003038481330996132,-0.006509516103656757,6.01012638975512E-5,0.0616533192367968,0.05815535445249961,0.05312403752191898,-0.03032234273659214
0.009208157582950464,-0.0033194320364353467,-0.006585202104834305,-6.635953114411177E-4,-0.008554195914001216,0.0371760050259683,0.06550938358866497,-0.009481599387828693
0.008868823061171432,-0.0036753410908113857,-0.006714700743615938,-0.0010773779470083225,-0.04952695708512097,0.030905803818594122,0.07493299620485762,0.002140591928432698
0.008117212269045378,-0.004344024593443511,-0.006757129875804021,-0.0021515355262223795,-0.15601343289842126,0.009549602378450909,0.0882030562233054,0.03486087423541844
0.007261433033764583,-0.005003517019272152,-0.006376003098175922,-0.0034374239753598586,-0.19497095539076534,-0.02127732866457762,0.08775679463072557,0.07739298958127518
0.007589524913448347,-0.004782491242768486,-0.0065931022370619265,-0.0029780646312157206,-0.20043399723255792,-0.008950103756221779,0.09069985767473582,0.06153803574638928
0.007395754203256878,-0.004880138147087013,-0.0064496898005828385,-0.003214729694965772,-0.19545632018944478,-0.016325464155020748,0.08842930997638611,0.07006538128402758
0.00780722281093146,-0.004399499455215553,-0.0065337788585400425,-0.002446014458533029,-0.15952454710072875,-0.0023800902767322843,0.08492968355058299,0.04616714939079256
0.007613700934161353,-0.004558108033483516,-0.006461173047898413,-0.0027326841242790766,-0.1726508431532401,-0.009105848597562433,0.08529687288875762,0.055690965312807636
0.007078180643061611,-0.005044245278551582,-0.0061822116337751825,-0.0035828227270321574,-0.17771836432012247,-0.028154910439872425,0.08304573593393212,0.08359223051302345
0.006853271853369107,-0.005157257474720102,-0.0059669631948121036,-0.0038186377064643247,-0.15601433748518992,-0.03593324356025418,0.07809858038979504,0.09236609711439779
0.0061900095656217445,-0.006526454818765012,-0.005405531009186469,-0.005930579977293383,0.08568176803576093,-0.06740468944556004,0.06680259756436734,0.15607241660923665
0.006249443980966237,-0.006693441434347548,-0.00551080024488781,-0.006245384269892087,-0.040162158584334695,-0.06886437033101907,0.06823222616671616,0.16812157725613888
0.006078493752434677,-0.006645591093326199,-0.005210474662603384,-0.006093197649165848,0.0839965692968036,-0.07140808986579412,0.060302881972876914,0.16079348992264128
0.006147433031857422,-0.006812880963004881,-0.0053070548056537445,-0.006419433912484735,0.19004202979362747,-0.07285887981081483,0.06107428625495007,0.17295390938446695
0.006138920977394212,-0.0063531577339264195,-0.005318317622540005,-0.005632605181691096,0.0028908445817621476,-0.0657508543937073,0.06303828839166452,0.14752101209967894
0.006277785953731862,-0.0062772451429431615,-0.0055355401874122075,-0.0055346025870232,-0.020843289147428317,-0.06171174567270814,0.07022104222970262,0.1443371825663014
0.006500387839116571,-0.006013797219049243,-0.0058346541216444114,-0.0051178494252312095,-0.09811303727288713,-0.052594087005657715,0.07905558928884195,0.13110954750895176
0.006355990308671036,-0.006129433602856695,-0.005635306068064893,-0.005303386521335748,-0.04900856755881255,-0.05787511234543586,0.07310452452325385,0.1373051835548196
0.0060492245102820915,-0.006935465283302503,-0.005099036777436491,-0.0065860397062185065,0.4239739632743369,-0.07637616657351264,0.05363961179078691,0.17735008098849595
0.005975284153350583,-0.006776412334685296,-0.005017230732757136,-0.006265832031042653,0.08066604093986661,-0.07505208750410085,0.053582567430159926,0.16545755847368218
0.005954915005069572,-0.007061073770271074,-0.004896606625483099,-0.006737951067412447,0.15345369775643825,-0.07948866935423753,0.0460912631010423,0.1809303063861707
0.005886510631955618,-0.00691207129219234,-0.00483368336150848,-0.006440957407583746,0.10745312025329114,-0.07816083532975691,0.04694666064300706,0.16988272494342815
0.014410572767669334,0.025,0,0,-0.28261045163409376,0.002984902612296681,-0.021246702919377594,-3.422339090458017E-4
-0.007082629414973032,0.014670098852003306,-0.006215079648386301,0.003883428565115626,-0.15942950580509455,0.1644170280907088,-0.014742732764066272,-0.08207895189206287
-0.007240110735048852,0.014784153485253472,-0.006322252020248117,0.003646247077948458,-0.13898711556533797,0.1654128367358549,-0.00653505328781389,-0.08285699618314712
-0.007403657680010645,0.0148719321699603,-0.006446417564504244,0.00343296970873733,-0.12086386055343246,0.16661642200110519,9.463197700129432E-4,-0.0832824801618207
-0.007560374109542987,0.014941041362096945,-0.006567513801357381,0.003239205829696191,-0.10460782507588719,0.1675908609867687,0.00779638995611642,-0.08334377345335214
-0.007708045405822862,0.01498812944363612,-0.006691407270885749,0.0030706180902639805,-0.09168016166035826,0.16865503990801348,0.013812560277520322,-0.08321446375089908
-0.008031391338324092,0.014936835786604395,-0.00714329426840394,0.0028461728576973243,-0.062233031958402595,0.17792618171479768,0.02324434640306959,-0.08455994873556501
-0.007879412739554456,0.015048556059874589,-0.006814332440889796,0.0028580263222176693,-0.07744752166054188,0.16880761464539754,0.021371029595983856,-0.08246868878761753
-0.00952952844693864,0.014977816440745884,-0.008291907714507982,7.876564867057809E-4,-0.15217550871805893,0.16638832032009096,0.0919642610034898,-0.056563451426049884
-0.009373420771600327,0.014960584488801502,-0.008264246326522725,0.0010388094896934365,0.18986535717738043,0.17192255183983282,0.08509446686516257,-0.061840583174760856
-0.00944434247924451,0.015108611640713195,-0.007996630325348463,8.699798900792568E-4,-0.007622411692562875,0.16060030958477037,0.08642377257475596,-0.05955489068952422
-0.008949474454411065,0.015053504122170552,-0.007829175082262968,0.0016263957009090089,-0.01619764893712947,0.17421066696521056,0.06430945302826567,-0.07369949518986262
-0.009063168625695952,0.014911450597951643,-0.00818195713631512,0.0015587882362363907,0.01898262356201242,0.1815779402328189,0.07005993572007671,-0.07178098321655914
-0.009217916319918092,0.014938455742167744,-0.008228167912720621,0.0012932874799439866,0.31639610046460026,0.17693409359245024,0.07777085447495374,-0.06694313095993601
-0.00927674862412782,0.015094582148397068,-0.007949993060768197,0.0011281624358650598,-0.0833976524054111,0.16583834444258963,0.07915551764924779,-0.06490488286995814
-0.009112808554170801,0.015084290775042515,-0.007879829544853863,0.0013741463820208394,-0.04221635956182717,0.169847747266227,0.07189624878035043,-0.06945296886692132
-0.008186492631063856,0.01498978886266102,-0.007240439096653772,0.0026286951634889315,-0.044445968812492374,0.17712963265283385,0.030799669927733007,-0.08322578005769038
-0.008371682826089523,0.01499794624451453,-0.007422544825731405,0.0024158449538946437,-0.0442662959752618,0.17837526197127332,0.038399343473256006,-0.08203791108846689
-0.008506542115933678,0.015112681540332282,-0.0073682550810498385,0.002149292899678622,-0.047023506912923195,0.17165526250859284,0.04655196896744654,-0.07820243032390183
-0.008660951951076617,0.015166853049112104,-0.007412767225086765,0.0019177683823821698,-0.030949347808944826,0.16808838468328646,0.053757217846217294,-0.07507124787911655
-0.008827201312298815,0.015195803873395523,-0.007492138232977158,0.0016882023791350072,-0.024683624707355762,0.16527225931764156,0.06085810391977307,-0.07184534638926227
-0.009593849270073052,0.015129811734173092,-0.008006470955650541,6.335113459140277E-4,0.017377944015651292,0.1548225815976395,0.09241132216829889,-0.05436398842282065
-0.009686089839949742,0.014990136311907442,-0.008312481498396192,5.262839643967509E-4,-0.12586340277548896,0.1601234826795151,0.09855352907711716,-0.05066657051138565
-0.006251130900931919,0.014318122325592151,-0.005265776421390999,0.004597966840460536,-0.24984175998079197,0.14124242739964069,-0.039455195910153805,-0.07144461840069195
-0.006042290523488543,0.014348832282862854,-0.0049666041127436325,0.004564233597586505,-0.24931697634590755,0.13363568533059283,-0.03846432894066561,-0.0693209097015417
-0.006419569209217675,0.014488431528873661,-0.005417215536946251,0.004341240298846639,-0.2207243751991872,0.1450646388434502,-0.030972752112742374,-0.07458857051522037
-0.006631826930088311,0.014645314470043639,-0.005611809182157952,0.004081125367222571,-0.1957125955177703,0.1492980465200389,-0.022400929553715174,-0.07724303060338965
-0.006853619202886076,0.014777155888109097,-0.0058120458764632345,0.003833451057870856,-0.16896417690037804,0.15329813274402934,-0.013816459992681841,-0.07933234240248473
-0.003989987268092553,0.012749366860141192,-0.0023998506720315665,0.005804428227892559,-0.27614655236746094,0.054838555530791915,-0.06461504894285042,-0.022600290469964344
-0.003246835187514205,0.012254419684610154,-0.001593406424691347,0.005828115354475438,-0.21241292195546396,0.03090109078504791,-0.05696576513909522,-0.010304698394233107
-0.005326408912615218,0.013484725849574958,-0.004098819762904055,0.0055975532277367495,-0.35048797447406793,0.10490772833352088,-0.06877674646846721,-0.047197591545515886
-0.005696512764454849,0.013870108213015885,-0.004606670794583212,0.005185964517499238,-0.31508840552177225,0.12157417895446172,-0.05765471716242473,-0.058811667070925076
-0.0055710992185058865,0.013647397537753734,-0.0044408615327430475,0.005461249957547391,-0.3418420285478205,0.11541317070478721,-0.06562279251255244,-0.05300556074165985
-0.005857233743741205,0.014258203015115439,-0.004749915272851602,0.004681920607744386,-0.26099495543926526,0.1279640380098603,-0.041910857439776794,-0.06656384346695642
-0.0056792839838766,0.01412472966781616,-0.004547184683180929,0.004842994136926094,-0.2771062595623446,0.12227651482603334,-0.04654752874786967,-0.0632072748223699
-0.004450269746506493,0.013235227403416771,-0.003023552368709919,0.005543638046324435,-0.2934986725128539,0.0749497413860718,-0.06186674599878445,-0.036192690035442905
-0.004897244740302041,0.01351076765401699,-0.0035755104550143284,0.005411483061167952,-0.31085180359987774,0.09158112160558367,-0.06045710308380461,-0.04531226234937846
0.003458824568082278,0.014304942068829329,0.0022894872931778338,0.004320994311882136,-0.16974018668840343,0.07444305717719672,0.025880443306838252,-0.049392878347717946
0.0026578635730375747,0.012870029577980117,0.0014398427764667732,0.00520607310755299,-0.17079627919798576,0.03879083334214445,0.037829076253762146,-0.025780214209430358
0.002462403872861003,0.014327109475787279,0.0015444144167378597,0.004171800622229717,-0.14057457846487043,0.0625233508071026,0.021340352080615303,-0.04364809219537521
0.010888695618976249,0.019144643224191717,0.0033647220754144053,-2.866199398655188E-4,-0.02998389999717805,0.012033989318142325,-0.04900450095864088,3.5585856778076193E-4
0.012500943852501325,0.02193630378804113,0.0015494260202658062,-2.2198061893482062E-4,-0.08239136612692731,-0.0054970144880164655,-0.02912684390315563,0.010217862621578736
0.007594739193441529,0.017756424320247575,0.0039766395035854205,0.0011509968763776524,-0.020135755591241224,0.07051854032334615,-0.03900539882825848,-0.04323685633743412
0.00858343462173797,0.019157423082357794,0.003268215004115138,4.2667112644202986E-4,0.010041512094659352,0.03655562576410218,-0.03980356318887852,-0.022642521607083136
0.004248550945099909,0.015676554801348525,0.002807666639699723,0.003267524798976862,-0.12551493054846116,0.08963191994127637,0.006777591723598737,-0.058932747492916826
0.005733644632155869,0.01725299192936161,0.0033116798200707722,0.001971227126001555,-0.037456068578827335,0.08224458940340784,-0.019407594152078714,-0.054169944097503926
0.0030637398463963118,0.010093417956390238,7.591421365317414E-5,0.00652380573341914,-0.09208876384853858,-0.026066127246771317,0.05739406925505007,0.054240337578271666
0.002992953740036912,0.010812273468651101,5.96811163463291E-4,0.0063739423699831895,-0.14724937610634078,-0.009347323914285235,0.058997740680247414,0.03225140197372225
0.002543579920507062,0.011615438150778307,9.031306138456368E-4,0.005852658565033233,-0.15781777490198687,0.009181312008429742,0.04700650444757375,0.003783912840909277
0.002646823652327138,0.009579183409823241,-2.5888081278932186E-4,0.0062537885003083864,-0.056944112327333554,-0.03502675655285571,0.04543832158946101,0.05993206418009476
-0.0036367527251195924,0.00981225324550296,1.8059978454668785E-4,0.006933619632037929,-0.06457088734866114,-0.034738295376269185,-0.06601045888689318,0.0762260881802085
-0.0035547745822015983,0.009215471242002723,7.25287599225759E-4,0.006753726048562141,-0.008485277471706664,-0.046629942478341506,-0.054821120032357944,0.08981601857502647
0.0011506732870614157,0.012080673836580458,4.63406961217358E-4,0.005257967622766269,-0.13422997016873373,0.011019574099508453,0.01937862803129346,-0.00988198285883006
-0.002271039874226408,0.011355822130096975,-6.775194588066835E-4,0.0058500771537588776,-0.1450618571185077,3.104635337908608E-4,-0.04294826706971978,0.008388644035045344
-0.0027748541719658766,0.01020955286468981,-1.4919555919269592E-4,0.006343617973334887,-0.10331714877415484,-0.023885870906050214,-0.052396401838427774,0.04523161945427492
-0.005704711645753884,0.006887677024648111,0.004557062860775369,0.006301995889186146,0.16032126117605303,-0.0787260663596132,0.03725829943051356,0.16426896771867058
-0.006355156589749449,0.006577264761224861,0.005704531623589547,0.006068972628986578,-0.12201581767530496,-0.06419714511506182,0.0748392113636777,0.16262395418135125
-0.006194987907159792,0.006537179270330516,0.00541433582629703,0.005949592909305169,0.037150700092195045,-0.06752268762262205,0.06710587184907946,0.15685556416479174
-0.006464466094067262,0.006464466094067266,0.005891759768480053,0.005887569375416614,-0.15455824237560153,-0.059317453261813646,0.08102060445337661,0.1568051390963764
-0.0063070083074089475,0.0064281281283032655,0.005600745094223292,0.005790829947360924,0.04258220518333749,-0.06326543767800254,0.07318509293158111,0.15196484602637986
-0.0058082619017248765,0.0067422472999780925,0.004758628729094977,0.006132171607603924,0.11750292071924727,-0.07600667260687681,0.04418993223620498,0.16066813198255073
-0.0059495119420742305,0.006652180419289672,0.004998621974815576,0.006052944391618443,0.08994479312227473,-0.07325794199337968,0.05244572193162017,0.15935882969522913
-0.006014661310224686,0.006498253165543606,0.00511920856225078,0.005831104070085444,0.060902722041539285,-0.07001813094633137,0.05653530675056282,0.15325022564700475
-0.00521278533040337,0.007364044464704116,0.0036300271376505477,0.006642775814634323,0.20366580836553888,-0.08228934351702906,0.0062149272195602045,0.16290958472918463
-0.005316399640918046,0.0071223855118407765,0.0039041582747184945,0.006400609326685164,0.17571576775481143,-0.08095595238106994,0.015742665889117578,0.16031596997163455
-0.005482169293554392,0.006927947213143196,0.004218094449320386,0.006235098138290881,0.15221904966579167,-0.07939565787525062,0.02620540245577135,0.15942888706782246
-0.0037425461265500493,0.008731392994164365,0.0012271133656236988,0.006698562704327775,0.04170674779159543,-0.056670516856382754,-0.04701795939380105,0.10565076223419645
-0.004571035081409575,0.008063106869806626,0.0023889581995549746,0.006888582729453775,0.1625120774664375,-0.07456023178445469,-0.0286933877917547,0.14381840217666508
-0.004677638678758721,0.007814763043008464,0.0026990068780478552,0.006741547991308337,0.17377424132586441,-0.07696521620937237,-0.019953151648952307,0.14740095658045704
-0.004804439953553664,0.007586420887664059,0.0030023248419281463,0.006602720540307022,0.17710999946715578,-0.07870914518747846,-0.010977686873533761,0.15047948099171868
-0.004249530212597525,0.008080902575690161,0.002104736644759582,0.006654579999478486,0.11985267982459895,-0.07006034637536253,-0.03216181687908007,0.131030146616848
-0.0038890582673574967,0.008257168990711597,0.0017027327673733174,0.00652660486067496,0.07997756323722112,-0.06369802041346338,-0.037038187075555555,0.11639057489331994
-0.004905888605994059,0.0073360844909676395,0.003279486912738008,0.006396698406013119,0.16804379035144335,-0.07912764294504503,-0.002048678494496303,0.1506137652068453
0.004291981335038836,0.006232502963198668,-0.00305466173442755,0.00496720508096161,0.05384582112713441,-0.06926154265884994,-0.0027963792443875426,0.11851299556231161
0.0050994015997205015,0.005438058086670308,-0.003968892130076792,0.004309462790692842,0.004796903652579469,-0.06546721934584175,-0.024502221562185303,0.11335517549607489
0.004890764146466655,0.00582581504592644,-0.0037293205697884334,0.0046915170678433205,0.030720178192594916,-0.0686239278997834,-0.018081896603234702,0.11950509533863997
0.004451727267594506,0.005877219277779892,-0.0032755047544903654,0.004659282194206116,0.03848162425088573,-0.06818471656703062,-0.008565532641295295,0.11618083159177348
0.003341276487136193,0.008691629380271841,-0.001068791450123543,0.006406984152733893,0.01561168122001061,-0.05305874959563927,0.042976897251253296,0.09362083968651179
0.0028103365707656605,0.009148533916681216,-5.671655640915233E-4,0.006257436454844321,-0.02892948884293033,-0.04273114204044943,0.04342574103014582,0.0724892372771737
0.003219779536130181,0.008060763268554691,-0.0014167773572305623,0.006009823388385671,0.03341037300703698,-0.05823213955803865,0.03188289759247395,0.09839843005644311
0.003931090661662646,0.006502651847421349,-0.0026502644202323028,0.005114364549006316,0.057407045747484016,-0.0679122965225649,0.005320990435048619,0.11505085719366114
0.0035714670145090676,0.006963952350725996,-0.002190822729751459,0.005387681134358929,0.05650543746475423,-0.065609792082673,0.014412202947330725,0.11018548144448405
0.0033268258095244907,0.007543428058593106,-0.0017586314555456822,0.005726375603560401,0.04756295769197905,-0.062171647095581574,0.023464323934987433,0.10420884592197581
-0.006767411014895819,-0.00597009014471057,0.00624973981056435,-0.0050103593589689655,-0.1776203414696688,-0.042660156762289785,-0.09260077462904269,0.1251419131647167
-0.006935465283302503,-0.0060492245102820915,0.006580546968258616,-0.00510596910488162,-0.15633088248959534,-0.03714192785134767,-0.1014183380188904,0.12827817478550183
-0.0068971159555120684,-0.005867865085280278,0.006407864388857467,-0.004809018412396078,-0.17734753254475932,-0.036697877720854026,-0.09668191268454403,0.1177988648806222
-0.007061073770271074,-0.005954915005069572,0.00674002393460162,-0.004893546940614953,-0.30056249165305365,-0.030864129964366365,-0.1055103274982739,0.12061314507742145
0.014755282782341356,-0.008454915646326116,-0.0025678087157448687,0.007923509218611539,-0.16039029027839655,0.04365887281462263,-0.14219534419694058,0.06274851165623802
0.014877908551680537,-0.008327493505437836,-0.002594052645377964,0.007568995023589978,0.05909670183282629,0.04454824655189915,-0.1365805909672592,0.05224123345745186
0.014801469324203573,-0.008605047553236283,-0.0023213816238098033,0.007999292221783033,-0.07784349721029891,0.03495121278163614,-0.14118520218169636,0.07146924753742648
0.014915870914107319,-0.008475968352719595,-0.002374269524294646,0.007662243593626107,0.068265590538768,0.036471040456061005,-0.13629584617548693,0.060644026133367064
0.014842921746160493,-0.008756573701192634,-0.002079973263650977,0.008065363906479746,0.3270403352660702,0.026226810331666656,-0.13960636891387168,0.08011291918148955
0.01496019926753249,-0.008646293501339745,-0.0021140227838230743,0.007749376177153918,-0.01968279572204933,0.027006328897717504,-0.13518216244313377,0.07018897276703105
0.014879595159429932,-0.008909334570059206,-0.0018184427827508296,0.008128160795524027,0.02756763295431926,0.017188569310824867,-0.13749531300022175,0.08876360587320893
0.01501675269142953,-0.008802385839131139,-0.0018576795523343903,0.007784380342421658,-0.014175389903582957,0.01816411952418702,-0.13292081229766672,0.07806197515010281
0.015,-0.01,8.381703585986457E-6,0.008329181414533525,-0.22845518685455016,-0.03797374130054427,-0.10917430850913391,0.14423940417514255
0.015142615935866627,-0.009919718081769509,-1.256251662946045E-4,0.008036727081920528,0.10272641611224864,-0.035754541783316836,-0.10756538163253916,0.13240760784588199
0.01499753324023817,-0.009842960155646504,-2.5055303640667464E-4,0.008325314417615418,-0.3691738251936305,-0.031234827869820497,-0.11451393791638649,0.13707285648960527
0.014911450597951648,-0.00906316862569595,-0.001556096469426523,0.008182463720210784,-0.16342754509520244,0.008432715684127692,-0.13495439946997204,0.09743204561134301
0.015054981567286074,-0.008966008512843964,-0.0016036320968102447,0.007838204856619043,0.033729222008399874,0.009532848729069454,-0.1305379273143793,0.0864937041290934
0.014938455742167742,-0.009217916319918088,-0.001296840371159029,0.008227647625711255,-0.23080879284713818,4.1155320929603044E-5,-0.1318856661515165,0.10592881749782117
0.015078351764348097,-0.0091272686614436,-0.0013584957469438292,0.007899368515646439,0.06128007908081665,0.0013752625137908618,-0.12796399792350963,0.094899384071078
0.0149605844888015,-0.009373420771600324,-0.001045162348260713,0.008263447250939538,0.0398581303686164,-0.007923922692189585,-0.12829780845823807,0.1140309509706814
0.015093240537319782,-0.009284763935373683,-0.001118075774724017,0.007956399262046594,0.049226344385800126,-0.006427253233945531,-0.1250538829482399,0.10311728418479053
0.015155112383281242,-0.009768718426746757,-3.588284738279091E-4,0.007996602082288385,0.05793653989125649,-0.0292641234379987,-0.11190549909642551,0.12502214566586486
0.014990136311907444,-0.009686089839949744,-5.227443270108298E-4,0.008312589661421557,-0.013841346928968412,-0.023687053916627992,-0.11955347959972538,0.12943507348034744
0.01514430006615867,-0.009603344997922697,-6.150955663343085E-4,0.00798142522177409,-0.010129516062022432,-0.021857075263410797,-0.11669537627915964,0.11762968113383902
0.014977816440745884,-0.009529528446938641,-7.919003971233954E-4,0.008291453379880537,0.28248072756206155,-0.015769524967251404,-0.1241861035044426,0.1217467564930101
0.015114628855344953,-0.009440996363404572,-8.732419565430702E-4,0.007984315036925448,-0.03712783044094131,-0.014169761079061005,-0.1212981664938274,0.11068200732456067
0.015022569634313554,-0.008198006779280157,-0.0025820226751449827,0.0072044982838756705,0.048485595762904184,0.048543846669166946,-0.12947764566780282,0.0401802500245265
0.015174118981249974,-0.0080475318130242,-0.0025712243145402814,0.006829738296368868,0.055651820248602664,0.05181596195456656,-0.12199985468211795,0.02847027243275579
0.015082349384431717,-0.007860871114813137,-0.002836236773546752,0.0067511103434309055,0.06786504470913352,0.06136000209589478,-0.12156504184881388,0.01981641905873797
0.014951669640942992,-0.007661957171660619,-0.003151404458861386,0.0066821277908197686,0.08603293820864867,0.07231042642801445,-0.1210778496892028,0.01074478501368272
0.014861235755319833,-0.007414721364139516,-0.00344072750677952,0.006474240167743564,0.10877952962394453,0.08338308585477927,-0.11662199756377371,-0.0012813203181428437
0.021374299910287255,0.01285135574838991,3.159490466344885E-4,-0.0017797528951738002,0.08990674774680218,-0.01882866837926619,0.02339309846199598,0.024576509597725005
0.019476265928286114,0.011129151418407611,3.3501928122684914E-4,-0.003119857011827727,0.024625834974274178,-0.01919121153484712,0.03875419536648587,0.03062175667137868
0.01769562821319336,0.008843209131693553,-6.190707184128597E-4,-0.004451132107199138,0.020281118340169466,0.00748401363978786,0.06772733593910006,0.01759924780307814
0.019076021608861977,0.009350359214080717,-1.7940232817686822E-4,-0.003416313747858105,0.007292541514496062,-8.521627289919481E-4,0.049414307267749646,0.015288674497621276
0.01586749354373825,0.006902995437605929,-0.0026270035015963948,-0.0050000240273531315,0.08409616029712332,0.06736421727693241,0.08084637331559967,-0.020570997955235853
0.017063355903879182,0.007547923614125888,-0.0015032267831635,-0.004478713173968845,0.027806932721318445,0.03538993423281056,0.07125302234778207,-0.004742613237806005
0.014406895099221573,0.004821268051338804,-0.00441751716802928,-0.003526958928533611,0.21372886441412733,0.11070339679635145,0.03273784863235432,-0.06282032215187437
0.013271106340589554,0.003980630666448598,-0.005331665197378757,-0.0025855949999241228,0.23463818565514846,0.11452041788039959,0.002621422271173031,-0.06814749052913834
0.01381233890477916,0.004490887999152244,-0.004964793481477877,-0.0031789607345577733,0.2401290723333344,0.11739490326759501,0.019658935466592666,-0.06737736336472476
0.015641226204125135,0.005694402837155439,-0.003176418955541376,-0.0040475652541177585,0.1175650016077452,0.08464226180823478,0.055284901498697143,-0.04481861682511311
0.015127768129433138,0.004772500435791455,-0.003719785786263435,-0.00336524685001533,0.15331981112414644,0.0939232106970672,0.03701068039201156,-0.055207879379408284
0.013291087406044805,0.0030683757000326464,-0.005034716984395984,-0.0018376209061460992,0.17540489368241266,0.09406151835546712,-0.004672550499549402,-0.06052948280610875
0.011425530921380822,0.0024145808768445283,-0.005877368361560803,-7.60229432547598E-4,0.12091698558236888,0.0703814262261697,-0.028030018272725495,-0.04735756364344092
0.012934939641703603,0.002021384653683909,-0.005012289223783709,-0.001065715848077712,0.13233810315654093,0.08017487787385268,-0.010581459930230212,-0.05354728420482646
0.013524021613392667,-0.004810494085820375,-0.005367061696830665,0.003480670676549832,0.287887928942621,0.13029161116699758,-0.0227057140578874,-0.0714013752726712
0.013194210522318325,-0.004478574062823812,-0.005596404391580634,0.0030396348796782797,0.2865444330489186,0.12828451770455288,-0.009397791696863958,-0.0721655711116899
0.012918623704755872,-0.004211591378003901,-0.005751348689136577,0.00267626766972361,0.2715561612250252,0.1247773220033309,7.838221464623621E-4,-0.07133200400123706
0.013500695068023837,-0.004556385807274288,-0.0053063322588702095,0.0032009594814788244,0.27290709240873745,0.125189716606189,-0.016379834490441544,-0.07048420954427191
0.011806197507779007,-0.002894844020967825,-0.0059203606597802855,0.0011625703649815677,0.15821925635046,0.08626833786315434,0.026945451711638754,-0.053921474784551275
0.012367167734128277,-0.003574653120842887,-0.005908286379119075,0.0018803021083690665,0.223433087077363,0.10889590209877915,0.017657054203654123,-0.06441540596868671
0.012887566989810237,-0.003797678966668068,-0.005596438669831755,0.0022919680318662376,0.24198807344200865,0.11303486985556191,0.005917658146542288,-0.06706146188905884
0.013680038981257088,-0.005234445857233375,-0.005317596780622608,0.004002489640817093,0.29710389670826615,0.13587182173323345,-0.03827808110087203,-0.06999644447166385
0.013720703561777866,-0.004965360490042233,-0.005191263644226503,0.003683902808659249,0.28003475744541056,0.1289100583779053,-0.0295667428647433,-0.06975354601529872
0.013848183484888829,-0.005461055026156584,-0.005163245159179881,0.004294157315168737,0.28981886640578086,0.1348307104343538,-0.047987325702251095,-0.0669118910533293
0.013903309486936582,-0.005690468010671255,-0.005138461194390435,0.004595158869802505,0.29111309084152953,0.1369858838462225,-0.057031033745594394,-0.06447280307196541
0.014044224415668348,-0.005844240996099798,-0.004968218517327376,0.004784590368495209,0.27178055176146015,0.1335317636362425,-0.06384614992624725,-0.06057742175930072
0.014104321601088723,-0.00606692925169483,-0.004902864859563433,0.005082993796183517,0.26146607554632945,0.1326885740781451,-0.07358986352696145,-0.05579071362142214
0.014289516718222602,-0.006579665632115628,-0.004603987037026452,0.005762997522029855,0.22101662495891697,0.1235296293409243,-0.09555372837266383,-0.0394929653637806
0.01425332025409598,-0.006207849034493981,-0.004691103192177643,0.0052331924268574324,0.24014291590924122,0.1269312917383885,-0.07925203196174767,-0.05070357166129357
0.014333808210671931,-0.00638802898996888,-0.004563789968373636,0.005455215167086406,0.22402935598892645,0.12322669996429256,-0.08648122561840914,-0.0450510392377936
0.014705752046994931,-0.007213431273264223,-0.0037689776230397376,0.006365329722267116,0.1345956220496022,0.09485155508109179,-0.11402591584677521,-0.010879078138587949
0.014431214712459495,-0.006766014189741802,-0.004349324109122321,0.005951876383999493,0.19422412861120472,0.11520323637889608,-0.10187696854859117,-0.03137339908224295
0.014610931538092302,-0.00695284682236311,-0.0040241927212837,0.006085013834865405,0.16318210715739465,0.10456296961455776,-0.10626612790277774,-0.0227062984743039
0.025,0.010729293840437144,0,0,0.06443391751175019,-0.0023675007099988555,0.028125944315627382,0.00718320679621269
-0.006588773286029782,-0.005895301331631589,0.005932228837388601,-0.004922722809859693,-0.10579741172902869,-0.04858082839202698,-0.08156851129573438,0.12474583226054882
-0.0064790719360449354,-0.006027417203022423,0.005804862209182744,-0.0051408174300834894,-0.07488532274827851,-0.05319627455816026,-0.07822711862471816,0.13176318714384272
-0.0064002176314213845,-0.006150974190448727,0.005711478883261353,-0.005339321663817458,-0.05847903979894242,-0.056834378210239046,-0.07572622393918219,0.13801859463106259
-0.00624944398096624,-0.006693441434347547,0.0055116542312469785,-0.006244805449011103,-0.14924207143228124,-0.06887805556469304,-0.06812971397131724,0.1677867774693054
-0.006201059120781391,-0.006545971615279193,0.005423267503689501,-0.005966067040737544,0.052170135086173984,-0.067483472044487,-0.06716861865997907,0.15746745838273626
-0.0062395656333287365,-0.00622402325886059,0.0054666705690117655,-0.005443563144979517,-0.021064408720277712,-0.06183814882443704,-0.06773943731309527,0.14181401963730164
-0.0061588818750495135,-0.006392216444399923,0.005351932809032815,-0.005699618659277639,0.018724557608566523,-0.0658482368468707,-0.06430859164865264,0.14935149204964926
0.0077447268984325275,0.0041427549042641326,-0.0063098710196158704,0.0022673470583744033,-0.13183236175326526,-0.006171691669374151,-0.07711674134782892,0.043164939767695525
0.008032589919520055,0.003794396866408484,-0.006313977223576488,0.001804889419042468,-0.09826659190541037,0.0017771121001511458,-0.07255735183119329,0.029134912801435976
0.008455316818957637,0.0036198808418097766,-0.0064692653605045395,0.0013870976080731072,-0.06973935529749874,0.01483300232271587,-0.07185028473385435,0.014540976879321193
0.008750788799412176,0.0032033570060670384,-0.0063492347380784105,9.686195464014572E-4,-0.031330504485166,0.01971682787286068,-0.06257296314413019,0.002733468574527026
0.005472194411391287,0.005166930628990695,-0.004353576153595019,0.004038797350730087,-0.02517179312875223,-0.06139467702814843,-0.033997153102730306,0.1077857645381657
0.005819901436770531,0.004954569441159708,-0.004698870577770217,0.0037969927189882044,-0.0505490542109213,-0.05637199099760002,-0.042509946588633496,0.10109286446762704
0.006164852062534859,0.004766930163243307,-0.005028617093380635,0.0035507508828056702,-0.07561837960436046,-0.04996153033720941,-0.05065970990347219,0.09294944863315512
0.007304863862213519,0.0041737952357813555,-0.0059432252306746225,0.002555172232845858,-0.12285493280370226,-0.02058985317945442,-0.06962632505112153,0.056363372870420016
0.006893915697684272,0.004352236408142438,-0.005638265002181699,0.0029126695467813547,-0.11485940396504092,-0.032137047849185744,-0.06401547182625665,0.07002129996745304
0.006504360182536294,0.004555946895742318,-0.005322763168323585,0.003250575369753235,-0.09766824804585622,-0.042255611758053785,-0.05730209110649543,0.08266253481062946
0.006509827938459033,-0.00579563823705648,-0.005775614760637371,-0.0047817685632872186,-0.10347429379031724,-0.05026084720137147,0.0761401318014799,0.12162721441684596
0.0066350907312286425,-0.0053007947580727644,-0.005756043191921813,-0.004071657396825031,-0.1292851838488558,-0.04318637057942972,0.07304082258917897,0.10133501570939916
0.006432766198297537,-0.005473886279627506,-0.005556828111964957,-0.004342460511263489,-0.1026868666822608,-0.04961538055216749,0.06807515542842078,0.1101632946065045
0.00937837808796402,0.002817293205556005,-0.006313733134964495,4.18498884456592E-4,0.022997848511019915,0.033636692690340995,-0.0532109575551689,-0.014673187026542907
0.010143328477422138,0.00219737437975254,-0.0060598534093329985,-7.084860841747188E-5,0.06072839756697134,0.04405417767327379,-0.03624432233999884,-0.02960297274237673
0.008197074941097083,-0.003985306220907954,-0.006554488880922982,-0.0018164081049542693,-0.11117993807888711,0.009593090572476025,0.0792979610340993,0.02653380442704437
0.00841083640764762,-0.0036687168720083508,-0.006476081961757625,-0.0014496065945319332,-0.0791418593538184,0.01440281511953124,0.0729329698518168,0.016124974942281555
0.010645780155426941,-0.002350556042175724,-0.006072451283392345,3.556641287990848E-4,0.09306942992159961,0.0569846851339255,0.03601610918354375,-0.037079868775958674
0.009661309241673193,-0.0026335143733280404,-0.006254445334877853,-2.093120302653572E-4,0.04243169865711022,0.038442228799411664,0.048005417005472124,-0.02002622599656961
0.010446022177416104,0.0010640388217246608,-0.005686985533043865,-1.0685400580364838E-4,0.07108138408047393,0.03922475008957283,-0.017503452627013152,-0.030679780460741265
0.008951826695167706,-0.0026440180940172624,-0.006117118394852308,-6.41692543082087E-4,0.0014398927186760138,0.01986663198351211,0.04999263794005772,-0.004359843577965765
0.008502740047170552,-0.0031007167732332456,-0.006180301440661611,-0.0010885552938928445,-0.03719638505346049,0.011253711078917594,0.05940776040100076,0.0091074222417619
0.0078011397139601405,-0.004040372395936694,-0.006293369937082688,-0.0021463698321185468,-0.12091656097845056,-0.004375927208108515,0.07567938601763179,0.03969813149967814
0.00715188268584699,-0.004783333406128281,-0.006118448323451205,-0.0032453120133447574,-0.16253038726391558,-0.025395628098794334,0.07945686188826877,0.07451257638354829
0.007370558011426279,-0.004583843695691654,-0.006234884368329475,-0.0029134463655766138,-0.16077558745693263,-0.018076584976475962,0.08051887968944306,0.06368786808428384
0.007480426778219021,-0.004241762811823395,-0.006138617531373731,-0.002519820150392932,-0.13420882652487956,-0.014531956508256077,0.07475489795915381,0.05274866429399978
0.006853895958296602,-0.004821216102027647,-0.005806323801455107,-0.00342094408594017,-0.13988812821348837,-0.034646132848453116,0.07186380969606425,0.08270537699328716
0.006580697217522107,-0.004964411134058661,-0.005554960481825474,-0.0036765110693628435,-0.11618229354938377,-0.04266209294781684,0.06585173570260038,0.09208433097165027
0.006013285467851104,-0.0064648002064164175,-0.005118676733784091,-0.00577731483364186,0.04461828854822359,-0.0694715588217088,0.05646094102780306,0.15159669533557749
0.005895176612555174,-0.006599271931363208,-0.004920898399582111,-0.0059474996409225,0.08540159691198536,-0.07299503322391086,0.0498112929453971,0.1560041090767208
0.005954641786730604,-0.006263781169197377,-0.005031416688574233,-0.005454677894959708,0.02319989085811537,-0.06737175235144766,0.05369692667158427,0.1422361491814854
0.0061275959312772875,-0.006136561950761482,-0.0052819405860130625,-0.0052940554255602665,-0.01420609005670635,-0.06300737246706077,0.06157845037795085,0.13779581114578263
0.006291060576830304,-0.005921814999006364,-0.005488455247623514,-0.004983109309057934,-0.05977334669072626,-0.057124711783635436,0.06763497263037511,0.12863745492867415
0.005864596707708679,-0.007189583730102231,-0.004685501700211011,-0.006886269466517621,0.03738895767966283,-0.08211656114400126,0.03829950499297631,0.18370051441901172
0.0057852181429745905,-0.007047352343796883,-0.004619125181355773,-0.006596077304010546,0.21734833947866453,-0.0809941259714599,0.03915151912250054,0.17311730029462594
0.005794243633658091,-0.0067527445285317554,-0.004734208620752307,-0.006141983211084064,0.1271522781309464,-0.07620387434463037,0.043435896522539014,0.16072038750997006
0.005742457877493023,-0.006905873985015781,-0.004608291463494406,-0.006350617029181519,0.15293124527275126,-0.07879739218686423,0.03888982065336044,0.165875557677849
0.005691420901002461,-0.007168008124915547,-0.0044149780139511804,-0.006719642971004772,0.20081413637288473,-0.08302971955936687,0.03193485514642468,0.1750089958363563
0.005778358980093877,-0.007320868219171371,-0.004457356982788749,-0.00703614485855526,0.5192642848582334,-0.08415645825011737,0.029953229232812368,0.1860489094521496
0.005696288158021204,-0.00745479580756053,-0.004241783299568723,-0.007168232764223376,0.18877358836802316,-0.08572407451128826,0.021721762237700153,0.18748555364706768
0.005614944711517626,-0.007313981114723412,-0.004213113486801774,-0.006880793369909805,0.1984419686836282,-0.08481923109674966,0.024449200801201245,0.17766462300362892
0.005544967222482056,-0.007730047808600203,-0.00377815722184237,-0.007422973873733483,0.483469346346267,-0.08711499616133611,0.00481778320147786,0.18836902240920525
0.005618465515670953,-0.007591233601480755,-0.00401340947313743,-0.007298456686542114,0.2970641862743122,-0.0867303225979618,0.013338984194580987,0.18824302890783753
0.005444530354010702,-0.007597959635465994,-0.003761509096822008,-0.007137492386435512,0.2324911698308394,-0.08671049492120735,0.008236623357674241,0.1789805224851915
0.005521462755679459,-0.007461850897905801,-0.003975432715976245,-0.007017829353733949,0.2805831496338583,-0.0861014967600361,0.015774841268237375,0.17865162732339065
0.010729293840437248,0.025,0,0,-0.05758013081381739,0.006835648264914635,-0.02913813214925832,-0.0016141193025961092
-0.009753948577697156,0.015144918897708642,-0.008013547459874782,3.825235186739311E-4,0.0012111890865172529,0.1484695944212645,0.09842770218938264,-0.048505285160305944
-0.009842960155646504,0.01499753324023817,-0.008325006889955229,2.6079697374593197E-4,0.0012444824686743126,0.15345871683542003,0.10478452633643504,-0.04424571277164727
-0.009917735745480964,0.015149687812941908,-0.008023420652171613,1.280272829272425E-4,-0.03811925994401947,0.141858308858495,0.1042296147724714,-0.04216983816744519
-0.01,0.015,-0.0083292202374418,-6.813618840460928E-6,0.2557310093237334,0.14658386695167772,0.11071549952415839,-0.037351759362936776
-0.010077397853049593,0.015137423733162923,-0.008047288122110724,-1.2155864381032634E-4,-0.03925181906750962,0.13565227524156986,0.10973160450292503,-0.03561217138006936
-0.010157039844353498,0.01499753324023817,-0.008325295469576147,-2.583456607895085E-4,-0.13272396546391044,0.13941063416645214,0.1161113323539676,-0.030463904140859106
-0.010313910160050264,0.014990136311907444,-0.008313322087875824,-5.139406355734709E-4,-0.31659573379610956,0.13175070421573634,0.12095627956068938,-0.023342303672870147
-0.010242334940995287,0.015137137723703967,-0.008030454213962228,-3.7939392862151384E-4,0.03701839858856087,0.12793881022662498,0.11466915728538,-0.02843277924749568
-0.01040014881822172,0.01514124636535592,-0.007989098192416626,-6.223746142698804E-4,0.01978111472390387,0.11995887949166763,0.11868757203060638,-0.021414525960023138
-0.010470471553061363,0.014977816440745884,-0.008292445374327067,-7.802229255359812E-4,-0.13069535438879545,0.12362057065316118,0.12532125814022935,-0.015616379895836035
-0.007039234027748733,0.014907147094025254,-0.0059437013917900865,0.00358713967014896,-0.14609163556114882,0.15487656439810268,-0.005447467221533879,-0.08027167697686227
-0.007229294028116687,0.015008951460630632,-0.006085695238697162,0.0033639049572946945,-0.12740708025562242,0.1563630246148073,0.0021322926125570013,-0.08073084645449614
-0.007408286144864061,0.015080738517176276,-0.006227580759085236,0.0031718823112675746,-0.11138318596808293,0.15788432565616226,0.008813233094739912,-0.08090316284448734
-0.0075589028855668474,0.01514331044625174,-0.006333679433579744,0.0029996723837638507,-0.09741555058076085,0.1584659846441039,0.014709833651667706,-0.08063603133377462
-0.007738555075381701,0.015138099488985327,-0.006541913933774566,0.0028732760531893398,-0.08496665945288728,0.1619566941690088,0.019656824759894106,-0.08099937169160353
-0.008055942516832454,0.015129540552519298,-0.006898002569837816,0.0026094086933795666,-0.06478307702075949,0.16694269980421694,0.029785570281122883,-0.08072368127561906
-0.007871721407681843,0.015224130863912146,-0.006578952066204448,0.002672841853281451,-0.0751551293197738,0.1598443555390297,0.02589201066268253,-0.07955792891668363
-0.009361634306098878,0.015220088961979088,-0.007756572585990383,9.473435508299528E-4,-0.009593894017597984,0.15506557255592926,0.08274748290418708,-0.059277778464121036
-0.009493605886487578,0.015263997968734495,-0.007725459001877713,7.416706160075045E-4,-0.018111928393810966,0.14875132895249224,0.08767422639583335,-0.05439029901020525
-0.009013586116251674,0.01523916830186623,-0.007542176845525639,0.0014177884249929938,-0.015836398357202523,0.16030425846875127,0.0688159017907375,-0.06724913833657471
-0.009197473624972205,0.015277467131723942,-0.007577889616391282,0.0011499739886129334,-0.009321828141544418,0.15483361146837035,0.07624100882269642,-0.06224475890278501
-0.008280764775543945,0.015222048978303888,-0.006990788829588311,0.0022955942720004198,-0.05088927828786361,0.16385361763416026,0.039969876451715465,-0.07781165134420863
-0.008505455770004174,0.015325254379586626,-0.007034839268912516,0.001967264616531261,-0.03839937049161619,0.15849507758917156,0.04983953023225374,-0.07359290726086663
-0.008701125563008486,0.015370744008704912,-0.00711503616412061,0.0017138523301652657,-0.030441618167331316,0.1551531785833936,0.05755687255629605,-0.07004964650311503
-0.008885566379248401,0.015354179390735186,-0.007267251423027627,0.0015072647802250125,-0.02317338946778084,0.15459166425662818,0.06434273279041516,-0.06729532100035229
-0.009655580390120688,0.015293389145228896,-0.007715822887974968,5.00483777084647E-4,-0.017664393472296605,0.14203133554326175,0.09327964539636045,-0.048613513699434195
-0.006148146321501841,0.01458130733195952,-0.005009506149703039,0.004252973538618415,-0.22147073761560598,0.13427398238982705,-0.02880399823300254,-0.07180686585736816
-0.005883472317414608,0.014486516096933985,-0.00471314648214633,0.00439004842804976,-0.23509338921984382,0.12710784532885488,-0.03314198482724622,-0.06863550115914847
-0.006326007673662305,0.014821447295093746,-0.005111057528028041,0.003925073569427289,-0.19306140169941718,0.13643134336218551,-0.018683571302506568,-0.07403225152955406
-0.006811687499343182,0.015020649605615005,-0.005568339318290808,0.0035424837915385395,-0.1494631538851829,0.1448651917248411,-0.005662734336072648,-0.07747350635441524
-0.006621403865099896,0.014904650687894302,-0.005421333615333475,0.0037494243108191507,-0.17160292479337086,0.14286934686547065,-0.012376331896145993,-0.0765621949896508
-0.003558737907266289,0.01328670477437536,-0.0022268281197882424,0.005180686163403963,-0.22513477086598235,0.059584592841388166,-0.047503605325632,-0.034558098440705294
-0.002287421138667647,0.013109833352772788,-0.0012679038983606247,0.004965570066972944,-0.16621441703814224,0.040159128128148404,-0.031475181829540906,-0.028619304857524935
-6.871953895836089E-4,0.01271883166702626,-3.272585039689356E-4,0.004924098471042111,-0.11433410529878896,0.02509999016808062,-0.00942094714455184,-0.022539922659486147
-0.005260397220431527,0.01397136613144018,-0.004039862831514227,0.004969238272981875,-0.28741180829135377,0.10782438132239668,-0.049124912030216225,-0.05720987449754522
-0.0055509870625239256,0.014445655631746171,-0.004321140823468566,0.004434642596987468,-0.2429662882099313,0.11666027381019717,-0.03434604472726586,-0.06471173538908596
-0.004394359781245816,0.01391869618254868,-0.003090107383547943,0.004832360926940942,-0.2397650253395179,0.085076452021012,-0.042853070358237315,-0.049787459571260954
0.002480749586892663,0.01563496320001606,0.0015397565021931456,0.003268297285003168,-0.08030955241208103,0.07456414260898424,0.007044862665484063,-0.0516657349227378
9.041658411174498E-4,0.014257391732190091,5.364866851764555E-4,0.004077457527067357,-0.10498097805549414,0.05320440792231697,0.007048135579297065,-0.041115816691306845
0.00873907982383047,0.021624213258353432,0.0018600005093395433,1.08490920490045E-4,0.04732769024355706,0.015727290880573574,-0.027601759366299945,-0.010247776300892212
0.006610484818756423,0.01949013510788292,0.0025917685872291923,7.88626191747438E-4,0.03827119937907961,0.044478255500758936,-0.026278759500817945,-0.032576461769018024
0.0033753838455800166,0.01725000012006321,0.0018886907584413817,0.0022373381539268385,-0.019091549248984152,0.07376500636479309,-0.0051899049907495965,-0.05096683162523064
0.004682075036089655,0.018823382384265615,0.0021382080328227887,0.0013239048358508008,0.0404575265184288,0.05615244804857226,-0.015647708946759542,-0.04133119820677343
-0.006789703249636108,0.005995072308036847,0.006297568138520066,0.005045590516506234,-0.20953826344824703,-0.0421221294467603,0.09405926616145448,0.12617043905649553
-0.006812880963004882,0.006147433031857423,0.0064196418616957246,0.005307048601480256,-0.2983703059656329,-0.04273646505688006,0.09705024745656421,0.1363444886514059
-0.006935465283302502,0.0060492245102820915,0.006574377038250689,0.005113961548709289,0.27373751051112355,-0.036719619504106016,0.10134008350064096,0.1289890804030571
-0.006429078181150828,0.006314171064081366,0.00579398621424676,0.005612665176568775,-0.07503576444728018,-0.05825768391103849,0.07936372608188356,0.14611319344401275
-0.006577264761224859,0.0063551565897494505,0.006066344960076217,0.005707422630026313,0.2683055695204426,-0.0541011482925464,0.08669791027414571,0.15045862924595804
-0.006693441434347547,0.00624944398096624,0.0062498636950756,0.005505730101416546,-0.23833273930702328,-0.04854625155184287,0.09219518930103159,0.14337990905289993
-0.006535884223143604,0.00619401257366506,0.005948347551987316,0.005411794900887105,-0.09998441532440748,-0.053422134575254694,0.08408183668642842,0.13931076733492168
-0.006655470406123479,0.006097369815100203,0.0061172329361606085,0.0052405781340086124,-0.07651451956250142,-0.04824518977844603,0.08899814831787244,0.1332830067239681
0.0018797410515292551,0.01036508444405744,1.574363721794904E-4,0.005917921551140008,-0.09360406554662017,-0.019631397973734713,0.03447963639903792,0.028589012350969032
0.002114465760085032,0.009260486957384776,-3.468435535439947E-4,0.005954791898165841,-0.04926900997146962,-0.03690373489985595,0.03287840779208718,0.055818683533707794
-0.0028407255455780763,0.009432374961554888,3.875910142419361E-4,0.006337811157617256,-0.04935049268379351,-0.03848883107930634,-0.0468440555175566,0.06589766476297704
-0.0031208550188307725,0.008827760346007723,8.795241200679597E-4,0.006329268884468417,-0.0030300397442038773,-0.049252882695970876,-0.04262344424554492,0.08505997272277158
-3.819028272133643E-4,0.010673154272606282,-5.057106971179587E-5,0.0055690878598424285,-0.09960314842406491,-0.015710636882255782,-0.006842230538812798,0.01488040648274852
-0.001751252102630227,0.009859260532802524,5.366382157213877E-5,0.005893681084477292,-0.07548581768086826,-0.027956912874694623,-0.030643034756436646,0.03955915073281557
-0.0056026258251245424,0.00669244205452621,0.004465109915111592,0.005962870713613076,0.11028617347659501,-0.07621717814475672,0.03493847714545296,0.154052310334202
-0.006141359007264387,0.006364436523806688,0.005322748075322487,0.00565102314184265,0.011180414358161346,-0.06592350208062643,0.06319786634563967,0.1481746221693543
-0.006278457306763372,0.006283922607979754,0.005537409140774869,0.005545693864810035,-0.01620895651083091,-0.061842773860838564,0.07028234924222503,0.14478584833519506
-0.005791696684299163,0.0065145341806936916,0.004775072136246083,0.005780064558694958,0.07360934373384471,-0.07275309786035943,0.04513570984376543,0.15074955953632393
-0.005937770843931038,0.006299115610130669,0.005006716112129719,0.005503255930149051,0.028971721527535358,-0.06823551362247933,0.05271824357294801,0.14374751004855188
-0.005005220907399389,0.007094540937573484,0.003527558477566113,0.006176802130617511,0.14870452260652853,-0.07866683463195472,0.006119662675081138,0.14923888996361487
-0.005170154729647644,0.006872346070635341,0.003826791261703665,0.0059945252759563685,0.13240726242361547,-0.07787819299371264,0.015408963057672963,0.1487291766089965
-0.005352048802589434,0.006666949141095842,0.004128800346023449,0.005816832175900153,0.10792824946558129,-0.07628035435502899,0.024964505845631233,0.14743636619639244
-0.003199709644049601,0.008199116218251867,0.0013244781343579053,0.006078418380123544,0.027185122706726097,-0.05694493618758617,-0.033788352268232895,0.09628447922434923
-0.004307067595296224,0.007766821788826964,0.0023923431145605255,0.006432076592554106,0.12480516210500416,-0.07232638316136784,-0.02364200026358108,0.13319278162071022
-0.00465207222750668,0.00738059677644585,0.0029768614311639643,0.006283510921577121,0.14414024923192628,-0.07662477335436386,-0.00906447574225011,0.14245577400496318
-0.004538194268506014,0.007591027368261824,0.0027274071796492814,0.006423039852847148,0.14374363765236295,-0.07549248154177983,-0.015996116895809265,0.14063301700661254
-0.003949198233860696,0.007744228156603927,0.002109549160681366,0.006191111095523492,0.0893234480837693,-0.06796025078422695,-0.0250442986540467,0.12100295763644962
-0.0035360029552956524,0.007815749386649584,0.0017602752462363117,0.006014747388916415,0.056560383364266845,-0.0630734433190382,-0.027814784428140688,0.10868306316164977
-0.0046653488528755685,0.007080713097701959,0.0031512024807605374,0.005975224127351835,0.12293717248382481,-0.07588297737443374,-0.002296899306079455,0.13884417992639367
0.004883361233661013,0.004934221090356026,-0.0037449135542257685,0.0037893319242813966,-0.004690624740188777,-0.06245734629858211,-0.020232031189148292,0.1037718184838977
0.003821182043612584,0.005873963903259415,-0.002692030520985706,0.004529439447138788,0.034827567894877294,-0.06551562684329405,9.67876906500211E-5,0.1084371805091472
0.004410780881127217,0.005378078602808246,-0.003286697768217294,0.0041735017737460555,0.018669014771371176,-0.0652909718841979,-0.010629108657622495,0.10858300632845111
0.0023213923365093545,0.008396968172683428,-8.044526326011814E-4,0.005778196668848101,-0.014716611000980307,-0.04771580493607725,0.02883883608516369,0.07371344161560305
0.002630515814201614,0.007703986637569277,-0.0012482949733979053,0.005547720357298254,0.014878410232877204,-0.05508582138436503,0.023618553207968577,0.08730119022499921
0.00312720330057682,0.006368597018530041,-0.0020175659640129483,0.004784092542155091,0.03289566299460684,-0.062412953827401314,0.009580261352305075,0.10068999335288654
0.002682000196790093,0.006997650925324276,-0.001526711082013742,0.005127165428820021,0.02035158559152667,-0.05871336927679644,0.01649888901386853,0.0931656082936546
-0.007189583730102231,-0.005864596707708679,0.0068921405526174186,-0.004676850707901849,-0.40451536664670007,-0.024296369536744643,-0.10912213652007934,0.11278120737305715
-0.007032762724404436,-0.005774106844558347,0.006567272589146308,-0.004608572898289305,-0.18336763783128052,-0.03041718579391139,-0.10052489998063706,0.11034338132285475
-0.006719874289809041,-0.005778447210853851,0.006084984794422693,-0.0047182300375395335,-0.14169943846472066,-0.04330720206157398,-0.0855900777192735,0.11776792709477733
-0.006863705919609776,-0.0056782771853532,0.006252125370356915,-0.0045260777665265504,-0.17737213690966766,-0.03747225195966349,-0.08996528162438105,0.1108282205024073
-0.006522394223456212,-0.005683350212678417,0.005753793873441996,-0.004616106179665648,-0.11153532904771253,-0.04892829798797063,-0.0749282786515063,0.11684934616854194
-0.007320868219171371,-0.005778358980093877,0.007038822324937952,-0.004453276675086269,-0.6742030301924107,-0.017439715687442688,-0.11223692081728213,0.1047701546760969
-0.007169695652345243,-0.005689091210149395,0.006721767312129955,-0.004410464686065153,-0.18522115425228455,-0.024004980888786862,-0.1039829943666054,0.10291943981244987
-0.007311105399043539,-0.005621249716235477,0.006882840916559483,-0.004223836035616453,-0.2093100555788203,-0.01732068111739801,-0.10748674261581757,0.09590227437326299
-0.00745479580756053,-0.005696288158021204,0.0071695389347581516,-0.004239692602206015,-0.28478201542257164,-0.010530536164101883,-0.1146290880396194,0.09689576617879676
-0.007591233601480755,-0.005618465515670953,0.007297406039695246,-0.004015305835909083,-0.20729936578963024,-0.0034320692686657284,-0.11670308958023763,0.08851246987323545
-0.007461266888219312,-0.005530453428817419,0.007025431291130532,-0.003988109372482291,-0.31462115232018384,-0.009967677763928774,-0.11011009853639608,0.08710591268681205
0.01513300911614629,-0.010079999899604238,1.2542685275938293E-4,0.00805509577484357,0.047649560620984084,-0.04246229949702784,-0.10226511246519332,0.1396333906352257
0.01499753324023817,-0.010157039844353498,2.6625704101850315E-4,0.008324919152833881,-0.09182429887968079,-0.044378606676638795,-0.10326096609657724,0.15094101869014795
0.015124331899636015,-0.010243671918114114,3.827562746265153E-4,0.008054524689161721,0.06013942783569879,-0.048855917428896604,-0.09643869774172925,0.14634356826101771
0.014990136311907442,-0.010313910160050259,5.2949555700331E-4,0.008312356932975166,-0.25317485320921734,-0.05057403902809212,-0.09679375966488728,0.15733407831026894
0.015105369381333944,-0.01040417757506099,6.377943156666509E-4,0.008054974820708544,0.06999386514251672,-0.05478227372099117,-0.0903629229993337,0.15291783311909188
0.014977816440745884,-0.010470471553061363,7.832234070601884E-4,0.008292318588146146,0.052486848992017665,-0.05620587269261978,-0.09003648745695421,0.16324110352567064
0.015091555432132983,-0.010560231037466087,8.837539529257678E-4,0.008030198270963464,-0.028417661751479303,-0.060246100330266894,-0.08380538666584851,0.15844577268387963
0.014960584488801503,-0.010626579228399678,0.0010380027476381266,0.008264205374965491,0.29587438975983166,-0.061548622031112256,-0.08292257089818789,0.1685722336441142
0.015080164585080666,-0.010722953181309926,0.0011359253358863908,0.007981759107932312,0.009927982134381744,-0.0653730365488453,-0.0767035430901672,0.16329854356313836
0.014938455742167744,-0.010782083680081914,0.0013048840333280956,0.00822627394330548,-0.09788022939864667,-0.06672664542761221,-0.07536397558203459,0.17367284285294718
0.015050019073263489,-0.010882050691473131,0.0013885056177918827,0.007950585862987304,0.0676926039241773,-0.06998350988778317,-0.06952440573069109,0.16838943363693168
0.014911450597951648,-0.010936831374304052,0.0015593173275773753,0.008181956280229266,0.048453441055456146,-0.07120629728725703,-0.06770899065408786,0.17839767663673864
0.014455032777517945,-0.0122699521913998,0.0037745980089240023,0.007424709799645248,0.353350335451825,-0.08866492063694459,0.010011082309460708,0.1971738812068923
0.01460739069783848,-0.012267236545305432,0.0035530168272682907,0.007222086442187937,0.006144804051334552,-0.08885835013078451,0.005452628760934515,0.18799325065527073
0.01452413555302291,-0.012128895840071584,0.0035434205039164943,0.007537952490006151,0.18849253881456327,-0.08895158536916632,9.811931739990387E-4,0.1974637324014189
0.01506655356413843,-0.008360650379485976,-0.0023608264759860122,0.007304431349753553,0.029780110450449652,0.040224575396710045,-0.12975536607193602,0.04882221066661791
0.01505487629356898,-0.008531579344729496,-0.002173128208217855,0.0074859605084502765,0.027001454457418632,0.032147229430695694,-0.1313265392352175,0.0595084947414821
0.015150386021953406,-0.008680338213150672,-0.0019083339712933879,0.007456857079164838,0.02978076590838156,0.02390445696295629,-0.12834215203045837,0.06527052540676981
0.015209953583525145,-0.008859967754735841,-0.001636766915179374,0.007492229498280431,0.017175087273681017,0.014927650097719652,-0.1259060375091093,0.07344870577970326
0.015253470443570508,-0.01001253391172556,1.8782990366149543E-5,0.007829812058098087,-2.360493947652342E-4,-0.03735799640392801,-0.1028163270317449,0.12929044536119952
0.015303815077641223,-0.009867401404797664,-1.9214048055833915E-4,0.007729523882132439,-0.0026199119752245673,-0.03073091145483381,-0.10622884490270555,0.12032626170795262
0.015228512318625782,-0.009347351956998418,-9.642002830525231E-4,0.007735304613378552,0.004610033871641788,-0.008510319565916503,-0.11995658269103657,0.09954608090293393
0.01523536283336329,-0.00903690811590718,-0.001389165669343477,0.007563678145260239,0.004348918253468414,0.006379190490425073,-0.1238676524681512,0.08238254619015452
0.015238910054630626,-0.009201629538877097,-0.0011636574822012616,0.007648831263914268,-0.0035859439382149444,-0.0014904600146169904,-0.12190432300917563,0.09123949298031168
0.015312439001205736,-0.009698039013396362,-4.354753861968587E-4,0.007689270321132661,0.009217047396673105,-0.023565916906674866,-0.11045187261343349,0.11241397448264347
0.015306145117262547,-0.009496137133163144,-7.245144549164039E-4,0.007648979788723543,0.012225292258868122,-0.01482059234346854,-0.11506215762057938,0.10322800374324984
0.015234855372408682,-0.008243967068627539,-0.0023216441946567394,0.006938960047379706,0.04529409188354569,0.04250054192380987,-0.12269715495854071,0.03797237154251599
0.01500807007961965,-0.007187020279544025,-0.0033887516120873176,0.006036806486026762,0.11736678712890612,0.08439530103470873,-0.10561273499352315,-0.011706555166207673
0.015419190633612757,-0.008063642334712653,-0.00231853491448268,0.006519106907916986,0.052880223578841486,0.0458384002600413,-0.1141548212412062,0.025250792821182113
0.015353716494630123,-0.00784404298050485,-0.0025637600155281426,0.006392047230387722,0.06482719911517287,0.054986807888233825,-0.11258021902103706,0.01570283964845531
0.015271887698786008,-0.007619443375781518,-0.0028166523065463775,0.006257000340294986,0.08073791309637403,0.06434977995230375,-0.11035590482446367,0.006143102595518822
0.015136468098956768,-0.007399259144577262,-0.00311352802251162,0.006160217313766887,0.09919535203370546,0.07470154482569467,-0.1085541198597043,-0.002885183271821801
0.021555385550700034,0.009103876147640678,-8.365721981524716E-5,-0.0019183531299931593,-0.03178309737616019,4.7413270226268115E-5,0.031116581562110255,0.004998823180937758
0.01902097973723852,0.007121291153844422,-8.295263676208841E-4,-0.002996743496067058,-0.01951044014950899,0.024417747032571494,0.0441695623996088,-0.012415268070521556
0.017037230330430288,0.005908917958626744,-0.002056822606014679,-0.0035266304960924004,0.052249405219538005,0.05744461254905477,0.04898946980342448,-0.03299169267795213
0.014543653806296363,0.0037311879418067692,-0.00415723115422082,-0.002513716354878818,0.16019215824686625,0.0937905783571765,0.014957597721090857,-0.05980171339106171
0.01623266921787063,0.004210988008218763,-0.002859920999764386,-0.002662365729568427,0.07568636380702311,0.07449037019250661,0.027959846795057624,-0.04889023094814172
0.014194085652334076,0.0023444902432888793,-0.004243588066911895,-0.0014621269200142057,0.12768534152207905,0.0831809697965536,7.064786458838309E-4,-0.055130714645686155
0.012199219582271437,3.9437862046250887E-4,-0.005136754472645984,-1.6661040148549714E-4,0.10412145408443027,0.05936864666891216,-0.0029725866664759687,-0.04407377774298512
0.01068365895188402,-6.683360199168674E-4,-0.0055994483011709865,9.528269373525698E-5,0.07201638034817513,0.041085163133168484,0.01011639330073359,-0.033494397640148936
0.012323303854898998,-0.001621500844401013,-0.005244763908588413,7.28428826194037E-4,0.12319515358736546,0.06986096740855001,0.012934278962670754,-0.04912008757762259
0.01435601981592106,9.583824280540798E-4,-0.004021596553602208,-5.806591773773606E-4,0.09757550666660982,0.07078981535517438,1.4026512896291209E-4,-0.05007828163233891
0.013851391619560042,-0.0046045346481647,-0.004954073279367366,0.003302173654822027,0.24442631537488205,0.1197454204946574,-0.023053422886658795,-0.0676953258010957
0.013570176619107897,-0.00405801595720404,-0.00508303594811517,0.002722354161316798,0.22611810598239665,0.11365680812763912,-0.008884780717102627,-0.0672610273518589
0.013077694415981337,-0.0030836217458867113,-0.005194989591721375,0.0017925257045315508,0.1839928059682601,0.09666923032771511,0.008896244305130386,-0.06119317973347139
0.014061799949082812,-0.0050847043856560165,-0.004827346958593599,0.0038310783896520584,0.24781392315860357,0.12210870284091824,-0.036825569513198826,-0.0658656331025086
0.014169707890522375,-0.005559458602334466,-0.004771486388001715,0.004387751273950972,0.24863967168794554,0.12521570111221977,-0.0539110519534643,-0.061599884527900974
0.014395157879460965,-0.005906301828865009,-0.004502755605087168,0.0047732909715122495,0.2285066301805285,0.1199975682513149,-0.06648971674663927,-0.05446253955234613
0.014536209747152681,-0.006488352012765212,-0.004263359122220894,0.005486081021896529,0.19978233740252652,0.11417851836785399,-0.08863305263553554,-0.0398204427558895
0.014458684544060588,-0.006241144237086769,-0.004404731874083624,0.005190414549271271,0.2142876325706249,0.11827554951139278,-0.0797291041444541,-0.04692321746348002
0.014884811711163237,-0.00690866216587063,-0.003673107745684586,0.005798357313821718,0.1430053727692289,0.09483611618947212,-0.09908586964326661,-0.023059373328599198
0.01477435534482325,-0.0066474757536301434,-0.003907130352707723,0.005546250139213887,0.16465957673649845,0.1032817781086937,-0.09172378687934396,-0.032723409060939214
0.013981386228482584,-0.0023139711016621706,-0.004381166954193999,0.0014219292041800682,0.1317279278189874,0.08152927862475719,6.554029074734385E-4,-0.054627534746233095
0.025,0.007110403506374492,0,0,-0.22246461180457502,-0.0010429328655608386,0.026693163125963176,0.0056363643047532335
0.014381534484329045,-0.012408766398519247,0.0040185980053980795,0.007295566626872572,-0.24993451989322954,-0.08790035064437231,0.019170169405994912,0.19625827633696905
0.014549676917645318,-0.01240993947203243,0.003754165232615791,0.007089592736892276,0.05621352132804593,-0.08821945662035326,0.013427323122460278,0.1866478600119024
0.014460272179321105,-0.012543117175627847,0.003985966673472243,0.006991956832951926,0.08821072542668047,-0.08718830785769437,0.02206482433916271,0.1864348586346509
0.0143037118419788,-0.012545204192439473,0.004237396495141912,0.007170822940290163,0.16735077408265045,-0.08638590952828547,0.02785093374704047,0.19502827950815446
-0.006147433031857423,-0.006812880963004882,0.005307059569604592,-0.006419561713792816,0.25708897991023577,-0.07302631244975152,-0.06102433332815286,0.1728844420737732
-0.006089563971336518,-0.006657081650961865,0.005227463369264885,-0.006117026433401997,0.09268022668015143,-0.07134093894576342,-0.06062404969264721,0.16167729117821958
-0.0060492245102820915,-0.006935465283302502,0.005108942276104464,-0.006578445107446185,0.011837409471853745,-0.07678989323837171,-0.0537200604629025,0.17716923917193572
-0.0059947992200136005,-0.0067828535190520905,0.005046951076876035,-0.006285564980536062,0.10853806249676705,-0.07474434315159205,-0.054349012915830774,0.16621728368886238
-0.00577835898009388,-0.0073208682191713715,0.004464467947984528,-0.0070316010550358285,0.22600562896595253,-0.08477242495431148,-0.030057995862836372,0.1853865784446306
-0.005678076549693716,-0.007165884881394296,0.004394913853808827,-0.006707302331200939,0.23171497651476503,-0.08282155523923905,-0.03134620634365954,0.17450833722030576
-0.0058645967077086796,-0.00718958373010223,0.0046869885668836785,-0.00688526829421644,0.06064853914331935,-0.08274991678375233,-0.038243250625293386,0.18329494669880816
-0.005778225255291921,-0.007033442167967815,0.00461413340210438,-0.006570297757580759,0.23814923572046012,-0.08062833475693702,-0.03908855171776809,0.17229613316906
-0.005954915005069573,-0.00706107377027107,0.0049047222187631545,-0.006732006663815668,-0.13990400794228608,-0.0800773186714256,-0.04624154056522475,0.18055676454103098
-0.005882508104647211,-0.006917872808798369,0.004824877488208073,-0.006448160281724686,0.2277531827835753,-0.0781494371319225,-0.04643767389475464,0.17006666057434586
-0.006392574931407119,-0.005831363611834969,0.00561413755566835,-0.0048459769505861975,-0.08352473230401625,-0.05374790153695485,-0.07127944849162292,0.12421222961101468
-0.0062974514802624955,-0.0060143610873933245,0.005518799787041263,-0.00512162482115678,-0.052793712911111235,-0.057988696840157776,-0.0688594775304005,0.13244017229221708
-0.0060226380062776514,-0.00648859699163068,0.005132825341257362,-0.005817707592044862,0.043743180175087236,-0.06966801578302072,-0.05699465349251274,0.15279151820979733
-0.006100665689899404,-0.00605650661529791,0.005232476081149398,-0.005171890173879974,-0.019102612663508208,-0.0626353987164506,-0.05981950973855188,0.13462525557439292
-0.00599498328057514,-0.006259295924921614,0.005091595855377194,-0.00545624467021411,0.019042838693124824,-0.06691388379106562,-0.055511179738496716,0.14251627759184318
-0.0056962881580212045,-0.007454795807560529,0.00423794917083773,-0.007170388387088629,0.35304769853173473,-0.08617858843598723,-0.02175267013507133,0.1868265512418641
-0.005586970407384849,-0.007305519713535637,0.004177592999352059,-0.006847269755906112,0.22521737067641281,-0.08456270536937681,-0.02352347426597205,0.1763436042987997
-0.005618465515670955,-0.007591233601480753,0.004006126588449412,-0.007302433981523459,0.5206031162362588,-0.08700104865522133,-0.01332946641902385,0.18771346726047344
-0.005505678139737084,-0.007448400576789083,0.003963373331617461,-0.00698580799811203,0.21369333409435298,-0.08580251493164892,-0.015727273623485596,0.17766401077517688
-0.005544967222482057,-0.007730047808600201,0.003771188227558024,-0.007426646201966585,0.7117869976507499,-0.08730863931983619,-0.004832004495553067,0.1881395531891176
-0.005437450444831835,-0.007593270045142688,0.0037558994962731637,-0.007125170714080308,0.19906686931723197,-0.08654660649582435,-0.008086612881969274,0.1786043290818505
-0.005475864446977091,-0.007871104159928416,0.0035461695384386392,-0.007536779675387839,0.331742631624121,-0.08726826207395548,0.003556540819319217,0.18764165370964722
-0.005385859526044222,-0.007734510890978184,0.003562552934955006,-0.007261899642885262,0.22535592482920605,-0.08682309044393423,-8.650062419309801E-4,0.17937357945915364
-0.005411225499911389,-0.008014263716568458,0.0033168676742605127,-0.007640386415330734,0.013610819717439276,-0.08683317849896705,0.011826894564272142,0.1861956910049534
-0.0053147020614375574,-0.00788586284150429,0.0033265274197303014,-0.0073801328014622275,0.3540968939276603,-0.08643373675591794,0.007559643310130572,0.17854766038283076
-0.0053511157673393935,-0.008159381790995318,0.0030728558107700845,-0.0077416352024815395,0.14452351483533096,-0.08566609161946033,0.020201457848734342,0.18393797921330526
-0.0052380054486688005,-0.0080250642635753,0.0030912847842466747,-0.007464979784388803,0.3525307261893072,-0.08545458440743604,0.015285498649054234,0.17636441216772814
0.007505434153896346,0.0036771164104798353,-0.005860037677363725,0.0020345454324277833,-0.09125458722962783,-0.015590718012514127,-0.0625788224627294,0.042602907648071675
0.008019016941066645,0.003147571085386635,-0.005948035668917072,0.0013994492743235206,-0.05193375841686571,-0.002957997914676794,-0.05711604932534826,0.021802132296606883
0.008542338573624802,0.002596338784479047,-0.0059504085297076795,8.47771421860302E-4,-0.014311275355142223,0.00924939273974272,-0.04862521695916208,0.004239844966143374
0.005360359612150855,0.004655259163949866,-0.004187258898501596,0.0035186485803638565,-0.028080026004263712,-0.058382945166365795,-0.029794644188866248,0.09795181533293214
0.005797201108025779,0.004567936114301311,-0.004604254395179952,0.0033986832268772553,-0.05138592177869429,-0.053779593426384054,-0.03948209440383443,0.09302217875002398
0.006059500943494178,0.004238988625718388,-0.004791610859090527,0.003038379447531906,-0.06430406626867852,-0.048314239685922404,-0.04292277466638606,0.08352683218582115
0.006890246473005715,0.0037971426223246674,-0.005411978410286274,0.002406234528572377,-0.08842568489909096,-0.031183313719245796,-0.05453908074268276,0.05987646041147452
0.006502750171760606,0.004119657167414191,-0.005175622908423744,0.0028215384512854306,-0.08352368333939444,-0.040260179752399115,-0.05130512292950751,0.07369903470301492
0.004713608965442736,0.004259983809733722,-0.003561176201629678,0.003171242384152003,-0.013182777658831255,-0.05888884922773526,-0.017551983727107607,0.09419768394427107
0.0062277098531880746,-0.0056392226780246045,-0.005331003228682415,-0.004586996022024202,-0.0689366152924365,-0.055787610308029596,0.06180994882940132,0.11813694179337923
0.006334607817061325,-0.005142374473799442,-0.005327053335190938,-0.003943887434169137,-0.0929366139099388,-0.04934792063550996,0.060411223592055995,0.10100918239596536
0.0061826002355386735,-0.005366525933753091,-0.0052046013631485135,-0.00423858703020432,-0.07389870606587223,-0.05406212076944922,0.05766677233324245,0.10943359456987438
0.008945666172387703,0.0016795477968800038,-0.005737410682809134,3.810759042716059E-4,0.014804693622734847,0.011905404806567712,-0.030509511256182037,-0.006886054204088255
0.007888671252090222,-0.003500156800309484,-0.0060474142415208225,-0.0016957736176970559,-0.07899812481450397,-0.004876537591010596,0.06393501616630043,0.029907624659721688
0.009363631677635646,-0.001590259189147469,-0.005793609174418067,-2.1819193703803355E-4,0.03260904773311873,0.021451871867732897,0.029009315375556767,-0.015727206427349354
0.009123996263654996,9.388251403583195E-5,-0.005530360291351419,1.4913272855558984E-5,0.03131816368906554,0.011497457819749554,-0.002018535175781549,-0.01180477739613281
0.008249145515402751,-0.002180639357331774,-0.005659118482755711,-8.070470470687988E-4,-0.00855036461502248,-0.0013156570695967917,0.038594736480725096,0.009819768196415125
0.007804752031277425,-0.0028049325135211384,-0.005673888806309051,-0.00130581412956737,-0.04460454839868428,-0.009546326920269327,0.04829107531163652,0.024728828657123992
0.0073162339271757235,-0.0038055529709825724,-0.005771692810017032,-0.0022331003293448383,-0.09460347109101898,-0.020478552116319913,0.06244963301065457,0.049738628421087054
0.006958130113008847,-0.004352252146188052,-0.005700369713053632,-0.002886689608489412,-0.11609258865253472,-0.030607074090213095,0.06534961818304864,0.06861930185963803
0.006582251034182804,-0.004614875958963559,-0.0054245648278585575,-0.0032899180224577546,-0.10522177889083303,-0.040609714698875796,0.06005861528854693,0.08244732847352183
0.006223176224430818,-0.00475133688488141,-0.005087438258459919,-0.003523420260958462,-0.08184371953052717,-0.048631400751836786,0.05204768303509516,0.09171938328019404
0.0058224558251077805,-0.0064005323392099115,-0.004832202127487104,-0.005621949561915174,0.053642247035669104,-0.07084152515430252,0.04713536394964119,0.14650348895181733
0.005687141962453003,-0.0065554313148577445,-0.0046160123557639115,-0.005801213636548029,0.08420596084438038,-0.07405135573563355,0.03996662868649093,0.15056044380135156
0.0057695551629282655,-0.006205332251449705,-0.00476615200436655,-0.00532964423668189,0.029725931181650588,-0.06896225172547764,0.04513152669038435,0.13845634410728555
0.005856037355824978,-0.006022302533420326,-0.004882767995358433,-0.005093415038946953,0.003094548275899924,-0.06589242356137935,0.048775286211913765,0.13244198810202715
0.006023289880997278,-0.005814794605478705,-0.005089740521098583,-0.004826473786385192,-0.03456909764974383,-0.061263775431570223,0.05490642267158436,0.12527131398489477
0.005606699390738257,-0.0069967081578995475,-0.004369031182804705,-0.006407123547814701,0.16918414979414706,-0.08038069778351993,0.030592308142272876,0.16561807407880655
0.005578651042067744,-0.006767220860416399,-0.004410133508470969,-0.006058343475173789,0.12424027646930447,-0.07728421350942243,0.03288558171133394,0.1561924496970367
0.005475864446977092,-0.007871104159928418,-0.0035472600396248624,-0.007536046083476788,0.26286275177526225,-0.08702017545546152,-0.003541197628745363,0.1877132024873134
0.005377135560020511,-0.0077453852626355795,-0.003542606491460386,-0.007267352002277264,0.2792138546353426,-0.08691583032889748,2.1801873548555497E-4,0.17918392412979992
0.00541122549991139,-0.00801426371656846,-0.003303192384494316,-0.007646244283021509,0.5517086744905403,-0.08630233102670819,-0.012082277366976023,0.18645892551267548
0.005255567785996024,-0.008029782907381494,-0.003106150784498899,-0.007487417260326705,0.2774446232481726,-0.08575578684485687,-0.014960018103507592,0.1772651867987096
0.0053511157673393935,-0.008159381790995322,-0.0030705054515144103,-0.007742690771873429,0.18246636401238883,-0.08519977004411024,-0.020328509595414813,0.18435437519599004
0.0053083273728855756,-0.007882224369460619,-0.0033240365176385876,-0.007370063040695529,0.2800869126641881,-0.08655020434165056,-0.007342058502030415,0.17816353772949592
0.0055108806739453745,-0.0071390266472522185,-0.004162781375895309,-0.006551931499889095,0.2041253504992804,-0.08210550603444965,0.023370584170846535,0.1676432891517148
0.005461644647632631,-0.007320144402316131,-0.003988529940429095,-0.006771511377099549,0.2280667687939638,-0.08391902777030004,0.016879008098012058,0.17164058167136803
0.0052916303105495985,-0.00761647499952386,-0.0035455605571849116,-0.007026353554477791,0.26106538710333094,-0.08490152226062544,0.0013962766674381253,0.17218715097176485
0.00531121645801425,-0.0074391842766572324,-0.003705774664471682,-0.006814672876011097,0.23156729178085783,-0.08381925452153098,0.007557187404028872,0.1688337138182725
0.007110403506374536,0.025,0,0,0.22944441530913381,0.00588674281199415,-0.026019226156834985,-0.0022867023928294515
-0.009827452177374433,0.015308983004310326,-0.007716061564060414,2.4955382687186033E-4,-0.016824524413970702,0.13517289715764788,0.09887659625290933,-0.042356888931206364
-0.010004592834504238,0.015309319697877405,-0.007726095308094864,-7.829553880637402E-6,-0.015449030839398387,0.12836403114500472,0.10436431664728806,-0.035741247339759315
-0.010162250181389164,0.015271507705606636,-0.007788575191014538,-2.4043245656465086E-4,-0.026154851765161045,0.1237469084269079,0.10953591399682443,-0.02988189808760821
-0.01030986787176037,0.015305217790673202,-0.007704985656179519,-4.5039010229895013E-4,-0.03576584067610419,0.11515556659415903,0.11256068156305776,-0.023258141190293447
-0.011090665429940793,0.014879595159429932,-0.008129519468007858,-0.001812770854933984,-0.23923452994583952,0.09000563519201636,0.13801729508617597,0.017703190658746346
-0.01093683137430405,0.014911450597951645,-0.008180858531411626,-0.001565404322218909,0.12814655921991527,0.09858865024908303,0.13559119877959522,0.00938089049665384
-0.011047325196289101,0.015026809901555045,-0.007884789464463015,-0.0016424776669764698,-0.02786977237417022,0.08793241929578854,0.1326933455466699,0.010796905077410136
-0.010782083680081914,0.014938455742167742,-0.008225107707492482,-0.0013126472932729726,0.2751993255315073,0.10705519210492058,0.13263672992101347,9.218947871870017E-4
-0.010877183991648425,0.015065866679164937,-0.007924293369072783,-0.0013722615401866413,-0.10859719009224388,0.09686134591257156,0.12970559132632556,0.0017408285673498308
-0.010626579228399676,0.0149605844888015,-0.008262897996137667,-0.0010478079008504754,0.0901059967889785,0.11536411845216023,0.12919242077130247,-0.007498783886898502
-0.010725768630552546,0.015104854499275495,-0.00793471369171912,-0.0011281033336478891,-0.07670528262602881,0.10408491282033232,0.12634721354707615,-0.006033285461386678
-0.010565520779188967,0.015130743278184955,-0.007955425921663395,-8.771378748480546E-4,-0.03047062878102431,0.11182503904193912,0.1226568617244499,-0.01379667913548612
-0.010496678192749373,0.01530896440628532,-0.007651948868028194,-7.160480751224548E-4,-0.033607615777475404,0.10594682417197743,0.11641290533781114,-0.015136127721417423
-0.01240876639851925,0.014381534484329047,-0.007305388023338606,-0.004000954150624565,-0.45729340256123124,0.010142184914891194,0.13629688506599347,0.09686517642312308
-0.0122699521913998,0.014455032777517944,-0.0074235173747815185,-0.003777400620118297,-0.1733429852764116,0.01867740937406453,0.138590351122536,0.08869226647878865
-0.012411369885155892,0.014544231326062366,-0.007093170373671675,-0.0037640083453693587,0.03544581951452119,0.010282070733976465,0.13151478151667903,0.08708437554157074
-0.012128895840071584,0.01452413555302291,-0.0075352217024425095,-0.00354902884817895,0.09776396301943412,0.027434865427266465,0.14033429057214453,0.07999971084096484
-0.012254556577949665,0.014618673420283466,-0.007225354168481396,-0.003526746300967798,-0.05692105536715838,0.019515361140623855,0.13404006296189072,0.07806120662131723
-0.011985736283431542,0.014588774500088612,-0.007646395240568281,-0.003302658760198809,-0.2666502268601475,0.03635481162251008,0.14160288975792895,0.07092297035100638
-0.012119472437234187,0.014690704606557067,-0.007314710469223288,-0.0033046530767254193,-0.04373628686840356,0.027285902592508928,0.13531049322347308,0.069870254691849
-0.011840618209004684,0.014648884232660605,-0.007744390081090054,-0.003066036673041983,-0.0591090251679662,0.04524105077293102,0.14231410794808844,0.06220417486488208
-0.011971645029901355,0.014743533037021545,-0.00743078587394,-0.003087597672998476,-0.012228353246015393,0.035913863638439715,0.13681312010931732,0.06187699888801137
-0.01124342629880737,0.014842921746160493,-0.008066203945067754,-0.002076343193319268,0.18157327294593797,0.08112274752987415,0.13998205281093598,0.02664347194423831
-0.011202976877598235,0.015001749061885417,-0.00781341757066918,-0.0018788901728998841,-0.051225351142332835,0.07924786052853648,0.1343436350695009,0.018742889800415427
-0.011351231442974202,0.014953355265686398,-0.00777039039253533,-0.0021195198730930686,-0.07625092756328845,0.0714138024391366,0.13610929735181657,0.026958814288154564
-0.01139495244676372,0.014801469324203571,-0.007998965929677256,-0.002322213232968526,-0.10378682240533339,0.07223493140157645,0.14140217371645103,0.035401618377320865
-0.011693686304088876,0.014704405031812392,-0.00783468078111257,-0.0028270180678813626,0.19505824860708845,0.05416409861965435,0.1424975220108147,0.05327989449543131
-0.011813679299485699,0.014805744209747413,-0.007529773376201925,-0.002840854274836216,-0.0951684792309035,0.045180803821472694,0.13748004859227683,0.05270651979113657
-0.011545084353673888,0.014755282782341356,-0.007923406171306392,-0.00256781785590038,-0.30588062078139644,0.06329015742968541,0.1422165764101763,0.04403936389944144
-0.011514749901359287,0.014908231021836433,-0.00769136422011851,-0.002373561545144842,-0.0036533506706315565,0.06216281170359551,0.13709458074602113,0.03594769620901253
-0.011665493955794373,0.014871539528241412,-0.007595280151801504,-0.0025959652423854155,-0.04855899060375849,0.05344646212510445,0.13714210137405372,0.04390189396779961
-0.007017539700509516,0.015182364668202697,-0.005676729990581081,0.0032665353657046277,-0.12877288236933945,0.14509814040053023,0.0031106623177305924,-0.0775780505150838
-0.0072653485486359635,0.015228877817125282,-0.00591278100244717,0.0030870804806257704,-0.11073681195538358,0.14867189252636437,0.00982337202985429,-0.07830420475847646
-0.007435176262539581,0.015288299338805655,-0.006039442614625563,0.0029207223026462776,-0.09517256643642683,0.14956422401529412,0.0154545745324197,-0.07808757538939026
-0.007664919307858418,0.015410306483827685,-0.006145608623202597,0.0026415363172941253,-0.08649514589551978,0.14822827293676213,0.02438190297981681,-0.07659620769796145
-0.007993146882546355,0.015396706345492372,-0.00648005650047835,0.002398881534532486,-0.06617901675974931,0.15253164170561054,0.03361524072780248,-0.07619296770846247
-0.0093652783415077,0.015388425856190557,-0.0074569883478513175,8.750399420116703E-4,-0.015743080028148306,0.14429714493533743,0.08218663237402352,-0.05561247979459206
-0.009535894563766146,0.015443827160446197,-0.007416782854727118,6.287935609352154E-4,-0.018284875604878376,0.13659089369511015,0.08759087201644798,-0.049740479774722034
-0.009034726981748743,0.015446919301241903,-0.007203979303699475,0.0012703924630848697,-0.024009099941298493,0.14720184510894782,0.07022744130161505,-0.06247920989509142
-0.009219646136079207,0.015487546477565612,-0.007228225481977922,0.0010218761536089109,-0.021237652313539437,0.14155423189389454,0.07667275238129045,-0.05745977511196977
-0.008254019714833496,0.015541018438830458,-0.006522299844833586,0.0020417096243838476,-0.05134827025138506,0.14666840065726336,0.04430491745081359,-0.0718130199089337
-0.00855051233897845,0.015589213415540296,-0.006681338920003617,0.0017199663292438822,-0.03925524153710907,0.14366178020221534,0.054319250020279465,-0.067700301910976
-0.008840157093121428,0.015583121477700568,-0.006878204998225155,0.001418440958790819,-0.031010535950581262,0.14181938689791843,0.06389989503633568,-0.0634671773993881
-0.009722339265234749,0.015470095635086684,-0.007412368827161093,3.7320144503205145E-4,-0.019278107104298243,0.12930797586296808,0.09331449948930519,-0.0433823544425861
-0.009605701198805425,0.015602242912769407,-0.0071647859051475055,4.989689180797966E-4,-0.02310343582098001,0.12539005648744697,0.08812502815590938,-0.04491570809677735
-0.005829557350546579,0.014941847584524576,-0.004475853402227544,0.003861829793773278,-0.1867308012059292,0.1222902594658374,-0.016806447293166608,-0.06964925720946182
-0.006523751077677609,0.015344035535346169,-0.005014646719090671,0.003279159653076249,-0.13680141382387323,0.1305970512854805,8.613437216306541E-4,-0.07318587242603126
-0.0015412489723241486,0.01453474054666401,-9.401638167676839E-4,0.003944984796317503,-0.11358732487213215,0.058988580596015285,-0.011264421853342158,-0.043280624358242835
-0.003311353472291885,0.014678696654144832,-0.0021777236171551515,0.0040068865568686,-0.1475152781887155,0.07739839176574485,-0.019928383802353938,-0.051441555238429956
-0.004887331261513765,0.01482856985876167,-0.003531194315400718,0.004005734475842373,-0.18417835648545264,0.10249456030398932,-0.021671044247760698,-0.06180844565877668
0.0011455666637836754,0.01675535357979908,6.529998613087469E-4,0.0025684670788565854,-0.02651557107974287,0.06992442980139019,-1.7950833540274867E-4,-0.04955366877793262
-5.538382078891085E-4,0.016088589920083635,-3.295140545801866E-4,0.002949149633688974,-0.040534112253843825,0.07065082730796099,-0.0011993776653933968,-0.04946978077058088
0.004879201464255853,0.021633180771810454,0.001253534484725737,3.888058095493536E-4,0.1826716633640448,0.02753127246525341,-0.015161158380104902,-0.022911404867573277
0.002394992890698175,0.01946280516649964,9.939189602385789E-4,0.0011870792459184364,0.09752761830948532,0.05043012429220948,-0.007001187300297972,-0.03880272959267594
-0.00706107377027107,0.005954915005069573,0.006741241983121644,0.004891637161208554,-0.3889655217070716,-0.030357231916657835,0.10549294849615108,0.12090223129110216
-0.006904862386382018,0.005878805467582114,0.006427111548003115,0.004822930727268217,-0.2184517784284202,-0.036568194189318885,0.09733096214546842,0.11817011584858554
-0.00718958373010223,0.0058645967077086796,0.006895204119773842,0.004672585837863046,-0.7022827879021781,-0.02379382054926214,0.10905632894691779,0.11316469860329514
-0.0070339418754224205,0.005795665933345538,0.006582408791763138,0.004641405874094367,-0.13385027303762234,-0.030619385174268352,0.10112558257949873,0.11139185525716049
-0.00718539509314137,0.0057151704091863344,0.0067634632688891505,0.004440783542554164,-0.26458494072702005,-0.023432842639503727,0.10535694236506284,0.10381946011483266
-0.0073208682191713715,0.00577835898009388,0.007028596801020133,0.004469420511938779,0.08531983141538485,-0.017083700877131413,0.11187216781519843,0.10539418048633836
-0.007454795807560529,0.0056962881580212045,0.007170231779953954,0.004238252503912376,-0.46652769173906977,-0.010127630820129173,0.11445687071758891,0.09682977081761264
-0.007591233601480753,0.005618465515670955,0.0072960630506905865,0.00401777687618678,-0.08189637448881903,-0.00321473374804966,0.11650168767440115,0.0886810423141422
-0.007450090969450932,0.00554249473453348,0.007020726726558755,0.004012478834572653,-0.30221188898552825,-0.01061167359742784,0.11025208059144424,0.08815852316062549
-0.007314520549930044,0.0056150028840000355,0.006884104983919806,0.004212358819082842,-0.28709800786367984,-0.017226089201182047,0.10764808522354068,0.09554401288775786
-0.006745391319852894,0.005814393030190872,0.006140826585863517,0.0047678548418363985,-0.1356588789530714,-0.042711844751010246,0.08769428103357547,0.11895193969239938
-0.006650745525586987,0.005957715601436971,0.006054561088723563,0.0050126417880783656,-0.12128705542933035,-0.047165318593207245,0.08586130231418918,0.1268233437524787
-0.006366385313005391,0.006134457559677873,0.005652855671955197,0.00531195552524124,-0.042026136361341664,-0.0577215566092995,0.07368648713974958,0.13760698653223258
-0.00649594854638115,0.00601396624373448,0.005827692954919279,0.005118498464859841,-0.08748759275078101,-0.05277564569397076,0.0787988304870807,0.1312472509159028
9.63984800452413E-4,0.008890980614940947,-2.2017327255485666E-4,0.005561789345125092,-0.044487143838848234,-0.03944654389512842,0.014384484295391383,0.051788940278332314
-0.0022665191957745357,0.00856044631406477,7.132878219075293E-4,0.005818554795333068,-0.02056336208854739,-0.046524465587531774,-0.02977856987733504,0.07068215312095238
-7.658350183174566E-4,0.008812977976989975,1.871234634007976E-4,0.005513951899272781,-0.042927809495560514,-0.03869065978474822,-0.011061569036785394,0.05037854191000444
-0.0054929803448151475,0.00642152685482341,0.004369385205404197,0.005546457707554604,0.07357207677811856,-0.07334365650998605,0.03286060327750522,0.14238771935138195
-0.006129280773608429,0.006144924353505776,0.005285529241245388,0.005306765218211495,-0.013946328808843809,-0.06317156162501424,0.06159737017204349,0.1382770681457541
-0.005637367031341947,0.00620279535204319,0.004586251696007877,0.005295781904435544,0.038601442259298485,-0.07007259171786352,0.03975676642116805,0.13702368663956024
-0.005829935584821185,0.006021497663416174,0.004847183902914955,0.0050883289898578,0.004627754158966029,-0.06614237716125705,0.047750588673055046,0.13218321262901153
-0.004818868969091841,0.006760387601343497,0.0034531402074946386,0.005697217649275644,0.10470039844050204,-0.07529980898705914,0.006748878295041355,0.13745571041194318
-0.005092805650190828,0.006620117824590584,0.0038163158783312153,0.005649613234030354,0.09766564418931745,-0.07534692125418622,0.01693717919693929,0.14060966516953355
-0.005240479286512221,0.0064292908426789135,0.004044327399581899,0.005471102485040025,0.07815190501386221,-0.07386509135686313,0.023756596958754324,0.13852387299077107
-0.0026519554251275093,0.007698499364298553,0.0012623791885724826,0.0055517204173292705,0.017361028014705657,-0.05554492895981147,-0.023224402001588575,0.08786946350823797
-0.0031726590703980203,0.007609901392152865,0.001623461883349609,0.005704515295307609,0.04109928971754558,-0.06061957096953624,-0.02446577039800133,0.1004579834976421
-0.004251761243465951,0.007310747847146329,0.002623451104077554,0.005986539052427173,0.10619030017215413,-0.07226235786298535,-0.01386419880109409,0.12900553017262995
-0.0035615488626699783,0.0072634393084599624,0.0020604573738241118,0.005619661086091359,0.0628533532904043,-0.06516299784686942,-0.018784649978831336,0.11014055861588799
-0.004383927413545287,0.006680987466326427,0.003022508832330767,0.0054384479473007724,0.08233090275886107,-0.07191379711477729,-0.0011397542385296075,0.1264360902929318
-0.007730047808600201,0.005544967222482057,0.007420768674490674,0.003782332580907738,-0.27755490058851257,0.003890120072666458,0.118235461204024,0.08017029578450909
-0.007587020626184382,0.00545569519693085,0.007134964999544426,0.0037841353886882427,-0.36471501405782925,-0.0038357602537107886,0.11194201628906052,0.0797520682597486
-0.007871104159928416,0.005475864446977091,0.0075392194464739895,0.0035406262906396333,-0.6292883655866115,0.011175420449361637,0.11958329366909233,0.07176601186638362
-0.007726519878521793,0.005382179510399705,0.007250241695064752,0.0035654644896092364,-0.28306809782234227,0.002919030743935121,0.11348201971920181,0.07196945029518516
-0.008014263716568458,0.005411225499911389,0.007641924052421677,0.003313099608533055,-0.09764739976432751,0.018491113654804135,0.12042980060353886,0.06366378854716194
-0.007888590571217973,0.005319629183129847,0.007389645765216419,0.0033303933677921796,-0.3390061014726163,0.011029759798203526,0.1152545608956831,0.06351328771601071
-0.008159381790995318,0.0053511157673393935,0.007745992942146428,0.0030616876169849293,-0.5421879571323929,0.02602959101417549,0.12092715521958297,0.05509797918503922
-0.008032075669999158,0.005244086531406569,0.0074804006179408486,0.0030912908263061177,-0.3252867829226331,0.017940658677945084,0.11562686197448611,0.05522355410734465
-0.008306313695911127,0.005295594968187608,0.007838103278924698,0.002817896264264581,-0.5030633699581669,0.033553101470301966,0.12100551700213834,0.047031393578673565
-0.0081803853937702,0.005194507371418568,0.007587536247384361,0.0028702928483257707,-0.2638243242625986,0.02531110537780387,0.11632007888389219,0.04763469197307895
-0.008454915646326116,0.005244717217658646,0.007919800588765267,0.0025791757651099723,-0.08381599749976985,0.04109483317282311,0.12064409595279192,0.039020696864547295
-0.008343899288793947,0.005142322583730135,0.007693416921298821,0.0026211621691520676,-0.32816757940765856,0.033506832211648435,0.11653376631340477,0.03918749809197378
0.0030130744785031747,0.005702869396823263,-0.002052209196784857,0.004246775164022333,0.02314754724549492,-0.06153730228747396,0.005011860290307669,0.09784319235637064
0.004088090076672894,0.004576573571473604,-0.003027281037791873,0.00343230009550894,0.0011689575525262827,-0.06136188594946551,-0.008985755430588114,0.09791353442587515
0.003492404943879132,0.005041719127105528,-0.0025089879840427373,0.003778826674342168,0.0150620000087211,-0.06211776957920855,-0.0014365521111476152,0.09903734768500905
0.0016099621418025237,0.007402448670551948,-7.910029433408044E-4,0.00510729376865461,-0.003213438871953884,-0.051562088157288084,0.014255003060876984,0.0761349021271186
0.002215046593082112,0.006100983608047943,-0.001407815924609222,0.004411774088678189,0.01678884837647122,-0.05777961954388966,0.008963629353972732,0.08913007300158703
-0.007014175417026906,-0.005588590324248969,0.00642283717816832,-0.004335681523839178,-0.20884644400334093,-0.03116489397535924,-0.09428976901622778,0.1037182462739079
-0.006677028791433201,-0.005573604286742847,0.005929487488692694,-0.0044280414421558,-0.1389713494907151,-0.04346466144631722,-0.07964261848606381,0.11021992130310561
-0.006839138549753275,-0.005485290093692173,0.006114488013590407,-0.0042559423343443365,-0.1660124214941512,-0.037558756420942335,-0.08451539862013822,0.10377072044385231
-0.006283309558880516,-0.005574807756022749,0.005389084614160495,-0.004496210073750353,-0.07922750644928367,-0.05406435701589796,-0.06339743210993261,0.11537414668382727
-0.0064709253621172995,-0.005446734111122629,0.005598054169172334,-0.004299609111209105,-0.1078254884269874,-0.04852862743691855,-0.06917912558140317,0.10873588837059249
-0.007730047808600203,-0.005544967222482056,0.007424197073507042,-0.0037757949665006116,-0.6060795818987399,0.0038299000856062975,-0.11842480194349343,0.07994817143589782
-0.00759509017032249,-0.005449032964677899,0.007139091846376102,-0.0037700840275243304,-0.2845860342195206,-0.003524201396816445,-0.11178667047037637,0.07926993505624967
-0.007739153305349741,-0.005388921518463182,0.007271465001104799,-0.0035630178628902848,-0.2801379499436761,0.0035636975494045607,-0.11380479616528207,0.07180212298126437
-0.007871104159928418,-0.005475864446977092,0.007535615623710456,-0.0035483904141285975,-0.27444505924707435,0.011037463387025798,-0.1195823036877537,0.07182691025235116
-0.007166716582144958,-0.00550216241521108,0.006586877045357272,-0.004136954994492333,-0.2399890927179782,-0.024551371251548132,-0.09813339293008037,0.09626487274769656
-0.007328312619400432,-0.005473921495759239,0.0067938517660268444,-0.004001585242482111,-0.25901571638875853,-0.01711343468308376,-0.10338513243235121,0.09011124161582199
-0.007438334239981567,-0.005344187322886481,0.006841769854108968,-0.0037508521132689873,-0.25872864314862837,-0.012452491065392958,-0.10316040667718869,0.08212173936785082
-0.00801426371656846,-0.00541122549991139,0.007641984782186991,-0.0033127972609661538,-0.16914302258715228,0.01839783707461445,-0.12043744135729119,0.06342603911282944
-0.007894967737777817,-0.005311481605911982,0.007388865555370037,-0.0033149181773522384,-0.3618992495849413,0.011281700835927293,-0.11498349728627331,0.06288874438282159
-0.008159381790995322,-0.0053511157673393935,0.007746083167475074,-0.003061559078734589,-0.5565037994027806,0.025873950748862184,-0.1209310405510436,0.0549292289671916
-0.008030148338306979,-0.005242428677114284,0.007476221703897535,-0.003092297096484779,-0.32013626877472734,0.01781590398772193,-0.1153883739100849,0.05519262768120809
-0.008176525356810687,-0.005195170490544772,0.007584601638216361,-0.002874871523017761,-0.28829193427459593,0.02514259993130168,-0.11616125110316898,0.047750526904761975
-0.008306313695911128,-0.005295594968187607,0.00783667922609462,-0.0028220227114290606,-0.3499082987188436,0.033282570808433394,-0.12096051144473248,0.04695231097431455
-0.008334891715346753,-0.005138786418485898,0.0076818647364184705,-0.002627309355588952,-0.3723581864494056,0.03306638325011235,-0.1162512615341096,0.039339736284989886
-0.00845491564632612,-0.005244717217658645,0.007918098842291098,-0.0025845508750914296,0.062834749324734,0.04070154622968125,-0.1206000194777684,0.038916516483949136
0.01502007854608904,-0.011039540970542414,0.0016363887789070544,0.007902844658613406,-0.030297284086790204,-0.07418250130337256,-0.061855400687825184,0.17272611819753578
0.014879595159429937,-0.011090665429940796,0.0018071737878121346,0.00813075692345784,0.43440468105994595,-0.07520457671131273,-0.059841165013841936,0.18248331802606857
0.014842921746160495,-0.01124342629880737,0.002069422307951105,0.008067908211957764,0.06493020006102568,-0.07898267553860859,-0.05151446541447555,0.18615720348122963
0.014999250673842009,-0.011200845842902901,0.0018787244974350365,0.007819952922863393,6.185168368806207E-4,-0.07781642137629703,-0.053912005730851524,0.1757703626778553
0.014801469324203571,-0.01139495244676372,0.0023217704265947455,0.007998938402647131,0.12772367047580532,-0.0821119896246362,-0.04314554648149613,0.18949073126531144
0.014958673145693447,-0.011358950519249376,0.002125048747236166,0.007755378275673334,0.055105674665313235,-0.08098523445074286,-0.04582800734650478,0.17912673628346257
0.01467625001632953,-0.012109497346784138,0.0033131673061379163,0.007346422881732752,0.09091021300379244,-0.0889263751170537,-0.003839532464486425,0.18825263695731775
0.014588774500088612,-0.011985736283431544,0.0033136438080369943,0.007641658946909499,-0.2008057698829937,-0.08885163130768249,-0.007861905897249404,0.19708177694549878
0.014648884232660607,-0.011840618209004684,0.003063166452418948,0.007745424783662372,0.24943909425004662,-0.08798186268149501,-0.01695504502023129,0.1961963804554846
0.014750636553136812,-0.011966989016677814,0.0030741842379945687,0.007427012003392787,0.07027305851062837,-0.08832803137317213,-0.012405337426707156,0.186876262293736
0.014800089391947394,-0.01182043248997646,0.0028551192202963846,0.007530774129392503,0.055653582012275125,-0.08737937431454279,-0.02053394708864513,0.18627742837352426
0.014704405031812397,-0.011693686304088879,0.0028256288964268275,0.00783524706014592,-0.11780005516213495,-0.08667716929020207,-0.025758557793353034,0.19457287281799093
0.01475528278234136,-0.011545084353673888,0.002576643420460476,0.007920531605706556,-0.041095182699457576,-0.08474096546051028,-0.034493343887080724,0.19232534102715257
0.014915831598813887,-0.011519362795248499,0.0023711766607735917,0.0076758785033259,0.04255413505365952,-0.08366355219110887,-0.03729306311845731,0.1817033832652456
0.014863717560782199,-0.0116656578919622,0.0026043088363232815,0.007607620745592766,0.11206409204352409,-0.08569787487009271,-0.029370051729530885,0.18407482067450417
0.015270013183894612,-0.010161782296837486,2.3957458222955354E-4,0.00779151525884261,0.00950552539448901,-0.042789079998581704,-0.09770571271999674,0.13398551597233252
0.015249475064497295,-0.010345233120166766,5.138288713949701E-4,0.007800919454547187,0.007691829158351224,-0.04970015451728554,-0.0914496969283421,0.14154933193914457
0.015198825289117663,-0.010491566226072122,7.430987065224694E-4,0.007855865850797391,0.021929428900665123,-0.05553230986306627,-0.0861927697641203,0.1492246357921577
0.015226572407718249,-0.010645638460892434,9.572683939330328E-4,0.00774931448220232,0.032221529303144196,-0.059554911672563014,-0.07988899373861308,0.15143886748016192
0.015213749245031303,-0.010832266281185578,0.001227048340084422,0.007686005255929876,0.025314248627277658,-0.0647270143165972,-0.07220259271573419,0.1562055044576841
0.015136215723260543,-0.0109786286614149,0.0014743645166122332,0.007739129437822174,0.036988728892793775,-0.06982903105471094,-0.06561195444792393,0.16369273267153153
0.014732615455696844,-0.012401270729928757,0.0034914201304476725,0.0068851323769509335,0.0545173001198214,-0.08611335813961528,0.005116052858341395,0.17750420599815583
0.014752758747446859,-0.012234353760047464,0.003328458410447406,0.007082226792577455,0.055867902158894686,-0.08700102190661138,-0.0017447410279450605,0.18074771870034276
0.015415165773530205,-0.008945254167282176,-0.0013978173063157844,0.007205373170583266,0.019664378463223626,0.009905621387581139,-0.11878777881539122,0.07042664803718658
0.01528781423328985,-0.008470052880255105,-0.002037707680669158,0.007063390869403164,0.032812171414033205,0.03201975127172658,-0.12290938346678296,0.04899251326224597
0.015387861913267097,-0.008730740115294075,-0.0016684925095947925,0.007110254358134088,0.02309355322296688,0.01958451532020283,-0.12028435049925724,0.05998363086926164
0.015417898904303786,-0.010033767875618906,4.844806182663798E-5,0.007528823449171155,0.012713678408310223,-0.035750906075498114,-0.09924671882967726,0.12056741547540882
0.015454776923627794,-0.009826558874541312,-2.346831436289868E-4,0.007453353783753998,0.013808348400184313,-0.02740418449243005,-0.10405191602340426,0.11049358174773584
0.015391902373595237,-0.009321160171540102,-9.322698669233018E-4,0.00743357414708296,0.013714147598399532,-0.006645215962689125,-0.11571683168292145,0.09059861170879276
0.015418996859812479,-0.009130295711287057,-0.0011669464412783059,0.0073006527643969055,0.017800295255086265,0.0016887094970010517,-0.11726890551488094,0.0799368197447151
0.015480943018833364,-0.00963434220474491,-4.888367984254667E-4,0.007376221801877887,0.011080895186707315,-0.019401987601448765,-0.10781196723975174,0.10097230731471978
0.015505382998491479,-0.009463458543756128,-7.059816157898597E-4,0.007289801828820637,0.011014164185607914,-0.012275430213749106,-0.11042820644658777,0.09217272306912327
0.015600459449286067,-0.009056872046814912,-0.0011655114550878692,0.006970090566222081,0.021721254152212304,0.004375401700037444,-0.11224609118975429,0.06904772438588593
0.01550556159499324,-0.008312142740050241,-0.002017659712831528,0.006618601169589226,0.04025942984316843,0.03486359999723277,-0.11428952712980688,0.03586405672908352
0.01562960221858045,-0.008118907179728067,-0.002089187383075657,0.006298656590684512,0.04839650961116906,0.04037629203656394,-0.10902245639804309,0.024661082841737614
0.015252398079585778,-0.007176555675071892,-0.00310993564439033,0.005794269787150311,0.10698462205689925,0.0771845683571299,-0.09983126964766115,-0.012041519797805897
0.015143223414516944,-0.0069551958231758625,-0.0033405286903662726,0.005640418293102949,0.12212380386312341,0.08512919521389599,-0.09573409189829717,-0.02013119677599101
0.01561207088848128,-0.007869611650934975,-0.002302851821218499,0.0061086378212207625,0.06037150057789408,0.04873919753700675,-0.10606150932165469,0.01431566182164185
0.01556399374692718,-0.007605615776872874,-0.0025334461845202376,0.0059220458089147355,0.07080482555549918,0.05775463974848277,-0.1027133847848082,0.0038876946662246407
0.015469514010069782,-0.0073306564222873315,-0.002796371888448918,0.005750104512528116,0.08891691016900165,0.06762047076795209,-0.09905664588810768,-0.0064514282864898435
0.021938049030708007,0.005435543330248158,-3.0895280948531177E-4,-0.0012581480210410107,-0.1682950313468449,0.018079732761510228,0.023318376000363714,-0.013872690965906277
0.01876896599024369,0.0036607673793183633,-0.0014274520729165518,-0.001690315998786551,-0.04905995583499166,0.04731387365917139,0.020723057850519994,-0.035531982191231846
0.016053079182061385,0.00220239650086064,-0.0029949234733277355,-0.0013354098868715491,0.05967698646540161,0.0700541822187621,0.008962330298516381,-0.0491831064303261
0.014432645464115507,-8.442158330332478E-4,-0.0039670194967043855,5.08939693970765E-4,0.09032147504539953,0.07349233284242802,2.8349252323107776E-4,-0.051010500161433506
0.01597089660429652,2.720166888565789E-4,-0.0030201085876661823,-1.5989088952497298E-4,0.049548849470976736,0.06640938016414945,4.7352630586125564E-4,-0.04757886491061642
0.014345789378833627,-0.004384423302544755,-0.0044201180080798074,0.003103437683779429,0.19648292385320557,0.10742284860286803,-0.023469447081510886,-0.06325032121804453
0.014537119769994881,-0.0033928514343087796,-0.0041284903433008785,0.0022407877565797274,0.14719052150019138,0.09063411558399022,-0.011096196769372303,-0.058772791924397376
0.014765572127096713,-0.005369981366558133,-0.004070683338631621,0.004034660476631541,0.19357029214399077,0.10624138756179048,-0.04854567939498485,-0.05664648897798924
0.014828065006728805,-0.0061874386164643275,-0.003943902285871785,0.004941814908234615,0.18012560414477474,0.10491020187551313,-0.0748417721152926,-0.0441802944661664
0.015151010061857513,-0.006607297666718307,-0.003462347846828926,0.005236521054527106,0.1452224253302693,0.09108971889296132,-0.08439925782501854,-0.03150306905397821
0.015536167637422198,-0.0026276656506811014,-0.0033427629100532016,0.0016480657285963887,0.08515497217949804,0.07624997311113822,-0.009498718943093313,-0.05221205816242264
0.025,0.003548999430447187,0,0,-0.43607626318810433,-2.461573795766245E-4,0.0157207019646531,0.0011716283332176363
0.014221641019906124,-0.012679131780828632,0.004456575931837119,0.007036530371555757,0.34479780671911864,-0.0844279372150399,0.036558929468426836,0.19299229931786765
0.014380433133151588,-0.012687168904898245,0.0042033673500547495,0.0068522893131522265,-0.01726330848461309,-0.08543529403875359,0.0308374615071518,0.18438869758731588
0.014639540562307577,-0.012559595197608393,0.003734610335117005,0.006771833908902374,0.04035133563623124,-0.08558725214609784,0.014259923096281745,0.17737266911837327
0.014518568156511487,-0.01266581854917051,0.003979025474427198,0.006745616788260353,0.0470916296906596,-0.08513744362919579,0.02308671824345466,0.17923672711744051
0.013797497494953674,-0.013451191999008886,0.005415462422067297,0.005957601811809817,-0.026231811456148335,-0.06481273238172264,0.07800059905614774,0.16389451414078526
0.013750556019033763,-0.013306558565652453,0.005511531797805596,0.0062449339474802525,-0.16898453741640088,-0.06644340342760338,0.07752624660284277,0.17493674185026428
0.013644843410250553,-0.013422735238775142,0.00569602384210285,0.006077031610507116,0.36680277069844497,-0.061332837567971,0.08472213708012603,0.16984155456663094
0.01413540329229132,-0.012810416269897769,0.00468628980554991,0.006885652754254478,-0.15147760210101147,-0.08197321536043194,0.04533406509841823,0.19032302063714926
0.014309737679468304,-0.0128239833387431,0.004391399883592769,0.006701402471852822,0.026255955992687586,-0.08332361627479544,0.03851990613595694,0.1815157572884871
0.014045084994930427,-0.01293892622972893,0.004899050657540362,0.006736134024992463,-0.10568259352354392,-0.07887638065587228,0.05365530521669168,0.18742621115546035
0.014212548744100807,-0.01294828715234593,0.004605808693853222,0.006580358691521837,0.08398675573631544,-0.08074560330699922,0.046696318067927185,0.17949597913462115
0.013852566968142575,-0.013187119036995118,0.005312415603370609,0.006414982131569634,-0.13217900657720674,-0.0710817316255107,0.06990355422961143,0.17949093402528282
0.01391333299736834,-0.013331843538134484,0.005209567872961308,0.00611805090862851,0.060556190238436995,-0.06966810917899903,0.07025253795082925,0.168377375953811
0.013950775489717909,-0.0130645347166975,0.0051002590402524865,0.006585020696615353,0.29786117511531185,-0.0752202306921431,0.06174530016666365,0.18384762540147007
0.014017229474677666,-0.013217904741266684,0.005015594094936509,0.0062598994643578995,0.01519111806577944,-0.07365326424011011,0.06290994213854327,0.17202052981879104
0.014107657660904441,-0.01308139010961198,0.004828073310384261,0.006435220751116278,-0.005926464296167735,-0.07735192075105042,0.055365823841190154,0.17643062351262576
0.01353553390593274,-0.013535533905932737,0.0058932994179921455,0.005885809584598695,-0.19977159538012315,-0.05575262883280941,0.09192810301156168,0.1639267078337894
0.013697868021464039,-0.013579745086794865,0.005580183140050263,0.005762595527363744,-0.015865142095827706,-0.05981551185627699,0.08451701936079808,0.1579627331882961
0.013422735238775142,-0.01364484341025055,0.006074438073808269,0.005698931987827101,-0.176487008844307,-0.04976534296597553,0.09850925919959495,0.15803469471245055
0.013581201840711302,-0.013682702169922352,0.00576462884157894,0.005605230831891683,0.047510173734572884,-0.05448699234052529,0.09111060210293835,0.15308244493905068
0.013187119036995118,-0.013852566968142578,0.006419821060715367,0.005306557439099742,-0.17609080802432484,-0.03659760953274606,0.1105988102208418,0.1444677232157496
0.013064534716697497,-0.013950775489717907,0.006582284696148309,0.005103823248174268,-0.08959168176767314,-0.029528712419152652,0.115956748489972,0.13742547049192558
0.013217007055813438,-0.014006947538392905,0.006268097045783217,0.005031780608263218,0.014302304604706358,-0.035505728465744485,0.10877745429624701,0.13368324948699084
0.013450036478941912,-0.01379613767146139,0.005960897682521968,0.005417100595081321,-0.05011144881335693,-0.04798862294552649,0.09810190667231102,0.14688643561193548
0.013306558565652457,-0.013750556019033765,0.0062418754416684015,0.005514921184753972,0.3680555318047425,-0.04338454613488819,0.10463183670983565,0.15164803752848566
0.013341916570443504,-0.01391342672748277,0.006101750116426614,0.005209611983089079,-0.03765275486368604,-0.042008841769504195,0.10329662754618925,0.1398671520067346
-0.00547719290880399,-0.007146610284940785,0.004111190256094199,-0.006539257092327759,0.19237469772421226,-0.08193340605433454,-0.021724176092440244,0.16672910087797385
-0.00590405479351225,-0.006617609037391484,0.004932046758743709,-0.005980066375425588,0.08769602816696437,-0.07317067029463703,-0.050238427494782224,0.1570190747976455
-0.005847586826885236,-0.006778521341933009,0.004810540115812016,-0.006207813267588425,0.11744071359334762,-0.07616099322452964,-0.045918683936553975,0.1629945717962295
-0.005581528722228036,-0.006998480176792479,0.004331098025602448,-0.006394265276435517,0.16385663228814315,-0.0803198413148547,-0.029387006773825854,0.16496953869393646
-0.005706303296920022,-0.006867012149057334,0.004566627811919768,-0.0062712394084299865,0.1331683530636124,-0.07833153321846685,-0.0374795919056714,0.16341926910727064
-0.006105526019235363,-0.005799539430063113,0.005199320678560965,-0.004807688232425853,-0.04436350889621364,-0.05975757372367164,-0.05823009780807448,0.12451400702630167
-0.005813099806620981,-0.00642856581798455,0.004816236362105924,-0.005660325609540376,0.05916681204060235,-0.07146316154487257,-0.046461810667554726,0.14759736882170116
-0.005865802036095288,-0.005985313375250908,0.004894141216181598,-0.005044507390675089,-0.0030192511336918425,-0.06528573643206552,-0.049262023350268115,0.13111799024603846
-0.005747291132240923,-0.0062127572336325605,0.0047350776986259235,-0.005334676471935372,0.03391093625212989,-0.06924922791964198,-0.04423959428474704,0.13846839209131226
-0.005385361894630397,-0.007296167051517755,0.0038991192572192137,-0.006680856356197533,0.21876915397926175,-0.0830631569656527,-0.014313546390930089,0.16801855680174868
-0.005309321976895435,-0.0074493309171749485,0.0036964539749059955,-0.006826149988431447,0.2406944697920668,-0.08383196954181865,-0.007235328558592636,0.16915217421213583
-0.0052595252889908045,-0.007604948911078731,0.0035148601803706198,-0.006984246507378022,0.26039315935788593,-0.08442013074689592,-7.436088547392045E-4,0.17063519877134947
-0.005251260451581908,-0.007766870920007266,0.003365759032543333,-0.007176479093794955,0.26784907550641657,-0.08506355289923094,0.005048875958437962,0.17331257936932035
-0.005295594968187608,-0.008306313695911127,0.0028250615936211217,-0.007835450776338152,0.2328366923862556,-0.08383424780405642,0.028405051158292494,0.18099787539987763
-0.005169012852668562,-0.008173724789647091,0.0028506610008846643,-0.007553350960720466,0.32554861668528234,-0.08401390148139502,0.023077378216669317,0.17384327309464187
-0.005134257136804314,-0.007883069122735672,0.0031200956004023544,-0.007203236503684324,0.245044736543967,-0.08358582239961869,0.012722224870989856,0.1692673059097803
-0.00504730337079393,-0.00803378523482781,0.0028759785985949834,-0.007284362306842536,0.24132121625125932,-0.08204909264868716,0.020399591173127927,0.16636067736408874
0.007109729665300793,0.0030343406922110094,-0.005308537679447764,0.0017299754459334127,-0.04882129410842223,-0.025774419703828665,-0.04465052128373903,0.0436324199486745
0.007736920656754711,0.0021075669962512546,-0.005396671830176165,9.58625372031603E-4,-0.02060026333527812,-0.01259635136519259,-0.03495561767736819,0.020587922979501346
0.0054601780444156,0.004027252998375734,-0.004200067537084532,0.00292685193202591,-0.03457912449890394,-0.053383964986080876,-0.029282712559117817,0.08627586034415001
0.006158196924977408,0.003541156040627129,-0.004716984336910152,0.0023961086023149857,-0.05123524365774313,-0.04333810597739024,-0.03749150245789811,0.06969226357515011
0.00391382654380386,0.0037203450507584403,-0.002878705039503996,0.002724833020087428,-0.0039719645291704025,-0.05881661449973143,-0.007526981889557016,0.0910270546672335
0.004621040360273039,0.0035026562760541308,-0.003435930140378977,0.0025383238915959107,-0.013833487280905953,-0.05635426576683846,-0.014214930836574125,0.08663039990368523
0.005926714289005619,-0.0054626760132254855,-0.004909961184189167,-0.004373404635510977,-0.046532494375682514,-0.0591557861945028,0.04938698493773238,0.11416390958653033
0.005936640244646428,-0.005049409038951624,-0.004844730896557071,-0.00389073079300756,-0.05656108283423221,-0.05546751892388969,0.04644958189317399,0.10248706537769815
0.0076102295445869324,8.822828318045416E-4,-0.005096445188883966,3.966709647361658E-4,-0.0018529755558237468,-0.016150864118747273,-0.014359324524483541,0.01805105775509591
0.0071879217506472665,-0.0030954999284150335,-0.005387075940195393,-0.0017483262442408263,-0.057073902602169525,-0.02384743638206233,0.047088894305390976,0.04280744200955238
0.007768193530747135,-8.23082023780261E-4,-0.0051579716189342475,-3.4941905775781303E-4,-4.404606484116631E-4,-0.013116870675234841,0.013329949455203674,0.013896417441300647
0.007195281591076331,-0.002147649708316156,-0.005113090662575551,-0.0011338374054559784,-0.025752895542314556,-0.023036039894505353,0.031763413955221996,0.032862743626194894
0.006635401515213535,-0.0036031888815233138,-0.005129125581854224,-0.0023276544071417736,-0.06621608130957617,-0.03600487849937278,0.046533230089853224,0.062074855063079505
0.00629401051275727,-0.004176384805575139,-0.004996080578035218,-0.00292901596276764,-0.07409386242744918,-0.04440951120523522,0.0473990148258705,0.07856680145742402
0.005887959728865648,-0.004544859339034028,-0.004690343412662053,-0.003364639717622251,-0.058702171602532646,-0.052313142748366556,0.04152489348835689,0.09124347302012316
0.00559683495816165,-0.006307745851905051,-0.004523647127603278,-0.005425990154885589,0.052592084741746696,-0.07162312297911316,0.03756367386310918,0.14020904034581613
0.005435478177017391,-0.006505064568571858,-0.004278157924276194,-0.005637265576878264,0.08372197481575326,-0.0744969302228823,0.029912908889563394,0.1441752495402164
0.005576403387094796,-0.006014845440464081,-0.004513712072146768,-0.00503747135636214,0.02208782625808502,-0.0684808887220929,0.038025180233252576,0.1307006917219763
0.005678081201249125,-0.00569292997801417,-0.0046327858754024185,-0.0046489621429715855,-0.012115005499070186,-0.06432645968449041,0.04177769872705057,0.12146660776037078
0.005389694107668884,-0.006930353442318887,-0.0040899127888512155,-0.006186494572573,0.14922770074402017,-0.07919248385658019,0.02235077871035239,0.15659182968996954
0.005324223826671787,-0.006694289199303505,-0.004084667336267653,-0.0058405290123281035,0.11183861511064055,-0.0766094386242502,0.023632198056332803,0.14780764459399573
0.005295594968187607,-0.008306313695911128,-0.0028300305601108825,-0.007833670569386249,0.03472703703972552,-0.08356315466930221,-0.028334666703787103,0.1814184595506592
0.005186207343644856,-0.008186854673349722,-0.0028533333956378307,-0.007584613196174845,0.36341588039153644,-0.08421064632719726,-0.02338788213854556,0.17463888882818726
0.00512170475577827,-0.008323808592415743,-0.0026252350522810264,-0.007652310752597002,0.3205066915276627,-0.08240828018332728,-0.030439583711893547,0.1714721776734429
0.005244717217658645,-0.00845491564632612,-0.00257602752782259,-0.00792072072687529,0.2420379642221704,-0.08113646424130347,-0.03639271683904546,0.1777464385986376
0.005119284627553752,-0.008060669765260505,-0.0029238009850364923,-0.007384033448717237,0.26433890119245884,-0.08326892823676822,-0.019895393339738568,0.17016879930154855
0.005200786066541929,-0.007737607286916599,-0.0033311879333314753,-0.007095028440139398,0.2568841224856154,-0.08429310323427995,-0.005724746143843519,0.1702569820745035
0.005129200792831926,-0.007895055105199522,-0.003102755256168518,-0.0072123398580506036,0.26247564966387577,-0.08360570403740732,-0.013333788297077655,0.16910459297942185
0.005245007231561866,-0.00717104279747217,-0.003785242913566716,-0.00641806681647826,0.1755721898013152,-0.0809790394427878,0.012190702484859666,0.15907593572583914
0.005123244265973588,-0.007559432200737589,-0.0033829127978986253,-0.0068149205331774374,0.21897464789626406,-0.08252392200278667,-0.002123890695436009,0.16338788218821707
0.005090672036520998,-0.007347163258370053,-0.0034894481415122724,-0.006534658072608583,0.18783470740601266,-0.08104383842645585,0.002922257121839733,0.15776055293458568
0.0035489994304471924,0.025,0,0,0.43809439487129365,0.0016657910270433552,-0.014990032492542894,-0.001263077976863736
-0.012553491956507257,0.014489284443119031,-0.00694526813098885,-0.003950913018807171,0.0379387820411208,0.002114615232752724,0.1283024427976829,0.09426934526049756
-0.012545204192439477,0.0143037118419788,-0.007173945691176156,-0.004231709445841182,-0.3369622671576679,0.0016095358506960555,0.13317821295900717,0.10509298991144155
-0.009910516251208805,0.015486486837018415,-0.007405262122317609,1.1841996676760005E-4,-0.02368519580824932,0.12194584430281186,0.09860517039771437,-0.03674386639528763
-0.010170127153471629,0.015473959946032841,-0.007423115692360259,-2.320331854722415E-4,-0.026165480075810994,0.11264650563974696,0.10542263227520089,-0.02745179277572388
-0.010384047038036616,0.015500522583351934,-0.007344683492794696,-5.136316933763204E-4,-0.026649123518732377,0.10211639251326997,0.10924813882163331,-0.01887861134946607
-0.011157195735670852,0.015173894549660956,-0.007553896968095935,-0.0016885261851253672,-0.04526299546420925,0.07566493976140588,0.128131740039326,0.015445549875719175
-0.010991260818199372,0.015156840107083753,-0.007693739019724826,-0.0014781297077411572,-0.03540747009622201,0.08602752378862577,0.12775640251292364,0.007493920977884545
-0.010849760583627108,0.015251146172645553,-0.007609813454405202,-0.0012309283829007014,-0.026376680588679226,0.09013722766894962,0.12344234314507142,6.463587901367006E-4
-0.010673360933398946,0.015291140217737823,-0.007620932218610258,-9.695656368674494E-4,-0.030792850593115092,0.09777428669219441,0.11993365628867785,-0.0073390503911576884
-0.010595359948389026,0.015482867056407274,-0.007317629755803932,-7.946081627572108E-4,-0.031002300122920167,0.0929842012245322,0.11327980162107763,-0.010234864052607429
-0.012543110842930506,0.01467205755207725,-0.006759832069542947,-0.003677895569607624,-0.05794320078737716,0.0020807291397891814,0.12305325081462738,0.08741836802198653
-0.012383694075038646,0.014687470629967076,-0.006962856315389507,-0.0035397830186604815,-0.05171400128521182,0.011074108357735141,0.12782567048537885,0.08113492224338262
-0.012264480176870173,0.014802355368288209,-0.006980549164816586,-0.0032900432218240065,-0.043612683966295446,0.01710621663184106,0.1276789244725927,0.07288885450423575
-0.012106099446616777,0.014881034312273972,-0.007076494828291279,-0.0030514602056514717,-0.052864570107416804,0.02548618054397495,0.1289962103483577,0.06424279893882968
-0.01192992333088209,0.014882210816997192,-0.0072836023618451946,-0.0028782748845722055,-0.046695226806629096,0.03614538308150596,0.1325816838739027,0.05655835602350155
-0.011328017161907093,0.015133917748819664,-0.007490770806016852,-0.001937002513804674,-0.038048557100036774,0.0669116372308466,0.12965398995802066,0.0239504034489524
-0.011468876987241531,0.015047174771416396,-0.007510968223984409,-0.002185200846810392,-0.04815084253543237,0.060947734651860055,0.13219815786517447,0.031789700328195294
-0.011790943307603195,0.014986899272021943,-0.0072861861263007486,-0.0026156200092130395,-0.03936267350430387,0.042622914032394654,0.13120784388509155,0.04800797310384609
-0.011625397128259345,0.015045238581076942,-0.007366912014466619,-0.0023720264608674824,-0.05046005952033112,0.05129991892684773,0.13109177432911126,0.03935068521702099
-0.007235923021534918,0.015584526496473836,-0.005546851524419582,0.0027317791480365836,-0.09763910389885112,0.13531032228760978,0.018786959294738868,-0.07346178962258061
-0.007843037728920301,0.01575174240555147,-0.0059241503642529164,0.0022017606235156723,-0.059966088444475714,0.1337242860539322,0.03575058660261495,-0.06968408765783123
-0.009372862300440746,0.01564481144466714,-0.0070305034206951025,7.734561602647587E-4,-0.023901023158632854,0.12903107645222242,0.0807190957798254,-0.050671041390050686
-0.009127889431726634,0.015680108654004515,-0.00687963661393761,0.0010456215327784193,-0.025839119962609642,0.13206224344432027,0.07316513553144945,-0.05576241498597035
-0.008312716150552107,0.015878749566334945,-0.006132248253869327,0.0017374042731034094,-0.04375092587708313,0.12869814636649393,0.049174526095544256,-0.06412167491023389
-0.008682544019336451,0.015845083931569155,-0.006409031588657262,0.0014271941734193205,-0.03717018170635378,0.12829367044259066,0.05952369762480023,-0.0601805745220514
-0.008965932363076662,0.01586368222510514,-0.006532284329601672,0.0011352538114474237,-0.03115710121226179,0.12413234317940955,0.06761580235236861,-0.05514893976108769
-0.009775297590288005,0.01567958761533451,-0.007066760576050873,2.742551191260056E-4,-0.023956842404400075,0.1162224593595561,0.09175634343171223,-0.03864326672711882
-0.009582780453181708,0.015764520021538046,-0.006897959598010347,4.916084965086913E-4,-0.02464088780525427,0.11756425117193144,0.08562104112209151,-0.043066704380391
-0.01281041626989777,0.01413540329229132,-0.0068857777045754,-0.004686313476440463,0.11179600081719565,-0.01448701012317232,0.1254085927454981,0.12165246049426388
-0.012679131780828632,0.014221641019906124,-0.007027993404021307,-0.004470037204676503,0.2333196466024706,-0.006687294704981986,0.12946880019494328,0.11362940337686799
-0.012838668557935203,0.01431349774718519,-0.006675111495697175,-0.004391916317425395,-0.10085353963626704,-0.014076459022529271,0.12149901313431836,0.11071073006364074
-0.012704122015850805,0.014420375001452088,-0.006786699267924257,-0.004151375283494972,-0.03196498898538727,-0.006353861734609105,0.12455024938080163,0.10194627995231055
-0.013064534716697497,0.013950775489717907,-0.0065770266223176095,-0.005110607550490604,0.23557118246322994,-0.02935770995900187,0.11598033707733603,0.13723119676683912
-0.01293892622972893,0.014045084994930427,-0.006734626603678607,-0.004901019678027237,0.16546748045875304,-0.022064910854325732,0.12090028395974002,0.12954077207665454
-0.013100966728290758,0.014111644139902688,-0.006401198520947962,-0.004825649569003717,-0.1103348570385254,-0.028977415395515464,0.11314546808414024,0.12647365411906375
-0.012974812870327352,0.014213498986736503,-0.006537510854176102,-0.004613621428873786,-0.07146682745124122,-0.02189857815007482,0.11743759555107265,0.11893632270466559
-0.013187119036995118,0.013852566968142578,-0.006417509615983741,-0.005309494633744774,-0.06708654580315986,-0.03634077427189226,0.11071088367300923,0.14440678907475046
-0.013222409591665601,0.014004242783289492,-0.006261286613589974,-0.005036709892416367,-0.054299752253078766,-0.035895786146323765,0.10839265387537335,0.13403749164204673
-0.013339804517017911,0.013910524140605746,-0.0061069885807161885,-0.005214297483044145,-0.03467381670636482,-0.04213839350512638,0.10323289541805995,0.14020444841492583
-0.013306558565652457,0.013750556019033765,-0.0062443402373372125,-0.005512165196610516,0.20247225655114742,-0.04314716465610292,0.10480892963681025,0.1515087070087042
-0.013455599835782034,0.013795906292133401,-0.00595129984744629,-0.00541731545657981,-0.04066947533267944,-0.04830781597549449,0.0976777467302029,0.14698720519663297
-0.013422735238775142,0.01364484341025055,-0.006073987090163186,-0.005699351991108269,-0.128016060670446,-0.04957288645669574,0.09865898176348277,0.1579791983729044
-0.005589844607276609,0.015827487788959024,-0.0038712271858780943,0.003033145465124946,-0.11618314532097455,0.10542896795613761,0.0014667729390175752,-0.06454092140488316
-0.006657095149132496,0.01621009753360485,-0.004541692309651024,0.002436091654095645,-0.0843708685482032,0.10908634252852288,0.01925988806651455,-0.06499419709776982
-0.002281587606021068,0.016687564364079064,-0.001320746324502584,0.002603442909014519,-0.03441620204834256,0.0734713547666178,0.0013009980504424346,-0.05125557033723808
-0.004227295541066384,0.016391654037436847,-0.0026351467162590726,0.002741138709704414,-0.07525518576799572,0.085446994510036,0.002998876589355278,-0.05679756612655067
-6.174964165005179E-4,0.01868034848780935,-2.883140457419033E-4,0.0015608324495651183,0.06987163773526522,0.05752923662660282,0.0012662667424792886,-0.043003132342595236
0.0010683747435945164,0.02203172948567155,2.5962663205315704E-4,3.6967285747395966E-4,0.2681719334026044,0.026793757863649747,-0.0030253025838258775,-0.02359499507147815
-0.014588774500088612,0.011985736283431544,-0.0033093368263288313,-0.007643478940845348,-0.061743399088822516,-0.0886600482196337,-0.00793524400445333,0.19683174850590004
-0.01452413555302291,0.012128895840071584,-0.0035432644477255185,-0.007537890000152258,0.217809338282856,-0.08887425115431667,9.577959744920826E-4,0.19721619083618092
-0.01468351944161852,0.012109925244690232,-0.003305459445160912,-0.007335935963868355,0.051132852300882096,-0.08890683161948049,-0.003989139979245286,0.1878826220717771
-0.007450488524432776,0.0053936530855941455,0.006897711740821906,0.0038077270259529407,-0.2637648465194648,-0.011651202257802659,0.10508844327976594,0.08328869507485161
-0.0068842314480828575,0.005697565730044426,0.00629365973544676,0.004548177963660899,-0.18315236086171718,-0.03688741648829228,0.0913890503238166,0.11131891552816986
-0.007045902480930281,0.00565971325771237,0.006514570460435123,0.00442718064363989,-0.22100298774907762,-0.03001808517049972,0.09758926888519782,0.10575465457674682
-0.007150018629144892,0.005528792329487561,0.006581287567540359,0.004184146395833356,-0.2210176129751786,-0.02534232729247048,0.09828274882670186,0.09778534833535553
-0.007305007015029538,0.005445752827195367,0.006740491057263569,0.003976767659373377,-0.24808063717994844,-0.01842800330613301,0.10166662465267284,0.09001681788410348
-0.006705331644433637,0.005600787793313066,0.0059820657483874795,0.004459585803245639,-0.14475531633901026,-0.04282324468148988,0.08134492638556051,0.11099522856655224
-0.006517799710163529,0.0057910136255353555,0.005785906961240935,0.004773770153385028,-0.10686283106912628,-0.050036843628803715,0.07636067725760497,0.12134283841643378
-0.006290383644244529,0.005922703315261876,0.005487685339496541,0.004984311593269391,-0.06070908144597725,-0.057143599323679295,0.06758491977181692,0.12866213270467267
-1.3713274083963657E-5,0.00730590772132558,8.120418345263181E-6,0.004905678128855157,-0.01013294097561439,-0.04898780220597925,-3.0842368156250717E-4,0.06853953157408221
-0.0016545924861015417,0.007301613688528633,8.334967607526447E-4,0.0050620204499089065,-0.0031884614011224613,-0.05239620329516599,-0.014105085860467425,0.07746321861169277
-0.005280174138490257,0.0061390478061149716,0.004137921596730025,0.005128359445124905,0.0471236284382528,-0.07101570759551917,0.027423146080261224,0.13130708158049711
-0.0060194202313152935,0.005825808337818294,0.005085883752868719,0.004840905541029326,-0.03298981682724014,-0.06123078405128308,0.0550025200715225,0.12541437804203556
-0.005505096516818235,0.005901127201860194,0.004426835577110862,0.00488355962381636,0.014858526415887767,-0.06778025269535887,0.03570543710832962,0.1267151877828749
-0.005746015227478378,0.005757143809163723,0.00472130602623521,0.004733203989867764,-0.011710189641857752,-0.06421096433446567,0.04414047427615325,0.12323774897786761
-0.004863310738500182,0.006294666510986104,0.003631398997062773,0.005194148252005755,0.0648981056192744,-0.0722523681302392,0.013654784733435024,0.1292355780322234
-0.002840307122421961,0.006892179270878449,0.001666404592015983,0.0050998119645345175,0.025715560524398724,-0.06023816460062336,-0.0155226292321443,0.09597071199453186
-0.003730379794827671,0.006651385631229301,0.0024298921730034656,0.0051833260668970385,0.05317651017746328,-0.06694237259203072,-0.008984257258327832,0.1120102387800223
-0.004149429570145942,0.006108373023321886,0.0029455825718071407,0.004812655930502807,0.04919079903216208,-0.06802949271451587,0.001561746102952903,0.11453164145056786
-0.007564073815243228,0.005252156718371677,0.006928375589582939,0.003538628471173987,-0.26367208803586945,-0.0071357433804124576,0.10395827071307494,0.07498254804571523
-0.007756000076819863,0.005229546643358592,0.007144931571199639,0.0033497961129513075,-0.28828042610419413,0.0025282066360887336,0.10859588220251581,0.06689931254988335
-0.007892154323901833,0.0051278126778529646,0.0072092276454719115,0.0031051966830253114,-0.2745341437986624,0.008419769892855087,0.10841366851643246,0.05884409633550825
-0.008057678223541156,0.005060228688787246,0.007324165406375495,0.0028658749103012324,-0.2846671100837474,0.016159486337491244,0.10938560705398949,0.050474774991205666
-0.008222440608999737,0.0050589233204888055,0.007489507059669265,0.0026851324995674584,-0.2890358531879507,0.02500560617944903,0.11198563435766892,0.04331494755163239
-0.008605047553236283,0.005198530675796427,0.008000024908834535,0.002318394988437246,-0.5924678469551519,0.04882646238744252,0.11992103577504705,0.030700779169655478
-0.008493353060942507,0.005081744278857509,0.007763070208357633,0.0023759155921163518,-0.2783833502134962,0.04064518165798017,0.11582053639193803,0.031170103004144304
-0.008646714982454732,0.005049104613449003,0.007851368815102518,0.0021440824788653817,-0.23492126137742095,0.048380098611689876,0.11544658690834385,0.023775505058669197
-0.008756573701192635,0.005157078253839507,0.008066806724584706,0.0020746034625565004,-0.1829038137626897,0.0564069367590073,0.11883323889075348,0.023043525787602565
-0.008909334570059206,0.005120404840570064,0.00812599310332044,0.0018287881058376657,0.1636393710473382,0.06386524648674376,0.11733686855353405,0.015315781948229417
-0.008800258180345485,0.005005898580175501,0.007914920277750108,0.001898777193282448,-0.32604261144995433,0.055988077780429156,0.11418835658058869,0.01593336545091752
-0.008356273318557742,0.004955091873112188,0.007508163576875947,0.0024336396320128128,-0.2594548590079741,0.030329383173477387,0.11013378193428554,0.035631655704572586
0.002331131423228711,0.005019318024157766,-0.0016109575454525164,0.003655713654444222,0.008456109131496546,-0.05900849243090294,0.003728149759438086,0.09130187621861108
0.003114557892123407,0.004125093748079666,-0.002250578442311284,0.0030241229636965177,0.0063607280193209844,-0.059591050658121814,-0.0014304671136421525,0.09259236906037559
8.613048953413382E-4,0.0056280762468300626,-5.543230353995957E-4,0.003967909321209361,0.007197204527547395,-0.055258963715110535,0.003267195567583442,0.08267597716244306
-0.00701149681106303,-0.005386712218397418,0.006296867284800064,-0.004052450246387929,-0.19041660061323992,-0.030830410109108596,-0.08902504776653562,0.09617063643550718
-0.005964282424372709,-0.00541573325203221,0.004947739670620159,-0.004314984297474636,-0.05177616625072762,-0.05829780793008755,-0.05013082767835381,0.11255129843765659
-0.0066452182897381975,-0.00536881245789195,0.005797686905372177,-0.004157366106841133,-0.1332820378312298,-0.04318601623097824,-0.07471853675166827,0.10337296315881171
-0.00683791851005287,-0.005302314145244321,0.006019418105663798,-0.004009499730400407,-0.15946400694573576,-0.036948532144807776,-0.08056738480568489,0.0973980510743487
-0.006229992880816324,-0.005260940291419124,0.00523550030522396,-0.004103028133658027,-0.08226540826088513,-0.05245250337862183,-0.05793755633986528,0.10562535196010332
-0.006464249931871137,-0.005215567753020083,0.005507939137149923,-0.004006208497388184,-0.10779384074494285,-0.046971769668527716,-0.06559308219593499,0.10118258614707465
-0.007599526337803166,-0.005269556578240191,0.0069880521402651006,-0.0035323661626068745,-0.2839157056849108,-0.005070639117249507,-0.10571751173536488,0.07404850388355032
-0.007765938204282211,-0.005245188114739084,0.007171481538378696,-0.0033596085322060093,-0.2926346960171022,0.003306649099483516,-0.10941171352781709,0.0667878968055047
-0.007214744240319936,-0.005285866053631138,0.00650416361253301,-0.0038153778023742595,-0.21618919962092725,-0.022747286353186274,-0.09379273771170006,0.08734113003615153
-0.007423424188311515,-0.005137415793926469,0.006663574116731114,-0.003498101253402663,-0.22990577139665236,-0.014236488487286357,-0.096361535641125,0.07635611227714119
-0.00788717270992191,-0.005128157248831509,0.007204019209805083,-0.003110089882368977,-0.27742433384153836,0.008192828309627032,-0.10833269830032026,0.05900090229242556
-0.008478596932199408,-0.005072882442396819,0.007741306632110295,-0.0023856267515092173,-0.34754325449928863,0.03993390703585208,-0.11538163646452393,0.03138605928748945
-0.008605047553236286,-0.005198530675796427,0.00799712461199132,-0.0023278592524257156,-0.16375701346763055,0.048245222847414865,-0.1199285156103651,0.030612117273314577
-0.008048578717767674,-0.005057421450146655,0.00731196364599812,-0.002872327098559783,-0.2822148671704808,0.015633674992885663,-0.10914626944806204,0.05078165504679479
-0.008217211320691642,-0.005054238586766163,0.007479826937509461,-0.0026864420197776438,-0.2791928272154172,0.024711454000928158,-0.111699944557101,0.04335455504067446
-0.008346107909629126,-0.004955523571664105,0.007499439276396507,-0.0024456562955624673,-0.2455650691329291,0.02979603032648739,-0.10997121289438459,0.036015287994556784
0.01515845073681061,-0.011144438953303026,0.0016832546234338084,0.0075904253254141995,0.04975525295768344,-0.07256037957825233,-0.05852872900697919,0.16415859940569666
0.015127505002091427,-0.0113297982728737,0.00194474904333835,0.007501226546411127,0.04410361683218395,-0.07611419565279422,-0.05009111630785728,0.16731987273243284
0.01505372252599561,-0.01146968655164164,0.0021802560080155333,0.007500642977134053,0.047902056556776755,-0.0795287224141068,-0.042641249048037046,0.1723219384151255
0.01485287387742022,-0.012104433681516058,0.003084362007951315,0.0071161928721549675,0.04643276426194116,-0.08600847212481288,-0.010416947420009417,0.17806552541650442
0.014917966625816615,-0.011938682230864103,0.0028454387984695848,0.007223454442601629,0.05522706092901366,-0.08501927252392481,-0.01910945798499759,0.1771151656685932
0.014938855517502847,-0.01179377967104806,0.002669758836303344,0.007354943658523946,0.050765953631289815,-0.08432845734505415,-0.025790906649660012,0.1777478959704994
0.015052668122675632,-0.011650333267127952,0.002392989265499718,0.007332087333147143,0.04505222926977485,-0.08107651065937192,-0.03483652364091073,0.1717720322326352
0.015419246005779862,-0.010267297292416948,3.7176401205673534E-4,0.007507563735865621,0.01521949047065249,-0.04403066094782288,-0.09201743599335475,0.12862807555173036
0.015376951534829942,-0.010503604542045445,7.060334218911608E-4,0.007530163909823764,0.020937804081497504,-0.05231668986507105,-0.0844785892109591,0.13818834435237679
0.015390367767741983,-0.010756783975071783,0.0010408992676581086,0.007414841312579134,0.027874646025874642,-0.059080416979441906,-0.07497329077047112,0.14339756050028826
0.015347783961144987,-0.011015447973557215,0.001395840191699999,0.0073556134224715556,0.034084692044815436,-0.0659681370162435,-0.06502752096075885,0.15056326247921262
0.014859479947834042,-0.012551113922243638,0.0034309506966449387,0.00654333080559083,0.04490481355746586,-0.08336863186421468,0.00508042189603953,0.16722010413443186
0.014933121046590524,-0.012306393386586179,0.0031597577147650354,0.006766318334671098,0.04973306933504868,-0.08395011132440046,-0.005677183858617305,0.16952868370810673
0.01563869670205171,-0.008857765559258698,-0.0013678189808650374,0.006805711101276787,0.026680379610364114,0.012254964472783262,-0.11190140436023889,0.058320648015629035
0.01562543324294755,-0.008571663152649763,-0.0016749029245193244,0.006645942255896767,0.03286431596836703,0.02328859885246157,-0.11219125624916083,0.04562221574576792
0.015570468105306625,-0.010171936993800309,2.2651471745156114E-4,0.007256666777859138,0.013263174412054263,-0.03826882839702796,-0.09264632960970168,0.11687604242218039
0.015615162377857685,-0.009969740794809678,-3.532860366155152E-5,0.007187821748764845,0.013239343839478524,-0.03060242627167917,-0.09750102563137465,0.10738627091927201
0.015598403161924956,-0.00975606195388035,-3.0954628591750084E-4,0.007198222445905773,0.013466451915328592,-0.02304591354303104,-0.1026182639608437,0.10010022018200741
0.015653365684227115,-0.009288215748832901,-8.719333730953709E-4,0.006987233220488476,0.017341822781028495,-0.0049500859920114755,-0.10880526447540795,0.0777223309866207
0.015694487183798365,-0.009577504230336289,-5.131556787998058E-4,0.007007753231606365,0.01718334334664209,-0.015699840362787917,-0.1038591680087196,0.08815519478501314
0.01587607222680884,-0.009062829047413727,-0.0010324330912177642,0.0065594995038741255,0.02125098229162997,0.003614179397950349,-0.10473946077276132,0.06060211093786661
0.01584279057841062,-0.008363487629097091,-0.001719871931051876,0.006211770818827428,0.0408162895044756,0.02904599634154197,-0.10535102870433137,0.031545986586137324
0.015841295312757964,-0.008002912305561927,-0.0020147547623950196,0.005952806196476378,0.05140168705187823,0.040468414458569725,-0.10183058814724222,0.017278387043962517
0.015563369212576752,-0.006892233461748677,-0.0029207137466071365,0.005231385191970772,0.1011844979317368,0.0751819545242816,-0.08640631129841156,-0.021288155458967086
0.015922594170707613,-0.007661141300281941,-0.0021856720626943645,0.0055967578481005515,0.056857513286789056,0.049599327223460145,-0.09475515274585976,0.002780403830620708
0.01574301189082188,-0.007312114675814177,-0.002545252368310995,0.005472217071827382,0.07584146925435693,0.061765484168923225,-0.0921234802962913,-0.008188655440360185
0.02181142981101829,0.001970895991720067,-4.19567706553665E-4,-5.055654176860754E-4,-0.23596167784456332,0.026119252763020292,0.009041696984586773,-0.022798623735509078
0.018334046775966284,5.064502671653073E-4,-0.0017256536458560329,-2.4761961756907864E-4,-0.0510750885196878,0.05256702754205923,0.0026416920605479045,-0.04027109994197426
0.01667869178341835,-0.0014629299187638848,-0.002609386300643352,8.435039471835526E-4,0.029650483414659538,0.0644236665361926,-0.006281689023055862,-0.046297781439806666
0.015644983716132033,-0.004415521984599094,-0.003287092420855397,0.002948638835580508,0.12060275679496614,0.08473665548876452,-0.030175426110393953,-0.05300373111630686
0.015712235681336114,-0.006052780179420205,-0.0030515179340601826,0.004333147242985925,0.10853280674208363,0.08121636738970779,-0.0634347331140107,-0.03908990444546694
0.017233127553051168,-0.0036060672820254335,-0.0022346186677199373,0.002029868229508064,0.020897483674532844,0.061887832452883935,-0.02187876603919697,-0.04340912552346127
0.025,-6.938893903907228E-18,0,0,-0.498712861969173,5.150680030741682E-4,4.5449377278091036E-5,-0.0012540759434981569
0.014489322857338106,-0.01282434460144723,0.004110512234370104,0.006536132829201169,0.048327643121360155,-0.08307468309864553,0.028901536693661276,0.174677507324178
0.014704068964020458,-0.012770879223888115,0.003771586817467834,0.006408715057989436,0.04052579965394846,-0.08263885201492373,0.017828114983893393,0.16761970576895607
0.014981215457305855,-0.012732119543416172,0.003387756147141517,0.006189196782249513,0.03893801503991207,-0.08075933267667103,0.005818980481240913,0.1571005493669875
0.01386787238577012,-0.013622882650939859,0.005280290702226458,0.005638185051058365,0.01772069618803838,-0.06310849097199939,0.07453257833168254,0.154519670090515
0.013946150093314931,-0.013473765562540574,0.005157369329873172,0.005859516206334642,0.014479431888564303,-0.06744656803532115,0.06927197357675059,0.16083727123364408
0.014392952181035763,-0.012976013881920823,0.004326705718101928,0.006388326920271745,0.030255885510450154,-0.08085120421289088,0.03730720110537988,0.17234208023501107
0.014256031384890316,-0.013081168976452482,0.004581282763595259,0.00632936010278744,0.03032807859535221,-0.07854473460143666,0.04667629701101541,0.17227450614097298
0.01407957461488209,-0.01339055099401263,0.004931436739173557,0.005934251450497735,0.016930246452492245,-0.0711712966407933,0.060983210357331806,0.1625405564998101
0.014199469117050657,-0.013251990052148395,0.004715984559586189,0.006091699477185747,0.0335740835295435,-0.07509976768860137,0.052697445612394984,0.16627903815002273
0.011545084353673888,-0.014755282782341356,0.007922384518349132,0.0025709498165791644,-0.13788720137175137,0.06331005860855966,0.14234702427118703,0.043683158951099275
0.011660677973549527,-0.014883004937129301,0.007582323011184376,0.00257947416999015,-0.028937628750717037,0.05342719553142714,0.13674598772405663,0.043467775498981516
0.011693686304088876,-0.014704405031812392,0.00783672839812442,0.002821413570507386,-0.061930623291587876,0.054263982700705204,0.14254496342490186,0.052660107768955716
0.011811196587439053,-0.014828147167542204,0.0074996123708793855,0.0028139429477388755,-0.0412948799952192,0.04492430654625352,0.13682380138040864,0.05196486384630943
0.011840618209004684,-0.014648884232660605,0.007744044597834204,0.003066684234692018,-0.06867236293334747,0.04525650729996091,0.14215131834575923,0.061605033547376085
0.012128895840071584,-0.01452413555302291,0.007532009903624422,0.003555862942655386,0.276533938008837,0.027530895170074853,0.13977296364869563,0.07967550516959629
0.012254100225224433,-0.014617045066033195,0.0072280617569132405,0.0035286682422863984,-0.12815762294050345,0.019483330999110784,0.13435361518247388,0.07833161160304031
0.0122699521913998,-0.014455032777517944,0.007418742512325968,0.0037867551838691774,0.1647786080244903,0.01889630819567683,0.13792869549892656,0.08856230067283893
0.01196434567110164,-0.014767627483006753,0.007405499226845064,0.0030514079030984683,-0.05183712669827827,0.036150088137216714,0.13634679565875055,0.06071709448928602
0.011985736283431542,-0.014588774500088612,0.007642725919536336,0.0033110124898565363,0.010775128454563873,0.036309914900660836,0.14118840537554422,0.0705757458331644
0.012117221761857836,-0.01469832485554161,0.007307138342864463,0.003292898709657048,-0.09029469804798568,0.027352436859764354,0.13537121912384187,0.06964167772081443
0.012403711514710166,-0.014531447841623713,0.0071194992242243765,0.003775982817591401,-0.030297528597402677,0.010636162848207622,0.13232703973990853,0.08766629837596927
0.01240876639851925,-0.014381534484329047,0.007301689906353354,0.004007612142229174,-0.3275442914285534,0.010381384105950825,0.13565599092012265,0.09699350277523645
0.012545204192439477,-0.0143037118419788,0.007166835406376832,0.004243990417664739,0.201211677594801,0.001840289620375696,0.1326933965688742,0.1057946794765388
0.012548633739364354,-0.014465309876739087,0.0069792940362807315,0.00398274189583427,-0.04700180191213838,0.0022936574266710797,0.12928370912562645,0.09533147943530589
0.012681029506558073,-0.014375197085557507,0.006867600051861311,0.004207688780091825,-0.071735090679776,-0.005346034096563164,0.12653676532449276,0.10356629481280098
0.012679131780828632,-0.014221641019906124,0.00703470345171943,0.004459669205380834,-0.1983223642342308,-0.006365360702713439,0.1293307491121964,0.11399539819310928
0.01281041626989777,-0.01413540329229132,0.006891410502769396,0.004677846795909273,-0.20304186484112038,-0.01437369237500582,0.12537660262573957,0.12192982874558038
0.01282492792826698,-0.01429137604874034,0.006716705212483877,0.004420885958346723,0.014716303444255856,-0.013630321464432061,0.1225317637544681,0.11155626272194726
0.01293892622972893,-0.014045084994930427,0.00673541176360687,0.004899865304315203,0.19307126817187825,-0.022143173866046653,0.12083603733645619,0.12997095470570136
0.013081961708962904,-0.01410803983458866,0.006434708289676959,0.004827109226960241,-0.06327580738351248,-0.02805489953968349,0.11417365880914869,0.12627298053497718
0.012960151727436475,-0.014208964094264843,0.006564835825943391,0.0046163258617077825,-0.039421713709937446,-0.021140327587474802,0.11826014199875579,0.11870407263611239
0.01374992553421357,-0.013756069247087896,0.0054560994907878685,0.0054469308431714545,-0.0019728551288605363,-0.057952051339512735,0.08117541100185598,0.1488767259510195
0.013593145390888614,-0.013824520311482076,0.005702372523818635,0.00535739187243398,-0.006483492748661985,-0.05231883102722792,0.08966931196999989,0.14578560285663583
0.01321780116605324,-0.014147680003405544,0.0061805450479952215,0.004794302874298234,-0.023582015648935577,-0.03375295038918836,0.10634360310143594,0.12676978914835593
0.01337676577114274,-0.014094772390274355,0.005949477776839193,0.004905110061373365,-0.019362196007200683,-0.040776099086039234,0.09897668323543463,0.13132512573407273
0.013513831719784083,-0.013975540579180712,0.0057796264480460555,0.005108118628578115,-0.0024468537227865165,-0.047297558606469885,0.09308426686632182,0.13806023567918646
0.013943913210356238,-0.013822049615293605,0.005128487694181134,0.005292218465858239,0.002285974939916602,-0.06100303692484448,0.07107027564722855,0.14416242038026938
0.01139495244676372,-0.014801469324203571,0.008000929839005322,0.002315307487113716,-0.34273946961184193,0.07242495216920761,0.1415686766889243,0.03474924402672305
0.011508355902734342,-0.014929269482690508,0.007664277170107689,0.002345677340089346,-4.4249890626106054E-4,0.06200000720273919,0.13631817299661952,0.0351375313762552
0.01124342629880737,-0.014842921746160493,0.008068169498095117,0.002069310203351673,-0.12101126644196646,0.08126077407008983,0.14016295182673974,0.026255139068753163
0.011360945734098805,-0.01495761906476733,0.007754679596068248,0.0021288720207558987,0.013724948243901572,0.07051497630535054,0.13586521553962236,0.027489205739574762
0.011090665429940793,-0.014879595159429932,0.008126846724498137,0.001824935875066194,0.26194408061889196,0.08998359425995432,0.1381594750295012,0.0176530549233615
0.011193895305296834,-0.014996987884275371,0.00782810805720578,0.001870236963784443,-0.07887963490554327,0.07991961091557188,0.13438917429676664,0.018474518364775965
0.01093683137430405,-0.014911450597951645,0.008181093607460273,0.0015631015846806508,0.034114280494709014,0.09861833330758664,0.1356432796907291,0.00885887263880574
0.011045062749210112,-0.015044568755192047,0.00785583288510903,0.0016270988570712206,-0.07471042274656085,0.08752129496446041,0.13203295346601138,0.010338089736549068
-0.005244717217658646,-0.008454915646326116,0.0025738494379201923,-0.007921510770708651,0.3188895187870157,-0.08138672265661531,0.0363813396579386,0.17744899074524198
-0.005107989964926639,-0.008327379375704881,0.0026080662973032433,-0.007640670788628948,0.28745843098076335,-0.08209853885042241,0.030785901464354972,0.1708711994669281
-0.005198530675796427,-0.008605047553236283,0.0023182227810505857,-0.008000052234556035,0.46065508297307617,-0.07836070118046622,0.04414149491173225,0.1734315821128848
-0.00505637174594688,-0.00848442915287095,0.002365070786718793,-0.007726542683362418,0.2383090431686791,-0.07971091521544942,0.038343366588779904,0.16746533467723304
-0.0052645092192189075,-0.007138798825551207,0.003827397964186232,-0.006388492738817478,0.17539161914632037,-0.08077024398993361,-0.013537351723378237,0.15888206596145846
-0.005366276605312568,-0.006974605978993919,0.004039606459405023,-0.006233034881801667,0.15626145279489603,-0.0795886323201908,-0.020820716249846275,0.1573992095053679
-0.005669464940498546,-0.006643401134964181,0.004572820855381742,-0.005921466802607569,0.10089859011813118,-0.07539462541905041,-0.03836506914606216,0.15364453666171005
-0.005482168706666217,-0.0068028467415110795,0.004262936000512917,-0.006060915358323379,0.13148025982113645,-0.07783808054129886,-0.028333144353411947,0.15513108365777764
-0.0057135758838753265,-0.005653867780832728,0.004673403513812208,-0.004603113817242876,-0.01497005473547639,-0.06374743276558927,-0.042538940152768524,0.12046299268851927
-0.005537307911985884,-0.0063410920341003705,0.0044402550558192136,-0.005453431584437001,0.05975459489558399,-0.07232385997594715,-0.03503460087522012,0.14067231884988365
-0.0054801348136645925,-0.0059795977593869835,0.004394250613362003,-0.004976010150379428,0.023877089290665916,-0.06876395160463668,-0.03454563494629733,0.12908853244429605
-0.005168444258194726,-0.007288329161449984,0.0036213712272802033,-0.006515643235159913,0.18786902743864434,-0.0813107072013612,-0.006675491223703193,0.1593282922066079
-0.005099418449241055,-0.007466271483942601,0.003421672830938921,-0.006684454289659855,0.20320151282166513,-0.08176180375804466,2.1528647029528248E-4,0.16055342553579052
-0.005047561927514009,-0.007676627475117302,0.003202615159187381,-0.0068908904777541646,0.22119110268954653,-0.08200367911590957,0.008007674292482362,0.1621370734450757
-0.0049723395252709475,-0.008189985975344984,0.0026358854037448237,-0.007368281225438383,0.23597888589559649,-0.08013164649337808,0.027785708774720138,0.16320127669273313
-0.004910666148865239,-0.007854567958971832,0.0029019131692553514,-0.0069713337019941595,0.21411903075220964,-0.0802540354391707,0.01693453045823015,0.158159773458851
-0.00483451928111342,-0.00803439918218505,0.0026599073236362385,-0.007086939482991341,0.20920858975121856,-0.07866414931035332,0.024359179408045144,0.15579803465776118
0.006355041344894554,0.0019362199701845294,-0.004543138684812954,0.0011806889534284346,-0.020632546822350734,-0.036240631204494105,-0.021996643547105347,0.049191293838410435
0.0052337764347131135,0.0027782808642282278,-0.0038518238020661265,0.0019273386099996298,-0.02205654962073564,-0.050149235150765865,-0.018082796053195575,0.07406571101223443
0.002999923607721805,0.0029188522573740504,-0.0021686764050500838,0.00210771063901488,-0.0015782058976851218,-0.057705621973254205,-0.0027603396892678235,0.08868631584122035
0.004008980147629055,0.0026862140842653028,-0.002921182449390236,0.0019229993576316952,-0.007010853537629968,-0.056001456855386156,-0.00810778986439014,0.08510007792338127
0.005562043571366279,-0.0052431349746084495,-0.004458989377775602,-0.004122172961401078,-0.024646006542318095,-0.06125454154472332,0.036522158965053,0.10932822123316481
0.005488697826242483,-0.00467796288350061,-0.004315686441262168,-0.0035348765790276272,-0.036218101194940545,-0.05748405073052853,0.03295744438697463,0.09747224395022915
0.0061839300080064885,1.5372608223242776E-4,-0.004291296515902703,9.277052664451596E-5,-0.011754479458446031,-0.03638313295185439,-0.0015148122697203694,0.04565139401540642
0.006321684538207756,-0.0026340879705826015,-0.004643148419837957,-0.0016630474518870425,-0.03294573928055314,-0.03805406666704403,0.029952512338213142,0.055586947539666705
0.006184840641488727,-0.0014228175193342987,-0.004367794329373891,-8.748740891833588E-4,-0.016321417572946872,-0.03751043188547575,0.015053550014843528,0.04935559006452069
0.005862985580512893,-0.0034167083450631786,-0.004442854480436323,-0.00234767724180444,-0.039088774397254826,-0.04691328972596371,0.031187324220452072,0.07288256821725612
0.0056108642984835835,-0.004101835061493505,-0.00434684753719965,-0.0029769867816236595,-0.04326495358777932,-0.05311172980626432,0.03241417764930372,0.08675740087110699
0.005289975234368666,-0.006165269196877002,-0.004147682424462294,-0.005162476390425109,0.04792972367500704,-0.07130366670596598,0.02762523478793019,0.13233137814906168
0.005139076595944744,-0.006444029666581521,-0.003917631602652231,-0.005454944768162524,0.08077709031156804,-0.07405920699463657,0.02037125116756069,0.13745632974079294
0.005222889964876618,-0.005683521605935481,-0.004100586417931252,-0.004589189193804888,0.011889878833899083,-0.06692942364125586,0.027329076628832057,0.11897726793089879
0.0050720425133170734,-0.006812643254582241,-0.003728736345876226,-0.005873118428370301,0.11945784581642495,-0.07710583016224713,0.01324330967045015,0.1450275752507942
0.005068125179849759,-0.00847932210785284,-0.0023811307357542773,-0.007735041789939092,0.2591045516373747,-0.08005883719919522,-0.03797603721627741,0.16806441028084576
0.005198530675796427,-0.008605047553236286,-0.0023196233658514614,-0.007999583315519435,0.4152953017968451,-0.0780997293210827,-0.04419628833135742,0.1735636666648501
0.0051570782538395065,-0.008756573701192634,-0.002061731176819588,-0.008070006196444128,0.5912694547195074,-0.07455989611800865,-0.051733880392746324,0.16903931375208772
0.005026819415342575,-0.008641655969797568,-0.0021336396453049,-0.007822229008408663,0.19468051975377132,-0.07716943248348478,-0.04552447589289283,0.16431074191212394
0.005120404840570064,-0.008909334570059206,-0.0018115873042828829,-0.008129932189954914,0.44355535826234554,-0.07071038596560084,-0.05891879680500419,0.16406164731287207
0.005001149674823198,-0.008800335398290966,-0.0018963238943689477,-0.007908341643075481,0.14104633506875433,-0.07389476494284342,-0.052651678954212626,0.16047987548267303
0.005088549402048354,-0.00906316862569595,-0.00156650183893302,-0.008180616068846897,-0.035202508809192186,-0.06670395645467975,-0.06562866325895512,0.15855618157544019
0.004971821226641526,-0.008968134985388657,-0.0016375653290792373,-0.00798166717531486,0.20280931975563302,-0.06980184585921922,-0.059961650015778245,0.15542620273549065
0.005002351108739008,-0.008177415822204338,-0.0026788686692786074,-0.007386432407630019,0.2366746399673628,-0.08081954954809639,-0.026813993929637393,0.16467026400385773
0.00493309759625768,-0.008338040037015155,-0.0024338878117603174,-0.0074670694665627925,0.23143115702111963,-0.07847225364058912,-0.03415661402056863,0.16103081420196333
0.005061544257832261,-0.00921791631991809,-0.0013009875772349807,-0.008226925853431623,0.28039506608163195,-0.06201178403521566,-0.07217122912704235,0.15259967259742654
0.004930126067174,-0.009124880024235789,-0.0013830237456386304,-0.008020107559509658,0.15672743522445406,-0.0655850158392537,-0.066133591487759,0.14943723056309308
0.004911192011114078,-0.009275683841556904,-0.0011472623248294034,-0.008066238527287222,0.08858986530975817,-0.06125346316101412,-0.07187660512125561,0.14409703341066862
0.005039415511198498,-0.009373420771600327,-0.0010440633639395116,-0.008263528307682509,0.13892813398790085,-0.05702144261931802,-0.0782699132265161,0.14625863550477725
0.004903793840746524,-0.007970034051359366,-0.0027899901632103086,-0.007084917523238177,0.21691479307621495,-0.08001993033579587,-0.020810201769539936,0.15872726696300501
0.004974944173708011,-0.007726929225194423,-0.0030801306929113394,-0.006887662307852466,0.21354330089716858,-0.08121199296698069,-0.011350721131683976,0.15962893498904848
0.004927932956712158,-0.007115942879393675,-0.003426141665448097,-0.006157590804785707,0.14699649749209645,-0.07832481416314462,0.0033296532747288557,0.14751806461821404
0.004844782122247741,-0.007449539007990237,-0.00313970984984888,-0.006482764390680051,0.17200341571077,-0.07897957900826126,-0.006467710849668498,0.15025928613673464
6.938893903907228E-18,0.025,0,0,0.5059433902927529,-1.7740661397249068E-4,1.1547386145525534E-4,-6.536591732878087E-4
-0.012708758077087072,0.014614440071443682,-0.00658529964449035,-0.0038636017606382025,-0.04512702336911143,-0.006598711985253726,0.11870657318825976,0.09475273315376632
-0.012689198285881066,0.014824799000151328,-0.006399934056607544,-0.003563221535730838,-0.035617506775525165,-0.005495573620837586,0.11398902900229223,0.08635442751806964
-0.009992127275781948,0.015769419769655468,-0.0069374570216281526,4.941860894975675E-6,-0.026992951188719194,0.10416122360706688,0.09545542850231149,-0.030402269576875644
-0.010277520645548162,0.01573423102070084,-0.006976666045224983,-3.397612952472171E-4,-0.02877581124439328,0.09529955443844919,0.10180880032523178,-0.02098171313738241
-0.010487531335449008,0.01565666421628983,-0.007061345385280385,-6.092541377689943E-4,-0.0320680729797788,0.09012805761375428,0.10708898301163963,-0.013741181263986496
-0.011292386724741171,0.015330925177245224,-0.007201625165675713,-0.001743913790204675,-0.039832997030870315,0.06264875150970396,0.12289784097864005,0.0203996562727445
-0.011046823020921413,0.01537592742346592,-0.007289388395231652,-0.001418045570752481,-0.035724805825000906,0.07441937637675712,0.12102913003877915,0.009289017279493097
-0.010807077465886659,0.015468265893628352,-0.007260756770618273,-0.0010708338149879755,-0.03475819346066098,0.08322937920994831,0.11639083186589856,-0.0012871114782005066
-0.010705024504160401,0.01571519880434981,-0.006904991760988444,-8.512625928050501E-4,-0.03301246844269478,0.07816280222581917,0.10849339525657774,-0.005072384095479907
-0.012472207202078256,0.01488188667362645,-0.0066197757156067644,-0.0033488720929785126,-0.04196333407558854,0.004991959057220406,0.11918023273717226,0.07786575463219757
-0.01225582941904737,0.01502560261110266,-0.006714091106209359,-0.0030096749449015085,-0.043515299499473636,0.0152143693153625,0.12070719244273857,0.06616306050862127
-0.012003677993257751,0.015103533901681029,-0.006895416433987735,-0.0027036560179019456,-0.045480283756417585,0.02803621020325581,0.12361148199316543,0.0544980581860614
-0.011526964303799478,0.015234017766568379,-0.0071675396935864865,-0.0020887514378509896,-0.04293725368784478,0.05219813187358086,0.12525380238645992,0.03194501663611581
-0.011776966128030537,0.015215575561933897,-0.006969825147607417,-0.0023712224660740323,-0.04531585969499527,0.03854208197694776,0.12347336165077015,0.04301278342886655
-0.011455556334452126,0.015472334840758547,-0.006869877810723311,-0.0018233150133904479,-0.039941995070230496,0.049928993324059395,0.11794502231342022,0.02588871375447862
-0.007748043464725282,0.016373859861662274,-0.005213818875662836,0.0018007359929911753,-0.061742982353447384,0.11088078738149618,0.04069076014120342,-0.061153766073248565
-0.009311562756413863,0.01603144779552663,-0.006429327918944912,7.186299227768431E-4,-0.03579211213528708,0.1097925825481333,0.0763636304062301,-0.045129036339146784
-0.008743402150953605,0.0163106529731648,-0.005838018258906446,0.0011334485964658869,-0.03557774558917937,0.1058009268179858,0.06158262683122039,-0.05108628203442906
-0.009726010226763546,0.01598067335848041,-0.006592239286056231,2.918889229186505E-4,-0.029640657272113503,0.10202296264679285,0.08619635839457711,-0.03554778394001653
-0.013000387826938053,0.014373457298490627,-0.006366870191628002,-0.0043661325785143415,-0.021841583729987218,-0.021885841165788945,0.11250789659232278,0.11222263258901503
-0.012895707245877448,0.014526769277895066,-0.006395309299010129,-0.004088914063126369,-0.02878644578772888,-0.016040474496695947,0.11358600058652758,0.10326489991422902
-0.014045084994930427,0.01293892622972893,-0.0048870734344170705,-0.006744636119921407,0.38918085266978436,-0.07865201963382353,0.0536506947341506,0.18711092213943004
-0.014206058830602296,0.012962967295830272,-0.004621922163630479,-0.006562211346305122,-0.04938777178624571,-0.08054560343084172,0.04734315601353583,0.17923259278335338
-0.01413540329229132,0.012810416269897769,-0.004674992409065713,-0.006893555756835103,0.3198198454991929,-0.08161017541636108,0.04519895084356962,0.19029881785843203
-0.013245869099961274,0.01415332506972794,-0.006130668905610577,-0.004790421108901596,-0.012027464607321658,-0.03491191901413971,0.10482081267074625,0.1269095695956614
-0.013159247861363894,0.014302937515013865,-0.006170817939599233,-0.004529063891130052,-0.015926750611752416,-0.02964452433689146,0.10653611960011646,0.11857668694487998
-0.013377269969157462,0.014079989250277274,-0.005956581581261989,-0.0049295352939286614,-0.011298075129290144,-0.04102503464147017,0.09911650397675333,0.1320247456403523
-0.013950775489717909,0.0130645347166975,-0.005108507254388241,-0.006578414807325112,-0.12030291239004214,-0.07518308336543601,0.06208458998286622,0.18336539092956053
-0.014128814562345006,0.013100022323892119,-0.004797254342234907,-0.00639036447476115,0.010875343923421541,-0.07742065136248653,0.05461360965387444,0.17505907114037877
-0.013852566968142575,0.013187119036995118,-0.005316303516158558,-0.006411892630143876,-0.2617768449116821,-0.07108883926017254,0.07009992479224024,0.17945026246405338
-0.014024922004771482,0.013219634536144878,-0.005001395789059592,-0.006253489805341462,0.06870339571561851,-0.07381775584539135,0.06235672910963519,0.17183665981857874
-0.013750556019033763,0.013306558565652453,-0.005510312824294111,-0.006246039449461516,-0.04995721389587316,-0.06639465652221009,0.07762916493775017,0.17501194592775257
-0.01391283977439403,0.01333339142736266,-0.005210011085978677,-0.006115792054097526,0.07881589990029204,-0.06969329164855115,0.07011821672906367,0.16836559414159544
-0.01353553390593274,0.013535533905932737,-0.005891897724118275,-0.005887247171686393,-0.10862525193014878,-0.055589365154866156,0.09206929057875442,0.16400301731251074
-0.013582577923452174,0.013684543624662385,-0.005761841941616062,-0.005601893320650948,0.03303850611401249,-0.054582350927812114,0.09091315385106925,0.15301512130823267
-0.013693945879738063,0.01358094406867891,-0.005586507783588607,-0.005762083321236937,0.006459507952575229,-0.059779524670428956,0.08455908981512948,0.15799229056728023
-0.013644843410250553,0.013422735238775142,-0.005699061759590323,-0.006074190198495488,0.16847960421297184,-0.06121787110712749,0.08492892758340738,0.16983222685385413
-0.01379810302570505,0.013458897330815945,-0.005413572806869226,-0.005944609355701452,-0.016800522529974365,-0.0647191345347412,0.07795424539572725,0.1634461314381306
-0.013513611515803176,0.013977323829722207,-0.005779264432265976,-0.005105265236170212,-0.002270452739758244,-0.047304796689245615,0.09304323248642977,0.1379995932970495
-0.013604798547272933,0.013828370450659863,-0.0056812946651050205,-0.005349604090376669,-0.006212118147308772,-0.05264905458356907,0.0889456194385598,0.14562359807294548
-0.0142908156217683,0.012818094356645788,-0.004418325532779256,-0.006727884223196478,0.03165264135261778,-0.08342709235956793,0.038949089342911684,0.18279521848394906
-0.014221641019906124,0.012679131780828632,-0.004465130520037168,-0.007031267549623033,-0.10204755482934252,-0.08420240554060943,0.03671960515625323,0.19282416814991346
-0.014353696771323355,0.012947046376365706,-0.004377190132719813,-0.006466973797833531,0.039694370890180804,-0.08119177619270156,0.038861031448983625,0.17477818526195787
-0.014381628492155211,0.01268685114004101,-0.00420148814229148,-0.006852291330511945,0.05110884033718558,-0.08557733361402899,0.03061910056799155,0.18458217615571007
-0.0143037118419788,0.012545204192439473,-0.004239339418834266,-0.007169594819230812,0.09434438033255886,-0.08623476316476804,0.027832178685419717,0.19481180937393136
-0.014381534484329045,0.012408766398519247,-0.004014658295293493,-0.00729777259737183,-0.02024702591167069,-0.08772130085795009,0.018934971203664983,0.19613000779713277
-0.0144634767949927,0.01254387373012697,-0.0039825663515974255,-0.006987164994336004,0.027698829650305488,-0.08724836049747074,0.022090551894430904,0.18634872047656617
-0.005644018122437833,0.017298431211640482,-0.003231979266116332,0.0019540092999610786,-0.03864591370278872,0.08087881474969143,0.018628445568440285,-0.053293703157252036
-0.007162204508572916,0.017184237066273773,-0.004181390526444373,0.0016027376807449755,-0.029272362305440818,0.084952605636199,0.033973060750599526,-0.05194553861211988
-0.004028668587916605,0.01885903551700421,-0.0018334825968357132,0.0013610530043448557,0.05080595336301152,0.056487293886856485,0.012471880812947827,-0.04212640874039652
-0.002083717175787335,0.022001470608130767,-5.061309695286229E-4,3.730603745342974E-4,0.2506326885654429,0.026602524383270553,0.00635534134758544,-0.023368542547122614
-0.014801469324203571,0.01139495244676372,-0.0023243952017819717,-0.007998292322937762,0.05989169555809106,-0.08234778119742753,-0.04325393457772172,0.19013218679535196
-0.014957126742407694,0.01135975404352102,-0.002127176962210577,-0.007756806901305432,0.09590722932004662,-0.08076788530294933,-0.04583523752235962,0.1788324965857386
-0.014842921746160495,0.01124342629880737,-0.0020778422965569677,-0.008065870250268956,-0.1792222411944039,-0.07952111506070998,-0.05160589418318955,0.1869668597879913
-0.015005528308110984,0.011210122365243083,-0.0018847879395890554,-0.007801477412198145,0.10433027495855442,-0.07761262432250078,-0.05358713972093774,0.17505427405295945
-0.014879595159429937,0.011090665429940796,-0.001823106468614445,-0.008127179877047972,-0.1450232816311955,-0.07605355341194409,-0.05983777421225476,0.18312949924681923
-0.014455032777517945,0.0122699521913998,-0.0037819195581189637,-0.0074210071161950235,0.05857860889719708,-0.08861311390607762,0.009986339092837353,0.19691849685067153
-0.01454983303941737,0.012394551932277622,-0.003743577733711889,-0.007110902703406967,0.06632633864116431,-0.08839297165162237,0.01282693216607683,0.18722843828218771
-0.01462201749343696,0.012255562541605416,-0.003523903307342636,-0.007219870775606555,0.0036137838474729427,-0.08886258520022049,0.004545522809225023,0.1875324071909659
-0.014648884232660607,0.011840618209004684,-0.003059932893185555,-0.007746804778959125,0.38534316251214157,-0.0877884684545563,-0.01709000502961153,0.1960742325322987
-0.014751557086770964,0.011965813017795894,-0.0030733431320832815,-0.00742639002032422,0.03376367984715866,-0.08833041317498941,-0.012545902815972213,0.18690319305947942
-0.014799214138979524,0.011809281430470202,-0.002844878626564321,-0.007543968136070156,0.02632042426755912,-0.08728287450640809,-0.021095496075443945,0.1864308753823188
-0.014704405031812397,0.011693686304088879,-0.0028287834729277066,-0.00783416008930998,-0.2679962948639141,-0.08665184097446978,-0.02580727662895403,0.19459287660437427
-0.014766809860758855,0.012226270910778943,-0.0033028894099924786,-0.007074513264983147,0.053307234197619756,-0.08675784353506322,-0.0028541985019409884,0.1800490441284946
-0.014855525634540562,0.012101383112773619,-0.0030785629836594373,-0.007115751959421489,0.05093431895327564,-0.08587551635699146,-0.01088969377962229,0.17782624336718775
-0.01475528278234136,0.011545084353673888,-0.002573477434137216,-0.007921589877975687,0.15527145665205588,-0.08475116766530415,-0.03463472627491817,0.19262842883587505
-0.014870964871143706,0.01165233724325263,-0.002582082546000415,-0.007609650186417014,0.09192701197916353,-0.08538122539401892,-0.03020899332810628,0.18352932429042615
-0.014914412547151031,0.01150879438228853,-0.002360545731062799,-0.007687595547176992,0.024701330325824073,-0.08336872502966138,-0.037854100815693854,0.18150972460240536
-0.011693686304088874,0.005295594968187607,0.007834926128939153,-0.0028262899684119015,0.3149533671250054,0.1817241135648332,0.02492499638994047,-0.08395298183209134
-0.011840618209004684,0.005351115767339394,0.007743181812936854,-0.003069243457394699,0.41221372152156405,0.1849512658534976,0.0166594368650812,-0.0855720534599752
-0.011806687604898825,0.005183469597496323,0.007590794654328715,-0.002844805799968921,0.5253059852147509,0.17575050068633394,0.019544615427687914,-0.0849985082308557
-0.011545084353673888,0.005244717217658645,0.007924800980925618,-0.002563811886430813,0.9180712069521114,0.1781636556440986,0.03340319870924144,-0.08147541455503424
-0.0115137135279591,0.00509298626100973,0.007770166515378994,-0.002394604468334551,0.4020307810544876,0.1697862725602741,0.03463823565078778,-0.08105041679743709
-0.01139495244676372,0.005198530675796427,0.00799780502194207,-0.0023264850853964335,0.34060520347425033,0.17392354909494198,0.04128446510861395,-0.07878258340863956
-0.011669198931524924,0.005122231028556701,0.007662078040120761,-0.002619378310218251,0.43817725892759957,0.1723623544225608,0.026843866370634014,-0.08326073842121363
-0.007333160521326084,0.0052593257839800255,0.0066397465396524505,0.003709973810875907,-0.23244423434464237,-0.017774156800202348,0.09701072259019021,0.08303924921651434
-0.006932226894782035,0.005479589688834863,0.006241497395245482,0.004213526633970541,-0.18224522713180788,-0.03433115229132099,0.08812647662282866,0.10177958054057037
-0.007131762895892501,0.005335248145576961,0.00642734180780747,0.003925204532127891,-0.20847443960049503,-0.026314219045101794,0.0921146317004176,0.0915916300773495
-0.0074046882999403325,0.005038345817532687,0.006569068980662048,0.0033910369123857542,-0.2161820769380276,-0.01529893217028931,0.09304216757720797,0.07401511521330421
-0.006662223917514088,0.005308043157613793,0.0057938751936997155,0.004073359043321677,-0.13391576479262188,-0.042287290887812974,0.07431046356486114,0.10095894234880894
-0.006432426063484505,0.0054560189357201585,0.005550430038086689,0.00431883799108653,-0.10361127170472377,-0.049426683740964865,0.06790723931783853,0.10946171495655817
-0.006213467290993381,0.005626049771299474,0.0053087368441647265,0.004570180913106167,-0.06675792243930347,-0.055813251209286936,0.061275759756945665,0.1176029903127734
-7.736321746857461E-4,0.005790900224286493,4.914732646491984E-4,0.0040670025084318835,0.0050031896038344415,-0.05469480659873396,-0.003140390312596051,0.08142507362792019
-0.0021218154533927547,0.005841644712478276,0.0013814784869937988,0.004221546694523125,0.014147763823561177,-0.0578633906495895,-0.007162950916607263,0.0891558818505581
-0.005075698877132553,0.005814474307921661,0.003931562563841019,0.0047122323029385035,0.02648014405959533,-0.06850723561718615,0.022821875383465282,0.12168418193087938
-0.005877706319125778,0.005495157441386804,0.004854944522052023,0.004413889262070106,-0.03880102466433267,-0.06014215494483898,0.047795652974257204,0.11523568217723446
-0.005465671429979822,0.005505210541251915,0.004371024289318309,0.004411755474574294,-0.009498332411910651,-0.06424531070308777,0.034520096837717444,0.11616907165659487
-0.004565664684477608,0.005703409235898642,0.003408561988698829,0.004508808845597109,0.028560965131404322,-0.06729022520069074,0.012157852947823426,0.11413742409887596
-0.0033155945332680953,0.005838770378459772,0.002272686327448134,0.004405023811587728,0.02732054990030299,-0.06312123076734139,-0.0045019463672940204,0.10163241870300864
-0.004037700256256816,0.0054810189170310716,0.002935153891261052,0.004218391741414513,0.022534162730361566,-0.06526778447745928,0.00512731722893913,0.1068992952034101
-0.007685697597792711,0.005022908604436183,0.006883327223405892,0.0031682661430977306,-0.24430344137066576,-0.0029850269923556855,0.10009681967262153,0.0641737333744606
-0.007919546392184647,0.004909449631957399,0.00704058007346971,0.002843741396056645,-0.24171150268001032,0.0070904536987675265,0.10172192671604686,0.05276735852146284
-0.008156436072050102,0.00485527126685069,0.007225537656619096,0.002560475030988939,-0.23789307750910615,0.018180548583809502,0.10414177100218523,0.04229319839626434
-0.009063168625695948,0.005088549402048353,0.008180412208684783,0.001566761940547659,-0.04249428575773978,0.07147215762714494,0.11552337251105747,0.007389875348945009
-0.008952148959205377,0.004953177066889118,0.007953162769906012,0.0016478007919027012,-0.27529722271370843,0.06314932329064772,0.11223176667202465,0.008169992724893644
-0.00853495476523403,0.004909762406796931,0.007612626244438357,0.002179253646455333,-0.2502775106158353,0.03897900959930422,0.11015386065732495,0.02711937333787905
-0.008694779818238775,0.004920980778825013,0.007747148117560573,0.001983339729765352,-0.23158823815927226,0.047914394056970656,0.11123038591386998,0.020071966513514863
-0.008826125309109511,0.004827464229327407,0.0077351920210791125,0.001745129205775349,-0.1857086291646974,0.05266401977476553,0.1083943651593282,0.01329377978297351
-0.008381972065627661,0.004746833684666424,0.007322147735044822,0.002224926038073566,-0.21443043825110372,0.02775259229349748,0.10347555348479344,0.03130014729053148
-0.009217916319918088,0.00506154425783226,0.008226937361197052,0.0013005550981893348,-0.2595334746501341,0.07929355233997133,0.1134469530047887,-3.324197316305082E-4
-0.009114781932614053,0.004913345930564605,0.007996816380311631,0.0013890782313581193,-0.18413836145318704,0.07089086821422985,0.11004831709057704,4.1355079284361053E-4
-0.009373420771600324,0.005039415511198499,0.00826460795868841,0.0010355691274230728,-0.43247985993848176,0.0872019467643761,0.1109828741435745,-0.0077376796540006496
-0.009279551235342801,0.004891062726000494,0.008046573945251356,0.0011334148803412184,-0.08951769706084034,0.07887213125710867,0.10777276887192198,-0.0069738943288545
-0.009529528446938641,0.005022183559254116,0.008292352525571459,7.833213978884079E-4,-0.06889765609382432,0.09488602607576317,0.1081200904999897,-0.014617390540131989
-0.009437462751036902,0.004885446685770199,0.008097174882386864,8.895301705587219E-4,-0.04782758025656139,0.08676415261124894,0.10548327392141203,-0.013775499661255691
-0.009842960155646504,0.0050024667597618295,0.00832525139110817,2.5484600458889776E-4,-0.1690840874801286,0.11012473390753673,0.10094589349155329,-0.028389535461155076
-0.01,0.005,0.008329348049827047,-8.658958097116613E-6,-0.28755924861072774,0.11762748692154994,0.09682599432289153,-0.03470181162726385
-0.009907887297460767,0.00485949418201027,0.008154322963113735,1.4555392346204057E-4,0.10718337054782796,0.10897043929152357,0.09538851513559371,-0.03343896881696143
-0.009686089839949744,0.0050098636880925584,0.0083126400384998,5.242477661854674E-4,0.041206548433754264,0.10246824019536382,0.10474886123051376,-0.021528827464230415
-0.009596726483379068,0.004869213220249251,0.008122022542803376,6.371364805311323E-4,-0.0688151134765384,0.09435295608239302,0.10231878990504915,-0.020763383043733787
-0.009755320853373257,0.004854896527966511,0.008135033935977755,3.854460921081535E-4,0.008688696786901694,0.10167053977440997,0.09879686938867327,-0.027410155619548782
-0.010080517503275918,0.004874062574782253,0.008171017723537047,-1.2890619865555365E-4,0.06657150079650943,0.1172885195114209,0.09117079338985733,-0.040024698240045266
-0.010157039844353498,0.0050024667597618295,0.008325483365145206,-2.5189078541811564E-4,0.563218265160912,0.12484505411803738,0.09225849343731031,-0.04061280396577882
0.0014853503997345723,0.0036297139441190843,-0.001055497590421955,0.002606521670386299,0.0077637411045912135,-0.05725723237581747,0.0010141014380075234,0.0873137699322872
-1.4765472034268553E-4,0.003942886354319422,1.0406781117418725E-4,0.0028087755288873626,0.008090753050161159,-0.05645028512265111,-3.40478197337065E-4,0.0853623648720388
-0.005550893197921688,-0.005212730747196563,0.004443577108438579,-0.004088645300788773,-0.026039649150999423,-0.060921214756404864,-0.036569780072112666,0.10854422246314231
-0.006966136102600999,-0.005127311214388123,0.0060913585195297845,-0.0037360982654483592,-0.16828020702471644,-0.032166790387293455,-0.0813788700804464,0.08888220025264705
-0.005901030808987908,-0.004990757967176994,0.004794426061431264,-0.0038291622424838395,-0.05524635197385252,-0.055513776612536585,-0.045266427578743766,0.10147883058320283
-0.0066631510847211745,-0.0050460955622650475,0.005684302606147372,-0.0037483162684241104,-0.1263151029480052,-0.04101391266638469,-0.06973948931010195,0.09281500696408583
-0.006296159198668376,-0.004922040909140076,0.005215334549766881,-0.003696031628897305,-0.0873519883457533,-0.04866086547991019,-0.05632457886646836,0.09529074531424454
-0.008909334570059206,-0.005120404840570064,0.008130050014473375,-0.0018108825629528135,-0.469426211614324,0.0638640621645014,-0.117662010163936,0.014986665711350324
-0.008756573701192634,-0.0051570782538395065,0.008069891767883298,-0.0020619039679384775,-0.6138951347490743,0.056057148781657656,-0.11899393658583801,0.02249617053930021
-0.00879992920477523,-0.004994861146440444,0.007902601483973008,-0.0018923448852280836,-0.16660886300829544,0.05583985578470265,-0.1138072788526565,0.015720738196543963
-0.008634145871579216,-0.005019742154638351,0.007809832518108225,-0.0021382162600636074,-0.2511098142515757,0.04744682633040458,-0.11442915047756645,0.023412741905816364
-0.00906316862569595,-0.005088549402048354,0.008181175009810856,-0.0015634270514959887,-0.0524159966215919,0.07154983385851986,-0.1158393686623072,0.007590771152421991
-0.008962046725663326,-0.004967498945133913,0.007974526423430063,-0.0016430470925534845,-0.206343668852052,0.06396008615742531,-0.11247983951073047,0.008044006479261739
-0.007673611049249822,-0.005058167473233509,0.006898709483090555,-0.003218308036586851,-0.2470355588650626,-0.003348972434879933,-0.1009448921845323,0.06559675121056145
-0.007178600151015675,-0.004965020324344819,0.006254878012868721,-0.0034381475372365906,-0.1828284175090605,-0.024533051126868974,-0.08435367789900562,0.0786066022796103
-0.007421103528536649,-0.004843962975309896,0.006453722661618329,-0.0031582699052467834,-0.1939558337686682,-0.015547363361819786,-0.08810190698345223,0.06827661451366912
-0.007888175642667474,-0.004908357927344662,0.007007176914600175,-0.002871069275411569,-0.23873587920433015,0.005480745762683012,-0.10116710834589772,0.054000773397069816
-0.008499862134509923,-0.0048810481291031846,0.007553565715920664,-0.0021992196272801845,-0.23379522414898649,0.03642792224614239,-0.10884438253039554,0.028263095428087696
-0.008150658640685706,-0.0048483112909751035,0.007213753235882018,-0.0025597105591081307,-0.23787302688284442,0.017556938086795607,-0.10393848330890998,0.04253370188848421
-0.00833861104141007,-0.004742279514357467,0.007281441910604937,-0.0022679750718703887,-0.21827204940273545,0.025333646809234178,-0.10290622665250164,0.03304794735850115
-0.00921791631991809,-0.005061544257832261,0.008227457950513193,-0.0012979831430199533,-0.3926761957618676,0.07931992594929792,-0.1135667111253252,-3.806453350126998E-5
-0.00911650359704313,-0.00493016393149961,0.008016819389207204,-0.0013956581203103614,-0.16870191448197883,0.07131537402495293,-0.11041293407095983,6.15644468430894E-4
-0.009373420771600327,-0.005039415511198498,0.008263267850680892,-0.0010462479714362105,-0.047527614207419445,0.08702545034644142,-0.11100254994991682,-0.007171691428124588
-0.009280851541732242,-0.004913949715699959,0.008072101953569291,-0.001140819452513081,-0.09303107552015057,0.07946912704397913,-0.10837965937050131,-0.006674186696176512
-0.00952952844693864,-0.005022183559254116,0.008291929692136709,-7.863921914805405E-4,0.006009178866008461,0.09479124413018762,-0.10804451677389303,-0.01439938493353495
-0.009450554802359214,-0.004887976842900523,0.008103850925299498,-8.710808838676966E-4,-0.11776542604898972,0.08758408318332013,-0.10529685636888504,-0.014449365936856416
-0.009686089839949744,-0.0050098636880925584,0.00831313328298407,-5.169434053116014E-4,-0.27374492267102596,0.10251563953899213,-0.10466557866943686,-0.021485390914339608
-0.009600480925739702,-0.00486847497104491,0.008122361103828432,-6.324694057113257E-4,-0.027554335799153482,0.09450656360180211,-0.10224805096990912,-0.020948233398416307
-0.00975565241633655,-0.0048698661115822335,0.0081514027896325,-3.8810978314927024E-4,0.034629957163708154,0.10208624227319936,-0.09918283036441276,-0.027278089557543097
-0.009842960155646504,-0.0050024667597618295,0.008325098001383943,-2.631537757548982E-4,0.08831507746644107,0.11002038923086115,-0.10098930861754712,-0.027965065556154193
0.01531474644280334,-0.01130014882917949,0.0017653692331776438,0.007223392464135601,0.03891729003087777,-0.07175785251114376,-0.0534479657410327,0.15551982948146673
0.015211747248484018,-0.011510340444166252,0.00208910954613635,0.007217279095976112,0.04772315887410511,-0.07655883528046668,-0.043742746160815305,0.16243045501639322
0.015056815934194777,-0.01207645845761591,0.0028203406655179595,0.006878763676232652,0.04925949362613081,-0.08247688429438459,-0.01800886805266427,0.16715350042019092
0.015082064396789226,-0.01185821434073422,0.00258494266055197,0.007078872066201565,0.047711061718790075,-0.08158567753879876,-0.02699305925811644,0.1683948202912028
0.015233676275197944,-0.011707989575398637,0.0022835657066194856,0.007009728279490741,0.04565347799840652,-0.07794291005040101,-0.036245235233439616,0.1607520750011061
0.015597289722832414,-0.010397152255454666,5.117846948265841E-4,0.007179793149078219,0.017255749778306195,-0.04509609878378446,-0.08562416405525376,0.12233364250757771
0.01554855887969486,-0.010624779063083272,8.115717727438029E-4,0.007199674416830895,0.023118198675492585,-0.05230071881999036,-0.07872042521451343,0.13084636613499617
0.01558423654678535,-0.010877951432803406,0.0011063398164517164,0.0070436056291771606,0.02897043921322118,-0.05788737683803057,-0.07012953721000027,0.13403942989876025
0.015556226708045615,-0.011200757956151705,0.0014924738549334131,0.00691744681357949,0.03235759924535463,-0.06484150016315608,-0.058569245607959515,0.13992083458033847
0.015113297054231957,-0.012491716477685716,0.003081833256606541,0.006339925206429815,0.04319212603690157,-0.08069719208689713,-0.005670355879961834,0.15672113396195228
0.015182342590665438,-0.012262747078150636,0.0028382919648729248,0.006517207817065556,0.04557489355087865,-0.08023854491009134,-0.014942399681058297,0.15740111602854112
0.015215454652080667,-0.012692618022095918,0.0030901697017155384,0.006006607611953536,0.03870412837834688,-0.07855885053961649,-0.0022833913815140457,0.1481328456096571
0.016091767540753782,-0.008697615808607013,-0.001280466941582564,0.0060945205078162855,0.032375038389810484,0.01560585606508258,-0.10038285745524346,0.04018085972189251
0.01580274351575938,-0.010191726750701343,2.3159341223150145E-4,0.0068761876436671384,0.01974250659303284,-0.035603641109453965,-0.08919718778195106,0.10503626910477859
0.015844622594975006,-0.009840189247219236,-1.8017095054856307E-4,0.006811900175655931,0.01662492214710053,-0.024349949258859614,-0.09588236499524688,0.09207850375387494
0.016084205644338274,-0.00948275768358421,-5.307699242958751E-4,0.006399334436653,0.01757079856313326,-0.010975539494150022,-0.09573528671645827,0.07022730718420837
0.016294519366915367,-0.009142622638168871,-7.962567570064963E-4,0.00602099695467303,0.019186137512735835,7.646697324724949E-4,-0.09424230046938278,0.05175492621635609
0.0164299604793372,-0.00806010840475711,-0.0015765355314015861,0.005348315681947982,0.03823755953195957,0.03171641009965989,-0.08758038457791774,0.010845415740969906
0.01633273879116281,-0.007060407389090271,-0.00218405388023698,0.004768793624865988,0.06654160872068254,0.05583265362135975,-0.07611709174866248,-0.016250547665752738
0.02182751706919178,-0.0013263844568586027,-4.176728343297489E-4,3.405080060702175E-4,-0.24682253952513197,0.02677742499461515,-0.006265270077687373,-0.0235215425752299
0.019282546237513663,-0.0026181879580629962,-0.001253960661795614,0.0011176048664836727,-0.08283545029805188,0.044515470712251794,-0.013859782882156524,-0.03452656867959381
0.017285904721592544,-0.005735862743257027,-0.0019515000489127908,0.003298719777157784,0.031545860921097575,0.05497657528666682,-0.045924854312251386,-0.032758810053764936
0.0188967470529704,-0.0048333053982584605,-0.0012757792306205083,0.002177255404464995,-0.04015056706270215,0.041672065707095016,-0.028709110105894296,-0.029709144159642632
0.025,-0.0035489994304471924,0,0,-0.4322275361639713,-2.1335643078503725E-4,-0.015439388637568127,0.0010612076448386647
0.014628942680595503,-0.01298172915175308,0.0039779776271680325,0.0061813201913609285,0.03501209689873355,-0.08038390703098154,0.026464082367604214,0.16341170381767192
0.014920695374729148,-0.012963184261166537,0.003579026292798508,0.005955953714590362,0.03268555696533029,-0.07919348895328816,0.01405608747981058,0.15311925053746944
0.01515363711709081,-0.012873774830766132,0.0032561040914644754,0.00585886905364171,0.03401804523720504,-0.07813882133600669,0.004155288738381556,0.14679820457769654
0.014097223246064296,-0.013607415478998072,0.00490882057881,0.0055763272457497815,0.01093140076218073,-0.06748273391736409,0.06203763205523444,0.15209863959852502
0.014455070388944058,-0.013222564618084385,0.004312819006895243,0.005966125456524916,0.02688099143988678,-0.07704948824349199,0.03936641185759102,0.16029714553690752
0.014289373489883017,-0.013460224519498333,0.004605667550250486,0.0057116269928779015,0.01720790808002655,-0.07227158682428636,0.05092028132832097,0.15492830218400752
0.01162480232396601,-0.015069667136448653,0.0073298513017292346,0.0023480125481957913,-0.05277736746158351,0.05075846521469176,0.13013762538066012,0.0388790873566086
0.011778981599669077,-0.01501370450977158,0.007259276532890757,0.0025745306999218416,-0.05117765299493759,0.04274140612049527,0.13029699979199547,0.04693573503094348
0.011928869767220532,-0.014951256810872584,0.007186737371607078,0.0027983664871080107,-0.05198179481847571,0.03494870382948215,0.13009042524524717,0.05490939393815974
0.012383084888998221,-0.014677037156297881,0.006976291863090983,0.0035533731950031346,-0.0427566449033501,0.011144143443313584,0.1281529074288655,0.08144781366931611
0.012268682675417095,-0.01480259098465439,0.006974999370809265,0.003293091552413544,-0.039951448200856575,0.016823342142277917,0.12746750742871363,0.07301166758271598
0.012102432704847784,-0.014890380539164636,0.0070683270943765674,0.0030367636615913902,-0.04485498872119927,0.025483271630916658,0.12863749002869387,0.06386369429142723
0.012546873714753638,-0.01465266440583246,0.006776291204447775,0.003707494060253221,-0.046664842048998456,0.0019137056194165343,0.12350081608817086,0.08824676837542379
0.012700048122617234,-0.014561926863965208,0.006651178045738475,0.003935592938192804,-0.034544877045667076,-0.006218674694766997,0.12052423407243261,0.09660016984383947
0.012813684339457457,-0.014427911653806486,0.00660986696463909,0.004199344966426967,-0.039208148716535,-0.01245156237403184,0.11937425721949875,0.10533028070822495
0.012980304702138321,-0.014390378819855427,0.006384558257109016,0.00433242515476455,-0.038837399538084544,-0.02090547125466588,0.11303835035837424,0.11120108199060559
0.013124373525623954,-0.014283501575182876,0.0062400678488390695,0.004550556345500947,-0.02152629896562674,-0.02829426838665101,0.10861564656517832,0.11890226203370165
0.013741034012046783,-0.013982408861682456,0.005408483226027711,0.0050798725190069486,-0.005373523935077598,-0.05386687050399595,0.08123074267406728,0.13798671490143447
0.013344140979610869,-0.014313263846109823,0.005875733088020619,0.004553355088403622,-0.021277637009971213,-0.036858447059414955,0.09781014438921644,0.1208967989415579
0.01357290448462539,-0.014188342745773394,0.005590628319605813,0.004767236350388635,-0.014151912223082043,-0.04606039364538698,0.08833997688092275,0.12833282297914528
0.014157745357966812,-0.013868222900524625,0.004798381451192257,0.0051588566797093165,0.00602055246949424,-0.06390961885570741,0.06091298195364797,0.13978557478626555
0.014043118239382719,-0.01408092526718939,0.0049277182216355695,0.004881676434480008,3.7816577681221874E-4,-0.05885760970270639,0.0667257836205895,0.13210301276895994
0.010782083680081914,-0.014938455742167742,0.008227104294119745,0.001299526227834098,-0.14531356616641455,0.10727401236925214,0.1327310990952585,3.3122208816743483E-4
0.01088423109889472,-0.01507842850821009,0.007897867156758978,0.0013751659457073436,-0.032267258405028004,0.09587684538343057,0.12939330039191624,0.0020755104597196213
0.010626579228399676,-0.0149605844888015,0.00826427433914745,0.0010382351275473579,-0.24226658098378315,0.11578548577539434,0.12931378801258156,-0.007849500364288073
0.010470471553061363,-0.014977816440745884,0.008292018466681435,7.872675064055404E-4,0.08937131705020068,0.12384437904237855,0.12538051065183423,-0.01556196862275123
0.010565963580039755,-0.015108840835628802,0.00799572998580435,8.859510651431751E-4,-0.007296439826085182,0.11254201441179552,0.1233238079274654,-0.013340381481777727
0.010722860156617635,-0.015098805877874303,0.007947097873583565,0.0011270361340470993,0.003021553239667261,0.10429807666071107,0.12649207816431127,-0.0058454323218601984
0.009759670572526524,-0.015124297686519681,0.00805300059389198,-3.7817135165479866E-4,-0.028187955780093477,0.14938801688292483,0.098870493650501,-0.04829325919709553
0.009842960155646504,-0.01499753324023817,0.008324900758081424,-2.7175461554688313E-4,-0.38767985453705656,0.15373259283505877,0.10500932521117494,-0.04452586927154209
0.009686089839949742,-0.014990136311907442,0.008313338224826184,-5.149141480598643E-4,0.3802022490474797,0.16017712586703117,0.09882617052113346,-0.05048015337314284
0.01,-0.015,0.008329140579710553,-8.945502973932575E-6,-0.2455660218940797,0.14670619018690598,0.11068613837081831,-0.03806475402896307
0.009931251856489368,-0.015146206840022393,0.008030389953182235,-1.0728241605865042E-4,0.07171312298615477,0.1414059827789911,0.10468324068155017,-0.04147972867079614
0.010313910160050264,-0.014990136311907444,0.008311906348075649,5.356379744921318E-4,0.4312248255017794,0.13150415529609344,0.12092398828687508,-0.02321062946537193
0.010404834346578747,-0.015128177071521493,0.008012196527955926,6.325931817999109E-4,-0.10293056619549401,0.12029431695061431,0.11912432853142595,-0.02104079959190265
0.010080315266492982,-0.015158025628990041,0.008008038467247056,1.2455270719522048E-4,0.024313905212866523,0.13445643192581322,0.10936488815655789,-0.03533974002929131
0.010157039844353498,-0.01499753324023817,0.008325017705980984,2.5748805783761046E-4,-0.17053711767166146,0.13915014554264937,0.11591017731611229,-0.030996710025680062
0.01024477374311232,-0.01516173300804728,0.007983520553458079,3.783695498475415E-4,-0.04870557365683365,0.12668403955763538,0.11414722686105021,-0.028296729018766707
0.011462641245579656,-0.015107417917621841,0.007420437470379948,0.0021239250842441577,-0.05731854434821391,0.059535925454827034,0.13002259161846985,0.03072804428638105
0.011305123012515026,-0.015091414142025587,0.007579600488374587,0.00194237557890823,-0.045689932665831094,0.0695797107572328,0.1310482172923852,0.023327310997667567
0.011168192897630318,-0.015177200577260892,0.007540675983819064,0.0017007738385647635,-0.03276676567093834,0.07485388094125663,0.1279722327751502,0.01595887100557127
0.010996627054265124,-0.015224268018752965,0.007573569849606015,0.0014441318185935677,-0.03546015886928804,0.08295000788099514,0.12551570816951385,0.00759633443298599
-0.005157078253839507,-0.008756573701192635,0.0020614846669001555,-0.00807013717973118,0.5960235195281717,-0.07484687723553449,0.05167579606530853,0.1690565230417346
-0.0050190394992618795,-0.008641863261488416,0.0021277139499812758,-0.007813850124803913,0.18145044500906346,-0.07692442754889052,0.04560895845414884,0.16388686744801173
-0.005120404840570064,-0.008909334570059206,0.0018139060896769851,-0.008129484894145791,0.3545480914511823,-0.07105257389406865,0.05884358091661059,0.16413302703111501
-0.004996044604883618,-0.00879603583730952,0.0018985808166679596,-0.007899969585354298,0.16128981549567536,-0.07376992585109271,0.05254714251396545,0.16025179572483209
-0.005088549402048353,-0.009063168625695948,0.0015704309655385303,-0.008179929265029567,-0.14516847644944855,-0.06709476024040145,0.06549361151030915,0.15853178803242737
-0.004964762311736239,-0.008960277875659537,0.0016433569603067908,-0.00796946740499769,0.22821531758558963,-0.06977539735440134,0.059704036666132713,0.1552631872289321
-0.00506154425783226,-0.009217916319918088,0.0013065247752414124,-0.00822602636903489,0.07776008340695219,-0.06239239484693807,0.07193505872608612,0.15232655144908827
-0.004917268907067933,-0.009115678348533243,0.0013892814390420742,-0.008001059461715561,0.19732584431390984,-0.06556644063777829,0.06583071725470513,0.14916418226879793
-0.004907640022852321,-0.008354613925451221,0.002392321175345833,-0.007455569940615018,0.2290028943353055,-0.07777970579051431,0.03513569317471953,0.15969550673978147
-0.004858244683983695,-0.008522451987475465,0.002152912556176272,-0.007546036869549354,0.2190617312065312,-0.07514204924073903,0.042173233251734006,0.15615531450153242
-0.005039415511198499,-0.009373420771600324,0.0010404341116956755,-0.008263866402162047,0.23168478674052093,-0.05719085836275025,0.07797126572836359,0.1458681333033586
-0.004886328660241554,-0.009279176119980732,0.0011314267322093342,-0.00803998843107868,0.1102551101355973,-0.06090831689619913,0.07193759984162257,0.14303905023090943
-0.005022183559254116,-0.009529528446938641,7.731701222839193E-4,-0.008293252932812377,0.4300830670970908,-0.051570404793741385,0.08368243232441613,0.13930887846934933
-0.004870196430416731,-0.009441944150670943,8.78085295246928E-4,-0.008080846023526093,0.018994958025410916,-0.05592449735959493,0.0777574432846443,0.1369112057913993
-0.0050098636880925584,-0.009686089839949744,5.182834388022293E-4,-0.008313163690075231,0.1663162343090603,-0.04580350640767656,0.08892951085290368,0.13246915251752625
-0.0048725303757974295,-0.009594951519548475,6.41319381938303E-4,-0.008124888944631299,-0.03329232420769684,-0.05085787259379774,0.08313036731931604,0.1312933713833568
-0.0050024667597618295,-0.009842960155646504,2.642445022424293E-4,-0.008325006377572117,-0.17009921087292854,-0.039936344290993554,0.09370992034297683,0.1253314757507379
-0.004867799479136479,-0.009760755924340052,3.793958929047313E-4,-0.008149498289242845,-0.004720615696294215,-0.04495563609389291,0.08841432310996712,0.12438617919896543
-0.005028799510790079,-0.007094498211555144,0.0035557390199010565,-0.006189979588971895,0.149995676899821,-0.07888964008027433,-0.006550275732527624,0.15029642813442878
-0.005177193864532251,-0.006977315906732751,0.003792344365159532,-0.006129885138686508,0.1455842077454223,-0.07885710199047298,-0.013673638634317174,0.15183899710345417
-0.005215066210426007,-0.006783583938435207,0.003915630319212693,-0.005904869429566404,0.12199471182883041,-0.07724148984937385,-0.01828076826223968,0.14769858717088566
-0.005354148851244488,-0.006549878313286125,0.004161754387468213,-0.005665351889414613,0.09358870954350196,-0.07513776817296318,-0.02621232909383669,0.14422180971033494
-0.005232722693863945,-0.005487588189324481,0.00411202140172328,-0.004374017483992022,0.002417085054618582,-0.0652602279422314,-0.02794843127128035,0.11460784129318978
-0.005107830603422045,-0.005010606550622581,0.003966028263002144,-0.0038709121647391305,-0.01098472262135215,-0.06203818647268185,-0.025157298985245137,0.1048010150649159
-0.005159707927645776,-0.006232351945347818,0.003981916126168911,-0.00520855061482236,0.0567500513144431,-0.07197969168249581,-0.023033113954983208,0.13230924907444364
-0.004937337341405554,-0.005819187795909869,0.003780153388027799,-0.004692978052028832,0.029589221070845054,-0.0685432204707847,-0.019280157805520004,0.11969521957729735
-0.0049232360699985175,-0.007284906331844402,0.00332948537292085,-0.006349335758576287,0.16468033566153303,-0.07911681392784257,5.793669138818461E-4,0.15064685996039862
-0.004888415617746831,-0.007493485675800202,0.0031585845284127397,-0.006561582632227193,0.18059655082959022,-0.079539468352943,0.006716580448463056,0.1527501118760704
-0.004759284918229576,-0.0076579988419724215,0.0029026461606934425,-0.0066451428858322155,0.17581928475722716,-0.07828315318299138,0.014121499725231702,0.14987141699991394
-0.0047667581771486415,-0.008215897836446521,0.00241707228296872,-0.007194858355520645,0.19887689987245202,-0.07655550713981528,0.031741242923399755,0.15280992821167275
-0.0046515252264616065,-0.007865759757692832,0.0026321348999142186,-0.006770954551277387,0.17176708148403952,-0.07659469498041882,0.021953356121913292,0.14711494205971617
-0.004648785813988574,-0.008073071051308937,0.0024492737963874535,-0.006961767072869107,0.17632308860332974,-0.07568022906570852,0.028353397488734566,0.14753737120334634
0.004564032356492859,0.0010473444262555436,-0.0032543585207090264,7.228233698338425E-4,-0.006864414334750115,-0.051114312831371536,-0.004724980264014948,0.0732709425905352
0.0020750290000676025,0.002092631653243008,-0.0014897237947388835,0.001501801709729797,0.0037445633590400297,-0.0571031604163854,-4.5518773993193714E-4,0.08662168438614345
0.0031849739610471696,0.0018602749817169736,-0.002289962007574476,0.001330196528428737,-0.0031702772104410942,-0.05626200756573511,-0.002385425581988538,0.08466572513463219
0.005115858331797691,-0.004320472115601663,-0.003924019076289934,-0.0032157315136550533,-0.022878721772225212,-0.0579739284740308,0.02439889307953043,0.0939925984361152
0.004976464248520468,-0.0049281778785703,-0.003834051871228584,-0.003786720348638625,-0.009371244942163811,-0.06213503202123676,0.022361360018343247,0.10369538947112841
0.004619405136495676,-6.967554212040497E-4,-0.003285209187985773,-4.7955966583717143E-4,-0.008902348273907986,-0.05034111088734127,0.003252548412075685,0.0716481301157116
0.005081532167061147,-0.0024455278730506048,-0.003708103157370601,-0.0016908074305897439,-0.015031215735461805,-0.05037458709720981,0.014927220007809262,0.07339064741620394
0.005004115203764799,-0.003643276834994989,-0.0037647439520233574,-0.002633899460400435,-0.02248263135050527,-0.05513141855164493,0.02016605215229199,0.0853542737218733
0.0049324798933555285,-0.0060479452143782555,-0.0037497123014742263,-0.004940933252446398,0.0459929109698357,-0.07020872986836289,0.017926568975175337,0.12431840295542139
0.004771954710163321,-0.006428382333765709,-0.003500940208309267,-0.00531259454040466,0.074169925756152,-0.07260241107939115,0.010444953328538004,0.12949469491661006
0.004637258478381537,-0.00548020994398656,-0.0034969739289243446,-0.00430022770973364,0.01877152794164781,-0.0662718581415473,0.014198701597248032,0.11180110513850518
0.004636393422535059,-0.006779001962213077,-0.003247085295410405,-0.005639509570130391,0.09777049970698114,-0.07403884235488102,0.0025726767498296683,0.13303003971706884
0.004883477375156074,-0.0085124981368151,-0.00218524821704433,-0.007564500026540708,0.22093285515998226,-0.07579874973295674,-0.04155062358230088,0.15750616933552822
0.004856091715778353,-0.008693978217235146,-0.00193708323884627,-0.00767431713696023,0.2125741535943206,-0.07283714974245416,-0.0488947522028739,0.1541435015981695
0.004871721565870487,-0.008856713658090315,-0.0017319511479018646,-0.007801806049915197,0.1936557992842984,-0.07027621884391491,-0.055317731602306616,0.1523407545460787
0.004781376693062674,-0.008998548261546143,-0.0014844821201491357,-0.00778658225101908,0.14764014211434984,-0.06579015975024226,-0.06080975081310703,0.14477883428671337
0.004794685237525836,-0.008173359458628569,-0.0024857025852676406,-0.0071825244894979665,0.2039974028288025,-0.07733666445660531,-0.02967526072075909,0.15415876372114665
0.004728191877902893,-0.00836183992267168,-0.0022303370699998056,-0.007284912182923135,0.18902413764488848,-0.07472972715964732,-0.037094466551467885,0.1505318156797876
0.005022183559254116,-0.00952952844693864,-7.893497555364108E-4,-0.008291669716399932,-0.1530427667826713,-0.05187489662302727,-0.0838427673252607,0.13964071641410594
0.004890625046004068,-0.009443604745494275,-8.817404116942012E-4,-0.00810372214532555,0.11513095009409309,-0.05591005256607046,-0.07797787642537111,0.1374936243457735
0.004865137690061971,-0.009594622139137721,-6.400330730294198E-4,-0.008116388032239902,0.03453075128504839,-0.050889155425785364,-0.08279638805963761,0.13085794748195104
0.0050098636880925584,-0.009686089839949744,-5.167289008939814E-4,-0.008313181996840193,0.2997731062836389,-0.04600978002286185,-0.08930934363426783,0.13272281932064658
0.004868557103540217,-0.009753484831441419,-3.9091467273286905E-4,-0.0081489800608961,-0.021724574443312755,-0.045246339292665534,-0.08792915050272393,0.1245795218143607
0.0050024667597618295,-0.009842960155646504,-2.6654248077859617E-4,-0.008325109474709816,-0.17701348736749697,-0.040263806397136837,-0.09422229334327485,0.1256802025545913
0.004759842394000251,-0.009178178943096587,-0.0012234415807796958,-0.007853346193271266,0.12131292837207562,-0.06128305259344493,-0.06731974751376878,0.13930545160400934
0.004790628697383399,-0.009342939079788495,-9.987508260472686E-4,-0.007955874590308736,0.08873675957652409,-0.05736350948780675,-0.07338716173686165,0.13597186568898906
0.004653294330712399,-0.008008546986011052,-0.0025117903904997457,-0.006906770518688562,0.17598962749067917,-0.07603541088847555,-0.026280100500807986,0.14736299896275934
0.00464668080581097,-0.007749232569363863,-0.0027198026735991182,-0.006654070036265314,0.16555032249796733,-0.07670546772822902,-0.018538836585002817,0.1457389848677728
0.004548899063609458,-0.007137079609943723,-0.003002220320515043,-0.005973173816417898,0.11891268651823549,-0.07487628648894241,-0.005557051418248692,0.13602465973072794
0.0044759878805449155,-0.007439647256885948,-0.002763063489362504,-0.006235620931394029,0.13242731368579344,-0.07465905316457588,-0.013289010601112167,0.13709442872292313
0.005,-0.01,-1.2995524669593965E-5,-0.008329275829014089,-0.477670456008924,-0.034432366135304183,-0.09859882212936887,0.11837662389214704
0.004856681372779727,-0.009923358588282605,-1.2080401563176187E-4,-0.008151454792417164,0.023092899815961025,-0.03890583119154528,-0.09261076817757462,0.11681078888099265
0.004836762245898277,-0.01007352622403837,1.1635496928624234E-4,-0.008129664549345538,-0.02232261709862236,-0.03321120368945116,-0.09602865540061567,0.1094117170114804
0.0050024667597618295,-0.010157039844353498,2.5374557506217165E-4,-0.008325316467896846,-0.3388949305477144,-0.02795226564674881,-0.1026465219730492,0.1106413782773516
0.0048313185968503715,-0.010237675294593117,3.7300559816557164E-4,-0.00810914096310663,-0.10720128648088541,-0.026785281322337342,-0.0995973554920616,0.10164310199912584
0.0050098636880925584,-0.010313910160050264,5.201464237384343E-4,-0.008312967972244015,-0.24581646073194655,-0.021151502927804756,-0.10625260430851352,0.10284057292095795
0.004838384056361552,-0.010403441802438122,6.311537850006424E-4,-0.008087697697420237,-0.1847991391652989,-0.020031118566487854,-0.10296525439926839,0.09388777899119984
0.005022183559254116,-0.010470471553061363,7.841970580978463E-4,-0.008292279294678573,-0.21299844217967742,-0.014130110707456907,-0.10942427632244484,0.09502597018026548
0.004855138138181359,-0.010567477374559112,8.87436686824205E-4,-0.00806239263571322,-0.24750916635311104,-0.013060458850181532,-0.10602368279886332,0.08619454576315518
0.005039415511198498,-0.010626579228399678,0.0010455846044177804,-0.008263418283683963,-0.2307743579402138,-0.006938663430357313,-0.11218782568992185,0.08721799530850195
0.00506154425783226,-0.010782083680081916,0.0013046258862849044,-0.008226499236793017,-0.28325602002300637,3.9452386510253006E-4,-0.11455423688680637,0.07941460669308241
0.004878546488042842,-0.010729319999025787,0.0011411763961250796,-0.008030209663982539,-0.29709472306575707,-0.0059224089375033975,-0.10870480412904515,0.07852537676078229
0.005088549402048356,-0.010936831374304052,0.0015623805538209224,-0.00818143984691251,-0.32952295480679683,0.007872711537766442,-0.11652738205379128,0.07161068380629776
0.0049064631574450915,-0.010889747602217038,0.0013927217250777884,-0.007988845908868966,-0.3393097529812692,0.0013688948899615947,-0.11097330661653736,0.07082343902881293
0.005120404840570065,-0.011090665429940798,0.0018187786868369893,-0.00812822703629143,-0.3751547444353828,0.015486743799205773,-0.11809846708901321,0.06382049446282825
0.004939368878695831,-0.011049615961013,0.001643290772496425,-0.00793859989296229,-0.37876442609435784,0.008836673341602623,-0.11285388181173554,0.06307970426003383
0.005157078253839507,-0.011243426298807372,0.0020769836332238567,-0.008066049617718774,-0.29122502455750787,0.02333019364542599,-0.11931207072718826,0.056087385175482084
0.004976802213436204,-0.011210352194301318,0.0018944037103863604,-0.007878050547643537,-0.4295706490123307,0.01651282214313843,-0.11431684054218161,0.055216843960478
-0.005,-0.01,-6.467735522840996E-6,-0.008329171371084233,0.17207956056110166,-0.033476956573919935,0.09825694815870707,0.11797794152465402
-0.004855388550143819,-0.009921258416569748,1.2442513369286486E-4,-0.008150381801652723,-0.07292417174564646,-0.03911770878324797,0.09277056448581672,0.11708514557522749
-0.0050024667597618295,-0.010157039844353498,-2.6416515519477946E-4,-0.008325117493160119,0.007081068607108054,-0.02696804167482206,0.10237541643584998,0.11059125091947954
-0.004866022855374039,-0.010078793064320373,-1.2482574333234407E-4,-0.008162057236273735,-0.16206020984945993,-0.03297526473159746,0.09703347801182877,0.11028616469266171
-0.005244717217658645,-0.011545084353673888,-0.0025818809496804965,-0.007919020027147653,-0.20290516944828144,0.03954802877919704,0.12129468937629333,0.04101778149496356
-0.005295594968187607,-0.011693686304088874,-0.0028177188776122575,-0.007838278053909518,-0.6719485701830875,0.04741807393801764,0.12164892947576829,0.033566495642871653
-0.005141023505661865,-0.011660577603137582,-0.0026252676393505657,-0.007690431484171852,-0.5158498785798472,0.039930745200832674,0.11693971999647355,0.033352727396493
-0.003548999430447187,0.025,0,0,0.4396268694846703,0.0020510403521980685,0.015376081441430873,-0.0013574306889107114
-0.012867264066390651,0.014753966073663445,-0.006230130902773295,-0.003753437768878647,-0.035068089855126744,-0.013893706973382455,0.1095815139186903,0.09374155669747321
-0.012845768825392536,0.014946732676447711,-0.006081082276644498,-0.003491586792719729,-0.03516133939613805,-0.012451375061605145,0.10601943657892868,0.08631266045469248
-0.0126981063449222,0.015079753166746436,-0.00613398632982591,-0.0032502788697918727,-0.0349647118851735,-0.006020035699097544,0.10761187322842981,0.07820067356359144
-0.010128632112138984,0.016094688936134045,-0.0064451966995617985,-1.4191447333510392E-4,-0.0313190495877177,0.08597605495071674,0.09234724163566767,-0.023042040892319784
-0.010482186251492154,0.015937006027529368,-0.006628885045183059,-5.390633926914415E-4,-0.02957358100961743,0.07880405143555706,0.10039585755755716,-0.01231317484377903
-0.01125614395510221,0.015604033252786725,-0.006810857571839944,-0.0015231466567671677,-0.039804236274057804,0.05627733398276993,0.11442912289584599,0.01671685865043204
-0.010976789216353906,0.015694709808220113,-0.00682675819614796,-0.00116872227208575,-0.0354403475664471,0.06663389792572795,0.11121826007382375,0.005451627163498149
-0.010815933162551812,0.01596291670100054,-0.006499033264330369,-8.886605237809377E-4,-0.03122430174478539,0.065282082296725,0.10275602091267208,-0.0010961235075552388
-0.012490993985849156,0.015231298465491622,-0.006213985016249447,-0.002949865088691143,-0.03952062443298463,0.002809612251644483,0.10944261792583433,0.06777735051111795
-0.012214071408203785,0.015268754208212186,-0.006465597011465506,-0.002709820761254034,-0.039209310412269084,0.015264660241867792,0.11471903222619709,0.058212222726180415
-0.01201360499735022,0.015436635507586977,-0.006456781580098526,-0.0023834750815236072,-0.03941236400749255,0.02303467442287052,0.11349121852243767,0.047496261206795905
-0.011699896854056556,0.01548850340956401,-0.0066590635485777325,-0.002056446620589501,-0.039315260350554264,0.03697096188240876,0.11581328367515131,0.03547668858503605
-0.011506407648397277,0.01570690403957304,-0.006506530867410565,-0.0017106946664731497,-0.04159650399187628,0.04193157408577685,0.11088452741216856,0.02533256162637181
-0.008542110274190221,0.01755489196877108,-0.004490746717958326,8.089139039336653E-4,-0.025957432353213152,0.06850046128373623,0.05087246817046977,-0.03798291602113298
-0.00963913218604178,0.016623812501133373,-0.0057238682725881534,2.948735111035523E-4,-0.027353382975623033,0.07985940253033756,0.07636360821299794,-0.030865393257989336
-0.013128346371512807,0.014519734445151356,-0.0060584127150224995,-0.00418999859796942,-0.028378630855567955,-0.026318382197573292,0.10414767177902208,0.10853891326830824
-0.013023002599252376,0.014692955445449069,-0.006070649184817325,-0.003906006134280676,-0.03231593417905911,-0.020913312522902548,0.10507698638506642,0.0996422395350729
-0.014328765954642783,0.013104663944599405,-0.004472942858998674,-0.006238003657136041,0.03457752260505131,-0.07841773345251153,0.04347128778179254,0.16891097278384873
-0.01336978761588406,0.014268723646153295,-0.005863086683959865,-0.004626153905773288,-0.02078783243010954,-0.038263350520037855,0.09720517746218761,0.12311019227254776
-0.013353379726098525,0.014493213145310421,-0.005750416568951089,-0.004287453213767853,-0.021667929781258467,-0.03516266842854377,0.09491460088620952,0.11305146918869165
-0.013576856382632634,0.014162705973551725,-0.005596394947390635,-0.004806925157105552,-0.013877191858409894,-0.04658946247348821,0.08831504664499189,0.12949801795996996
-0.014215116446417738,0.013256383321752226,-0.0046920272832349725,-0.006074558311588493,0.018739762316536065,-0.07506042561087407,0.05199366585661656,0.16554475416782707
-0.0140932805500106,0.013373415632700886,-0.004907591702939953,-0.00595566271598125,0.006575920652622381,-0.07165794453242015,0.06010442212897258,0.16303465023888616
-0.013940150797238732,0.013465860371065475,-0.005167874599861302,-0.005875470061326427,0.010714195754274574,-0.06752417622227522,0.06951371060708574,0.1613259950293018
-0.013749219866910054,0.013751247663789044,-0.005458370857755287,-0.005455216728070952,-0.003770786573018919,-0.058057119942481646,0.08117959173525448,0.14914691299299007
-0.013878519101996445,0.013632281385025544,-0.005261789953664297,-0.005619111840911122,0.014023966657938586,-0.06321261062330197,0.07392871844342332,0.1540180039324165
-0.01375007920226728,0.013975054410989635,-0.005396679699374776,-0.005090521760247918,-0.005009638659494389,-0.05426407519178788,0.08079718667161988,0.13831288244699316
-0.014454003018031349,0.01284128709895058,-0.004173444037589968,-0.0065434946116239715,0.033586540738626235,-0.08285097028521864,0.031073923990643983,0.17531951668391946
-0.014489035231006012,0.01300776210793028,-0.004193231683758805,-0.006261019165864826,0.03421295076832887,-0.08020160093914831,0.03349998925293058,0.1674606171305317
-0.014556122802709246,0.012693515744911796,-0.003939797924070545,-0.0066669123772446675,0.046233945707429246,-0.08453547007715616,0.022019197104134386,0.17658771045881339
-0.014612905076695524,0.012535877086427139,-0.0037562701567515197,-0.006835239476391993,0.04483213523856835,-0.08595662888925101,0.01457771286144706,0.17924417318972152
-0.0069879376713741495,0.019059681913208608,-0.0029331747154957015,8.477971112375633E-4,0.020641029692752746,0.048662721560851115,0.029496967325425585,-0.03451376460397424
-0.005430659818507553,0.02191415962170065,-0.0012674729677866192,3.1011902532422734E-4,0.1745309499871747,0.024343756384146483,0.016860779037373208,-0.02010063380635915
-0.009139352085172175,0.019078660208007532,-0.0033971289285708887,2.4772242237578373E-4,-0.002269849108217785,0.03329690364144212,0.04382140018398502,-0.018788239050804602
-0.015049408724737036,0.011053469123263326,-0.0016347272581733491,-0.007841804562380013,0.08798494223675261,-0.07390683781641916,-0.061314104049350844,0.17079348626718663
-0.014911450597951648,0.010936831374304052,-0.0015642584225453657,-0.008180929647335402,-0.06161330241665771,-0.07197892505576163,-0.06782038900011292,0.17874749656338682
-0.015085083923229811,0.010893462344454659,-0.0013838265585237183,-0.007881045875220727,0.059922721830801474,-0.06973701646351427,-0.06884787336734012,0.1662570027483713
-0.014938455742167744,0.010782083680081914,-0.0013030921993272993,-0.008226580598967914,0.0321941610943691,-0.06734392196737128,-0.07550251265785796,0.17389146773418426
-0.015110918449618102,0.010731624753454044,-0.0011334937128185854,-0.007921157768380005,0.03115428482809073,-0.06513701276877008,-0.07615022137282833,0.16153055295984417
-0.014960584488801503,0.010626579228399678,-0.0010412235894024333,-0.008263822841054268,0.1045716635226991,-0.062209118413013874,-0.08285556532507972,0.16862375460848553
-0.015127797066452656,0.01056888071995725,-8.830355203980541E-4,-0.007960223043634406,0.008566270908339767,-0.060093970720902716,-0.08320323567052312,0.15654896957545342
-0.014977816440745884,0.010470471553061363,-7.794459984225677E-4,-0.008292607851356828,0.14072711690700976,-0.05662942727752948,-0.0898665928566668,0.16298908747195961
-0.015137875780787341,0.01040586149270405,-6.317936943326918E-4,-0.007994170025783386,-0.007973483115609107,-0.05458812721615882,-0.0899566620802592,0.15117740473594868
-0.014990136311907442,0.010313910160050259,-5.166534841113976E-4,-0.008313126387921104,0.1853120742824889,-0.05062124067584229,-0.09657435326596826,0.15703859355007446
-0.01505708418195964,0.011465639935049857,-0.0021720574209328544,-0.007497956069381223,0.04797507752644791,-0.07936214428067315,-0.04313546833461488,0.17205052454430378
-0.015122752000226265,0.01133704074370257,-0.0019570835859532613,-0.007501942588259528,0.03367932805584018,-0.07626741315723597,-0.04988708638454614,0.1676261849520996
-0.015183743313326415,0.011178769567670374,-0.0017093420005673751,-0.007522127715827809,0.031975260837997906,-0.07238616906037885,-0.057482333517844715,0.16269853507806062
-0.014757642703124919,0.012405724498735829,-0.003461530056535417,-0.006849395244029667,0.04763306248785927,-0.08560651375269826,0.0039452818704079845,0.17587072280758462
-0.01493432088808155,0.011948333083928982,-0.002836658905687714,-0.007188855001687193,0.06050822297925993,-0.08466403114536812,-0.019521530305313704,0.17594138867982945
-0.014952796152724646,0.011774699313706992,-0.0026338398711848146,-0.007353850808557197,0.05054492356417937,-0.08387433171876835,-0.02731302117471634,0.17696463618775024
-0.014941534648317385,0.012267616876124236,-0.0031188841468673813,-0.006802931777182645,0.043971953564428456,-0.08396413579742862,-0.00740457776720026,0.16981811241061837
-0.015057993979054905,0.012091351996818503,-0.002833049407604966,-0.006859831780935463,0.04332633989841761,-0.08245491425439626,-0.01730160993444069,0.16675014605203511
-0.015069187681684191,0.0116327974747179,-0.0023569559597335066,-0.007322822956977191,0.04606629940891487,-0.0805809880108057,-0.03617519591256111,0.17078659604371185
-0.015140889763616633,0.01024283258147619,-3.800032364793463E-4,-0.008023815318209783,-0.02991302161701748,-0.048646813744709964,-0.09633693808137063,0.14543799326097873
-0.01499753324023817,0.010157039844353498,-2.5235997594578546E-4,-0.00832550859238257,0.39236481047917987,-0.044200114384256896,-0.10307906291485032,0.15089443828780194
-0.015130235031434555,0.010082155704607272,-1.295557920047841E-4,-0.008060491243209527,-0.009040563921523609,-0.04236618938820503,-0.10239614921456618,0.13984846623375993
-0.015,0.01,-7.780015619090102E-6,-0.008329381721774179,-0.2615880537938089,-0.03793685737769668,-0.10904705700666999,0.14440359756565455
-0.014977816440745884,0.009529528446938641,7.80010235187994E-4,-0.008292563113041778,-0.08851850039959214,-0.016338768505112008,-0.12409129342141408,0.121840513125286
-0.015149430473351362,0.00943766398026605,8.645414574837191E-4,-0.007918559853062597,0.024120222016862623,-0.013990147785433116,-0.12038839026903743,0.10886185281603551
-0.0149605844888015,0.009373420771600324,0.0010437129680415495,-0.008263573834200994,0.0016467898934380079,-0.008316402229327422,-0.1281267036164698,0.1137738928764671
-0.014990136311907444,0.009686089839949744,5.135326639286499E-4,-0.008313286571828402,-0.24747713779019706,-0.024067906833956834,-0.11953614551484885,0.12972694775589277
-0.015160236643057759,0.009602178258160078,6.13389781610863E-4,-0.007951730682331591,0.05851857223476906,-0.021553002512439554,-0.11631082881692405,0.11663724701734891
-0.01499753324023817,0.009842960155646504,2.4761251140108324E-4,-0.008325558034803445,-0.40962542929314166,-0.03136069373325632,-0.11448757491629796,0.13735312191669335
-0.015157272081307085,0.009763441395801127,3.670400934269217E-4,-0.007992460787419093,0.09931074174961309,-0.028710175524758186,-0.1120888984729982,0.12444884195182047
-0.015141773396589238,0.009914186385719257,1.3433803692025064E-4,-0.008038202469848536,0.11697488433608337,-0.035263348442420246,-0.10788579553004009,0.13205443641603312
-0.011985736283431544,0.00541122549991139,0.007647618706417621,-0.0033001607212577284,0.856394394055588,0.18739073583980426,0.008141668562925263,-0.08662590799086427
-0.01196329445251311,0.005252186302977191,0.007493871915417393,-0.003096650717377218,0.4512726629812032,0.1787579307976671,0.01084249297673446,-0.086455449127614
-0.012128895840071582,0.005475864446977092,0.00753913100331666,-0.003540744992768246,0.720604042192706,0.18896592733139583,-7.237456336523597E-4,-0.08732509342312071
-0.01211575726671376,0.005303067397503104,0.007369659561422021,-0.0033170411380368486,0.44600923245914803,0.17998223240347158,0.0025734411843806207,-0.08716091878345138
-0.012545204192439471,0.005696288158021204,0.007170342432005449,-0.004238201796866043,0.5950540025169433,0.19036893806328806,-0.02746217674151696,-0.08600168948108217
-0.012679131780828632,0.00577835898009388,0.007032923929678368,-0.004462537136295274,0.5436915734374218,0.1895262858889434,-0.036338547075192885,-0.08434877645398009
-0.012699724572031173,0.00558925004883092,0.006842365955681314,-0.004183743050209799,0.4741351596880458,0.17996967150706447,-0.031027797406216497,-0.08434979622011134
-0.012408766398519249,0.0056184655156709526,0.007300472097199001,-0.0040098671921113575,0.6320373042702871,0.19054018198050435,-0.018545455297309624,-0.08704261597206249
-0.01255753088076121,0.005508471574702116,0.006981692561370886,-0.003971329533171531,0.47306605929986895,0.18086529648093028,-0.022643812579596304,-0.08588904204695287
-0.0122699521913998,0.005544967222482056,0.007423392866230461,-0.0037774030993696223,0.6701002105877373,0.19005736102628337,-0.00962368918237207,-0.08747860185941232
-0.012265904830648289,0.00536525572621259,0.007244670538394654,-0.003538509059713049,0.46021817702403406,0.18087359299762082,-0.005836513293203115,-0.0873060103235269
-0.01241296347987704,0.005433807774909857,0.007115733770187649,-0.0037563767053791493,0.4693595645820294,0.1811683688837865,-0.01424124152335912,-0.08687643495296582
-0.012810416269897772,0.00586459670770868,0.00688862500803594,-0.004682175594420657,0.5042783392987842,0.18801652750532713,-0.04512522487551927,-0.08208060420202373
-0.012838933242758229,0.0056767268252325195,0.0066988952024741024,-0.0043945243200280175,0.47266172594964306,0.17852730458527952,-0.0393654220943035,-0.08227068982989573
-0.01293892622972893,0.005954915005069574,0.006736419721381225,-0.00489854960080708,0.4064974878467065,0.1858257678304149,-0.05379695538250456,-0.07919366908177752
-0.012975115653919242,0.005769526392606125,0.006550154205601192,-0.004601896010661272,0.4730487084861949,0.17647952099979128,-0.04758605773713376,-0.07965435724618364
-0.013064534716697501,0.006049224510282093,0.006576672602911913,-0.005110973410511109,0.2609275487320808,0.18298821801844525,-0.0622909328318521,-0.0756649043164703
-0.01310615765189173,0.0058700559940114755,0.006400819711260997,-0.004809397188761131,0.4823846630844381,0.17401141991753297,-0.055713196352750106,-0.07653160183342646
-0.01512835486464325,0.009273734661230397,0.0011162297498696573,-0.007886742216780122,0.0027004991663161664,-0.0061433374669519055,-0.12414702075009819,0.10107019140316585
-0.014938455742167742,0.009217916319918088,0.0013047942174259346,-0.008226418981449962,0.05154609093787887,-5.297461269607813E-5,-0.13165453214174785,0.10554926404986775
-0.015099381718170435,0.009111008223889203,0.0013679042834218327,-0.007851865633511139,-0.008731941250836659,0.0019592519922508266,-0.12750488566942286,0.09318030513207738
-0.014911450597951648,0.00906316862569595,0.001563488486089088,-0.00818119269355152,0.07545982270632363,0.00841144936952021,-0.13467718719377758,0.09718688019062445
-0.014879595159429932,0.008909334570059206,0.001820565002602432,-0.008127832733833329,0.10746091363334247,0.017059201442630335,-0.1371974195325628,0.08871025635628182
-0.015064418231165487,0.008949595036437163,0.0016188660393218898,-0.007810510298234497,-0.01608700387982925,0.010280520493036266,-0.13038994093275272,0.08513529484411136
-0.014842921746160493,0.008756573701192634,0.0020749516559981436,-0.008066600353179514,0.10055398649706461,0.025832682617865376,-0.13919691517520028,0.08014627360702962
-0.0150233335889073,0.008790800906427294,0.0018677940559607145,-0.007763897120256325,-0.01697395008286638,0.018755630603457026,-0.132799612083601,0.07703331297645183
-0.014801469324203573,0.008605047553236283,0.002329536100491672,-0.007996765162963822,0.17099456404259358,0.03480699618107323,-0.14069731029150195,0.07148948814849362
-0.014979023810962055,0.008635270847701677,0.002111534519727832,-0.007708024000019838,-0.018594186417213845,0.0272691668879536,-0.13463829678433367,0.06885315906760954
-0.014755282782341356,0.008454915646326116,0.0025827055922603803,-0.007918742086382668,0.3433098944643651,0.04400589714651038,-0.1417662681111043,0.06278742884201238
-0.01492718435659257,0.008483383352420557,0.002353709242905107,-0.007651327668197053,-0.02909539774126074,0.03586080307554207,-0.13604707685587822,0.060775417589681656
-0.014863697627692421,0.008337289289150049,0.002597789211930934,-0.007601683613789409,-0.008099884725294736,0.04457117546802463,-0.1371975358711336,0.05304521304583954
-0.014704405031812397,0.008306313695911128,0.002819277731608822,-0.007837642353105679,-0.07399241355870206,0.05289175759871955,-0.14229292670047897,0.054020318146807265
-0.014648884232660605,0.008159381790995318,0.003062791601387014,-0.007745565529378949,-0.07982858121628784,0.0617956226834086,-0.1422393931996353,0.045216062279886456
-0.01480986820951534,0.008171813024257353,0.0028491167537930966,-0.00749826927589414,0.0759743666707217,0.05395554383121647,-0.13713639967657154,0.04359202041898979
-0.0143037118419788,0.00745479580756053,0.00423352093520793,-0.007173090518217574,-0.15365451817380524,0.10623388218459752,-0.13391290868486758,0.0021636028973710648
-0.014381534484329049,0.007591233601480754,0.004016099125205617,-0.007297054385928741,0.300999513467476,0.09790377881835384,-0.13656083234630123,0.01048648656352784
-0.014459571561724525,0.007452578639421209,0.003985941511637337,-0.006978686231904859,0.1476848447807428,0.09686415977006374,-0.1301160038759295,0.002326845916973505
-0.014588774500088612,0.008014263716568458,0.0033122036377963115,-0.0076422485232633735,0.24803616954900629,0.07106305293698667,-0.1415820588888948,0.036305170952382504
-0.014759729146039692,0.008026442082045991,0.003065158961597734,-0.007396603047615284,0.04836618973071813,0.06203898380822465,-0.13650218316176588,0.03532015349082568
-0.01452413555302291,0.007871104159928416,0.0035458560762350335,-0.007536700102563214,0.04370491260835272,0.07997575055691242,-0.14041448798300313,0.02759920957680631
-0.014686101847314255,0.007879935444516555,0.0033057271771082188,-0.007310594627160318,0.02650924523702214,0.07093981336452122,-0.13587671283931904,0.02711058103670047
-0.014455032777517944,0.007730047808600201,0.0037832438184290155,-0.007420350818780108,0.1815654343421297,0.08893666736727122,-0.13876477306948662,0.01902177614545965
-0.0146148544831847,0.007722139935835061,0.003546829588272958,-0.007189701591407261,0.09540362895464267,0.08026759132810907,-0.1341534315597738,0.017876258532885603
-0.01454508911340303,0.007591443033533721,0.0037547228696933597,-0.007088458174496854,0.054514068910934334,0.08803444336246098,-0.1323869760157208,0.010417272315361376
-0.01124342629880737,0.0051570782538395065,0.0080660072082251,-0.002077004886735978,0.21422053530634413,0.16904764247134393,0.0488007129934759,-0.07563604148403143
-0.011348133305291065,0.0050387645150958135,0.00784552140421555,-0.0021293875303027283,0.46636667414862787,0.1649801754174878,0.042779191847518216,-0.07792907932436538
-0.011090665429940793,0.005120404840570064,0.008130644566665932,-0.0018079316701881789,0.8105728669576359,0.1638660629884147,0.05638823298281459,-0.07163594462565522
-0.011201035046801007,0.004988890989438645,0.007896891219858282,-0.001890994237096152,0.3665149303377629,0.15999909059579667,0.04950835708409664,-0.07475240560066894
-0.011039518050202868,0.004972129145459397,0.007979523478157294,-0.0016487523283084283,0.3211153201322441,0.1556158242923302,0.05675033258421185,-0.07096761470252101
-0.01093683137430405,0.005088549402048354,0.00818060903551888,-0.001566805551668413,0.11505005942515638,0.15818714896580824,0.06323077735443931,-0.0676209025095923
-0.01031391016005026,0.005009863688092558,0.008312613171715125,-5.247014460675672E-4,0.0560383683974006,0.13194294289924485,0.0870520304385533,-0.046871898272949374
-0.010241485646632074,0.004860761279254051,0.008142543218010388,-3.8317449188251146E-4,0.10453737726146732,0.12380364500304343,0.08610443683120311,-0.04614031551615646
-0.010470471553061363,0.005022183559254116,0.00829246107812029,-7.81969674584493E-4,0.2635053507459917,0.13888273737561305,0.08174706583541336,-0.05245101928780407
-0.010397502454575804,0.004876567648518963,0.008131906912603813,-6.304502105364041E-4,0.20249379060363307,0.13070334947156922,0.08130171599821621,-0.051598362176389134
-0.010626579228399678,0.005039415511198498,0.008264491263135616,-0.001035842549038796,0.5699419606995584,0.14557255587405304,0.07599176776589535,-0.05783795169474748
-0.010568457695429209,0.004891399302249662,0.008102392336646273,-9.005124977849935E-4,0.17680441959364698,0.13776448663327054,0.07530871964731965,-0.057375617145077114
-0.010782083680081916,0.005061544257832261,0.008225846597004262,-0.0013074408782832803,0.1747327241192366,0.15201854288793623,0.06967559513548816,-0.0631037930356642
-0.010724441868649064,0.004896352542752471,0.008051969615104163,-0.0011418529212568367,0.25613851802518534,0.14328149005929794,0.06932862935063257,-0.062196870901014445
-0.010871873496059257,0.004928347094852025,0.008021349027702818,-0.001377521820646005,0.366861543868868,0.1491356786123186,0.06366980662837152,-0.06644188821798401
-0.011930657340752953,0.0051129691581231285,0.007391045718446096,-0.002909517260104679,0.46171968439937067,0.17123665605843516,0.015524010161269997,-0.08393432051285388
-0.011463747996788762,0.004952787531099693,0.007662063301073267,-0.0022133149076711003,0.4065028482724594,0.16144205451098292,0.038232801136963555,-0.07775741458501165
-0.01180693535788596,0.004998843304257387,0.007403048709930696,-0.00266029663809847,0.4335638888705833,0.16547831063408833,0.022921411658356778,-0.08154177613780512
-0.011636417131092234,0.004948741472762338,0.007511286747956348,-0.0024199927346105865,0.4271767490075477,0.16253343994499012,0.030783690989888732,-0.07955084157005642
-0.007474715524226821,0.00476550326215261,0.006459098147147291,0.0030383359299768578,-0.18827538702857716,-0.01359914033464575,0.08761200255179737,0.06472455694814776
-0.0071360216286900195,0.0050862824537567936,0.006276902875604507,0.003604973936716519,-0.18635190520725906,-0.02590030640830523,0.08609497497477213,0.0832292413777647
-0.006881450655541459,0.0051627824085364,0.006004799669412427,0.003814796166588342,-0.1613461443244729,-0.03475055675756564,0.07944753497908326,0.09174052614266236
-0.007234460712363134,0.0048438980824988325,0.00624565928644705,0.003269248369984352,-0.17628943281251974,-0.022373788815072095,0.08332198942686424,0.07380656262753237
-0.006646199394521636,0.005027416529100588,0.005656147412704553,0.003730971468832936,-0.1257912535706575,-0.041341241601544086,0.06862649786384387,0.09247035252230518
-0.006375708852321263,0.005121663590177681,0.00536953650105914,0.003910835210782399,-0.09881763877568282,-0.04844382444051787,0.061165460191476596,0.09970709856640292
-0.006108459442814362,0.005290250647085646,0.0050958524433120855,0.0041530802145624,-0.0687375463295286,-0.05486723691090022,0.054132344204027814,0.10770352516677938
-0.0017020572779682405,0.00457852876559288,0.0011826802072556857,0.0032913150117962445,0.00787940229300864,-0.05762952326239502,-0.0025820524926052912,0.08776952331311387
-0.0027340795598944172,0.005008311436528194,0.0019140979446265346,0.003677895930584954,0.011505492987305561,-0.06000758312370298,-0.0023635437906752922,0.09352949704404986
-0.004961951892448109,0.005270493875602447,0.003827310136605542,0.00412422758659666,0.001935595229058911,-0.06444301101395929,0.021739964406274678,0.10951616727664691
-0.00572656078298921,0.005151746990206887,0.004628998414340638,0.004018474991128819,-0.03817514224654639,-0.058800558673455953,0.041374146890879336,0.10673986001380727
-0.005338319982397352,0.0050573105455817766,0.004202981179298633,0.003922354998796567,-0.020883266001936268,-0.06113475478965637,0.030677393925405805,0.10556727789012513
-0.004383273520483363,0.0050213372901860166,0.003278289261219726,0.0038418774067006806,0.008066356764414131,-0.0638115590149708,0.011680975181164531,0.10383234246254104
-0.0035965502864826414,0.004903925877289215,0.002602862743326931,0.003674694604716373,0.012199160288303782,-0.06192817191257834,0.003175011580069145,0.09866353148267033
-0.007743430213740102,0.0046992611033373575,0.00669040660975406,0.002777636833403813,-0.1985935320083224,-0.002906464790106762,0.0919420791956244,0.054386063899010496
-0.007979756482011569,0.004685343428403207,0.006909006891989941,0.0025683955428255833,-0.204183238450769,0.007451955637161235,0.09600215320329863,0.04573705931815268
-0.00816875701879859,0.004548780989630828,0.006964284703735801,0.0022747239115698432,-0.18449386893197287,0.014450666638593195,0.09482749783480708,0.03623338650240001
-0.00899850951484672,0.004762940966082205,0.007767618050287581,0.0014745836652868573,-0.1561369931276431,0.0599726767169951,0.10597827819898041,0.005315092755096089
-0.008636635345582759,0.004704819211871443,0.007477031987011296,0.0019002906717257352,-0.19287786560169792,0.03979508390138268,0.10400776524310605,0.020230608037571294
-0.008863905658706228,0.004614312905506538,0.007533071734032446,0.0015642976393233138,-0.1560687584204261,0.04926496663110295,0.10161812194256954,0.009817834058349168
-0.008425777086922314,0.0044418559834778675,0.007075941181025045,0.0019407022179792136,-0.16060800207661322,0.024635600687650833,0.09442260137837272,0.025003169936541197
-0.009176880909603486,0.004722453847067158,0.007812536206189068,0.0012089424647893697,-0.12907299085917387,0.06798224019785994,0.10372142448634936,-0.0025234436216696487
-0.00935131623618014,0.004719006655378474,0.007879696264389115,9.608025939003253E-4,-0.09964896906122088,0.07667923216785845,0.10196582264628108,-0.009908498721255652
-0.009510894048008398,0.00474604986221182,0.007960693762739505,7.370919364341863E-4,-0.061213146877764045,0.08555504803123141,0.10055039563697163,-0.016626620268624926
-0.009996227043477593,0.004739013595960539,0.008019939128598899,5.7197229769142475E-6,0.06312607578457834,0.10801586074744245,0.09059591914349419,-0.0358678126578464
-0.009839593230383806,0.004690921280581331,0.00795792451712597,2.386088820729912E-4,0.020206029346033858,0.09914361057836531,0.09318904507910576,-0.02962296826719452
-0.00966106300794344,0.004696837847460703,0.00793959305876757,5.039358880384932E-4,-0.01532162443977531,0.09112676985547026,0.0968279786390399,-0.022679306181397046
-0.010159811721301327,0.004699866637819107,0.007968733915614937,-2.38671379993769E-4,0.11752370670916772,0.11344464998634303,0.0854863005683537,-0.04160700642172011
3.6216950072524433E-4,0.0016558035863934073,-2.591446015677886E-4,0.0011841586828989189,0.005883701918269259,-0.05678308528805266,3.611148021225501E-5,0.08617494321006013
-0.001492337855111817,0.003013370541752458,0.0010648559149409485,0.0021622934962882263,0.005825422108701703,-0.057196117828665356,-4.5276018086306077E-4,0.08727014105959846
-0.0054206538732002275,-0.00463379885068275,0.0042440394826031855,-0.0034957769675141824,-0.033366200107451734,-0.05774406272898345,-0.03113071976388131,0.09716437982873505
-0.0047201780146893255,-0.004463546157246156,0.0035769298987674844,-0.0033514711677348668,-0.010180590712032438,-0.060380366155287586,-0.017557849130726538,0.0975322213091847
-0.0068909058184333065,-0.0047778589824459955,0.005827105193668808,-0.003358433110980955,-0.1379138134562423,-0.03362321320814248,-0.07192804331420899,0.08071213710630097
-0.005977075917003951,-0.00442615957836768,0.004753789079387315,-0.003233681009430402,-0.06110996630110511,-0.050717695832895274,-0.0424415952929516,0.08796039942139133
-0.006540088372090628,-0.004590968763109545,0.005372339691732594,-0.003277749718558962,-0.10018554343394749,-0.04175920996372801,-0.05895689470721904,0.08315395619220854
-0.008860695939090307,-0.004853024502109478,0.00778516240613208,-0.0017149895673354344,-0.20611812500364932,0.055147405159998886,-0.10905961548044915,0.011877179086194083
-0.008686310637142362,-0.0048238943426808616,0.007635892899383095,-0.0019241695163679487,-0.2198704755819196,0.04501846861036945,-0.10795819578252372,0.019439840360528846
-0.009001483895852383,-0.004795363125362424,0.007805115486371442,-0.0014888308614032161,-0.16876880228594215,0.06105024503329617,-0.10691728488096684,0.00521684548290021
-0.0076626333295220705,-0.004729180770691537,0.006630713461365644,-0.0028692281193032454,-0.19774002246187714,-0.006132488971783579,-0.09085001777781188,0.0576211998819518
-0.007155283795740145,-0.004617685330528876,0.006031473344711938,-0.0030654453116400644,-0.1507856405082746,-0.02524439132072187,-0.07584230070627518,0.07015422783296126
-0.007433068657380661,-0.004556308159134164,0.006280856646099035,-0.002847918443645682,-0.16287460305618323,-0.015718372753553728,-0.08119482853685336,0.06085562035667781
-0.007904656710961152,-0.004623204023244977,0.006788630879292853,-0.0025743680739911544,-0.1920726113445734,0.00335430700259284,-0.09272252080322625,0.047092960071715366
-0.008515410541085568,-0.004671935114009419,0.0073550356762519505,-0.0020167042789857956,-0.1941318340889432,0.0330087820723633,-0.10222070518063785,0.024694386344596832
-0.008154055267018553,-0.004557958099663108,0.00695962800795548,-0.0022959135435100136,-0.18564870417380444,0.013771564346334824,-0.09473041920950431,0.03685351844099674
-0.00836557175553155,-0.004538900880729878,0.007115793445777239,-0.0020748039150503177,-0.1779984831199778,0.023390444817793593,-0.09656729904019741,0.02855684381228684
-0.009173496071600283,-0.004754019198395897,0.007846392698940871,-0.0012277616560890574,-0.14061462393518423,0.06880738286472339,-0.10467239533054963,-0.0024607213445798203
-0.009349231073974285,-0.004790340423982351,0.00795910469816321,-9.893373625124054E-4,-0.10281672348483055,0.07893693568859945,-0.10394202001411654,-0.009908316390471066
-0.009501740105560234,-0.004711741884527373,0.007919509446172849,-7.409944755930865E-4,-0.0579533038506344,0.08395603815433571,-0.0998212824467901,-0.016332590812246976
-0.01,-0.005,0.008329134333867,-4.142441239453737E-6,0.238958713512461,0.11752047350081762,-0.09682199768129547,-0.034507473720890726
-0.009927732979974534,-0.0048614586161967914,0.008157455109597067,-1.1494827726251127E-4,0.010438632678202135,0.11001945192954811,-0.09487646275917276,-0.03435822615599981
-0.009672145261279151,-0.004705987703070612,0.007952250458099325,-4.889600854420813E-4,-0.026838107743349545,0.09194733980933789,-0.09686711548029901,-0.02322337452557899
-0.009835920311743726,-0.004750703458024054,0.008025409906940135,-2.494723392492747E-4,0.022754634832180477,0.10125052603244855,-0.09458984302286337,-0.029881970561298737
-0.010157039844353498,-0.0050024667597618295,0.008324825835955112,2.688269832828402E-4,-0.1519020767088007,0.12495568564884964,-0.0921777105073927,-0.04095581592387266
-0.01008175540921832,-0.0048530622775163615,0.008148213497024421,1.2873316415716908E-4,0.10758958775566003,0.1166557005735256,-0.09058618389126327,-0.040332206129156785
-0.010239704035189076,-0.004870719158891811,0.008153493417778943,3.8006264951893307E-4,0.19225024668772017,0.1240313600079944,-0.08627827904078432,-0.046067149664415635
-0.010313910160050264,-0.0050098636880925584,0.008312762783081365,5.244252376364192E-4,0.11579718247641703,0.1321579017160927,-0.08729027866919326,-0.04671322829934743
-0.010470471553061363,-0.005022183559254116,0.008292834950111684,7.772089032097184E-4,0.5094053467514708,0.1391135561011501,-0.08190465445120414,-0.052310677567443724
-0.01040906785498938,-0.004883635540564087,0.008137482110872951,6.494760865717844E-4,0.15948727175699376,0.13140026509290714,-0.08089325990164527,-0.05208125294751955
0.015488445828838251,-0.011598617873650761,0.0019567121996736762,0.006741956268589826,0.03615142280530426,-0.0717517655668941,-0.043819973095192484,0.1460336712502048
0.015372527067886648,-0.011988280027844272,0.0024204172408820025,0.0065609317562558,0.045782795651670385,-0.07679690496850959,-0.02881127941716777,0.15084147817635638
0.015865763030851424,-0.010623571078984644,7.143886170202019E-4,0.006702911441411391,0.018266558593787872,-0.047034707394841675,-0.07728779089038483,0.11364285815925476
0.015796976880430344,-0.01136454483341793,0.0015196536322024067,0.006476306970253152,0.023090172184179313,-0.06225558763044177,-0.05474227483193137,0.128718298320948
0.01580401772486273,-0.011047592168236225,0.00119531411204083,0.006633236130028516,0.026111578970507327,-0.056672905343427914,-0.0646074458903009,0.124413499745644
0.015465861577451619,-0.012427887342815035,0.0026638593188866955,0.006028382140435529,0.03843231394095,-0.07604001622469124,-0.016008060110129285,0.1417375279771099
0.015445053236536273,-0.012843777575981392,0.002923783390557409,0.0056312653792500895,0.03050410342106902,-0.07523005916011426,-0.004599705142957406,0.13675352159831697
0.016688423091533594,-0.008899649628988409,-8.643910977119703E-4,0.005466122361115734,0.021370094033562406,0.006884430481976356,-0.08509940462395942,0.03452074788437726
0.01707798205867847,-0.008400976392784098,-0.0010492262254017857,0.004875768168006775,0.02269758252122673,0.01795429189924632,-0.07805742227006589,0.01645750104827588
0.016349990207475625,-0.01014110239132949,1.393916081047075E-4,0.006090396434561385,0.02266864906341962,-0.0289400041692616,-0.08085647281812454,0.08134536175349683
0.016737931959507263,-0.009578274305936187,-3.2278261540708567E-4,0.005574050832913236,0.019914302554652128,-0.010307644037323515,-0.08172322040425374,0.05275520076551551
0.01758445069323452,-0.007611261344269585,-0.0012182613041695357,0.004109433208098687,0.022695397832265533,0.028542460440910238,-0.0635811205573157,-0.004630760742624903
0.021585917854339946,-0.004975896815205762,-3.957668369604671E-4,0.001289834775362603,-0.17384982816204908,0.021367431382086185,-0.022524845622860636,-0.016911331132821502
0.019480948915983377,-0.006595941603682769,-7.937558488652854E-4,0.0025914914519557524,-0.03674464178943753,0.025729204139690775,-0.03779568747396222,-0.015385198339394723
0.025,-0.007110403506374536,0,0,-0.22696572968452808,-0.0015704364579181953,-0.026472644985427413,0.005734137807534151
0.01484666821360274,-0.013234608007797804,0.003775108455737451,0.005668819726443217,0.025819541516497225,-0.07670232667331567,0.022822003601443652,0.14763354314512697
0.015208143504525736,-0.01313320484246009,0.003305373896281222,0.00551652678919064,0.030110414869254143,-0.07571932886887821,0.008500123081214256,0.13886776937668335
0.014389261196063376,-0.013764406435301657,0.004474239604390938,0.005220241758981412,0.010483628947576715,-0.0682014630016974,0.04970513015017753,0.1405221511227792
0.014661692002490385,-0.013565803348289662,0.0040912565975507525,0.005356218665986679,0.015273088595735633,-0.07269004114617794,0.03564288530223847,0.14202968921360484
0.015684799046771,-0.01323812686194771,0.0028489414728554274,0.00504588604920709,0.02593247978755783,-0.06998871540607456,-0.002004367999329197,0.12114488550993875
0.011554012156973013,-0.015251940282635679,0.007117791779829005,0.002103803607057538,-0.040954277208756044,0.050415083140978985,0.12447085557742098,0.03268323563366584
0.012054910769077925,-0.015053360773248436,0.006906489544805522,0.002805134938834598,-0.045408192065956345,0.02614702556416334,0.12428384503783944,0.05755066076723934
0.011736584140814516,-0.015205630789818963,0.007021984723399895,0.0023396417122074614,-0.04391185645474583,0.04123831616244305,0.12428904531983469,0.04126039915561885
0.011911461618968945,-0.015144524617139159,0.006936351075313685,0.0025738395470984877,-0.04434206802481167,0.03269227608816302,0.12389729002544474,0.04968758735439239
0.012494098315458965,-0.014878003011998035,0.006596423033738746,0.003368851067270247,-0.04277158452219443,0.0037916322736960243,0.11863735482543426,0.07884891024813602
0.012260767685210915,-0.015054609349856345,0.006673154235008886,0.00297991601866817,-0.04469947662409839,0.014859865316769987,0.1197354066442948,0.06538227279988867
0.012718924094137376,-0.014798010287528413,0.006387923642257155,0.003615635939708346,-0.03927277936277496,-0.0071362642739076524,0.1136257039252712,0.08841330480326255
0.012936135907168142,-0.014622239547188007,0.006252558030753317,0.003968407578054499,-0.03412479792546568,-0.017681088647191905,0.10981763899173894,0.10063813825291369
0.013161827797643895,-0.014501706102514549,0.0060229489864717925,0.00422713057713564,-0.02765404541121703,-0.027965789630614166,0.10300109649512858,0.11006166277627534
0.013846891387344469,-0.01428599149234159,0.0051462814656089186,0.00461631315682505,-0.010110592262112805,-0.051892295152649315,0.0750961988191151,0.12434940107689148
0.013405299884109451,-0.01462362104714504,0.005594908019625303,0.004115129843540551,-0.022950936995653617,-0.03554089959188624,0.09088245683535136,0.10819184703959385
0.01361807576545353,-0.014464878449432013,0.005390589798625872,0.004363735494691132,-0.016259815763653342,-0.04383688923324506,0.08374718350338212,0.11649428132247645
0.014359581332293975,-0.014093511811112675,0.004491404809736386,0.004785524530371986,0.004388763386150198,-0.06288218394119716,0.05347970205157393,0.12857440444547885
0.014177410974904665,-0.01438052910741727,0.004671302091336892,0.004452565416374985,-0.003597497897784088,-0.05661196252420695,0.06135152332633793,0.11981755154425898
0.007591233601480755,-0.01438153448432905,0.007301872385595459,-0.0040069992640691865,0.10514937958568554,0.19654251593276992,-0.014819689345319442,-0.08858103958936042
0.007585453469049016,-0.014541330366239958,0.0070832396213225774,-0.0037644126776065732,-0.1746446660366068,0.1875829905788919,-0.00882278792702297,-0.08856913806018823
0.007730047808600203,-0.014455032777517945,0.007424086778832428,-0.0037761317457576295,0.11546475627159376,0.19815664923514445,-0.0063120054049704095,-0.08933214292903578
0.00952952844693864,-0.014977816440745884,0.008291962792317186,-7.860911808351455E-4,-0.12937663980521563,0.16621195544598755,0.09195532798961031,-0.05664148964853491
0.009598495648362385,-0.015130712406615678,0.008006016024418321,-6.272528278863935E-4,-0.03580177062000433,0.15465184222972608,0.0925646811777916,-0.05414071946469045
0.009373420771600327,-0.014960584488801502,0.008263776853778156,-0.0010420335722684394,0.047924723856774876,0.1718712561850508,0.08505242286546512,-0.0620275919127771
0.009442584891674904,-0.015109405186140843,0.007994364098328328,-8.72174980135188E-4,0.009057730383811939,0.1606442533543149,0.08640997498934107,-0.059527146522744594
0.009217916319918092,-0.014938455742167744,0.008227658177234408,-0.0012960797982131957,0.25112082796922175,0.17704929647359344,0.07775871272060915,-0.06710957218339544
0.00927194872799393,-0.015089677038293853,0.007956345085910295,-0.0011377535427241764,-0.06225776957233169,0.1662565060473784,0.0790013134545783,-0.06502458583862457
0.010514688054327842,-0.015234498953474378,0.007782076731240961,7.649509916002657E-4,-0.02594363452636799,0.1088228337381679,0.11873536179028261,-0.014928476110442845
0.010821963889777748,-0.01525359281956911,0.007619832764225479,0.0011918508139113538,-0.037783719444629944,0.09146591486378103,0.12294010764701303,-6.230147972865315E-4
0.010656348141253266,-0.015253162181355256,0.007696301688917218,9.612916541019532E-4,-0.03864850124845925,0.10042368296358582,0.1206866500173442,-0.008304225081346721
0.009674981285090388,-0.015295273500728755,0.007716648732178355,-4.7163996525013225E-4,-0.005551544936764367,0.1414228407860478,0.09394628796166288,-0.04803444850038135
0.009837988267035264,-0.015254855871574982,0.00781767194784067,-2.3956333124166936E-4,-0.020019468507492637,0.13813709472413527,0.10005130853445791,-0.0429026327616851
0.009984922263743808,-0.015315709619498498,0.007714029965765299,-2.0510798650948897E-5,-0.028373010632032406,0.12880305988507126,0.10372949379945375,-0.03635538729959071
0.01036817843173611,-0.01532273833807592,0.007661241469273731,5.302417391078645E-4,-0.01786859507733313,0.11161955673825173,0.113401671322524,-0.02075457133058584
0.010163903891258902,-0.015326971066133918,0.007685734978664957,2.3707890312002757E-4,-0.019393235473823642,0.12067992665051937,0.10846187688010746,-0.02914686426089852
0.011350034275875172,-0.015289364219043212,0.007224662429008754,0.0018420412836367384,-0.0404987039349275,0.06071383395471304,0.12421997901132341,0.023330358362065342
0.010930959630542967,-0.015420894741235187,0.0072798265634331635,0.001249135821232883,-0.03436450008135276,0.07894503812897548,0.11880718394087879,0.003943448654340271
0.011129362344455758,-0.015371090172533906,0.0072474776243822555,0.0015221704777477673,-0.039060355944844805,0.07014055502507184,0.1214675549760247,0.012942516593758155
0.00745479580756053,-0.014303711841978798,0.0071664556611607646,-0.004244436608906286,-0.3519521425983741,0.19435253664031152,-0.023369277946992884,-0.08735189789023706
0.007445064307678613,-0.014476435374199648,0.00694754108760804,-0.003964511641507215,-0.13260403122309347,0.18542371812513672,-0.016295524523631314,-0.08760232366272418
0.0073208682191713715,-0.014221641019906126,0.007030242297378575,-0.004466735180147058,-0.3312178584148359,0.1918231954586351,-0.03159430950266211,-0.08544506066714558
0.00718958373010223,-0.01413540329229132,0.006891214394659904,-0.0046784939980814835,-0.06446213025504997,0.18849854921796302,-0.039426424371588185,-0.08299027234880417
0.007185478998927532,-0.014297835122574662,0.006719509724964256,-0.004401363421021958,-0.17873162285171837,0.1814818016048035,-0.0319943867200476,-0.08442320184716988
0.007309850975659789,-0.014384986789909432,0.006834936654300982,-0.004193094749276979,-0.12323717622307064,0.18375016457452817,-0.024494739335688995,-0.0862053437683763
0.007061073770271073,-0.014045084994930429,0.006745794776011531,-0.004885679137539655,0.19532480167565072,0.18438351856276922,-0.04709055028126775,-0.08019712560564991
0.007048327028486727,-0.014210105581171757,0.006570017154099431,-0.004607591725055222,-0.29475623092816644,0.17785246994733728,-0.03961861522224545,-0.08199174814439054
0.006935465283302505,-0.01395077548971791,0.006583519956941408,-0.0051020410444586415,-0.1748355186902056,0.17967187269408838,-0.054739940155485604,-0.07706925940188361
0.00690436866426317,-0.014130505105722696,0.006389321914464982,-0.004790606584260244,-0.29239340132582275,0.1729932905564252,-0.046374946370868926,-0.07914855580300069
0.006812880963004883,-0.01385256696814258,0.006417058838579691,-0.005309931367475329,-0.3177852228643949,0.17480084396624193,-0.06202936585866853,-0.07347072016078035
0.006770682599980658,-0.014031290663768667,0.006227634538016538,-0.0049900553643976156,-0.2738967092779348,0.1682993182422723,-0.05342464331047848,-0.07578594559234085
0.006693441434347548,-0.013750556019033765,0.006244071729801549,-0.005512339736911227,-0.48079431268887785,0.169485167969624,-0.06898210402574631,-0.06935620054136482
0.006643506522052697,-0.013924359583691495,0.006067735679294453,-0.005190538578274818,-0.26707703033133784,0.1632843848450841,-0.06025452107839566,-0.07200704340806692
0.006577264761224861,-0.013644843410250553,0.0060656246059073325,-0.005708261714465336,-0.6419496782597964,0.1637266948825026,-0.0755248849094487,-0.06472408762595774
0.006525931171900327,-0.013810627183776373,0.005913073294295929,-0.0053916855048488045,-0.2670105513575196,0.1581517001055748,-0.06686670084969758,-0.06788094420858716
0.006464466094067266,-0.01353553390593274,0.005888388104121516,-0.005891056528319907,-0.45739825125138794,0.1575899091468412,-0.08141903930256232,-0.059696200093162656
0.006422207917831832,-0.013694398922236731,0.005768493190798993,-0.0055875632089150895,-0.28782494778959317,0.15314286369256658,-0.07313953494962337,-0.06354521021373621
-0.004846167127399402,-0.0086873032502169,0.0019383593948992188,-0.007658742059526894,0.20958370776972599,-0.07268726169519824,0.04868304194645085,0.1537712576267112
-0.004852284872435491,-0.008850953452629793,0.0017272717413973372,-0.007776829902608527,0.1849384731254471,-0.06995116940813323,0.05510033712973135,0.15143791626898298
-0.004770743962330512,-0.008991813962528352,0.0014877248276441634,-0.007771032580421632,0.13955985347808583,-0.06567762676433235,0.06053707272581355,0.1444169687556244
-0.0047179146748397875,-0.009170521077143218,0.0012150656827750164,-0.007803129356883349,0.1054806914386327,-0.0607399330225419,0.0667252702895294,0.137483159776942
-0.00468246890652257,-0.008387136629051157,0.0021655643611997594,-0.007262011407079052,0.17904922251149036,-0.07370709961307244,0.03860433959472805,0.148208466593013
-0.004635103222258486,-0.0085797116512857,0.0019159738962710256,-0.007364309374269812,0.16084656471962974,-0.07065144980429476,0.04563819882859544,0.14435707432560166
-0.004696486207437634,-0.009350779261309802,9.53258395855382E-4,-0.007852827824875964,0.07712966981270421,-0.05578056732813582,0.07268115284367639,0.13132852502624984
-0.004702288022317577,-0.009522812905058069,7.073716531575242E-4,-0.007913358262991404,0.04774019732996294,-0.05094818298215365,0.07828584342777134,0.12602532768279764
-0.004737525478000602,-0.009674108944855694,4.920337692966467E-4,-0.007987455659734589,0.009309710177261182,-0.04655408248228681,0.0834265803241625,0.1220651501288906
-0.004693342677291114,-0.009831522140892654,2.5088283152494115E-4,-0.007959292815834367,-0.040197933194442,-0.04075192531601706,0.08718833380501968,0.11396092171040619
-0.004710740699478938,-0.0071040597636584605,0.0031892375667018,-0.006024017548443148,0.12751369670458204,-0.07623065130498231,0.0014047763911611416,0.1406710985470783
-0.004934214524464533,-0.006851587587977339,0.003550524337557945,-0.005853153659800458,0.1192217178392549,-0.0765017431669358,-0.008545204837706087,0.142294651920825
-0.004951347137885212,-0.006500902252312667,0.0036826340727502322,-0.005455764550214333,0.08497866330000285,-0.07402122192761103,-0.014207848310283147,0.13530417224009353
-0.00461470523743504,-0.005255368808662955,0.0034860283761778067,-0.004078699323891683,0.012099925935329766,-0.06473811915788753,-0.014594841855009243,0.1079878496715582
-0.004685265695783907,-0.006192464673953922,0.0034601295026519875,-0.0050334977167325315,0.058149601560271845,-0.07085344033561543,-0.010263922836626785,0.12372361265215127
-0.004449632884142209,-0.005761530062195097,0.0032878240422432358,-0.004544890959626408,0.03332432642751888,-0.06743770587138452,-0.009286476362866287,0.11410423491806396
-0.004612575797733333,-0.007381624174259274,0.0029351330361864977,-0.0062604954920192,0.14101042018446686,-0.07617248403635378,0.009594620171024427,0.1413621996576824
-0.004444964791056433,-0.007675928009993086,0.0025802864727831787,-0.0064420433765365005,0.13838104399514348,-0.07418449595896527,0.01941499292196998,0.13792444211336338
-0.004515938724586308,-0.008229748399966675,0.0021886972974477855,-0.006984410922591215,0.15516783107695312,-0.07266871876933224,0.034489389047029494,0.14155739442252144
-0.004366573107005574,-0.007975851952996256,0.002285582914471849,-0.006654210495283501,0.13535782366673596,-0.07215564221451766,0.02805904193935405,0.13572012602622244
-0.0038760109763978667,-0.004710690273783654,0.0028445956500096656,-0.0035338979442478603,0.007725125667663402,-0.06189410314880515,-0.006250648707734534,0.0988404878462315
-0.003947268126277772,-0.003990480651710195,0.0029094052132494445,-0.002943036798355945,-3.9875240251728246E-4,-0.05948840736378234,-0.008136679765924157,0.09321961177861239
0.0023642491203986326,3.506148534380114E-4,-0.001690179116472118,2.5006833577746404E-4,0.0010579250238571542,-0.056847286293228876,-3.7656536532108044E-4,0.08628921470954833
0.004499150081977117,-0.004251107919448914,-0.003374507235637095,-0.003164985835054052,-0.007165383070027807,-0.05971745059987093,0.014508024166804837,0.0944720626687247
0.004347760880216963,-0.004869344910314966,-0.003249296761619642,-0.0037008795106416386,0.005487494982310268,-0.06276092201027601,0.011770670104188433,0.10171945392627428
0.0033415036242875986,-0.0018689983658750457,-0.002403575228613269,-0.0013339528649288232,-0.0022050536745139766,-0.056211146227978515,0.002825409246906507,0.08481353178475455
0.0040160795105135165,-0.003327524925622639,-0.002947620891324495,-0.0024172692220482245,-0.006341375461375746,-0.05742721733663244,0.008397489685345245,0.08802414001229301
0.004408072616101474,-0.005963998574903315,-0.0032188898039942353,-0.004734947706925744,0.042897756032929175,-0.06848845842960342,0.007056146483825104,0.11655766361989835
0.004297007516503222,-0.006377120257327865,-0.0030252300827204614,-0.005109056798158206,0.061424530550774896,-0.06991507947001797,0.0011751275405585844,0.12038084456451202
0.003935883267218165,-0.0053882714798170386,-0.002855041359902804,-0.004122647385945948,0.0192903873931954,-0.06443064813034259,0.004482860428070407,0.10482446886100694
0.004199592952225612,-0.006802629157581907,-0.0028001403218932274,-0.005484829530746217,0.07923084133100138,-0.0708605150213678,-0.0060475167157533405,0.123408130143865
0.004688353302878885,-0.008560166812980387,-0.0019774741962018116,-0.007402397823186629,0.17219870157482864,-0.07175374665061064,-0.044611031064426626,0.14706429548015224
0.0046692669593738365,-0.00880664879948687,-0.001668590838645678,-0.007552598095171155,0.14738461113781845,-0.06768786830748062,-0.05352075584649903,0.14285433944979653
0.0045780203573268525,-0.009045889676289966,-0.0013145179212715877,-0.007593281615723515,0.10475376798806933,-0.061648406980888214,-0.06144038523278087,0.1337923339103737
0.004546115667921833,-0.008184328635673274,-0.0022566213644673243,-0.006972599169996384,0.15913750542490013,-0.07343942005920952,-0.03299152181757931,0.1427183491462192
0.004523422087677049,-0.008402646454917603,-0.0020240852423289006,-0.0071279418800979395,0.15191764283757417,-0.07107597453899557,-0.03997897417463422,0.1405640937099278
0.004717342696152257,-0.009491335952079506,-7.576847546495727E-4,-0.007921479975064613,0.042334740244300756,-0.05205356261346628,-0.07757034568539402,0.1276689988622066
0.004700388719003513,-0.009671205254900674,-4.890774632663659E-4,-0.007944612181326359,0.0056000272291553315,-0.04627550592725054,-0.08281028868151909,0.1204829455911109
0.004732354976701755,-0.009829253641045909,-2.574447062161414E-4,-0.008003284151626716,-0.041192567807616945,-0.04115882763946037,-0.08781263584434285,0.11556503867288068
0.004584101036777054,-0.009313158522508823,-9.645368263267225E-4,-0.007716113086893662,0.0630448910507655,-0.05535368550280473,-0.07029838154721119,0.12714507904906666
0.00437519610155683,-0.007965780215030187,-0.002301383530764733,-0.006652137989461611,0.13426184616657363,-0.07236324366070158,-0.027963778244195107,0.1358646501674153
0.004215228704979557,-0.007646196130461816,-0.002392780905379793,-0.006267896489085469,0.11229326177237031,-0.07134292242066671,-0.02163577465162025,0.12942782578456577
0.0041240773872699655,-0.007216104953250767,-0.002553725258195484,-0.005835395260202132,0.09189345887647216,-0.0708798341420772,-0.013762549051923381,0.12497164722992539
0.004677558074700516,-0.009972982360514596,-3.9478130851745547E-5,-0.007949271603648748,-0.08799454459227492,-0.03556468540965396,-0.09047308621811044,0.10728511465398509
0.004649726772178307,-0.010149523017151045,2.2003111708373746E-4,-0.007912248934293938,-0.12834663324510642,-0.028875561242321383,-0.09376056483034508,0.09849807408253376
0.004645886857706069,-0.01032797372598135,4.794025803498206E-4,-0.007885107199233606,-0.16686432734973192,-0.02201643313543856,-0.09696756011260953,0.09020849453287709
0.0046601431436109715,-0.010503392327414937,7.351676530193631E-4,-0.00786158730177901,-0.20388418872719757,-0.015075343381059229,-0.09997114023539976,0.08236300670301712
0.004685281167152338,-0.010674140910118169,9.859468547250424E-4,-0.007834962414084823,-0.24184023413977737,-0.008074575525589364,-0.10264628206292041,0.07478235932478099
0.005544967222482057,-0.012269952191399801,0.00377680839203517,-0.00742364432261853,-0.7218984549399506,0.08001327195178946,-0.1184536845590522,0.003660214667185229
0.005438361382693403,-0.01241008473211288,0.00376028770565459,-0.007124317495232099,-0.49600961754503686,0.07943489051987417,-0.11166424963624522,-0.003811831835744749
0.005618465515670955,-0.012408766398519252,0.004011532542046809,-0.007299468162785728,-0.6001487961224824,0.08828059665602074,-0.11660062878681184,-0.0035650952129745034
0.005475864446977091,-0.012128895840071584,0.003540501769791968,-0.007539260543234086,-0.7368770518632725,0.07183715776679989,-0.1198214198905565,0.011011776768348011
0.0053733907855265705,-0.012266972729278156,0.0035493021243121945,-0.007252120717219253,-0.48942110337701844,0.0718028006670181,-0.1135182876312013,0.0031993923325069266
0.00541122549991139,-0.011985736283431544,0.0033025976228918245,-0.007646553442427355,-0.7726523626570746,0.06375536496360015,-0.12067254006447899,0.0184086425693332
0.005315364901116902,-0.01212433881814238,0.003338917895683946,-0.007372404063057108,-0.4611779990889798,0.064319542777794,-0.11505189563638717,0.010250334893995293
0.005198530675796428,-0.011394952446763721,0.0023341642909021952,-0.007995491651259179,-0.14468669046108892,0.03140390861748566,-0.12024695371812964,0.04849511768371798
0.005024432298566124,-0.011366466169131319,0.002143100877824322,-0.007817253694767374,-0.4929946456466307,0.024293413023392427,-0.11551415440867506,0.04762176161817633
0.005082353651786366,-0.011507677103906109,0.0023775289672253127,-0.007764887158335299,-0.5399835101250131,0.03179529266539127,-0.11656134698819663,0.040865570837417604
0.005244717217658646,-0.011545084353673888,0.0025788307614781777,-0.00792003953282378,-0.34753967351774806,0.03942445938490896,-0.12084397022023469,0.04093386011650798
0.005295594968187609,-0.011693686304088879,0.0028180298942736184,-0.007838017676949301,-0.7132170151001048,0.04729613353601844,-0.12115031364359809,0.033438530576548324
0.005141672634086121,-0.011668343667271123,0.002635509087785663,-0.007683701179799929,-0.47602219157041786,0.04036642170751597,-0.11702661709576791,0.03289928443528312
0.005256937709944719,-0.011965927390945572,0.0031038728938029194,-0.007496812826698572,-0.5421162628050887,0.056039755456752334,-0.11634983589092561,0.01821671379426951
0.005351115767339395,-0.011840618209004684,0.0030711538555649926,-0.007742356391597781,-0.28900864619151334,0.05572075051339002,-0.12106180187403708,0.025833205639852894
0.005187321347487683,-0.011820990394176792,0.002864807153153784,-0.007581742500709434,-0.510790767136822,0.047985488240969106,-0.1165651046134849,0.025233944358046073
0.004716085734776318,-0.010839992912443886,0.0012306519980400225,-0.007800686400015408,-0.2790889783136871,-0.0010309558067382728,-0.10490073545138799,0.06733484398046947
0.004749745483058323,-0.011004040294622952,0.0014722093352249577,-0.007755254055276071,-0.3143854974375986,0.006145677237313026,-0.10670293581729813,0.05981990838309852
0.004786352259935938,-0.01117140675779227,0.0017167203539729568,-0.007695932522401875,-0.34599557742302084,0.013641231230835936,-0.10805684882179979,0.052014448046529715
0.004832189853905535,-0.011341159772106894,0.0019663839630354846,-0.0076291601819509424,-0.37477528335409355,0.021442562916928257,-0.10912590265206036,0.04414445878694851
-0.004876346892042054,-0.010245173650833165,-3.898756269694027E-4,-0.008158781120670184,-0.1058957902126771,-0.02610022602241197,0.10109767111100994,0.10264558728546556
-0.005009863688092558,-0.01031391016005026,-5.125607201237967E-4,-0.008313419162425431,-0.6080815591734324,-0.020662753905859626,0.10592434713134295,0.10303851938995201
-0.004702699529299454,-0.010013519214218907,-2.077616615774673E-5,-0.007978201080908687,-0.07833784858874294,-0.03434231764977563,0.09193079897611599,0.10672171820363098
-0.004759065149440619,-0.010163456732504138,-2.499099844307391E-4,-0.008035306501287011,-0.12409247791499603,-0.028949638624779023,0.09651174155089322,0.102135395573465
-0.005079674648559369,-0.01151488940107706,-0.002384220837837058,-0.007756364248773574,-0.5190150038272986,0.03202138150089131,0.1163293675660395,0.04045085483358974
-0.005198530675796427,-0.01139495244676372,-0.0023304890119677374,-0.00799636373349627,-0.2236126602795654,0.031403050673236066,0.12064520347294372,0.04854307470373703
-0.0051570782538395065,-0.01124342629880737,-0.0020601967116779863,-0.008070311824771728,-0.8715460644471213,0.02320980190329594,0.11975740334152542,0.056426913830222726
-0.005020980100817831,-0.011361492064907934,-0.0021341267213389418,-0.007816986211038037,-0.4201753446057137,0.02400078438143104,0.11530604462241943,0.04782997949320671
-0.005120404840570064,-0.011090665429940793,-0.0018124801226285117,-0.00812969130847621,-0.5582768319734283,0.01584049111029386,0.11850888041126473,0.06421443156317244
-0.005001164774562252,-0.011199914910533853,-0.0018967287382687288,-0.00791178179938669,-0.32618550384486356,0.016650521593824696,0.11493657239147105,0.056135369063080705
-0.005022183559254116,-0.010470471553061363,-7.86788067738806E-4,-0.00829183253645397,-0.10757433310802338,-0.013532576905131264,0.10919456779283386,0.09519542519815355
-0.004867813489787527,-0.010403095718085958,-6.378303071258169E-4,-0.008121356141345251,-0.167812192625542,-0.019777122102790912,0.10392130264343334,0.09472405717178861
-0.005039415511198498,-0.010626579228399678,-0.0010488392359550402,-0.008262942275874409,-0.07811935919651132,-0.006249286822046822,0.11208698157695414,0.08743605959056444
-0.004888857138197089,-0.010556361594753346,-8.810782538596036E-4,-0.008103635097615981,-0.2875021825221136,-0.013159274545402002,0.10691619882558996,0.08763106745142114
-0.005088549402048354,-0.01093683137430405,-0.0015636049413893596,-0.008181120899256558,-0.20639949092430146,0.008414155466998988,0.11674329114360943,0.07192517721445536
-0.004970298799451342,-0.011037688289862957,-0.0016443919113902923,-0.007979497791790779,-0.37728708436277536,0.008903412267697709,0.11361533242533957,0.06426543968053831
-0.005061544257832261,-0.010782083680081916,-0.0012975651644439147,-0.00822753566387692,-0.5824925444857764,7.986986739944388E-4,0.11456041063632576,0.07975179573854566
-0.004933122205261172,-0.010883074097190441,-0.0013967390221367273,-0.008022135555106452,-0.32193402610542415,0.0015354698763417364,0.1116976461309772,0.07168398526206693
-0.0049187418314485245,-0.010722878825578227,-0.0011480822988994364,-0.0080775649295425,-0.26654593035927004,-0.005511907472190749,0.10987502014174298,0.07971820595188393
-0.005351115767339394,-0.011840618209004684,-0.0030537998264539494,-0.00774912229445045,-1.0347569655163324,0.05510804117140928,0.12146271337606518,0.026051637371100684
-0.005191936492188111,-0.011817652843988505,-0.0028661102090616858,-0.007589469557239342,-0.42174539783717174,0.048049556286534366,0.11662506451460079,0.025430194105281727
-0.005050159743932849,-0.011762152798282372,-0.0026608453948729557,-0.007499588847345642,-0.46687420252117484,0.04296526507429295,0.11249636005555205,0.025916408018264597
-0.004973956902101061,-0.011641113367924696,-0.0024488533784459542,-0.007534313842310931,-0.42929635937776583,0.03634596441850497,0.11145850252808724,0.031091597238237113
-0.007110403506374492,0.025,0,0,0.22320051675182315,0.00628596685912379,0.02582686730020511,-0.0026468618051972478
-0.01304127619488333,0.014918313371349008,-0.005860059384059069,-0.003615709399771696,-0.031282721762799094,-0.020564762701444608,0.09964687993559114,0.09148086163965553
-0.012953526176675799,0.015180697220163297,-0.0057436595965282755,-0.0032630422356628706,-0.03052294295982232,-0.016129195800360107,0.09702989155484575,0.08066109564122598
-0.012736947867575522,0.015413112000114372,-0.005769860201121728,-0.0029035103007273772,-0.03555890548225321,-0.007821494389073614,0.09795638529910587,0.06891227304692694
-0.01065198109794793,0.016518936893239286,-0.0058069867926770526,-5.830966225880083E-4,-0.0338703584733644,0.05587346222272404,0.08930523738979936,-0.0065489046445587635
-0.01127015370733684,0.01605325516246133,-0.006184358856537815,-0.0012885915340090542,-0.025645445052219135,0.04365565348839985,0.10131257489596082,0.01406583181960021
-0.01235069937404639,0.015635737810679336,-0.005919932421776878,-0.002455378481403337,-0.039529646690164004,0.006637529878351921,0.1012842442535695,0.05310733032762639
-0.011869588207752925,0.0159359913069257,-0.005970780465008833,-0.0018678259322755448,-0.03374342719121099,0.022979311762098546,0.10081507843479778,0.033542336211991826
-0.010277715609332017,0.017745185082279936,-0.004535967545151737,-1.7862271132181663E-4,-0.027140773117990076,0.03603118030825037,0.06405635679826914,-0.010308232195351734
-0.011067917266250778,0.017310722877449135,-0.004840154576210339,-6.946002087117268E-4,-0.025238096124316933,0.025984314904486633,0.07413504938519724,0.0053010567842213
-0.012796069136576316,0.015772522452929306,-0.005385646650964523,-0.002585228359719404,-0.03589990558852345,-0.010616392013273464,0.08937866992106985,0.062110286703219816
-0.013287776878516157,0.01478395440840944,-0.005645806898803952,-0.0038729268700075196,-0.025973007378959464,-0.030371477836578616,0.09310801637867452,0.10059510400259265
-0.014500236757204087,0.013157052514936285,-0.004227944674673508,-0.006031100326807875,0.026424259704678328,-0.07799060108093031,0.03611402974952617,0.1613469025376113
-0.014412614129278772,0.01329068122084769,-0.0043924692557375696,-0.005894123299374488,0.024035792272320448,-0.07567771211811893,0.042671422103581595,0.15865923581473254
-0.013610390171374309,0.014409597031000598,-0.005429237802648639,-0.004441095468520771,-0.013134442359751879,-0.044195135516258255,0.08462972623229631,0.11861512508322093
-0.013564729457939934,0.014674331826133974,-0.005351344613401952,-0.004074578455972762,-0.018441589882873092,-0.03964828654503884,0.08415197665184727,0.10769468320816186
-0.013841156429612094,0.014265430402645662,-0.005162002774878552,-0.004646151267026426,-0.009522533075141336,-0.05174616779174327,0.0756216224450622,0.12495579449844572
-0.01430234303434645,0.013449085795592702,-0.0045845443579902055,-0.005722197388295201,0.02074566153139693,-0.07237488612171573,0.050354534833538626,0.1548660183571566
-0.014125679552783415,0.013616303411873967,-0.004864124211620761,-0.005551166508646683,0.013634866641403022,-0.06773634023513102,0.06076027430083565,0.1512069047327468
-0.01396309767722084,0.013818997867862816,-0.00509913085969623,-0.00529209453699919,0.0036765858316291145,-0.06155869458316967,0.07006419150930353,0.14418989746472166
-0.014034723839119205,0.014060029562544827,-0.004944558029726415,-0.004913557108946097,3.220852061530921E-4,-0.058800936931885116,0.06720281357345943,0.13282816860349164
-0.014634922864783195,0.012884060517393364,-0.003926962848672339,-0.006315199070349117,0.03543090080061307,-0.08156018129026173,0.02378327732455601,0.16655773533013754
-0.014655509401210335,0.013091917887727315,-0.00398414254434097,-0.0060053402152239685,0.02894590163467187,-0.0788167953970379,0.027908314053162516,0.15866401059829058
-0.014789800569597484,0.01266914489653171,-0.0035974612774246567,-0.0064619436107342405,0.03515100075810062,-0.0829942990642394,0.011239266863578522,0.16695914907407428
-0.008894166447776243,0.02146986062044963,-0.001949383016471603,1.0459247731110841E-4,0.03850121113386625,0.015075230653253906,0.028476687322827682,-0.009803170616156992
-0.010686587716488423,0.019735470125200945,-0.002994316434800292,-1.94601280316122E-4,-0.016013570076300273,0.010410268447392604,0.04229983331160791,-4.882198995720525E-4
-0.015233170091272077,0.011013104876261495,-0.0014603349030109184,-0.00754861935576014,0.031586113128703824,-0.0680963899520003,-0.06487399826798018,0.15766773523578556
-0.01529394506974812,0.010504090333909972,-7.312648233702552E-4,-0.007677687731611506,0.032988517926338674,-0.053797889433227254,-0.08519233863208363,0.14345903784499167
-0.015268188658884616,0.010844508774981896,-0.0012149109485322864,-0.00758319956982951,0.033239873702688404,-0.06354979895438871,-0.0719300573349641,0.15275912145199644
-0.015286676765391817,0.010674860019072302,-9.735974842383467E-4,-0.007629144381135363,0.0341987487925133,-0.0588320754991748,-0.07866541921274574,0.14814274303555705
-0.015302162876329248,0.010331871418407051,-4.8298927923035685E-4,-0.007707028631134633,0.03374921496046123,-0.048145393042473554,-0.09146648985610571,0.13789153289195458
-0.015222211908778574,0.011490113660924969,-0.0020570961955611697,-0.007217083548572167,0.044346869674457175,-0.07605683618000714,-0.04469839527696683,0.16176434086403121
-0.015311596460136401,0.011318680782431895,-0.0017884548750605686,-0.0072132890835642895,0.0417757163829944,-0.07194143874885085,-0.052691565483105274,0.1557479721359287
-0.015380872696024473,0.011141065896170935,-0.0015299261550886433,-0.007224634885048944,0.038051223514669934,-0.06756222077762529,-0.060212379071000625,0.15006970979460618
-0.015021153433926208,0.012491279112951502,-0.0031903571384134244,-0.006440890378527538,0.03689022747679404,-0.08192272977092137,-0.002489383616256419,0.1611143428569458
-0.015156568622866842,0.011865419105106512,-0.002516579984076905,-0.006965935239728812,0.042906958879478936,-0.08022063913922428,-0.028396984222592212,0.16397302038765335
-0.015190082278498853,0.012289691624687023,-0.002851521105820477,-0.006478860477669476,0.04073334873354311,-0.0802702078810611,-0.013984247737973595,0.15684816642022448
-0.01527048700229961,0.012075900043836412,-0.0025948320309220245,-0.006604199966144355,0.041149091517397034,-0.07884447710587549,-0.023160126899128282,0.1556399034071951
-0.015317092396986599,0.011683736975503616,-0.002184225440644434,-0.0069107444600444165,0.040323292984351895,-0.0759983778505866,-0.038442450000858115,0.1558595789283919
-0.015327225555392461,0.009336549571988881,9.380484600881729E-4,-0.0075540012208620425,0.010637554648921512,-0.007415876242849271,-0.11738301695735194,0.09421382155398833
-0.01529867835932419,0.010165692761457961,-2.4236651043339847E-4,-0.007738933087690718,0.032270835612236475,-0.04241170290467943,-0.09728828899572366,0.13251635521357266
-0.015247981611397367,0.010005130438423888,-7.83234485272313E-6,-0.007840794237823348,0.011491613258360855,-0.03707501749631846,-0.1032669232365568,0.1293692042933039
-0.01534414339866273,0.009510342662158588,6.928513840231246E-4,-0.007586089007458983,0.005427774244274367,-0.015054576134417519,-0.11386857053288484,0.10198202125213594
-0.015343260510818364,0.009686311927681315,4.463692400250243E-4,-0.007632263464286853,0.0010402557989487857,-0.02265620786592532,-0.11012212601444958,0.11025573792723602
-0.015310892221425799,0.00984900452665917,2.1827686296105946E-4,-0.007715985904098118,-0.002508270894458295,-0.029839451271781756,-0.10668044465093494,0.11921583730920825
-0.012094500305060412,0.005126315174931433,0.007225734435761524,-0.0030908672394665397,0.4717441486349298,0.1706594836939416,0.0083326480470806,-0.08422869995453686
-0.012255866463555637,0.005181594475340161,0.007089542979880548,-0.0033035970807441637,0.4710574061126464,0.17135706127704117,4.7878823691580047E-4,-0.08454539853060451
-0.012863469207531052,0.005479370076453914,0.006526074553527654,-0.004116055174791202,0.44150053287969154,0.16987384864624575,-0.03060051725444329,-0.08129298930162342
-0.012714697406803605,0.005394301028952388,0.0066739598579291124,-0.003916065124343989,0.4533418021812709,0.17099558676438953,-0.022804209019332857,-0.08281971524394117
-0.012563737989681823,0.00531523479007497,0.0068162923972147045,-0.003712780921930545,0.46186113956925307,0.17155463594633036,-0.014986293995550326,-0.08384844755850866
-0.012411526444638964,0.005244651426541422,0.0069540271788144726,-0.0035098238138081515,0.4682011252438631,0.17166596640111864,-0.007265246176658397,-0.08441608596518103
-0.013009010700067271,0.005572454330455734,0.006375258781591175,-0.004315409843288694,0.4263362816627965,0.16829375315042275,-0.038410718608182126,-0.07928200783477173
-0.013149309028796387,0.005675853209333943,0.00622530522215118,-0.004517728241580795,0.4080220893482424,0.16638477336755433,-0.04630607928621233,-0.07678580598318531
-0.013187119036995118,0.006147433031857422,0.0064105450585217995,-0.005317997785600231,0.07606776962300943,0.17954172768890986,-0.07052103669589091,-0.07147284120193825
-0.013228992131981436,0.005977966261613392,0.006255013660803194,-0.0050177057202957205,0.4934263950662628,0.17125653606532512,-0.06369250108328521,-0.07295252296685041
-0.013306558565652453,0.006249443980966237,0.006245807044186684,-0.005510612617610818,0.34611200682368687,0.17554014690072742,-0.0781700100040957,-0.06671865055740105
-0.013335970785300072,0.0060885718461101655,0.006122672094531545,-0.005219708258271474,0.4731862995683121,0.16852474021352326,-0.07124541727538385,-0.0691143116346838
-0.013281295558518312,0.005791640170342632,0.006081065384218306,-0.004727181035152228,0.38907817445001897,0.16428339512913334,-0.054387110911068855,-0.07378941922274361
-0.013422735238775144,0.0063551565897494505,0.006074209241746207,-0.005699034807687749,0.5669622010067601,0.1706247976567258,-0.08554450849715274,-0.061524061091157274
-0.013455972210855491,0.006198541896600481,0.005955461675350076,-0.00541269522577427,0.3545923429383952,0.16424303356363676,-0.07883315349993135,-0.06445312871266103
-0.013535533905932737,0.006464466094067263,0.005886345806922637,-0.00589279690034316,0.19561995637715732,0.1649848887863834,-0.09280744262900507,-0.05587643013899917
-0.01357968728488895,0.006303457574201549,0.0057684075036045146,-0.005585056225385788,0.3516058153763953,0.1590244362864085,-0.08562970738008717,-0.059467593830611724
-0.01364484341025055,0.00657726476122486,0.005699230911032982,-0.006074104651726211,0.19104472401095304,0.15918433965302065,-0.09949664263512303,-0.049809206859397985
-0.013684526894784256,0.006418980989515455,0.005604378369422191,-0.00576575736873151,0.3747404916821882,0.15422840664344947,-0.09225293890393911,-0.05415234704814293
-0.013792398590629352,0.0065427418823103736,0.00542348728918575,-0.005949320587845503,0.25390146346143533,0.14848426274820214,-0.09890541021931742,-0.04802972505985853
-0.013750556019033765,0.006693441434347548,0.005513475722212631,-0.00624312405093042,0.629287029933189,0.1528368614648586,-0.10567704316133207,-0.0433781598242912
-0.01439343342507192,0.007316323162661803,0.004177287764766378,-0.006837221859048666,0.19802157802588524,0.10420732977635218,-0.12686489024911365,-0.005428995196951474
-0.014221641019906124,0.007320868219171371,0.00445920867098153,-0.0070348399700535524,0.006047606539517362,0.11456316759177544,-0.13045639776772885,-0.0061813817373715845
-0.01385256696814258,0.006812880963004882,0.005305561904444409,-0.006420718787715711,0.06493905422999108,0.14565945725467627,-0.11169358908309479,-0.036511493550807406
-0.013910081354274566,0.006655433146676117,0.005214507604850996,-0.0060965266188194355,0.2537155755415028,0.14164339279536922,-0.10437095540772522,-0.041908358062205636
-0.013950775489717909,0.006935465283302504,0.005106036541131122,-0.006580674669995269,0.26981638470381264,0.1385789104628144,-0.11700624270392763,-0.02935785638771758
-0.014002389732585444,0.006782460559898431,0.005037543510925182,-0.0062664433649638656,0.27055668036613406,0.13566217063107114,-0.10994171506035584,-0.03541525176723893
-0.014045084994930427,0.007061073770271072,0.004903695263516497,-0.006732705673608536,0.5534448697454211,0.13097091406294822,-0.12188657004522348,-0.021926648361050616
-0.014109570507051042,0.006919494979460871,0.004820862084911226,-0.0064313070491847845,0.16377874804825057,0.1279183508931241,-0.11536214664570248,-0.027845476056731985
-0.014311997851700195,0.007175911006281882,0.004383565048061907,-0.006691644126273919,0.1848376459626446,0.11200285161424306,-0.12319875172462856,-0.01329541275848173
-0.01413540329229132,0.00718958373010223,0.0046836119284404945,-0.006887443825349963,0.24041084322460335,0.12280005791185712,-0.12639864044575022,-0.014229775197087818
-0.014216474244114992,0.007040142175441413,0.00460002018076195,-0.0065525010201640385,0.15581121827879316,0.11998440230281461,-0.11925570733713732,-0.020919318524557414
-0.01529800125258921,0.009164615141894645,0.0011836648190220766,-0.007525981916825694,0.014732111767501775,3.661695553406261E-4,-0.12059004342944397,0.0866251423143841
-0.0152604493933896,0.008994261054110213,0.001429790334229833,-0.007494875589127024,0.019147135802711088,0.00835108573047947,-0.12342131464534704,0.07898985672881804
-0.015213817942425087,0.008827830365281905,0.0016748491967589956,-0.007463389998145431,0.02270089232815496,0.01641130357823059,-0.1258734847277511,0.07148937399129028
-0.015163256662535048,0.008665445344793524,0.0019157828227567909,-0.007423559315198212,0.02861693410136396,0.024557173523156516,-0.1278420698644707,0.06391010570648302
-0.01511354861865198,0.008507658313242676,0.0021477022464068195,-0.007369059755035201,0.03786372833487742,0.03264441472450121,-0.12915201442700983,0.05619310165283576
-0.015053462121521373,0.008355431783733798,0.002379837377798727,-0.007319915888187958,0.04697843466666934,0.04069167587604059,-0.13024788107402505,0.048829325706677355
-0.01495528130658304,0.008212191668860738,0.0026399184642798843,-0.007321682857917622,0.0441729712643591,0.04924225151822223,-0.13213184359292307,0.04254563947144909
-0.01494717524234715,0.008045967987711136,0.0028204574013161597,-0.007147006340485522,0.05448526597234237,0.05704167376636194,-0.12980745136820307,0.032592369287391974
-0.014566870591583389,0.0073238097781550505,0.003906173719107654,-0.006666444400138871,0.12622897539137076,0.09689175116148298,-0.12187915614602486,-0.005119888672575037
-0.014612887765952608,0.007461083355799121,0.003751375614930564,-0.006816514315137527,0.12322735336236423,0.09057137616873188,-0.12555616481999235,0.002288759242207162
-0.014877750749377569,0.007888676880366536,0.003052756194209159,-0.007056901238577359,0.08059376213432042,0.0655608860015394,-0.1291088125445424,0.024452678934582788
-0.014752976831220668,0.007755621557111294,0.0033297557052803317,-0.007053721065008146,0.08792808822911279,0.07462452406348276,-0.13009871530774045,0.01825895780205575
-0.014741874528167205,0.0075707580981175335,0.003492049124360478,-0.006819091323169505,0.10668769688217647,0.0820681972743844,-0.12507895285316414,0.007716474131620946
-0.01132907179353107,0.004854552722633465,0.007660737716587354,-0.0019670834010660915,0.3687098021473965,0.15456016023471794,0.04455271465272026,-0.07412541794919379
-0.011151816247826627,0.004820701893562358,0.00774484213260792,-0.001711955977320887,0.350226776966082,0.14993704954003625,0.05186535706824446,-0.07059156684992775
-0.01097886559063753,0.0048347972573987985,0.007861909235100707,-0.0014832076615531721,0.31406212671934747,0.14687980662969033,0.058933312634033876,-0.06719772428055021
-0.010340132196235648,0.0047017403665496026,0.007946060594086585,-5.072414034548984E-4,0.15616419647753374,0.12055551860050114,0.08029288858702464,-0.04766456922283697
-0.010494443366651271,0.004771530119358852,0.007989069921013304,-7.52377774090764E-4,0.2026233099548838,0.12931166128166516,0.0763803057787011,-0.053343643211326286
-0.010657138508790026,0.0047295592553820535,0.007890253995412022,-9.775242853487002E-4,0.2409328000206161,0.13281363610412836,0.07024419762771562,-0.05758052698360997
-0.010836911895442914,0.00474967677438385,0.007838750149905845,-0.001241425858663284,0.27009964778106954,0.1389549623360278,0.0639504508131552,-0.062499815105822414
-0.01201866964137064,0.004917478359652867,0.0071144436611374285,-0.0027950773753087172,0.4122638286498032,0.16040936584811818,0.01570661837315597,-0.0809725516246705
-0.01152811267838719,0.004744719245870086,0.0073967196482840735,-0.002123984787159432,0.36251335118689054,0.1510347477239898,0.03686369150600521,-0.07493199074359534
-0.011798073288250619,0.0047950563781634994,0.007215430501167322,-0.002459306779704969,0.38539623310850063,0.15482191420176084,0.025916884715545974,-0.07813463287240242
-0.007231031038346006,0.004549703362969081,0.006072627779475793,0.002955986489451581,-0.1494852386294676,-0.022629535023225133,0.07617228776888572,0.06646552720045168
-0.0075279447801329565,0.00444267520772656,0.0063035046513140675,0.002677665045533684,-0.15710958469379774,-0.012528278662443543,0.08051207643435426,0.05558458028154805
-0.006891461360824554,0.0047756167055178315,0.00582607456078084,0.0033553172864952134,-0.13673732087310395,-0.03364102235050859,0.07166633842207083,0.08049298986938512
-0.006415840492400667,0.004728381452863503,0.005286802951019763,0.0034558941592174575,-0.09719943369824881,-0.04503549363974304,0.05748435533654588,0.08875516194029313
-0.006024763278531672,0.004890837590259003,0.004908328603804545,0.0037063516346661344,-0.06674917791218292,-0.05301095544592666,0.04819137679396689,0.09801801849476975
-0.0029343802483603543,0.00387868744882083,0.0021155726012656874,0.0028291900344149623,0.004995017752045452,-0.05900013083215699,0.0011383696118763928,0.09114538849401711
-0.004942462080288302,0.0046758765031341566,0.0037901138476167094,0.0035453208930752446,-0.012443414163724199,-0.06101909246423185,0.021085266640232667,0.09979977232742408
-0.005543763468478061,0.004671558753926665,0.004368852635964117,0.0035260121880590508,-0.039087857232454275,-0.056927296911385795,0.03415881020644599,0.09698970290271035
-0.00417353711032401,0.0041962086364398105,0.0031002931113311466,0.0031154476021169005,-0.004889727835471479,-0.060100912568549096,0.010419711865647859,0.09455229769544625
-0.00699414950261754,0.004319965972197057,0.005720820019109508,0.002840180128928032,-0.1176226115103514,-0.029316582831706784,0.06606433052800399,0.06734561448926149
-0.007886468694553114,0.004379102832803969,0.006589270919888778,0.002367866756411868,-0.15894228584495787,5.965594659581452E-4,0.0856799895228061,0.0431036682327488
-0.008182131711626779,0.0041842787415828165,0.0066869868727164735,0.0019726868560737344,-0.13396752512716917,0.010813005476290112,0.08450107289783294,0.029962848134428764
-0.009057017129716955,0.004546739847268103,0.007568072543769586,0.001285288963568061,-0.11856900571419322,0.05727781028905054,0.09908820317606724,0.001273717501455114
-0.008696865206250104,0.0043856438370881955,0.007209672964649526,0.0016189638102614464,-0.13565150117665584,0.0361568958525797,0.09432734414506123,0.014046009112699822
-0.008919446327610707,0.0043899138148426825,0.007341676534746558,0.0013718607421711348,-0.11460922763893251,0.046710435645561994,0.09470410295288152,0.0055452776098729685
-0.008488087085343094,0.004080471158674106,0.006819526140235632,0.0016343712555164896,-0.11177918827092133,0.022094919795056425,0.08437738523429246,0.018125322691018565
-0.009260058088665788,0.004501569277078434,0.0076104679630977995,0.0010044728001741001,-0.08027726572014286,0.06591173543379049,0.09655952042590772,-0.007108750876044026
-0.009501919409562019,0.004539235134957187,0.007729513980552791,6.938918117736822E-4,-0.04140162204685772,0.07840280703420167,0.09509949617745364,-0.016433510930494857
-0.010008493920377214,0.00452168149993264,0.0077775844228907395,-1.241376956314488E-5,0.06814445422970437,0.10012593659472593,0.08555110357428654,-0.035119808259180534
-0.009761924022954093,0.0044807110587981175,0.007717999294574492,3.263984251724306E-4,0.015069500663386373,0.08818320095728426,0.08955157163959361,-0.026186674964354163
-0.010274904385408859,0.00449104633710997,0.007725119646412538,-3.7951306173793464E-4,0.12505531907374243,0.10930934856812978,0.07833914177564992,-0.04373416382651898
-1.9683280748360215E-4,-1.6710616335763025E-4,1.4065190989659315E-4,-1.1938079701802723E-4,0.0050668612728507305,-0.05678086436656351,-1.783605197254904E-5,0.08612351026167159
-0.0016940925040130443,0.0014193051740441888,0.0012134654795996358,0.0010159680986493128,0.0038971463421283935,-0.05695068606873088,2.4517749002174845E-4,0.08652020878455496
-0.0027191146593786948,0.002584523397792374,0.001957917421910411,0.0018597889301716394,0.002098123454940095,-0.05748582239337787,0.0016954216470916436,0.08779049737684842
-0.005320197985582652,-0.003969257704134157,0.004069023484875345,-0.0028874362203740876,-0.029819589168957394,-0.05484442343518083,-0.025929360676743476,0.08747904393443405
-0.0045315230546234255,-0.003476409081324115,0.003364573853408604,-0.002520689513282015,-0.014300462782104591,-0.056393471407813534,-0.0139941053583138,0.08725741762860632
-0.0035543972404693844,-0.003226140482347288,0.0025897239348734217,-0.002341141699331636,-0.0013141053206246157,-0.05779756806625135,-0.005199679062683833,0.0886184818483533
-0.005921225252891391,-0.0037977625542530606,0.004566978830087277,-0.0026615567923614384,-0.050637485448263145,-0.047799170536975605,-0.03581093826220552,0.07741870557083147
-0.006855361197530311,-0.004350729098719418,0.005599759524634777,-0.002926819324032899,-0.11363970014934467,-0.033352579098588,-0.0630967208719354,0.07119364056311102
-0.0064237379217396,-0.004062782578584241,0.005085262871457573,-0.0027911254024995933,-0.07423092785106152,-0.041565943644470964,-0.048613019721218405,0.07385733220045555
-0.00885222313913527,-0.004680890920000337,0.007595011010260457,-0.00161936787634109,-0.16727490381417373,0.05030606705379692,-0.10365715727888634,0.01080093211009134
-0.008673921668035786,-0.004609569130017681,0.0074077503044657185,-0.001790153863658376,-0.17097589574956987,0.039690776418845906,-0.10110697699137931,0.017416907179972792
-0.009043579820610532,-0.004586165114550791,0.007602599445530821,-0.001322379358000376,-0.12640847329959456,0.057553704626342905,-0.10039311281564077,0.002084044855613487
-0.007655181367604927,-0.004385067163884827,0.006386204147163322,-0.0025404509907851172,-0.15523803377048725,-0.008228489496954735,-0.08172237271237492,0.050501120650295446
-0.0072711948378638425,-0.004202242096032345,0.005926485979858185,-0.0025985437719733373,-0.12270764335685867,-0.02185609664565954,-0.06951164318657932,0.057989488508700775
-0.007918360897470538,-0.004299620324159105,0.006560410330034621,-0.0022753953831287834,-0.1510028427364383,0.0013033038195681221,-0.08403476612281231,0.04050822259558049
-0.008528624141928277,-0.004435025364881806,0.007143334960059969,-0.0018305735905150414,-0.15488826894152788,0.029307186252580577,-0.09478741970634262,0.02088152150754652
-0.008289801107476931,-0.0042810305075323555,0.006841189717319991,-0.001951296485101126,-0.14493909251401413,0.01628855115055602,-0.08847730971423064,0.027585901729804907
-0.009319646125204315,-0.004553728125291989,0.007687788324408739,-9.453464314021437E-4,-0.07669127018107334,0.07015038483812318,-0.0976434014743185,-0.00926998977130765
-0.009550812842772753,-0.004510436262329695,0.0077111800206850585,-6.199761284292989E-4,-0.02897337280258056,0.07969649538185292,-0.09368177535254245,-0.01838897625729856
-0.009992371152768504,-0.004686386297946719,0.007960201802508914,-1.1243969022827527E-5,0.06684540377615945,0.10575398909809157,-0.08956784842873046,-0.03547194187591129
-0.009815018743769978,-0.004528227622887181,0.007775181794607082,-2.5847634516414135E-4,0.02554845480662735,0.09212985140024113,-0.08981124021206753,-0.02828652035336621
-0.010626579228399678,-0.005039415511198498,0.00826269937816327,0.0010500756223802512,0.00494168754031289,0.14588894719401976,-0.07593828561164621,-0.0578937776229419
-0.010566874247612544,-0.004885796289568524,0.008097383134425104,8.962067066411781E-4,0.23488806637128032,0.13736742155857432,-0.07526273060568121,-0.0573316492479771
-0.010720018638931662,-0.0049173848492393285,0.008076913903758426,0.0011424319803416657,0.31928019562697435,0.14389595438131134,-0.0698385186175111,-0.06207245722010921
-0.010782083680081916,-0.00506154425783226,0.008226783849137984,0.001302515077645231,0.34945136584629416,0.15234230864511844,-0.06985630236044696,-0.0626906581503007
-0.010936831374304052,-0.005088549402048356,0.008182388266519385,0.001556771445208156,0.5212767143632984,0.15847914127426765,-0.06321443898770869,-0.06731173059973512
-0.010892267177107649,-0.0049435301860522715,0.008028337589660359,0.0014141099016541162,0.29463830076921466,0.1503109250213807,-0.06298407168184471,-0.06710258533056003
-0.011090665429940798,-0.005120404840570065,0.008127568728934798,0.0018217604979558443,0.15039975310826711,0.1642047266360981,-0.05610363483879972,-0.07163680310525633
-0.01104674123562405,-0.004965393265605723,0.00796908954560385,0.001653539912333906,0.36706333450605805,0.1553062676552287,-0.05649081800463691,-0.07111680701512556
-0.011196785337821794,-0.005010247764688007,0.007922896019489685,0.001897696278378184,0.4046656121108609,0.160727577106305,-0.04996411629331377,-0.0747201060878397
-0.011243426298807372,-0.005157078253839507,0.008069509586163036,0.0020641902929614633,0.6929879167153782,0.1694101900564957,-0.048938014391191574,-0.07519036176936955
-0.010173506263531766,-0.004697067632771139,0.007964095744596889,2.5921656915074606E-4,0.10254761996382138,0.11373794782799122,-0.08510489963280955,-0.04199147377487956
-0.010329554753868328,-0.004753364318443644,0.00800628722747646,5.006875456493242E-4,0.15355906658708837,0.12232617286548002,-0.0814368903620921,-0.04785105027555301
-0.010499200561626225,-0.004713517747598645,0.00792251497806104,7.43145328441876E-4,0.19765541178045862,0.12679568785862128,-0.07539978184033608,-0.052854158109740555
-0.011394952446763721,-0.005198530675796428,0.008001985565749999,0.0023117688002911208,0.8588576928118662,0.1740694542343524,-0.04129409646146407,-0.07856450132875702
-0.01136230199585286,-0.0050422927072977285,0.007838704300934694,0.0021514950641553093,0.3262532627732498,0.16522977151774335,-0.04205059103894326,-0.07826737875656621
-0.011507587603454975,-0.005065816736521037,0.00774700714079635,0.0023641925583579595,0.36061135513848935,0.16819554208670054,-0.034968027911583606,-0.08079657555827642
-0.011545084353673888,-0.005244717217658646,0.007923750674563612,0.002566874908999259,0.7056676669302657,0.17810951414067203,-0.03331885850699717,-0.08155704311272016
-0.011663018317485977,-0.005106580367941041,0.007651355398214849,0.002597231280159929,0.4109343540265045,0.17140434930224033,-0.027168403667655522,-0.08307777837451756
-0.011693686304088879,-0.005295594968187609,0.007837956655483008,0.002818113767728753,0.6215831463735401,0.1818210876950278,-0.025130253081707882,-0.08401909857442291
0.01594469235911933,-0.011955905350782763,0.0019217763634884427,0.005896587283900649,0.045684102069580915,-0.06568885718882513,-0.037777657689367035,0.12283832208488413
0.016314888975715428,-0.011172191248029593,0.0010947403824119897,0.005903714590791932,0.026866856798225397,-0.052233205347350264,-0.059042584472219314,0.10296358872524713
0.015953589286555613,-0.012676734535920815,0.002370711756259468,0.005329473205269085,0.039702015172660345,-0.06833146310842397,-0.020185928346419548,0.11956932138018646
0.017767694814708235,-0.008988855953488792,-5.091275898068802E-4,0.004414421912582203,0.014152995442273499,0.0033776039872956136,-0.06638769647713207,0.02148991538714781
0.017286548111804318,-0.010597096216619492,3.97187706000147E-4,0.004945137568327501,0.029731269080411942,-0.028243337075759458,-0.06274805354365971,0.060137684418573985
0.019106149205577565,-0.008586151472320802,-4.384480760388239E-4,0.0033012317443858264,-0.010933884747119817,0.007629066383595942,-0.04899350845283224,0.006195200174986671
0.021613665704720394,-0.008798055352755766,-1.0547312321700273E-4,0.0018670418302385804,-0.03666894389336229,0.002300961622973233,-0.031059001626936898,0.0028675909701979248
0.025,-0.010729293840437248,0,0,0.0553395024232419,-0.0030855405487288452,-0.028729685463708497,0.008199896284713579
0.015191034704353885,-0.013632511538395143,0.0034634349635715373,0.004969773441846687,0.020808463352638525,-0.07090909584058937,0.018684353713207837,0.12664368320733563
0.01477343400308062,-0.013997767379715921,0.003977758027168165,0.004757722651104007,0.014308024027950785,-0.06699285271824192,0.036382318815971655,0.12509225798035503
0.015740317920854518,-0.013761408339298273,0.0029317776184586827,0.004517071502788201,0.023508343958572382,-0.06678289618442904,0.00588958141847911,0.1099789042221238
0.016177441220153375,-0.013300758855708063,0.0024359907712505563,0.004638212229219032,0.02744791868746472,-0.06548946037452648,-0.008929791151847034,0.10590243147163314
0.011680996757250643,-0.015378405468658818,0.006826637632755204,0.00212927782304248,-0.04130762177274801,0.040581513933359785,0.11932318064014975,0.03611586325031695
0.011508750428287145,-0.015470766673570183,0.00683319823114796,0.001880257234107325,-0.039424487644103036,0.04742791373189978,0.11779846011701985,0.02790463200188675
0.012092945399891432,-0.015262535194061892,0.00659713777932243,0.002617671909345453,-0.04350763456486154,0.021250206593392388,0.11701223285589345,0.054055459965897494
0.01188107148202975,-0.015374351838606748,0.0066570158966309445,0.0023239454176193605,-0.0424634560709665,0.030191123047529068,0.11707112988578428,0.044064315280717775
0.012702100572958504,-0.015100989149628534,0.006108891712255257,0.0032272149077917233,-0.03578474520905033,-0.006246134191851951,0.10676992372508488,0.077503789400931
0.012470178486309002,-0.015150144726132759,0.006324549281082534,0.0030259377608416087,-0.03897021975713917,0.004011254691726592,0.11193211101501106,0.06949669890317757
0.012325774262928843,-0.015286059156863326,0.006330124004682733,0.0027764462382640766,-0.04087358011801239,0.009800593277737376,0.11170928411417243,0.06142049846329996
0.012934287931867766,-0.014972238746558227,0.005948293938346515,0.003502086753569863,-0.031311430835742,-0.0161754873786313,0.10223995733762926,0.08730919585005224
0.013177192586528257,-0.01482682868651523,0.005758505906749791,0.0037831866469117,-0.028342519402832517,-0.02596713352046579,0.09659912242588302,0.09710473286395917
0.012882048664891949,-0.01526417245982754,0.005751347513817381,0.0031359884671156245,-0.03453406645724696,-0.013040056785826041,0.0977585636750796,0.07649556848474184
0.013928919305953273,-0.014620514881999655,0.004907537763363745,0.004165912205092493,-0.013851557097219488,-0.04900403979336557,0.0705122634594561,0.11154716159335569
0.01343833258224955,-0.014930705502251743,0.0053566594219170705,0.0037245500555727193,-0.019990034819015838,-0.03380363319823231,0.08551140642139342,0.09740327336646375
0.013648876284303646,-0.014761277329123135,0.005194488732973104,0.003972952544367379,-0.01645643160088445,-0.04098374510490764,0.07989369670922877,0.10522914727405208
0.01461649958281492,-0.014469244836085748,0.004121942169357192,0.004259438381294775,-6.44611360287801E-4,-0.06055087799661124,0.04488241368037254,0.11329924573634854
0.014269402023432637,-0.014733052149149842,0.004455259095922794,0.0040124572548265,-0.011124630571692906,-0.05306208105762524,0.0570125701296688,0.10677441675314521
0.00772678625804851,-0.014602777037211542,0.007211321938711798,-0.0035588882880942777,-0.055478450850126614,0.1892995246872746,-9.781019789111148E-4,-0.08908005435127485
0.00787110415992842,-0.01452413555302291,0.007534013662640201,-0.00355180330097747,-0.353232185099756,0.19890545884588637,0.0021672888157605224,-0.08977462896571771
0.007861666814860653,-0.01467682528476283,0.007300041295887753,-0.0033341199145558724,0.003834900211312339,0.18928187364846238,0.007034115821462054,-0.08897276504257069
0.00801426371656846,-0.014588774500088612,0.007640917600409649,-0.003315246264602873,-0.36352783749527545,0.19884223191982422,0.01094448699466099,-0.08960322923680968
0.007605533906389447,-0.014670100344270695,0.006953627129532886,-0.0035642111130374464,-0.11235636458691298,0.1818973869451939,-0.0019526421206469847,-0.08717304767756073
0.0074481568439169225,-0.014654200576428933,0.006749531503615679,-0.0036995759563959872,-0.12747006739419764,0.17758237634667753,-0.007101709748481593,-0.08590717991314999
0.009063168625695952,-0.014911450597951643,0.008180630308279572,-0.0015654875907598958,-0.1678557878726444,0.18179034557857066,0.07001593907124659,-0.07192409270925229
0.009115225603504674,-0.015077732671743997,0.007893105862920054,-0.0013752928075771303,-0.021050136442223814,0.1701566427988799,0.07199890609192006,-0.0693997007027023
0.00890933457005921,-0.014879595159429935,0.008127330822901175,-0.0018229913672505877,-0.26621281018881787,0.18609885853000144,0.062260940339172156,-0.07592670948575815
0.008965301160715214,-0.015040222816177154,0.007863765540810029,-0.001614167245665405,0.04247793065480935,0.1747689294020697,0.06501924659422287,-0.07344032896215054
0.008454915646326118,-0.014755282782341355,0.007923006330100008,-0.002569566334339267,0.13310262314134017,0.1950524740654561,0.03735708826263175,-0.08498898568150298
0.008488020381279233,-0.0149128331516682,0.007678696909063421,-0.0023621133188676726,-0.00737161553271199,0.1850725800387659,0.04117301915761379,-0.08335418232610313
0.008605047553236286,-0.014801469324203571,0.00799691106762336,-0.002329030709969273,-0.2830550924251298,0.19253237691016864,0.04568738422076083,-0.08258884988613019
0.008756573701192635,-0.014842921746160495,0.008070071207540356,-0.0020614926438806374,0.4382044149067387,0.18963396787484613,0.05430107910400011,-0.07928855287888058
0.008641447894132846,-0.014971550641623019,0.00772574182439609,-0.0021111296953674687,-0.048027728837674644,0.1815390767593945,0.049177620132427886,-0.08050271063014842
0.008804809581432017,-0.014992352684730727,0.007828088613105489,-0.00187443866312372,-0.05809020709816382,0.1794390833275097,0.05711520247983178,-0.07740907085700455
0.009498118853994118,-0.015287345313651468,0.007683841770202582,-7.277747038413543E-4,-0.014335563253900214,0.14721683766698623,0.08767115318254069,-0.05382943473585238
0.00934590861867394,-0.015214736239489303,0.007759345100584144,-9.719616551571231E-4,-0.010265278450437287,0.155803510505575,0.08213299439527959,-0.05982157380754717
0.00957810153864779,-0.015484983958992343,0.007356421117535888,-5.617746862239546E-4,-0.02094266521378761,0.13279770995478965,0.0886179857228369,-0.04763249628980706
0.009177608952555235,-0.01525362816828409,0.007609795676088192,-0.0011887445723440596,-0.009088319825185362,0.15682494055771967,0.07545004612321739,-0.06332623999151919
0.01056829882118135,-0.015406699373128096,0.0074574447221511546,7.83754425676666E-4,-0.027212304523909797,0.09779513947150754,0.11484165926776906,-0.011725242125148902
0.010740758971246258,-0.015446025500234111,0.007326530644230551,9.960093774683111E-4,-0.02997126467172535,0.08758313155688276,0.11624904972916499,-0.004234975370603204
0.010437656431055287,-0.015518328757223383,0.007302908650296991,5.799908640298734E-4,-0.030030048179639883,0.09873713286691427,0.10977370595824416,-0.016539484070332514
0.009824261443730262,-0.015460078729938815,0.007444001497560192,-2.367260345917791E-4,-0.02036792386362338,0.12648889262454824,0.09647651058694284,-0.040152320247833474
0.010059282935206955,-0.015500897521317166,0.007382627482749453,8.194881072963639E-5,-0.021210261599597154,0.11558628542782727,0.10206099393895511,-0.031284462562393874
0.010255519336359518,-0.01551424610193625,0.007343655192674512,3.4185733474713354E-4,-0.02632718855985172,0.10678376046838621,0.10632815170673755,-0.02369423361624542
0.009692190097968439,-0.015705168409425336,0.007013155562277921,-3.7181740617018E-4,-0.02434098715737883,0.11713225639673086,0.0893706947742544,-0.04061782109486509
0.011281152424106235,-0.015554167783038376,0.006869414475523381,0.0015809415549746144,-0.03912788678376337,0.05680955552543975,0.11592362307483726,0.01780135972297533
0.010851946970693279,-0.015683681884236567,0.006899022845104504,0.0010327768012869058,-0.032380330648425555,0.07302809185632997,0.11083561375918723,4.0427156263587695E-4
0.011049464071276317,-0.015563076733384163,0.006990981104518963,0.0013165960823449394,-0.033964240185152435,0.06775229850241148,0.11530012081716039,0.008547249962108087
0.0055156102969559145,-0.012553122538630807,0.0039782515266059025,-0.0069943109027013175,-0.5143303245732312,0.08740545008691557,-0.10959551292230914,-0.010754620652759254
0.0056962881580212045,-0.012545204192439475,0.004241102974564984,-0.007168524436959413,-0.5264215272938653,0.09653072213498291,-0.11430970433714581,-0.01059874783103485
0.005600793437066118,-0.012694110104685486,0.004196898292594012,-0.006860058054177934,-0.5285943491069681,0.09547184061494197,-0.10718311056922247,-0.01757545281728044
0.00577835898009388,-0.012679131780828632,0.004467040638339558,-0.007029951399024677,-0.42020483568507466,0.10480370699444812,-0.11160380368733001,-0.01744823235786403
0.005864596707708681,-0.012810416269897774,0.004689534768178917,-0.006883699858097285,-0.17082376472705754,0.11321019046636761,-0.1085632198753677,-0.024121182857965374
0.005694297185318549,-0.01283096466882258,0.004416569851166199,-0.006724416045785222,-0.5473951457988618,0.10356076881446773,-0.1044499941020568,-0.024173531069010393
0.005954915005069574,-0.012938926229728932,0.004892458878812533,-0.006741033520886675,-0.6663845436363484,0.121079564845792,-0.10529019189744576,-0.03063393869409575
0.005798828142414362,-0.012956133332262905,0.004639522308794424,-0.0065990047885217526,-0.5317011527926275,0.11166134272948404,-0.10172357856545626,-0.030217061678857432
0.006355156589749451,-0.013422735238775145,0.005708715869069067,-0.00606521860802485,-0.06485591166594902,0.15086976544470523,-0.08691488403330067,-0.05441635281676254
0.006305701458517958,-0.013573094077312525,0.005589233797592275,-0.005780547688107064,-0.41978758579261194,0.14672291566215698,-0.07927932221137673,-0.058460330015947394
0.006049224510282092,-0.013064534716697497,0.005099328459625623,-0.006585776587457606,-0.6926457784848766,0.12865805612920486,-0.10150910439229806,-0.03698507621286218
0.005893106353330228,-0.01309876070147764,0.004844496123271243,-0.006426206812320877,-0.4146445600910797,0.11947915109606823,-0.09742217355898325,-0.036957763899076616
0.006147433031857423,-0.013187119036995123,0.005306179056665489,-0.006420140496673753,-0.5863843905026047,0.13611265019972577,-0.09707339849801581,-0.04313329840111132
0.005978350999902371,-0.013225532485210146,0.00501779983836237,-0.006261470788010751,-0.41411766461329297,0.1260872895981364,-0.09312509005584167,-0.04273140921876522
0.006249443980966241,-0.013306558565652458,0.005511320866390327,-0.006244906427295311,-0.3022384355823376,0.14353101810640445,-0.09215435048111063,-0.048941577504905985
0.006077128084596588,-0.01335474079790542,0.00520186980081562,-0.006087188106727163,-0.4266019586149738,0.13295495669754723,-0.0883795839002509,-0.04849582575479675
0.006189755846529359,-0.0134730279241624,0.005396994197450543,-0.005924660363683366,-0.4495654950455608,0.13997127858005257,-0.08367946828790788,-0.05383412228974945
0.006284932380265925,-0.01371688463205722,0.005526599308000283,-0.005530416378827783,-0.34930022233713737,0.1462211599027792,-0.07049558689899209,-0.06218490773930957
0.007058602901820071,-0.01435952604988737,0.006458902397133983,-0.004358696940833143,-0.18547346815294027,0.17381811314024706,-0.030583642202368855,-0.08252263113492274
0.007291535151959928,-0.014554761699570132,0.006629696568256702,-0.003942061358327673,-0.15377312285073017,0.17627659811357985,-0.015740849330014583,-0.08502842156190425
0.007161363368660765,-0.014455535681227222,0.00653184052698394,-0.004161881708543564,-0.17645331981147605,0.17493428802265584,-0.023557274820728693,-0.08385141549864412
0.0068903728917743025,-0.014327116010372513,0.006218668371831431,-0.004471315121072454,-0.1980491524897654,0.16734565254866687,-0.034727479774649454,-0.07996682512276874
0.0067342397181893434,-0.014219865960488723,0.006046184671620901,-0.004683400540591857,-0.23117065998125377,0.16288090019614598,-0.042059484318038964,-0.0770386929616562
0.0065936488242632025,-0.014110958183977151,0.005885110073040215,-0.004881803756584004,-0.2658611313050468,0.15835981443875083,-0.04883122429104658,-0.0738873599572137
0.006464436605666247,-0.013990780109199236,0.005733823701266959,-0.005086391677511118,-0.2977944371691597,0.15378053273062223,-0.055712643671233464,-0.07033903676688208
0.006354606608015032,-0.013860428153280783,0.005603086698885783,-0.005298528383533902,-0.3309236894781819,0.1494378999829644,-0.06276900598752012,-0.06641968177654084
-0.004503702359409206,-0.009245526873244751,0.0010233129236937668,-0.0076052055770967,0.06502489798214987,-0.0560997921124893,0.06723330156758335,0.12552872304409923
-0.004630779504780551,-0.008807993976666657,0.0016426199319680731,-0.007513839135758717,0.14234230111775925,-0.06706138985646355,0.053642772073924046,0.14105259243166637
-0.004531011706298309,-0.009039156017672807,0.0012991844328688591,-0.007541290855294981,0.10051479087744818,-0.061160171869992834,0.06093904991232627,0.1318778186599592
-0.004409787481524042,-0.008420113275421836,0.0019216927632203507,-0.007041097294425089,0.13370357021251075,-0.06930049408280105,0.04084456558650834,0.1357892381024386
-0.0043436638110444,-0.008642066991231337,0.0016499654704803565,-0.007134680753581244,0.11102923116208642,-0.06557517649263883,0.04761877556606553,0.13053717533394257
-0.00449848709740095,-0.009444694441761088,7.592218924754912E-4,-0.007668493608676081,0.028275240350868414,-0.05081725484239132,0.07324461412460649,0.11944424794765486
-0.004533783674565393,-0.009664361666531406,4.6844874448827674E-4,-0.0077588903697592155,-0.010544979737074023,-0.04479177477743016,0.0799553961467238,0.11363083855719613
-0.00449261878553896,-0.009922867799431847,1.055135963409496E-4,-0.007743751858105733,-0.0665861532730233,-0.03621743399857875,0.0854705493596649,0.10229194968204898
-0.004358746025399802,-0.0071112858752678575,0.0028245027153744025,-0.005850611005347259,0.10529349560728049,-0.07288807308832143,0.009032810126603041,0.13014849146397747
-0.004419433930626345,-0.00665555940837819,0.0030656364746822584,-0.0054252704961836925,0.07986928714699741,-0.07197539276035486,6.14494820287074E-4,0.12613641648438864
-0.003915173233992118,-0.005440578509396907,0.002831658469727962,-0.00416402391045785,0.02197593735940964,-0.06449700060146323,-0.0038492853256877446,0.10560415648813447
-0.004083479756287926,-0.006062504328655264,0.0028933492699111554,-0.004754194538860397,0.04194588881499755,-0.06750289987438163,-0.0012417175932679016,0.11341973560335626
-0.004160739846562581,-0.007401944641077334,0.0024908163900107835,-0.006021107137474249,0.10202278865578425,-0.0710723154037738,0.017312680402571026,0.1268085691118966
-0.004036651746542684,-0.007750507671151773,0.0021749204014538215,-0.006247460066351345,0.09873704596398035,-0.06883226921385333,0.025526298951427284,0.12376051319396388
-0.004201306624516567,-0.008229778484189543,0.001943668577832212,-0.006732303013875322,0.11116562249106643,-0.068086351984661,0.03597877605570233,0.12832873664943342
-0.004013652284027837,-0.008021417902431952,0.00196928497902347,-0.006444034284115105,0.09558474026420105,-0.0671386555071979,0.031692251952922725,0.12243597327605234
-0.0030737705672865606,-0.00412901026046523,0.002217198998778454,-0.0030257072700483664,0.0050741293664599675,-0.05944363964679456,-0.0015707804839431218,0.09243876790857104
-0.003105932895783311,-0.004979419968313409,0.002203042017905004,-0.003690578330568401,0.013335799295563578,-0.061059242443746664,8.637182165698041E-4,0.09609746575288919
-0.0022128855436816335,-0.003340782802564145,0.0015846259510619535,-0.00241072018213523,0.005730335914757749,-0.057893503670166914,5.8452526193044346E-5,0.08865514862071679
-8.584034768154274E-4,-0.0019759786565166004,6.135481013515046E-4,-0.0014140063657591304,0.005782189273192119,-0.05699546541990779,5.662229104136277E-5,0.08648047580520336
0.001403127555356829,-0.0017347073733704006,-0.0010054584580958187,-0.001242198220064666,0.004401817196168923,-0.056958687791371754,1.2033300905373804E-4,0.0864298256179271
0.0035686650330090577,-0.0044666320838540035,-0.0025978123958408234,-0.0033152298048968886,0.007927670850972198,-0.06077257596650386,0.003956123316062865,0.09549853359549619
0.0026004129943374716,-0.003291712985423285,-0.0018715978655950356,-0.0023822100931755537,0.0027330251114196804,-0.058166068856840725,7.82786941559521E-4,0.0892574314368142
0.0038328813774013717,-0.005990821780478525,-0.0026808474274365394,-0.004633808834209788,0.03792266937024747,-0.06607250836143362,-9.265931366647561E-4,0.10905638085267087
0.0038854367786574913,-0.006466971293803199,-0.0026194775292650873,-0.005068738014332601,0.05479614756851965,-0.06756230309738671,-0.005261358293768451,0.11374827525539821
0.0032240808315176944,-0.0054256931902309175,-0.002253809084336268,-0.004057932910084084,0.01927449905926508,-0.06194341697671054,-0.002236749994789945,0.09882816073583219
0.003663789446366066,-0.006836611723598733,-0.0023123050251313876,-0.005315934988141784,0.057573095265793815,-0.06635927010691368,-0.01173968773250054,0.11159745460479176
0.004419011905591581,-0.008602554169948193,-0.0017409937965421403,-0.007176842471797761,0.12554931275573622,-0.06714618325931022,-0.046615011253057385,0.13395732945793407
0.004366479485433565,-0.008857871152893777,-0.0014288381727724346,-0.00728413682580398,0.09684783540460823,-0.06245252329161418,-0.05424859779761813,0.1278247831312849
0.004337550419283753,-0.009129757609514505,-0.0010988413986740013,-0.007390106016775978,0.06136883580743086,-0.05677435952019949,-0.06205293738674029,0.1209294753103851
0.004226592807347393,-0.00830832562180486,-0.0018937745524900235,-0.006809586043698928,0.11043951599263699,-0.06795651725500253,-0.03807213603519529,0.12887011101686752
0.004516894899333525,-0.009554523855703692,-6.159200095757151E-4,-0.007717416735864506,0.010246499708182762,-0.047960658412051625,-0.07655051834828817,0.1166288704163128
0.0045229369240341565,-0.009818479758689618,-2.525789884683046E-4,-0.007768700440676927,-0.043419887489108897,-0.039936553191998035,-0.0835514923578742,0.10745595763023928
0.004274536936806968,-0.009390621426327912,-7.613708700221609E-4,-0.007423977410851408,0.017895434979955185,-0.04998192004860982,-0.06845660658946427,0.11142243411203008
0.003918482777393959,-0.007998477537059925,-0.0019161521943328113,-0.006365853262483287,0.08475203921832931,-0.06622859614510944,-0.03135406762188769,0.11948952308474668
0.003640966275894187,-0.007434465841032463,-0.0020422756831964626,-0.0057877821486792954,0.06657139564253699,-0.06556522240945879,-0.0211581672290466,0.11235351125634684
0.004464509310647493,-0.010043302439786649,6.055517455614769E-5,-0.00771473820690908,-0.09162902773701571,-0.03217221530176825,-0.08726524626489461,0.09639180329378044
0.004439907137410678,-0.010241604302386825,3.280610907537927E-4,-0.007674373887562946,-0.13319661551456588,-0.025187392573386643,-0.09028817151637163,0.08720942427421467
0.004449957862542294,-0.010434149380662228,5.876304811136482E-4,-0.007651694302971252,-0.17269665672820592,-0.018175966462666417,-0.09337469586539249,0.07904650399724412
0.004517500148564395,-0.010790943966233639,0.0010789861877542625,-0.0076097159750994755,-0.2457956594839877,-0.004277779133020006,-0.0987045298707347,0.06436065921381719
0.004478664063426001,-0.010617536813981362,8.38186336114921E-4,-0.007632228752821557,-0.21020901059012145,-0.011190435645948254,-0.09622915546410388,0.07149172919692788
0.0053269324644941,-0.012556757045526121,0.003723735120921236,-0.00683564740865806,-0.48124218847928163,0.08187000697393347,-0.10294317465864512,-0.012359763783564758
0.005250573741160348,-0.012405037273422168,0.0035126478087921663,-0.0069681531442870185,-0.48324472822382564,0.07413164542864,-0.105237407945921,-0.005447118998443965
0.005185622940656927,-0.012250319735763182,0.00330411533215107,-0.007100977348634965,-0.489439100046432,0.06643386912295936,-0.10738167453763107,0.0017911914309914534
0.00518075951197229,-0.012086884904874978,0.003145615886298059,-0.007286355974680085,-0.49151528900311553,0.05968638908610667,-0.11112568428391141,0.010304111516331333
0.004898749924444522,-0.011501966075327209,0.0022172972855421208,-0.007575229023144492,-0.40058405538979747,0.029207939603024955,-0.11034080858090613,0.03705246647095555
0.005005764426304637,-0.011630304271493381,0.002463789515275644,-0.007576777093734633,-0.44260645061395126,0.03638379087529258,-0.11267422167436585,0.032291386099234945
0.005008010847266217,-0.01179410159513723,0.002655275254657315,-0.007426171785730239,-0.45410257741937116,0.043658452024958376,-0.11069003666413608,0.023365342187126905
0.005070596158102035,-0.011963265198613267,0.0029002200685142826,-0.0073161414890157905,-0.4614880207779725,0.05202347824752875,-0.1099677477194639,0.015368424009449988
0.0045538806509361806,-0.010955214539401036,0.0013064492267532057,-0.0075733210943308696,-0.27770468019928235,0.0025371567930911553,-0.10058436563513533,0.05728271559784748
0.004587277529878659,-0.011125329773103728,0.0015373283162692971,-0.0075162256884289584,-0.3075519138212488,0.009698155195053298,-0.10186476252159966,0.049656027983445844
0.004624325323628925,-0.011304793427820516,0.0017771763147354607,-0.007441606534161898,-0.3364622905019122,0.017453815476783558,-0.10267217462098034,0.041423722916933574
0.004677050123310845,-0.011497127737373972,0.0020368576238757614,-0.007356139657694122,-0.3650119686607018,0.025990950081995184,-0.1032450282347024,0.032764912212309844
-0.004711847173835375,-0.010322269832786595,-4.8247784508461577E-4,-0.007960629311190999,-0.17372616713702338,-0.022477407808413483,0.0985387938442383,0.09296182985576514
-0.004548230751046417,-0.010165882959864519,-2.3505814545998782E-4,-0.007799024052261365,-0.12121705857345723,-0.02796729204929252,0.0917794658480704,0.09424383300101137
-0.00489888327757736,-0.011488339252993392,-0.002200944949347215,-0.007586122353979176,-0.4076032401013379,0.02862239464736813,0.11039035357127812,0.037770763686569224
-0.004865760332408061,-0.011128064564768992,-0.0017091683529507767,-0.00780946337137055,-0.36509226178765253,0.012341523738237752,0.11054722836150037,0.056410807392552234
-0.004829484329037309,-0.011299754963263785,-0.0019120344870935091,-0.007655977740053492,-0.38422603630827157,0.01963252147812176,0.10919694463525523,0.04627220571897728
-0.004720986704918623,-0.010502612598815301,-7.508256638769783E-4,-0.007930047404853877,-0.20805738658082618,-0.015218634673140122,0.10160501913549407,0.08458253660183807
-0.004781484628768921,-0.010653102873033535,-9.904712027587056E-4,-0.007950224376135968,-0.2502325535120857,-0.00891172247269362,0.10509530669982733,0.07901075241997989
-0.0048002512078932314,-0.010992678440097733,-0.0014845951551783053,-0.007816884938598915,-0.32436730068758557,0.005894656323439545,0.1082402420370976,0.06188155711451221
-0.0047586510643397055,-0.010826567255309874,-0.0012309425784636475,-0.007854223729209788,-0.2923144330472529,-0.001492808911980285,0.10611735662936617,0.0693641782171067
-0.005475864446977092,-0.012128895840071582,-0.0035546678460983186,-0.007532653618575744,-0.23790667135224386,0.07212893058840524,0.11981352955737763,0.011178733122389385
-0.005544967222482056,-0.0122699521913998,-0.0037787367578765545,-0.007422777539488455,-0.7264752205322772,0.08026177048487589,0.11856195204172344,0.004038766721023032
-0.005385956823750392,-0.012256115346407553,-0.003555398264730078,-0.007276718143866005,-0.5622487436839204,0.07192540013964209,0.11410443734834184,0.003754920974629584
-0.00541122549991139,-0.011985736283431544,-0.003314341095066795,-0.007641188152803357,-0.3040967618391083,0.06366004998461464,0.12075421994287333,0.01842497863442264
-0.005305735906215293,-0.012119437130563229,-0.0033227910422404514,-0.007369106974818576,-0.5822246284828473,0.06377834267434491,0.11486513563677096,0.010436456936249465
-0.00522759409217917,-0.011974316298384148,-0.0030813565006172668,-0.007458596324858654,-0.49057261123766177,0.05545518484042782,0.11527587724851869,0.01745078800863178
-0.005032922769824898,-0.011932045088150916,-0.0028284731128990913,-0.007312437657728364,-0.46732087150591084,0.05000741213661702,0.10924996886237415,0.016440652171054813
-0.004884180383807211,-0.011796806202371508,-0.002540777742875498,-0.007302269779083818,-0.42748533928042337,0.041515276354404475,0.1065965072373853,0.021257678985821638
-0.0047837304572399325,-0.01164030089137073,-0.00228215117201485,-0.00734463171976225,-0.40062683804682747,0.03338064077856757,0.10535897826666284,0.027610883155383414
-0.0056184655156709526,-0.012408766398519249,-0.004011047611056712,-0.007299731155499686,-0.6646155476389302,0.08852955780041842,0.11679388068139197,-0.0031422688372518405
-0.0054533060370815555,-0.012403691034759745,-0.0037753314723982918,-0.007145807250582178,-0.4781970876355793,0.07988477936664139,0.11216954470089112,-0.003604806872293798
-0.005696288158021204,-0.012545204192439471,-0.004243825775630012,-0.0071669850747212915,-0.3559990882051381,0.09703035721476129,0.11452997890964893,-0.010265820371962352
-0.0055238710754681765,-0.012539346388843995,-0.003979861388566898,-0.007020363390093179,-0.5477983500572284,0.0872619201348832,0.11013132729951014,-0.010165046185416927
-0.010729293840437144,0.025,0,0,-0.05380179506091159,0.006648957493345305,0.028881404440798526,-0.0012803356416440067
-0.013296774238203865,0.015179519485744664,-0.005353754155323162,-0.003393420363329905,-0.02468108942019417,-0.02782644710659815,0.08649337743386354,0.08707778042051716
-0.01313229218738326,0.015578662884676249,-0.005228779169663884,-0.0029155717675991046,-0.030072949629262647,-0.02089686912242568,0.08512760766990264,0.0731757867288391
-0.01181200083454097,0.016897833723432818,-0.00498344339458509,-0.0012850180060439353,-0.03497899011007987,0.012717269193852855,0.08029761706032278,0.022920020203676887
-0.01243435403854221,0.016333069495182394,-0.00516050642900638,-0.001951985392551137,-0.031144220539189218,-0.0012310323567299045,0.08443453608222108,0.043573592130154624
-0.011535186855285736,0.018126181514741487,-0.004011132169185929,-7.183147823857338E-4,-0.03131063573254104,0.010926517922359845,0.060599965508301164,0.010630141224542896
-0.013192224155214684,0.01615960681906395,-0.004738689867912039,-0.0024215890331054615,-0.035097129057595496,-0.01990890171140942,0.07470314440497842,0.06043246870309383
-0.013673475474954224,0.015007636955495318,-0.005030494430719217,-0.0036782616954368894,-0.018126368809351284,-0.03927785912149063,0.0765947128749549,0.09690342085791516
-0.01461526741176758,0.013290197865103406,-0.0041005351733738775,-0.005759225429313543,0.021831679077204846,-0.07613489631185123,0.03353839564292311,0.15295873930599488
-0.014515270869190503,0.013459140820011876,-0.004274828378270168,-0.0055860707664032476,0.02033891603255589,-0.07350346615447732,0.04059405246688998,0.14947504389641358
-0.013963100232793329,0.014666802215671761,-0.004845299358546057,-0.0041081967611984955,-0.010057058233170846,-0.04923617428750297,0.06883311213752692,0.10962515384293803
-0.014111900415475657,0.014318858573066213,-0.004773435684198166,-0.004542280468291156,-0.0020585582581689713,-0.05658762138575103,0.06356543112737664,0.12227451510179894
-0.014452096658397657,0.01369859036636957,-0.004385682441574606,-0.0052848101206176895,0.012606207470741359,-0.06953836440512785,0.04647026673414323,0.14168032283254173
-0.014252390392692778,0.013872597862488859,-0.00466206383374966,-0.005121668584154697,0.005498603905118489,-0.06497802772032314,0.05665849662890527,0.13819776727150757
-0.014295632935355539,0.01411516952861473,-0.00457272714584943,-0.004775309977347147,0.002186186100529846,-0.0619310954961111,0.05577338922373436,0.12843595031488467
-0.014875577495234755,0.012978018206446104,-0.0036437975045102437,-0.0059762639813253126,0.0281218407046781,-0.07928889884318914,0.016173053592235243,0.15436520426299716
-0.014818016647266398,0.01323441611455445,-0.0038134279072679434,-0.005690842218687237,0.02134530545792934,-0.07678101607091728,0.023789120471220247,0.148614470501542
-0.015116348165876972,0.012796304935425835,-0.0032615853526475405,-0.005982659378679729,0.03085428172428634,-0.0791361615899307,0.0032646259023259125,0.1500190903730294
-0.012076523996661568,0.021961237153660808,-0.0015948694843195904,-1.8797515616877578E-4,-0.06940627936340597,-0.002979944686794883,0.029341964786012024,0.007987955749567425
-0.0124062433937525,0.018981049054801087,-0.0031600906768878695,-7.723816617962254E-4,-0.045448698567437426,-0.005470261604480156,0.04670956480013748,0.018180091274739095
-0.01545110205287177,0.010429102807563703,-5.848212527687536E-4,-0.007420747072948253,0.0257466411436299,-0.04858405183974133,-0.08640474613933236,0.13176284217444514
-0.015432537721984588,0.010968120032439119,-0.0012888484391956386,-0.007241761837407386,0.03531388088376745,-0.0630762671794472,-0.06703322512018028,0.1446965899306094
-0.015458436572138332,0.010614060522216664,-8.270960418558824E-4,-0.007354010322355956,0.02941890180176629,-0.053888477850387806,-0.07991810663577543,0.13620611776482364
-0.015461418098947589,0.010786321907405026,-0.0010474834105062365,-0.007282114084206087,0.032717818778864156,-0.05833562122249642,-0.07373909228505877,0.13979771301799582
-0.015470866357320659,0.010231561371950991,-3.1569532830665574E-4,-0.00742297911154413,0.020727443651071643,-0.041862662540211724,-0.09254708268802532,0.12453730284129239
-0.015455558731678353,0.011502786054143977,-0.0018848691532751922,-0.006859682619831328,0.038879122634984935,-0.0713700078539,-0.047037642818383955,0.1478617537067398
-0.015536555600535691,0.01130397811151554,-0.0016165414388953933,-0.006880894470882777,0.03539080676862948,-0.06706904902183276,-0.05493089428984605,0.14228729575166799
-0.015592137854278782,0.011109140834339865,-0.0013681015901544566,-0.006914732655396509,0.03410535449443531,-0.06265563723780589,-0.06208653000226494,0.13721398809000632
-0.015339403484223996,0.012525222392598366,-0.0028561508300641966,-0.006062858448141314,0.034168885772943386,-0.07775646396102524,-0.01065948233762337,0.1459705378101782
-0.01545378378702638,0.011926266163856348,-0.0022931196820637355,-0.006513024132432938,0.036121509298968485,-0.07507538914846547,-0.03217706224987881,0.14716393975273154
-0.015495923934363704,0.012216500877412322,-0.002488199479079604,-0.006198269865836677,0.03193054931652239,-0.0755547935165578,-0.023341908101907494,0.1429909008765393
-0.01555076443008635,0.011694691016041078,-0.0020013012115284784,-0.006579940065333342,0.03665387687203137,-0.07152759684601281,-0.0413404044139069,0.1428164801512568
-0.015536492393967177,0.00940988470468657,7.643250689016594E-4,-0.007221524081426297,0.016677202196972715,-0.010108415686748884,-0.11038506272902913,0.08842846529265015
-0.015507006473371146,0.009223022673308191,0.0010095377735423203,-0.007198675490456737,0.01662100559596418,-0.0024041354287362283,-0.11363157340408812,0.08091419372353802
-0.0154810217505786,0.010013877705362077,-2.0809767898786313E-5,-0.007419156679240506,0.018427600734830647,-0.03410336747472833,-0.09876614459580216,0.11640407736586697
-0.015551193204871756,0.009590849060462028,5.29735009384177E-4,-0.007248261155045674,0.017288369357013094,-0.01733487647855436,-0.1069679582662832,0.09582439505206532
-0.015535825515585067,0.009802055662846901,2.582138375680297E-4,-0.0073118497198546096,0.018420661708466828,-0.025606645151774316,-0.1030044805545939,0.10531553818751856
-0.01303809123039844,0.005364138642208106,0.006211407188324534,-0.004031937568203233,0.3968362641065218,0.1599453920783246,-0.0307938209853317,-0.07869436530997488
-0.01223874208007462,0.0049746337240638575,0.006930267491492653,-0.0030519876200555724,0.41564436222837026,0.1612752814184161,0.00626974994056777,-0.0818143372418726
-0.01240716733810166,0.005049011843226088,0.006799418088118827,-0.003269700703381326,0.4201117082565817,0.16239832200910512,-0.0015789487710404142,-0.08221015456522711
-0.012239050117285809,0.004730557361113007,0.0067344160634149755,-0.002793978125801237,0.37074434062488937,0.1503250047008805,0.010571422886336621,-0.07874326682543863
-0.01288153634975086,0.005276082773238213,0.006368696603960965,-0.0038461694898597985,0.4073203031312644,0.16142050581091097,-0.023524626390774992,-0.08029179662357332
-0.01272258041562842,0.005190299444567254,0.0065184042239936095,-0.0036512040095282076,0.41433077569422894,0.16218888511562812,-0.0160531564249223,-0.08138632194579655
-0.012563020947818249,0.005118410565374113,0.006666189480206795,-0.0034627556351079975,0.4195289450496489,0.16267838410053834,-0.008832988213254006,-0.08204821088002122
-0.01319074950102165,0.005466127468360122,0.006055185341805828,-0.004224098294353314,0.38503090410960766,0.15822085849145096,-0.038237493903676506,-0.07664417565721282
-0.013334250596687256,0.0055842148260861835,0.0059070760259707705,-0.004426189995865331,0.372548993325694,0.15642575511199483,-0.04589886856045461,-0.07414043776662561
-0.013399160631913673,0.005920630378221571,0.005950812520223537,-0.00494734607726622,0.37125821488464655,0.16219587897925433,-0.06268775065901544,-0.07030715448907648
-0.013476558637591875,0.0060547322778965965,0.005874477767465806,-0.005168805330202671,0.3703306024259471,0.16112729327295272,-0.07065525988576453,-0.06685622566308629
-0.013469950908077339,0.005721080079646724,0.005764445342598425,-0.004645313150083991,0.3601091385071587,0.1544913387052059,-0.054032195950055255,-0.0710420101216971
-0.013621685096078591,0.006124216254283603,0.005655562114257645,-0.005275211376041916,0.3512043457223679,0.1552022008502754,-0.07544466259719312,-0.06279733709083857
-0.013749060531180711,0.006255733926991697,0.0054715246802127864,-0.005470965497859231,0.31712606685898564,0.15025819092042567,-0.08277974772238796,-0.05753401791106993
-0.013817297363067317,0.006407442995678455,0.005374729143400575,-0.0057061502561926575,0.30394591360593876,0.1473471216128242,-0.09097840539698222,-0.05208643164717206
-0.013966849077992134,0.006487000231864413,0.005126173056878558,-0.005782071715419481,0.2839011909699092,0.13976163469427064,-0.09440673102438131,-0.04711805832741454
-0.014497591638565727,0.007170632769707198,0.004093700886301176,-0.006506656773297398,0.14790855967621555,0.10413550519984612,-0.117713703814822,-0.013060199295587776
-0.014096772100618655,0.006614456137475158,0.004903019551622325,-0.005928240291129185,0.24566731674329326,0.13260020295048935,-0.09964649752021439,-0.040804193238639035
-0.014157401892643933,0.006778969440192166,0.004776150956920456,-0.006161714500499213,0.2284725547539664,0.12775859562642597,-0.10711622720799194,-0.033571172412773506
-0.014291296196780072,0.006879213479255302,0.004532628078873543,-0.006229670007631387,0.21026660704108505,0.11978964749349662,-0.10959909773363972,-0.027936718488655532
-0.01440748878302976,0.0070179825270641595,0.004300477222292404,-0.0063544139283796324,0.17715132046922713,0.11176587283247401,-0.11340856246048313,-0.02082766281091733
-0.01546580645457433,0.009049023960782006,0.0012431762120102396,-0.0071821922845327025,0.017903150417516153,0.005094185227504294,-0.11649197681801739,0.07394832611693199
-0.015421800440949346,0.008863175111936222,0.001491543346653962,-0.007145221971599927,0.021318999199767905,0.013313983314825402,-0.11885662601299392,0.06606986592841096
-0.015350592124364825,0.008703128739756483,0.001726794958301982,-0.007149682166173464,0.024229065434029643,0.020884839920653268,-0.12139641460846216,0.05995411807726159
-0.015296647502688538,0.00852298809785027,0.001972184668527582,-0.007094405612910251,0.03014502978091439,0.02946854696118863,-0.12275716023301451,0.051720635815035394
-0.015463032714878875,0.00856692165660742,0.0017949446614883443,-0.006877842598926998,0.03145345809585987,0.02565251191091748,-0.11750355847287744,0.04951703425877685
-0.015264891585969602,0.008349071800040443,0.0021862486944523012,-0.006992736485806787,0.03666052943045489,0.0374682752518766,-0.12266604824932888,0.04301376698243108
-0.015165041049281186,0.008138616923152226,0.0024940148465439943,-0.0069358972310602516,0.049122934824400256,0.04809103863168818,-0.12362044804256402,0.03368023438190723
-0.015118445633874919,0.007883734544391726,0.002776759282425517,-0.006729874883326318,0.06634886096679558,0.05940501067082816,-0.12061505266974144,0.02048437106239381
-0.01469761317715722,0.007185301854026881,0.0037953555463360804,-0.006334345611277887,0.13846590844799364,0.0955160718603415,-0.11318323962996245,-0.011856698611894772
-0.014751901785432694,0.00736700037456799,0.0036165975876509895,-0.006529558235391113,0.1199564826070567,0.08834206929507504,-0.11805344437204701,-0.0030989658478185193
-0.014994331153236978,0.007656263592547278,0.003104106890573191,-0.0066234896588993775,0.08241991689440036,0.07095128478463107,-0.11937886812526333,0.010162035739863696
-0.014925101246816161,0.007443723795884409,0.003340347690451383,-0.006441331447328542,0.1039316138685166,0.08014750866497476,-0.11558279967979894,2.9034110299677967E-5
-0.011304789977471119,0.004642969873961678,0.007459247872521086,-0.001789229319937942,0.3224610016884261,0.14342486369579174,0.04568242528818819,-0.07031697191489612
-0.011026275654642778,0.004627191027404949,0.007612063253865682,-0.0014345414661832928,0.28342214011882,0.13762144980532023,0.05602009167138571,-0.06505708741818406
-0.010517877660372633,0.0045518031822191505,0.0077394622094847315,-7.255719815516101E-4,0.18131943711504422,0.12030909285446668,0.07244329824770647,-0.05157341015727684
-0.010791559185028778,0.004531717264651904,0.007624234915893401,-0.0010851861294815235,0.23092516957084178,0.12752531443699036,0.06343114336645968,-0.058539172674660585
-0.012035257803812073,0.00461605474330349,0.006842523592909788,-0.0025167521617111273,0.3528542647771842,0.1462777992166829,0.019143727003048863,-0.07681025651414207
-0.011530580422710386,0.00443783301645331,0.007108590533723635,-0.0018951155450822564,0.3059471678157348,0.13645502125445838,0.0375830973516471,-0.07043365954454019
-0.011784987838209351,0.0045136240512577116,0.006977625720782203,-0.002202746338907376,0.33034380992329,0.14159808313750002,0.028600204490910885,-0.07398009372034876
-0.007262672334523459,0.004146496208831627,0.005890459728584779,0.002552024913378106,-0.11827519547386335,-0.021742320527935826,0.06833432778889559,0.05706151408809363
-0.007557305361594373,0.0039961024618655775,0.006067743284185068,0.002261552649090155,-0.11524026632413102,-0.01295646528927667,0.07055582999933797,0.04623694100097578
-0.006548286200839974,0.0042551117727314455,0.005262881932195772,0.002937374269716365,-0.09030507683289608,-0.040136323302810195,0.05411059812945591,0.07574961475360413
-0.0060086238673649,0.004299642529394464,0.004756907141177096,0.00310522922173723,-0.06053171302461605,-0.049677833117527374,0.041989384493579536,0.08542067864292102
-0.004027691711519287,0.0029730520289888126,0.002945665889608172,0.00214036136453625,-0.0054198886288185436,-0.056544706218274246,0.007938113557346771,0.08585596521484216
-0.005253926507598917,0.0038383499170682265,0.003994993390560349,0.002779531983515634,-0.02717428676611056,-0.054674241669041106,0.023991664329818883,0.08581201252900052
-0.006882046465664097,0.003870603011479137,0.0054315231324581275,0.00247230445647648,-0.08830374351614899,-0.03193469775482405,0.05541296057550166,0.06188264952222836
-0.007888906395357142,0.003890059743453708,0.006268962563849089,0.0019708484092632278,-0.10805403028910478,-0.0022158690025990964,0.07314961928681905,0.03468458964196062
-0.008216338284682458,0.003742590484845464,0.00640514302419614,0.0016392737775977639,-0.08900973804558744,0.008058990209987392,0.07319992929922713,0.02287189235779477
-0.009103987225080497,0.00427013687071521,0.007316345092211234,0.001101010153723064,-0.07938962575081825,0.052387764627286386,0.09084073541459008,-0.002249987066111891
-0.008847264240342944,0.0040823979775885845,0.0070267305786104375,0.0012903860738802118,-0.08678577917562101,0.03697517422226367,0.08587107578208879,0.005781549646725277
-0.008560101083278888,0.003646012993877761,0.006543623982387164,0.0013203612868259267,-0.06795641610002869,0.01935132663613408,0.0731542451080092,0.011328899400012478
-0.009369215992603604,0.004211828301792876,0.0073585977819709434,7.68870806505333E-4,-0.038242805334407166,0.06252669091459225,0.0876100253869947,-0.012069654185330068
-0.009642240781714394,0.0041878963760597025,0.007401108364522387,4.358825870740513E-4,0.004575858445319338,0.07342956234902175,0.0839845741874482,-0.02167132558310463
-0.0101814683002761,0.004225241626385737,0.007461940813431788,-2.2697367181624749E-4,0.0966847982656892,0.09548201389716517,0.07531463655500524,-0.039110327853370014
-0.0099222220874607,0.004193673783469911,0.007436911817455433,9.440552264734217E-5,0.05086489744881959,0.0847402827100016,0.0798013319043175,-0.030910334053626465
-0.01044164251389023,0.004245944709753589,0.007443205299024439,-5.518663014683445E-4,0.14341855476160673,0.1049984406469016,0.06957082028503613,-0.04663665736215327
-0.0030859891642863865,-0.00198480483860427,0.0022208063915071293,-0.0014228393621225667,-0.0011684432969136793,-0.05670498967487136,-0.0022778282763251715,0.08586567977972061
-0.002677664595350996,-1.9006667789037512E-4,0.0019136206344618526,-1.345864063833245E-4,7.500976315957489E-4,-0.056560991688405296,-2.892508446670602E-4,0.0856091228816881
-0.0034111204318158757,0.0015960611129283808,0.002449338873997833,0.001136492617692564,-0.003292753042877046,-0.05554044004026514,0.0027865708434914784,0.08315864255859677
-0.004585333608008456,0.002054507215374177,0.0033179252300281547,0.0014349982642351549,-0.009732262931798666,-0.05225948768338558,0.009544617662507002,0.07699388852518001
-0.004521510123994677,-0.0024749246801398683,0.003295926807252627,-0.0017470367519905542,-0.011378591346185572,-0.05337730876189067,-0.010567844613115442,0.07942161929900286
-0.0055446006528854265,-0.0031374804151762855,0.004142119562522666,-0.002169874991805885,-0.03205441773333073,-0.049006023218375494,-0.024752908136814807,0.07468832817985094
-0.006340513787245327,-0.0033931324950029398,0.00482897343117409,-0.002235182465498337,-0.0546127413040448,-0.040282929305412496,-0.03889798949845818,0.06469621825863402
-0.0068715868700370865,-0.00374153333070673,0.005375267732150764,-0.002365143880457416,-0.07987311270494678,-0.031453902498443154,-0.05292670558119634,0.059048011495488086
-0.008793760461294662,-0.004393243334984626,0.007275109810324367,-0.0015169167742021764,-0.12887835898895458,0.04072117496612288,-0.0947286865544996,0.01040165282447717
-0.00906281880666095,-0.004324645219780719,0.007350237413403641,-0.0011729452308674412,-0.09161685601838059,0.05156815850497599,-0.09248419285991129,-2.832558488477911E-4
-0.0076544671722285325,-0.003980762136308399,0.0061395734688233635,-0.002190841450706561,-0.11526938771294533,-0.010086964506835966,-0.07181483884861545,0.04315956823646883
-0.00734869700593899,-0.003727899316125243,0.005761540532130418,-0.0021537030643548395,-0.09167805376511035,-0.0195479838878721,-0.0608855787181594,0.04712005323068797
-0.007983899614796728,-0.004024046443555293,0.006425007587374338,-0.0020060381928574587,-0.1181853212423715,0.0017918485213034925,-0.07773262151830711,0.03384606667625884
-0.00852816299421241,-0.004103666821315869,0.006862688847832094,-0.001612003238772916,-0.11135074915370873,0.02388222225677097,-0.08541565212024267,0.017052096372258015
-0.008247838141715702,-0.003886109802928232,0.006521008801886327,-0.0017092075387502774,-0.10034670273418463,0.010300491333943059,-0.07710745697755074,0.023613815235486064
-0.009355440666731116,-0.004262110745881743,0.007402939573744216,-8.009448309603363E-4,-0.043769827604938194,0.0632308361174781,-0.08888962293245263,-0.011536240588081047
-0.009630813706116107,-0.004225195441880594,0.0074355765934336375,-4.565126204406494E-4,0.0018452889564199305,0.07394841906023304,-0.08499191156765405,-0.021306512152087106
-0.010062291856614534,-0.00448222560979709,0.007734153409895459,8.626568173246657E-5,0.07973402744687506,0.10077524692725397,-0.08348309798545493,-0.03681114848637607
-0.009892479499139493,-0.004223334754811535,0.007464790060891187,-1.3278546981106143E-4,0.045319038340387585,0.0845545501959052,-0.08087081609711465,-0.03013666120514483
-0.011819219079193715,-0.005157821937953521,0.00755193883047667,0.002833530040140458,0.45345916503647293,0.17427098928089077,-0.019068933195298624,-0.08487122700269373
-0.011840618209004684,-0.005351115767339395,0.007744390487399482,0.0030659624422563693,0.5527222848758712,0.18505918812508895,-0.016711876095224655,-0.08590704890699585
-0.010675907648666945,-0.004738640529556473,0.007893376865431968,0.0010079570008186785,0.2319628926541437,0.1337008298443569,-0.0696897864845132,-0.058222074995250526
-0.010827578883251698,-0.004813207439067348,0.007913526114027923,0.0012571833245103928,0.27937354296185196,0.1418296195829589,-0.06463383611697597,-0.0633457287474166
-0.010990888765922132,-0.004789855885319326,0.0078057398269221505,0.0014756226897674077,0.3083843184855462,0.14490069087449656,-0.058126196640241164,-0.066885578991029
-0.011166148767401603,-0.004831100320294693,0.00774683485800634,0.0017382618737263762,0.33619605364190835,0.15070618214412412,-0.05116421634679693,-0.07112250289956067
-0.011302480092529758,-0.004912044772283471,0.007741724598311135,0.0019743513718258336,0.38580116109576007,0.15723087841130293,-0.045264768010319846,-0.07488735747633304
-0.01033536037353183,-0.004536648134031209,0.0077643412056416375,4.700095827379933E-4,0.14144958171408983,0.11330939679749584,-0.07764553383628152,-0.04601886462136516
-0.010598724321569837,-0.004509005888176035,0.007670238748128742,8.221699508341379E-4,0.19246282005233628,0.12090078717003026,-0.06943714848718602,-0.05334721772060092
-0.011459820339074193,-0.004888751965914419,0.007597534985740157,0.0021573710383133815,0.4059090965876239,0.15797888560544807,-0.038705552857405574,-0.07669438858293608
-0.011619722983893944,-0.004912484843718998,0.0074885722093367664,0.0023689392564674866,0.4169918251173835,0.16042154668344596,-0.03179667187875224,-0.07877834902122528
-0.01178910077092521,-0.004956319381530103,0.007377891576650502,0.00259989804039162,0.4301733460404707,0.1631540655016325,-0.024222707619907195,-0.08074866826166405
0.017148633769566306,-0.012476593338596756,0.0014762793216427739,0.004444007940315538,0.019279266360335934,-0.05237884742508591,-0.03349921097889625,0.08127614478854173
0.019083985899241304,-0.010936643107407096,3.190243838164753E-4,0.0034009112822069175,0.02644103790125793,-0.02009027675147293,-0.043284968790956106,0.03461524148041221
0.02206921959002809,-0.012836390191508028,2.1750996786031726E-4,0.001445594420331702,0.10010617190845726,-0.01601088461638123,-0.02212967989589371,0.020450845234709556
0.025,-0.014410572767669334,0,0,0.2849425847807921,-0.0021184141536935816,-0.02080375387457248,0.004117537827455138
0.015422188239152196,-0.014496661989256525,0.0032868359421734696,0.003987594040022919,0.0021696309590751753,-0.06260565074665225,0.0224606019721407,0.10272179290633962
0.01673269126769996,-0.014284304913764102,0.0022369358472068696,0.0035949482392169554,0.03108174208551936,-0.05558576000263594,-0.004825436972256744,0.0833778261232899
0.01173834008409769,-0.015603078418081055,0.006476563315304694,0.0020021579828610986,-0.04029691776670724,0.033245436315162614,0.11178532079045027,0.03490173735251854
0.011466333122377251,-0.015701295411244223,0.0065405777923482926,0.0016755597402263428,-0.03534965937966849,0.04360631050588888,0.11091431775894198,0.023969565130857483
0.01215539075854914,-0.015617312509055677,0.0061146549556981055,0.0023332038427106255,-0.03729702349132353,0.014166635485339016,0.1057279496359165,0.048647792259416685
0.012572654691979369,-0.015431254112249292,0.005920639674866148,0.002791954918487657,-0.03954534691533284,-0.0013654740058470054,0.10200047550935362,0.06439240695093605
0.013259442547679526,-0.015269046529764503,0.0053306295418015055,0.0032821515872850228,-0.027576639593052225,-0.02583777382839963,0.08655123384262654,0.08365301554374692
0.012944012815512542,-0.015547532159232122,0.0054415107470458255,0.002867676038492833,-0.03299646640389934,-0.015430300984989187,0.09039728038596735,0.0707651703299062
0.013853753883752432,-0.015166666764787227,0.004739747781861543,0.0035216651359760705,-0.021238140967130788,-0.041529662869571556,0.06898078197222252,0.09297803703571027
0.01469698092402543,-0.015113946579862264,0.0038940452712016758,0.003561996294332756,-0.005143426734199349,-0.05407415899827495,0.0440694034614268,0.0954228952954641
0.008007003712383729,-0.014752572709318611,0.0073823968137792335,-0.003092652515691029,5.194199339995316E-4,0.18854454721055727,0.015466011809471809,-0.08832913127598262
0.008159381790995322,-0.014648884232660607,0.007743087582128639,-0.0030688513730046537,-0.1616014627522122,0.1981152519224426,0.0198393173701892,-0.08869085453940813
0.008306313695911128,-0.014704405031812395,0.00783856310644679,-0.00281628484738885,0.11691310203082898,0.19687883030815315,0.028671714097068802,-0.08708781349592494
0.008317652862116465,-0.01486557469393216,0.007577404309930297,-0.002618089209053763,-0.07645336469619136,0.18680704169347043,0.032168927980845086,-0.08569602788133136
0.008163911206986355,-0.014819855162848112,0.007474094693011632,-0.002844393687045322,-0.04216047545935875,0.18755398270190715,0.024143539878880658,-0.08717217888771485
0.007706911389463316,-0.014749237897454914,0.006993120514612553,-0.0033751026453393714,-0.11521022014686673,0.18087441545151936,0.004706829508777565,-0.08681931642667473
0.007843707364063951,-0.01484303232972624,0.007047270829443453,-0.003135291199883102,-0.10143061943373528,0.17935399419509365,0.013119659326120489,-0.08596305115369263
0.007546383420861868,-0.014793827198315016,0.006722838399031498,-0.0034389978968930317,-0.10899360546988231,0.17415025893833216,0.0017444115453495827,-0.08514689483670977
0.007261986458735926,-0.014724619016945684,0.006412176773374864,-0.003714935652014108,-0.1409208962110191,0.16839454108465626,-0.00852740019657215,-0.08351812311665636
0.00738812539459061,-0.014810352750549824,0.0064932042437432945,-0.003523527686033797,-0.1259158399135908,0.16884441047090787,-0.0018437339396164567,-0.08382765123895723
0.008997444507256503,-0.015216469370272706,0.007571921695070336,-0.001452891855758087,-0.023457536227258807,0.16206253566188858,0.06810858760249155,-0.06818471000524812
0.00885726007935863,-0.015130003440893856,0.0076276178042494775,-0.0016971393426573615,-0.022285323046473064,0.1693969210253643,0.061346229143027585,-0.07297981406302846
0.008359294826916282,-0.015014010605136043,0.007384627409523001,-0.0024145311349491306,-0.04264317763613414,0.17716401832480308,0.038070563630938824,-0.08175389151411729
0.008502872059175746,-0.015108520555070549,0.007371842633916365,-0.0021581287170640367,-0.038820623281338944,0.17187023680944494,0.04608571710418461,-0.07840719632339112
0.008690297893759547,-0.015141701430890947,0.007478854603267529,-0.0019021722349181938,-0.02003078707742761,0.1696687419227539,0.05439635561685486,-0.0754071245287597
0.009323589360677158,-0.01544489646021209,0.007342863310326943,-9.076723713960478E-4,-0.020146198447250564,0.14170228576957952,0.08048979638887148,-0.05556942562871948
0.00945546819042637,-0.015717141339997576,0.006940419589225839,-6.52666233090289E-4,-0.024930765794859935,0.1229039564960316,0.0826921193673159,-0.047099224952436465
0.009065515968363195,-0.015454044860960163,0.007208657599069871,-0.0012291121527104104,-0.025455785625134064,0.1460752612667181,0.0714046386914181,-0.06153385452405208
0.01061503637402894,-0.015658122001880465,0.007024552978726361,7.635974197648276E-4,-0.031168912711970136,0.08477472111488218,0.1091679512974817,-0.0088598722484415
0.01078117269259877,-0.015920285468960346,0.006572975307421058,8.657714792460854E-4,-0.032929173889838674,0.06777044430236598,0.10366886867652551,-0.002288497168604423
0.010370927006874269,-0.015774981581851876,0.006898539013156368,4.4489072951970054E-4,-0.027463106425346166,0.09018105847312395,0.10290813100013342,-0.017344111642222184
0.009939513534465637,-0.01571660634145736,0.00702055019107574,-6.938334394456618E-5,-0.023293672874560026,0.10861799976218552,0.09552547830472415,-0.03264506869910624
0.010161504514620815,-0.015685492793280527,0.007067201692021059,2.0402393306357254E-4,-0.02525557793876282,0.10222278838800591,0.10082352058592528,-0.025525657959782695
0.00978284963922738,-0.01589061479860955,0.006735111213601122,-2.397098591004324E-4,-0.02733943615219312,0.10545966549546044,0.0890537661338561,-0.03544116016183347
0.009608901258050436,-0.015897020838170958,0.006699047395821762,-4.342642616183838E-4,-0.027380883668321608,0.10985945978854028,0.08489593578869893,-0.04014700591760597
0.011146981909552574,-0.015929057718376168,0.006409798752294478,0.00123494439716391,-0.03435427097610257,0.0523923515176991,0.10519180477826985,0.010541286512064527
0.005412366782288442,-0.01270422757220727,0.003934891985323316,-0.006702550097520168,-0.47169757623861047,0.08960535282903913,-0.10047856338257037,-0.018973412901938092
0.00521671835765149,-0.012706688558227255,0.003676059966267601,-0.006558015688267748,-0.44008212252078893,0.08317055058273576,-0.09469966411204624,-0.019619263180263333
0.005506644447931325,-0.012852395972218843,0.004149762223928012,-0.006561322971552361,-0.4579601622841945,0.09748899183883837,-0.09763883021495344,-0.025534058123458343
0.005616404349786808,-0.01299398860617568,0.004375480008883367,-0.006425432364596118,-0.44326792277280863,0.10555843368152196,-0.09485795839567075,-0.03174124080966831
0.00575095373929131,-0.013091051589822641,0.004616343950336222,-0.0063572731872773664,-0.4513730297346704,0.11341043595706887,-0.09394469049102316,-0.03617839285145607
0.006145030334617312,-0.013653198921903803,0.005305545695393515,-0.005609071303482705,-0.35242611120777184,0.13936364043422766,-0.0726059907404556,-0.05879477346566433
0.005791605645459243,-0.013245583918577324,0.004721031199034456,-0.006137605506619479,-0.42964018931637377,0.11850983872877623,-0.08753041636764879,-0.04250958399192572
0.005888199195379415,-0.01339865682600852,0.004895835370324041,-0.005939188187188465,-0.40050074485400294,0.12524431723968008,-0.08196138239979321,-0.0485640982625915
0.006009409707665285,-0.013537661350576534,0.00509398713616374,-0.005760257711480303,-0.37611745003801156,0.13231409153690857,-0.07689818471798497,-0.05405583085648291
0.006142197362605961,-0.013861622497857495,0.005260881425021653,-0.005274236004859036,-0.321074805822222,0.13956038481813413,-0.06136288831153929,-0.06370848335330583
0.006991162417815484,-0.014506133779845217,0.006227637653575198,-0.0041605151070081255,-0.18216074339546465,0.16629379216470064,-0.024090310049005335,-0.08148590402149856
0.007111264285865818,-0.014625575874057151,0.0062966006936798725,-0.003932940471754871,-0.15980356419239486,0.16687685795287546,-0.016270354987001388,-0.08256106901439263
0.006827344980760197,-0.014519389046004994,0.005975689252705512,-0.004199887002442529,-0.19669182230782312,0.15961746634841997,-0.02570031233609061,-0.07949361816402684
0.006697236049446965,-0.0144155135551989,0.005858713313109199,-0.004389581316283896,-0.21804032096617787,0.15702266925702016,-0.03220297115536857,-0.07764113115760585
0.006549433204849628,-0.014308310033063792,0.005704765996785047,-0.004579587795957939,-0.2382042634733835,0.15307438943520946,-0.03867967161497601,-0.07510590761743098
0.006399577864193928,-0.014191282355347988,0.005539924771793987,-0.004773293034115035,-0.2621101165004289,0.1485794505590532,-0.0451129696997514,-0.0721044479863644
0.006269348643572292,-0.014047025195121642,0.005401741586928215,-0.004996502768192387,-0.28797776481573445,0.14435414029069593,-0.05240650725007314,-0.06853692313306302
-0.0043071112768170074,-0.009338660538105815,8.348475784610458E-4,-0.007439576282977053,0.02945345944238038,-0.05162587833420884,0.06761077320009366,0.11458211016525359
-0.004258815150583205,-0.009122050997021292,0.0010740042090233084,-0.007311473676966715,0.05353158967368645,-0.056018982667559176,0.06118935154987875,0.11818742309323597
-0.004289298092435146,-0.008886108918843756,0.0013552898825317757,-0.007227559177616233,0.0832692773354245,-0.06094970536639437,0.0547084368496838,0.12434141116180698
-0.004080243600215926,-0.00845223749680661,0.0016650065434100653,-0.006793799121139868,0.08901652395025587,-0.06423886082209061,0.04202816184145036,0.12179488852370711
-0.004002285544303147,-0.008713120427322172,0.0013781098861059924,-0.006887801151715645,0.0659571281751359,-0.059913831110347406,0.04840768642076549,0.11547180297381844
-0.004241816272934754,-0.009546227718594617,5.626660194056585E-4,-0.007433127249579038,-0.008493575222078375,-0.045773367138040394,0.07197149347205878,0.10593767902971256
-0.004226725588994349,-0.009808377175526534,2.365146491443911E-4,-0.0074606546926419435,-0.0519565137474175,-0.03833683396333549,0.07759160906539452,0.09667771032311122
-0.004250930492037038,-0.010053543639557056,-6.942627845237453E-5,-0.007493923272963224,-0.09515270039204955,-0.03095631160113162,0.08270772582774057,0.0884659217707401
-0.003890239852597812,-0.0070132413889660294,0.002438260286145941,-0.005551752823794481,0.07289435548889538,-0.06846880103228346,0.012673933321133606,0.11787416336420144
-0.003624988806509676,-0.006469312512721065,0.002393551857832813,-0.0049953406010783625,0.04783722245181918,-0.06582517498362346,0.008132036294777616,0.1094312427879318
-0.0033132526022814114,-0.005812858602226567,0.002275137433342809,-0.004382765310002804,0.02742668546941358,-0.06304799913326657,0.003980262040570954,0.10166386033078222
-0.0036519803014916376,-0.007480434257358034,0.0020272962529452932,-0.005828476113962499,0.06890938803472003,-0.06554670731233846,0.021685355923351416,0.1128869954003988
-0.003656580531924022,-0.007905193592749101,0.001790334585539998,-0.006141980780358652,0.0664601948908183,-0.06368347485657673,0.029532753837312565,0.11159426255376657
-0.0038285243008456355,-0.008220341179697374,0.0016909432900611887,-0.006461606183309138,0.07239232386814021,-0.06332368012637307,0.036335849027752554,0.11487463598316212
-0.0020242378695990012,-0.004624537298718473,0.0014131507188680208,-0.003341814053402709,0.01058344431209643,-0.05789625249142199,0.0026353472948502043,0.08891766187654737
-0.0025103945539144785,-0.005506395363605251,0.0016973516545364582,-0.004031575048643324,0.01311677020594747,-0.05972806849813868,0.005531880405245009,0.0930931646475915
-7.276367888333325E-4,-0.004199900868278877,5.04880558827023E-4,-0.0029932749637330207,0.004045092103033481,-0.056780277224097515,0.0012709789473981051,0.08598057626102461
9.649678507356778E-4,-0.0036204643727705058,-6.81869206882757E-4,-0.0025916346305664122,0.008502410101221583,-0.056585369433827186,-6.682289715771376E-4,0.08628664616678881
0.0023081330774090427,-0.004731954390933949,-0.0016115225084704175,-0.0034373729286448934,0.008047837607729598,-0.059001326489029206,-0.0027256223770365158,0.09088029754111084
0.0032468072544101826,-0.006322875886788815,-0.0021213273557987573,-0.0047779347443916665,0.03453939955159468,-0.06341308542598913,-0.008685607143393283,0.10239069822568461
0.0025147811435561407,-0.005765273563313409,-0.001670967349956414,-0.0042220802195613825,0.017583460847734444,-0.05942844698193221,-0.007068316430586359,0.09311472999445447
0.003226078788795654,-0.006948086460921929,-0.0019280588776719465,-0.005254467697598469,0.045261791153354214,-0.06288951274598824,-0.015357876698523088,0.10269515385290003
0.004053040870570354,-0.00865313200665335,-0.0014631465513919252,-0.0068954050643521185,0.07319784713806127,-0.06174625602154526,-0.04688981717871344,0.11851145546856327
0.004087240405437449,-0.00920683603281433,-9.112156290419203E-4,-0.007186593779579908,0.025966714016264335,-0.05239030588151646,-0.06126151789658176,0.10911129618997759
0.004134924293920626,-0.008964168846252235,-0.0011940129828855576,-0.007127404021311434,0.057460914455499834,-0.05759594448659956,-0.05563269065286931,0.11620990098159885
0.0037094654061694283,-0.008412975921902929,-0.001470406234445008,-0.0065032393803763,0.05700791488992988,-0.06019318297571252,-0.04049965329036392,0.10915900087383003
0.004225174186146273,-0.009648437978462206,-4.339812662106332E-4,-0.007437084345208942,-0.026864563429938492,-0.04285966980288173,-0.07393208266015892,0.10170541566568565
0.004199326216198034,-0.009899132248952761,-1.2225286403531706E-4,-0.007440221499671699,-0.06870617854740164,-0.03544825884557778,-0.07873924151571075,0.0921175184259964
0.003905445399223208,-0.009438236392290265,-6.06235244964017E-4,-0.00709669043300058,-0.013024611992126118,-0.045564494954884384,-0.06431464098988436,0.09642077665700659
0.0033362374366949863,-0.007956161812179095,-0.0015484187409307718,-0.00600487082143539,0.04483187610899128,-0.059926637463697634,-0.030124268735798595,0.10170639998246762
0.0030025980709522415,-0.007439538256335639,-0.0015837903521389598,-0.005523652300142871,0.03376573551885807,-0.06002028080287234,-0.02133072717640983,0.09725484680515317
0.004202955286008135,-0.01013952342964701,1.7443381772660324E-4,-0.007442282289038447,-0.10932220893041335,-0.027974012576562447,-0.0830127425572269,0.0831973548428711
0.004224906798462938,-0.010355290925186287,4.426907546410137E-4,-0.0074384973472038885,-0.14640453181586463,-0.020861855869559964,-0.08658919624403584,0.07519238745382434
0.0043765143999744075,-0.010901340796056543,0.0011567708601098443,-0.007420165445303241,-0.2458824883804393,-6.43327518426666E-4,-0.09521045629752296,0.0552020743992115
0.004248326281683017,-0.010559739996959467,6.975390625301676E-4,-0.00741646808161029,-0.18283308282587837,-0.013664732948521096,-0.08948345460390565,0.06711690406764094
0.004291950930772322,-0.010759977087094067,9.528949294409249E-4,-0.00739504842826415,-0.21706377435256632,-0.006352875161136619,-0.09216363938440363,0.059507175607076156
0.005127964226215007,-0.012561381598556352,0.003473764352170568,-0.00667643062377308,-0.44037296378865104,0.07588386936203449,-0.0967979780911687,-0.013540257730980719
0.005049729536133665,-0.012391428168043948,0.0032591874502019085,-0.006819608052559631,-0.44126942413823494,0.06795560634252573,-0.09933167044825342,-0.006255350715376334
0.004979085158900923,-0.012173905352149548,0.0030018525707884718,-0.007006254809861673,-0.44099436647067686,0.0582907339191938,-0.10255568227550806,0.003475360189539575
0.004798369582528591,-0.01170057947301493,0.002360140614713455,-0.00730681329272906,-0.4006362400006863,0.03613790589212083,-0.10508251454174077,0.024588558283284195
0.004844333186033427,-0.011967755335394585,0.0026742731485873863,-0.007101538860020378,-0.41602508539834954,0.04750431455167772,-0.10251561810291952,0.012000345089125813
0.004375085301653522,-0.011070387831972176,0.0013554283255808475,-0.007337531420600569,-0.26855805498003765,0.0057305307702821195,-0.09557856121227143,0.04727267755080739
0.004432882049701635,-0.011247320358234041,0.001589330123912881,-0.007292780023177008,-0.29703182085770086,0.012967538839275835,-0.09698559158195547,0.040226284269189845
0.004426182257052503,-0.011448060955100935,0.001802542788600186,-0.007157361634134793,-0.31529254602664253,0.02048358363123157,-0.09584083473112782,0.030663132864924763
0.0044768513645529326,-0.01168784887066738,0.002081347618538854,-0.007026015794800402,-0.3397691425140465,0.03006665549566696,-0.09522002563762755,0.020430229344772014
-0.004517274677790183,-0.01042305101160082,-5.876394350299044E-4,-0.007726080864347458,-0.17589081777979573,-0.018318015939856745,0.0952169622423872,0.08164962107301131
-0.004280097931556484,-0.010312370668698372,-3.981272380104289E-4,-0.007500567174878834,-0.14264563369072983,-0.022327266063949,0.08748221776389374,0.07884403138691919
-0.004704215178320446,-0.011472844977067444,-0.0020299668069818665,-0.007401033292831298,-0.36890957379379724,0.025275779047798933,0.10431974255227976,0.034730334115563304
-0.004687493660394495,-0.011134384712718999,-0.0016081390622608275,-0.007614360517600016,-0.3285698287364807,0.01107122940952642,0.10501662267048321,0.051653054090755775
-0.00462587864440955,-0.011313584470860167,-0.0017887450945711547,-0.007437567371017331,-0.33724277282065257,0.017761271633510982,0.10275378488472901,0.041213187108948175
-0.004574010155905526,-0.010672610097462091,-9.438862968552152E-4,-0.007715007854139604,-0.23203799650924048,-0.008501365329027628,0.09965760208225267,0.07163438192177989
-0.004585538902096759,-0.01094688683569449,-0.0013117147849579028,-0.007610624156826103,-0.28234589501017643,0.0024915704181113353,0.10161937074211826,0.05860984049059199
-0.004600944113076579,-0.011628202559963682,-0.0021194717254805224,-0.007182665839840373,-0.3595948453788379,0.029829250873633095,0.09947157331038434,0.025175676952833247
-0.005308562525208168,-0.012373320265172348,-0.0035602922424501316,-0.007058525215484827,-0.5011602687902712,0.07442132709398785,0.10810194592175529,-0.003233118014307681
-0.005215320905092697,-0.012259481309799128,-0.003347749787468933,-0.007116822572382726,-0.4779888713398494,0.06741884325710519,0.10815649297273992,0.0017425610339373936
-0.00511807511685309,-0.012111528332686944,-0.0030987811594106076,-0.007199612110767125,-0.4712126735040412,0.05916071870817724,0.10847006190067697,0.008256493399579247
-0.004825779904031803,-0.011962416229226213,-0.002651034116927351,-0.007090482042577455,-0.41217937128249904,0.04690784397565232,0.10201090364856633,0.012118946620100197
-0.004911641397465343,-0.012108618244211049,-0.002872307718780245,-0.007018035995299239,-0.4293790524213503,0.05436299677330359,0.1019304797569849,0.005981581161837901
-0.004645928106018583,-0.011841941079756241,-0.002369973261012403,-0.007044031730418309,-0.3771496020414454,0.038744765389103875,0.09820822633210978,0.015572364029873612
-0.0063551565897494505,-0.013422735238775144,-0.005696810369319683,-0.006076284096563415,-0.6807639346114892,0.1510793386747085,0.08719098403885654,-0.054176311090580055
-0.0062060030214178535,-0.01345790956708514,-0.0054255731794293945,-0.00595469358971612,-0.3637493984897859,0.14087212456358078,0.08452981898187605,-0.05367573324097236
-0.006249443980966237,-0.013306558565652453,-0.005509858705959538,-0.00624644332991187,-0.3501087789724077,0.144221592263493,0.09227894187243024,-0.048612243173801306
-0.00577835898009388,-0.012679131780828632,-0.004458074418663875,-0.007035693650782657,-0.7945663833764657,0.10503004687954892,0.11203085466384555,-0.017087080429219626
-0.005621862992221559,-0.012686194521546438,-0.004223003851458282,-0.006887560517737187,-0.49330879881537454,0.09625279360282467,0.1078075319701902,-0.017390198658372675
-0.00586459670770868,-0.012810416269897772,-0.004685035368425378,-0.0068865652343364165,-0.3566575720291947,0.11332860694190831,0.10890904616198534,-0.02385009984264863
-0.005697050280948143,-0.012827295566862823,-0.0044200251206107785,-0.006731581428700075,-0.4970620097738851,0.10358077157826155,0.1044937226599179,-0.02413818505129187
-0.005954915005069574,-0.01293892622972893,-0.004896918077424956,-0.006737659243827239,-0.45403309977126854,0.12135113005127694,0.10545112117540954,-0.030348962055025883
-0.005792112569213866,-0.012952776930382603,-0.004628554272059277,-0.0065999604657880516,-0.5184455357776462,0.11125782728582001,0.10166066113892043,-0.030144161160911533
-0.006147433031857422,-0.013187119036995118,-0.005313783711322177,-0.006413902853224467,-0.24591287895144828,0.1368016178361156,0.09711127300106226,-0.042764275665433484
-0.006086265992674575,-0.013327567188121475,-0.005215373430345698,-0.006136011879998532,-0.46737898816033535,0.1331088270639261,0.08982412179762979,-0.047683191550276983
-0.006049224510282093,-0.013064534716697501,-0.005101284720542558,-0.006584179605998217,-0.6962283037850147,0.1290017161112784,0.10158673961007247,-0.036656191956929846
-0.005890450967986826,-0.013083994071347142,-0.004836639268939653,-0.0064479281183523135,-0.43998761472562237,0.11908925056012065,0.09800895129189224,-0.03643936732601366
-0.005980841492698244,-0.01321663458142191,-0.005021441711209795,-0.006276510206166747,-0.4431824439631628,0.12601602028697176,0.09357111937967878,-0.042510002174559545
-0.005326433644781846,-0.012552329803721066,-0.003720066119822744,-0.0068415993248473255,-0.4830019862605401,0.08167941374306321,0.10316292749128955,-0.012138613233791702
-0.0054645661012629795,-0.012677303195591329,-0.0039909191533192365,-0.006779442261707358,-0.4892361260628596,0.09033410393688818,0.10309109077313225,-0.017466826387354424
-0.014410572767669348,0.025,0,0,-0.2804146686117704,0.0025734334498660177,0.02131841249457525,-6.618862586946302E-7
-0.014476860211213444,0.021898545105911212,-0.001250498019112634,-2.9716650285950937E-4,-0.11995223727243208,-0.012766605577001891,0.02350572783546102,0.016811129572254804
-0.013718163141092591,0.015620271748830034,-0.0046309278460086685,-0.003040113261611246,-0.02002095759096802,-0.03507325105690163,0.06886541288354787,0.0797773882839082
-0.013086215556099774,0.017472107033847262,-0.0038790007685093044,-0.0015335563838627735,-0.030087073629088277,-0.016823910875374427,0.057192572200290406,0.03944401124737653
-0.013927779282286895,0.016485578964103798,-0.00396567163308107,-0.002349139456307412,-0.025426806954910806,-0.03325181409167641,0.054824353208856834,0.06315653687246622
-0.014238886835098233,0.015092052126992966,-0.004361808583466985,-0.0036197297316025137,-0.010703409240690695,-0.04853545263001988,0.05765332584979705,0.09646131874145664
-0.014807120630656097,0.013557192976148642,-0.003900625376355268,-0.005284529024915281,0.02466210252311118,-0.07280923302537286,0.029866099720207286,0.1383487748428518
-0.014540130706654112,0.014520549138398177,-0.004197725613141057,-0.004216740846776469,-0.0037099238882238104,-0.05886534835234629,0.048594785736637225,0.11185674340070671
-0.014622147640391511,0.013978257908267686,-0.004164408998729916,-0.004843969508456072,0.015156144316422602,-0.06712874048909935,0.04155339839343087,0.12901562857496987
-0.015212310495742981,0.013265714967421178,-0.003349528310392427,-0.005365074043691992,0.02348066529456003,-0.07477744073172578,0.011552415754431692,0.13514948038005467
-0.015459843516536412,0.012848450036606151,-0.002910706726470476,-0.005611593292665836,0.029765896801927476,-0.07467338353140335,-0.0046151195681198775,0.1350499587676736
-0.014454127289588607,0.019500172557938317,-0.0022432891255204208,-9.059207155275861E-4,-0.05059575591074284,-0.022045150889137947,0.030459840832109057,0.03117458204340978
-0.015609191064121272,0.010359902290648535,-4.611470080010642E-4,-0.0071682526583676884,0.023725157170479003,-0.043991648837510985,-0.08666299104764838,0.12092789300584231
-0.01559274159680916,0.01052615927153321,-6.736549992335927E-4,-0.007157085602625045,0.028745320061888104,-0.04906679839580139,-0.08174520078836267,0.12628782862072388
-0.015659438932500002,0.010914577905475502,-0.001114221610242869,-0.00690977564465821,0.0313773624626597,-0.057441865229129245,-0.06871361398216863,0.1306364821700283
-0.015663390442135307,0.010701901682953934,-8.651660523752435E-4,-0.006988519390783327,0.029418598286293923,-0.05246837771906338,-0.0755408164256902,0.1263404883086328
-0.01573620966718739,0.010187964374731847,-2.3179488583431918E-4,-0.006984723516247599,0.022233175412419964,-0.03668242295919211,-0.08977904417199083,0.10874705778884687
-0.015722065644873696,0.011497310741488971,-0.0016916592013423704,-0.006492581108384851,0.034193781928492796,-0.06618829703230605,-0.04972665449554097,0.13358328036062017
-0.01575562112843061,0.011257209681579115,-0.0014345688002445705,-0.006593212814565134,0.03274750661066631,-0.06196658506388393,-0.05755809878681136,0.12992710697885249
-0.015812424951899263,0.011075506751837669,-0.0012178252609285458,-0.0066080653079716,0.03235158496910219,-0.057671282540276744,-0.06332820916098612,0.12480645293310229
-0.015763197753924364,0.012517529111628843,-0.002446296286629068,-0.005642238703724044,0.032641061353799856,-0.07091941105022691,-0.019708210660911787,0.127678344378265
-0.015905095335152022,0.011938030525552621,-0.0019418778071765958,-0.005957115302840237,0.03527558808591607,-0.0667593133699743,-0.03743435961164115,0.12481819849921894
-0.01575631773907711,0.009479255056181794,6.145365078537077E-4,-0.006887335637139368,0.018675874100114957,-0.011979008493157374,-0.10362760807270367,0.08210932195135989
-0.015743958373539885,0.009280022974692555,8.477498320901207E-4,-0.0068439042975610475,0.01885455543564607,-0.004329521003087874,-0.10646949400097987,0.07414619180254732
-0.01567055481016382,0.009098039685804481,0.0010843742494997678,-0.006882059460309775,0.02009893945445831,0.0027104662986127724,-0.11004755848054124,0.06878688099543805
-0.015778303393563068,0.009973561970685739,2.680712914926014E-5,-0.006924430489381492,0.021817384162699627,-0.029299631725835384,-0.09420944096228322,0.09964486273455547
-0.01581317080027803,0.00971533936140805,3.2814280717055117E-4,-0.006847769083783594,0.018296910854374484,-0.020208068273024585,-0.09852360790926583,0.08897106229344089
-0.013226728299347847,0.005242436913103531,0.005897559808853091,-0.003932895504462331,0.35708225826285744,0.15048740552479756,-0.030597073776888143,-0.07619528765264856
-0.01305786570589206,0.005146376679286246,0.0060655910816076325,-0.0037538531701879724,0.36794402805922677,0.15215245254196572,-0.023677789696275386,-0.07784012031631361
-0.012419679710977682,0.004833562669733584,0.0066218181886277825,-0.0030360528244259004,0.38121537948894635,0.1529487559594046,0.0027048263486217088,-0.07977871599604236
-0.012553884977072119,0.004939621855789008,0.006547788195347777,-0.00324486242419936,0.3898126440408184,0.15534896292053924,-0.0038853407155378847,-0.08039091907223334
-0.0123012623358747,0.004462136942329772,0.006479671177749756,-0.0025775466167064745,0.3247890631519335,0.13834250799113193,0.012921932107447631,-0.07501712703352716
-0.012439303289770692,0.004635267108975072,0.0064620425481104445,-0.0028404712442605846,0.3477237230700881,0.1444587945083659,0.006084687531743122,-0.07724381555928948
-0.012890398115813254,0.005051786222733188,0.0062207559068993825,-0.0035653966387815274,0.3747062780757431,0.15301519104855074,-0.01650010710532351,-0.07899420153890839
-0.01271905850279625,0.004971217135328809,0.006376947285050544,-0.003380850323109578,0.37983951792963117,0.15367535462201906,-0.009584426969632007,-0.07972442571279598
-0.01338743922774619,0.0053568865862187965,0.005736802782216979,-0.004121705520446113,0.3456511309753863,0.14874569114882416,-0.03776835076351253,-0.07414651065903498
-0.013533594939856383,0.00548586797992591,0.005588824644287923,-0.004317089091554708,0.3323340636215421,0.14698498433911067,-0.04498989744983902,-0.07172893531042136
-0.013612554017333476,0.005892087096557486,0.005606375210241572,-0.004907416987182548,0.3418845819446107,0.15193484213296435,-0.06363480294794548,-0.06671760244339409
-0.013658849704154943,0.00565204002674657,0.0054682601228453675,-0.004554322825736482,0.32401238257707016,0.14574918808811305,-0.053358004956438256,-0.06872797227817175
-0.013812999810366173,0.00602725993718037,0.005331295386857191,-0.005094073795117625,0.30960133146046326,0.14505224894204385,-0.07129649655435588,-0.06120203513458857
-0.013980570134874104,0.0062532889451499905,0.005098760024714258,-0.0054010797009351125,0.2791284106627771,0.1390736554628236,-0.08216601477587614,-0.05375098224785418
-0.014193514151009128,0.006430530275016721,0.004768050171291594,-0.005587419921981514,0.24116294384542306,0.12921410156149413,-0.08941494845337515,-0.04578383265892826
-0.01461205820332221,0.007008948808238181,0.003999314653280631,-0.006163888357948142,0.1595470473932701,0.10322170554584296,-0.10838489236880865,-0.02023180289927912
-0.014340922002406553,0.006650409014641073,0.0045126348659483145,-0.005839261163947341,0.2102046049842537,0.12070973231597401,-0.09801206363172292,-0.03664080415211785
-0.014515514563695368,0.006833046923460985,0.004204503726135902,-0.00598886915182436,0.17887215174008966,0.11070313415017531,-0.10312563623425343,-0.028238354546153307
-0.014790651903441055,0.007024372958774432,0.0037464905312534595,-0.00602900789512668,0.1437708200222827,0.09634335093786897,-0.10525033725453847,-0.018947608294575317
-0.015668383280923633,0.008899978620890142,0.0013051692344063174,-0.006786146481608754,0.02409285665312624,0.010730681917756843,-0.11133135457426226,0.059572216368132876
-0.015571753450018598,0.00870482793079658,0.0015727974105004914,-0.006812732167375996,0.02970551167885498,0.019013929674287434,-0.1143687770716804,0.053277128031982986
-0.015482634954513706,0.008387738871690578,0.0019628761275514786,-0.0067117883733661095,0.03875788740134117,0.03272872741493007,-0.11590101952014549,0.03991554098526678
-0.015617587485707247,0.008505919786390334,0.00174533753619715,-0.006611862761660013,0.03683880311348425,0.02642759392168744,-0.11256840199110338,0.04266087149897551
-0.015477618665493638,0.008181131695665148,0.002162388696462309,-0.00654765928868558,0.04747754860083387,0.04106628549627986,-0.11404710002591047,0.029510892471776008
-0.015350482459664467,0.007934955650719855,0.002493390402025477,-0.006485647786999271,0.060982321792572125,0.05227708222258086,-0.11435258020606238,0.01987442243203396
-0.015372345096977073,0.007640683175715999,0.0026969680536316656,-0.006166671618626695,0.07504492834151422,0.06164210093888857,-0.10840014779398646,0.00626419761669903
-0.014966961492790802,0.0072169616139331795,0.003423553635472743,-0.00611343779627635,0.11792314192716559,0.08566733956470686,-0.10773744570464319,-0.01067830401815155
-0.015170233352016588,0.007407236073804218,0.003070266319751345,-0.006134403328691077,0.09754647140494142,0.07431289821819455,-0.10828976963211119,-0.002949797361084031
-0.015430170767438554,0.007356612721306177,0.002820795517048024,-0.005816004617892781,0.08863855387743834,0.06781808479608,-0.10018626754014577,-0.005598974638099391
-0.011264537589479028,0.004369581463026002,0.007222641772834938,-0.0015690882306821244,0.27168565880243367,0.1299472682805014,0.04645779645956916,-0.06580493008034201
-0.011006407861699218,0.00428763690676754,0.007286412947942783,-0.001237556809361273,0.22998014771766626,0.12157872209198549,0.054280218864008224,-0.06014439577892113
-0.010704743529225106,0.00424443644175388,0.007368920701720898,-8.693243414337608E-4,0.18453517348536655,0.11263623821140782,0.0625257661418895,-0.05326395651007284
-0.011483083021030325,0.004181710261419303,0.006922940205880928,-0.0016737352905375937,0.26421965742254666,0.12477544431441398,0.03911671326365697,-0.06605840297292484
-0.012069681995312768,0.004305705137917951,0.006577865565741589,-0.002269593434572227,0.3037954897493172,0.13290232596078455,0.02140254376943383,-0.07236484008082394
-0.01175650219651821,0.004195603103982853,0.006745033770370507,-0.0019294706292107336,0.27961599709981666,0.127718424288684,0.031032769478958108,-0.06898935040112758
-0.007181320833891846,0.0036832740149549226,0.005608145954099181,0.002193424869452806,-0.0872723058977646,-0.02428177595761941,0.05751330691877874,0.05147566456896977
-0.007555498411126888,0.0035809779792308474,0.005852152545534343,0.001935970295681174,-0.08432942689008481,-0.014523203865190609,0.061198252899855685,0.04041841306446728
-0.006183417004857494,0.0035594056802894934,0.004739599469065159,0.0024057846944464246,-0.04954613015204012,-0.0433299795940471,0.03781920175522275,0.06992687691966455
-0.005349823546720623,0.0027670513795065117,0.003942261683602715,0.001906592301339767,-0.027212641096524413,-0.0493173473703623,0.019893274937583416,0.07234046841770793
-0.006814741650121798,0.0033558508063323694,0.005194312343154134,0.002070505309221732,-0.061377548263222184,-0.031527053220423984,0.045735633570088814,0.05466746931734976
-0.007882089101344119,0.0033732530993130835,0.0059771236701735815,0.0016153136358995643,-0.06986891251431078,-0.005969860946378435,0.06091784205967896,0.0290512092610519
-0.008249939219193606,0.0032588176390921045,0.006138284138110551,0.001327951933328766,-0.05447646926453526,0.004481112850716379,0.06165574568349497,0.01773032448832502
-0.00917091963333497,0.003888369504838644,0.007003022790203116,8.78723408373732E-4,-0.03980575046735325,0.04644714172033654,0.08003884172590849,-0.00635531654537852
-0.00891393642551263,0.0035562794862607936,0.006647834052914838,9.885127261772448E-4,-0.03927468346975436,0.030987083528603077,0.07170195585197542,-1.69861914980279E-4
-0.00863647509885554,0.0031465385333059874,0.006267578534073307,0.001022605034689217,-0.032665624343064914,0.015360577035238058,0.06099403361847842,0.006318214936118712
-0.009503300740758367,0.0038449646373066855,0.007061470957852026,5.246227775658599E-4,-4.395895637227714E-4,0.05826427707663199,0.07682043363410308,-0.017018415499556235
-0.010338426050155598,0.003992726289710137,0.007222375565625756,-3.8437572592857426E-4,0.11316416984627276,0.09246665634582117,0.06750602038126521,-0.041882434434345826
-0.009821237976172296,0.0038472698711096423,0.007110634184401699,1.8903687993209017E-4,0.03986664888687803,0.07025075214992739,0.07344767276451512,-0.02669837587247434
-0.010118017274996725,0.0038992099579685633,0.0071606139633186875,-1.3093950858766496E-4,0.07894037697486654,0.08212674183077893,0.06999775969246057,-0.03534898953698141
-0.010576705565409683,0.003933613030336237,0.007121383656953786,-6.334202983442444E-4,0.14403054538785268,0.09738100606704982,0.06130356301853789,-0.047236884145295026
-0.004707867768420216,-9.614635170852449E-4,0.0033528640738755447,-6.584462424936365E-4,-0.008397025629170683,-0.05011889530863288,-0.004897234616282752,0.07140127719957869
-0.004774114051446397,7.091093820222058E-4,0.003390900622425637,4.834727143594552E-4,-0.010926714156389015,-0.04935514093442482,0.0038995722489009762,0.06958134221966462
-0.005485513660676141,0.0018397747074335024,0.003939815770002028,0.0012187377233018825,-0.014521421911434709,-0.04570544833382869,0.014115623086144932,0.06431016610256308
-0.005704682863283226,-0.0020632497463020046,0.00411726315845807,-0.0013511463811656593,-0.019938737217090118,-0.04362874007225786,-0.017799361697888982,0.061417014704888646
-0.006321169319235894,-0.0027508738724814144,0.004666111680070344,-0.001743938239436121,-0.03420759343815171,-0.03858663906001419,-0.03131937073997356,0.0576048447313665
-0.007111678051543663,-0.0030924540397783877,0.0053301161368121365,-0.0017734877693618817,-0.057805781966953115,-0.025540396512379715,-0.04615408072458189,0.04444436361071012
-0.008847130757131987,-0.0040018117394010075,0.00695988388757868,-0.0012500498472551422,-0.07843011742926237,0.035399186588849885,-0.08377638886666551,0.0050952648339275255
-0.00914786648308724,-0.004056979245638449,0.0071392565681592055,-9.649176230244266E-4,-0.05408089900411216,0.04910671574191366,-0.08473246461095146,-0.004840871022076059
-0.007888211434659488,-0.0035279832290198427,0.006061937382152622,-0.001714622007807863,-0.08048508125752328,-0.0050155159126889495,-0.06421726100800024,0.0298727575768914
-0.008461823355726898,-0.0036247801781671926,0.0064755642599824146,-0.0013858894866940529,-0.07173134679816932,0.015365580099926501,-0.07177983202545651,0.013788095710830506
-0.009420686036545327,-0.003901680180369009,0.007090949901945168,-6.250238707850654E-4,-0.013230434466414724,0.056570400979498496,-0.07912120922671884,-0.014523256503175498
-0.009728026680316063,-0.003922037776443717,0.007167022166111134,-2.975941130592041E-4,0.024361421570018596,0.06881358061942523,-0.07645819269253445,-0.02414609429209733
-0.010171887527827024,-0.004227953201632801,0.007465390976582213,2.1520532747089136E-4,0.09538005442243465,0.09525850494155273,-0.07551404202440469,-0.03896554785928502
-0.00999250951166934,-0.003987104401926544,0.007242685607514618,-6.86017439061982E-6,0.06146530538576907,0.08041760609192679,-0.07384495210726998,-0.032276099754207435
-0.011973509969367866,-0.005218388499730588,0.007449444013839574,0.0030702770161986095,0.4907574718046233,0.176709888470454,-0.01077995782545184,-0.08614557265444976
-0.011985736283431544,-0.00541122549991139,0.007642860302200349,0.0033109314660695753,0.4694484924832865,0.18773367429403318,-0.008076871020201357,-0.08718886887176495
-0.011955175723798587,-0.005015141145619419,0.007269880966479978,0.002833081899730489,0.43978212533008026,0.16579912923004111,-0.016425091435003022,-0.08236676440852332
-0.012123844674270334,-0.005287934316378859,0.007345589900249998,0.0033066499493796214,0.5271925515462544,0.1787305615567404,-0.002390923667008561,-0.08689537604127545
-0.012128895840071584,-0.005475864446977091,0.007533214684745511,0.0035534273046429646,0.34289124738544147,0.18979780046118697,7.48470321785441E-4,-0.08782838304073783
-0.01226115443163402,-0.0053657127527971535,0.007250956604685173,0.0035338439479623072,0.5657420627663184,0.18050349853630188,0.005702408785892941,-0.0871616015134553
-0.012269952191399801,-0.005544967222482057,0.007418666676910178,0.003786804973903069,0.38592034886978904,0.19116019858388897,0.009526334453644376,-0.0877511203917865
-0.012408766398519252,-0.005618465515670955,0.007297522296750737,0.004015242103525659,0.4570183572761623,0.19175021959648386,0.01850767841449155,-0.08703656060176022
-0.012416570011606743,-0.005453738751330692,0.00712860426396435,0.00378490578107986,0.5219722612313457,0.18158547654766374,0.015099915464892337,-0.08683847188300974
-0.012545204192439475,-0.0056962881580212045,0.007167510272518195,0.0042428740603643105,0.4100963357474056,0.19153288878424016,0.027517502833940045,-0.08572412931773643
-0.012556063398575604,-0.0055334331563209015,0.007004533095868608,0.00400463486613819,0.554548251534318,0.18165658997257048,0.023364743155527213,-0.08596087533569387
-0.010864668472711623,-0.004603454760287927,0.007667604652841517,0.0012120557067999383,0.25322241623845504,0.1325985071001732,-0.06181772571759709,-0.0611318147650975
-0.011117645376654295,-0.004623029986643068,0.0075564426871619905,0.0015480719154504364,0.2961656178291418,0.13919516909106722,-0.05280131991387089,-0.06671593620402645
-0.011339973524379224,-0.004702092186235315,0.007494342819460367,0.0018719231166124568,0.3376413746793001,0.1468105929935207,-0.044442168849448245,-0.07174016186243319
-0.010456018655576247,-0.004211640416243362,0.007406613427670675,5.617248669608758E-4,0.142824986973748,0.10414338118024015,-0.06856245889037206,-0.04689703066747299
-0.010763908395643213,-0.004246157772462569,0.007349616087283251,9.397323700063551E-4,0.1926502576597555,0.11422771718360049,-0.06087776009904088,-0.05471585356003641
-0.011553359006550532,-0.004713067500658469,0.007345769828491266,0.0021275017313656126,0.35617641028733976,0.14966694404095185,-0.03604849204643001,-0.07470920229381445
-0.011744061836854315,-0.004738492901173694,0.00721083460593011,0.002353324631028671,0.3714392215180545,0.15198182217899955,-0.02852942436246103,-0.07691718412651528
-0.011931049129160706,-0.004799445013099084,0.007095201094420143,0.0025950338859198462,0.387417318526536,0.15503777481156147,-0.020756208044040148,-0.07896808551653077
0.019226310862895075,-0.01435038460924746,9.94841476003062E-4,0.0024059000733713527,0.05113135473117391,-0.035218266846687385,-0.016738423787718826,0.045510810410061595
0.02178019967329496,-0.01707690979493422,3.3399236440146167E-4,7.868837160283701E-4,0.1146195844316421,-0.019627066397209278,-0.008899725115709968,0.0221947929548298
0.025,-0.018733575722169347,0,0,0.22577338012613837,-5.325161415587827E-4,-0.006625014296256755,1.141627187719291E-4
0.01572493271625777,-0.015581330879949593,0.002924222191965801,0.0029934589344475207,-3.8156957320924185E-4,-0.051385506490564455,0.02214672753262932,0.0790043843213024
0.017130089361361834,-0.016277529879254713,0.0019448845740104228,0.0022425533070680823,0.00395004468927362,-0.04410610680462635,0.006633974946206884,0.05792422762126919
0.011743884988874086,-0.016032016207703816,0.0059397976375046915,0.0017040744268102777,-0.03543493660863522,0.026288967531459765,0.10024750673438779,0.029172748251408677
0.012590416346637748,-0.016057953181093376,0.005301271454954229,0.0022391346586818355,-0.03604155500508549,-0.004558069225585289,0.08764979700349677,0.05161622066109062
0.013353118901004761,-0.01584758695799432,0.0048274080772434955,0.0027382184035430446,-0.028953374082490827,-0.02588372504434563,0.07556360454269238,0.07041422313527462
0.014295090459191868,-0.0162367479195032,0.003818583492639808,0.0025827738241348155,-0.023859001607567622,-0.0391484450182537,0.05013221435639915,0.0694679655927275
0.007998491070717949,-0.014937385604390667,0.007104542419957726,-0.0028772204226345127,-0.07578678866366141,0.17715450879910907,0.022061885678452586,-0.08446185779744993
0.008194359724600298,-0.015008817787883991,0.0072206145384065825,-0.0026002263786067555,-0.0567196507843491,0.17585895417573424,0.03143888122250451,-0.08269730669765389
0.007656603829100717,-0.014908134770810816,0.006727403092122955,-0.003208757216096136,-0.092613771160743,0.17161546449005513,0.009661413994045699,-0.08425765818369312
0.007829261411617003,-0.015004781531351059,0.006814546079267882,-0.0029510492538591575,-0.07992633539345609,0.17041716307744376,0.018230411801364112,-0.08323522566771754
0.0070941937006386135,-0.01478783467330488,0.006122693776022175,-0.0037163615889998286,-0.15207819515791152,0.160741686668202,-0.009043230535986584,-0.08155382830230838
0.007451900231695839,-0.01496331147238076,0.00640763982974375,-0.003285654300464505,-0.11268828415145542,0.1641055320403673,0.005823016561636475,-0.08257903292744918
0.0072322000177425,-0.01491580548867873,0.006180974847147815,-0.003478329716270084,-0.13270700166426727,0.16023795647439673,-0.0010768705864345177,-0.0817146269242781
0.008803755279042069,-0.015343184263576969,0.0072311303716624175,-0.0016137406123857398,-0.03151348130093317,0.15590930834475555,0.061408659746411014,-0.06893771743728018
0.008282390521320022,-0.015220978364734749,0.0069942587049514355,-0.0022950410707914637,-0.05009327678110359,0.1638825678809623,0.03990168617601625,-0.07789043028699771
0.008531642469415977,-0.015304596999450543,0.007087802133981064,-0.0019561444775361963,-0.039924748010814755,0.15941906696230812,0.050795797596973245,-0.07363175271008165
0.009206434787838209,-0.01575086014202477,0.006803600505571986,-9.276105701504538E-4,-0.029430350051766033,0.12647044009350697,0.07521198210324821,-0.05258140189301199
0.009403514952006503,-0.016024234784944684,0.006464617268958329,-6.25725728215933E-4,-0.02771694269925712,0.10838347027688615,0.0785371643675616,-0.043278723738004655
0.008883467792908002,-0.015721348615607367,0.006696843841009323,-0.001294062684734318,-0.03387777395977979,0.1331280356206115,0.06572498480313721,-0.05961426091183806
0.010531458335272432,-0.0160244047111364,0.006492200707338921,5.745790395560877E-4,-0.030947675087066844,0.07400148202905633,0.09875811660936246,-0.010709079548457507
0.010853519998866702,-0.016190986814018222,0.00617524521106353,8.483234097354825E-4,-0.031830103627930866,0.057539922075126926,0.09775088661048638,-2.772801891485415E-4
0.010116992576039967,-0.016057385796172764,0.006499077195193797,1.3243444274900552E-4,-0.031232235046086635,0.08716882966831585,0.09289038027461863,-0.023423310171957423
0.009710766589699847,-0.016145670809782697,0.006353562952972686,-2.864110588861129E-4,-0.02746940499695334,0.095490051171941,0.08389714378567785,-0.03393913274809137
0.011192297846828951,-0.016510589835607554,0.005656841395045131,0.0010279182334758834,-0.02789456053190976,0.03819282328161669,0.09066845871576629,0.008773239039819913
0.005306347761905382,-0.012864278146266504,0.0038782436343085167,-0.00641188302243569,-0.4335020615174147,0.0907441277302028,-0.09162401755826598,-0.02620546154601942
0.005129910742376545,-0.012858769469074677,0.0036471330782283534,-0.006307847425677087,-0.40810149836220033,0.08478795135365885,-0.08743501203615515,-0.025817028419609693
0.005013555572627377,-0.012734474797941814,0.0034399052122225135,-0.006386892147706558,-0.40516606406046046,0.07782797293762356,-0.08851620926947627,-0.02105916373027651
0.005408919578036207,-0.01303023707799628,0.004090863359426981,-0.00624891033606323,-0.424175856430178,0.09870743223299504,-0.08791554507851919,-0.03296755709992905
0.00556519327493197,-0.0132165632008837,0.004373104502222946,-0.006069024407773843,-0.4103628892905405,0.10863733561283426,-0.08383500388661777,-0.040346244918060555
0.005953017923452833,-0.01374739244107417,0.004989888140349303,-0.005417133164183405,-0.34120234810092337,0.1311762630881522,-0.0654306300593044,-0.05906344517546629
0.0056694309945322105,-0.01342943463948378,0.004565678197380224,-0.00580508021382018,-0.382320001351351,0.11629204672142147,-0.07653923058019128,-0.04782538021871147
0.0058032072984045835,-0.013599027308908522,0.0047734002231661155,-0.00560115226076835,-0.3615450020376045,0.12387507975683286,-0.07071393187975582,-0.053896132021284286
0.005894052615476262,-0.01398380470064205,0.0048652046816025475,-0.005060165787418749,-0.30335297229085545,0.12929220928179627,-0.05400825073339722,-0.0629460299208056
0.006076506882838893,-0.014089089062849561,0.005100025585783483,-0.004926122946087237,-0.28678499454282086,0.1362474080246444,-0.04994560957819011,-0.0667028333842566
0.006898907937796983,-0.01471291644210962,0.005923939119150179,-0.0039019715536425183,-0.16968197948651062,0.15678589342112956,-0.01563945872427971,-0.08004920369033973
0.006659324938825738,-0.014635565747675605,0.005655366076281854,-0.0040866135988428835,-0.1934903507309331,0.1509555640580258,-0.022244257226837757,-0.07769014945160684
0.006525226212686429,-0.0144966762517837,0.005558683534918056,-0.004310325907781606,-0.21640417283389818,0.14902593136220288,-0.029778392948473252,-0.07585218896693563
0.006346671974615899,-0.014425461430740479,0.005348584357486673,-0.004438312327135479,-0.2322635112993046,0.14366907180728308,-0.03420657637312618,-0.07338975263779879
0.006174005826438567,-0.014270201238132373,0.005176377704791321,-0.004668938696337548,-0.25974899700030196,0.13911653065609283,-0.04161151786743251,-0.07018429543840833
-0.003976184617627557,-0.009338984141727423,7.307305866905429E-4,-0.0071313555230924355,0.0021733384327077172,-0.04831370433318598,0.0631360649669026,0.10162170778401491
-0.003963656533997333,-0.008995608811586243,0.001083479272371536,-0.006994795868245286,0.03972327096277769,-0.0548573925038558,0.055266956829754264,0.10898321373641086
-0.0036664054090829895,-0.008502987293046568,0.001375003093056094,-0.006524988255155272,0.048472654256578936,-0.05863217599309998,0.04180133143596922,0.10659176241073191
-0.0036704458190430873,-0.008799713052418518,0.001133349393233683,-0.006677974943570827,0.033376683876458,-0.05477529467766169,0.047878606186893345,0.10214529917931148
-0.003908605382203264,-0.009682288347915432,3.4415784573462024E-4,-0.0071476892103567585,-0.04441346759910642,-0.0396149990541232,0.06902036107647049,0.08935153139436068
-0.003930824507948202,-0.0099824573253622,1.6108834608171276E-5,-0.007190735893856007,-0.08346961920545831,-0.031759457239868616,0.07453604984803502,0.0803208536700435
-0.004059047154673035,-0.010206793479256456,-2.4346054974985954E-4,-0.007299289716287909,-0.11775671922981734,-0.02553427232639171,0.0806452403725163,0.07623615914971049
-0.00309938468422022,-0.007053404923524556,0.0017983300197288385,-0.005292288788396892,0.035069614110374764,-0.06170835065504591,0.017331949329781923,0.10061985074500181
-0.0026462621309272984,-0.006428923032447577,0.001647931691442296,-0.004719730414264948,0.02303623498188671,-0.059464458322448586,0.011436267312179837,0.09325248791796749
-0.003070648480121143,-0.007748646884647112,0.0014902244128872217,-0.00574812539198643,0.031153311893707125,-0.0586452452574821,0.02617438520813772,0.09663594754347705
-0.00334115259877882,-0.00819944845971928,0.001405007713314437,-0.00615412201782057,0.0356750194228686,-0.05819844768125131,0.03435133347379107,0.10009032824274351
-0.001329603290728668,-0.005899251350565432,8.41620370030918E-4,-0.004172667685586434,0.011085912381653087,-0.05510334954297745,0.005684753439021561,0.08271093323170813
0.0010641737429594842,-0.00578853196209992,-6.760351056760282E-4,-0.004084331085184954,0.006635913035394633,-0.05482389020309909,-0.004541281559604079,0.08146749459427073
0.0023909317587822595,-0.006829868814845123,-0.0013765479325741244,-0.0049396550554901,0.014858196130939406,-0.0576794532826969,-0.014261406326998158,0.0894447156425638
0.0037155429753204143,-0.009006536672662184,-9.704146011209849E-4,-0.006801397687542331,0.01972395399339336,-0.05247471985564178,-0.052880210036240216,0.1001431362417564
0.0031336239193965622,-0.00854483681804258,-0.0010755759032698242,-0.0062185427866410245,0.009590490897332745,-0.05292576267295319,-0.03803523204399579,0.09000641637225403
0.003883713588325348,-0.009724429098667348,-2.956369366324801E-4,-0.007131361423494018,-0.048921186371154814,-0.03850503962495669,-0.06950303292208672,0.0872886752613861
0.0038966680020267926,-0.010020620788463734,2.570519986336639E-5,-0.007160206074824443,-0.088286234584676,-0.030622617088035663,-0.07451242661573292,0.07793446902511668
0.0035622147902177517,-0.0094723777784971,-4.93678137186123E-4,-0.0068252238485776206,-0.0321025205587979,-0.042545520868041524,-0.059080579483940084,0.08470063492448182
0.0024200341855271238,-0.007973660489840868,-0.0010260225888215574,-0.005617557175435441,0.0013381941798902548,-0.05245718780261323,-0.024943539926907586,0.08107821380683457
0.0039588295278646215,-0.010267413595171257,3.0200778277088893E-4,-0.0072006688768855515,-0.12389517844986066,-0.02336463766905679,-0.07927321201499661,0.0707179222066988
0.004048678197363178,-0.010489090661474285,5.656818743850837E-4,-0.0072446827016954835,-0.157855206116074,-0.016338252184849425,-0.08364951022508105,0.06450062928638962
0.004115767420269722,-0.01096172822747292,0.001110914200829567,-0.00714997326252405,-0.22613209133450682,-2.0944922119638397E-4,-0.08804767317400955,0.04647084291878749
0.004011041676683917,-0.010741571810463998,8.339697660357568E-4,-0.007141204729047806,-0.18958322976166483,-0.008276612475447982,-0.08441965754703006,0.05345685059952864
0.00491014217833231,-0.01257499550264487,0.0032249197871602156,-0.006504332133078644,-0.4043112333860834,0.070138462246568,-0.0904461024826194,-0.014876256976556838
0.004839975436297071,-0.012391068031471827,0.0030227377685798783,-0.00665881292986252,-0.40195862468346155,0.062486467787494025,-0.09331178042150481,-0.007522999771388766
0.004662063149161437,-0.0122275948232394,0.0027170375402812068,-0.006695206756320825,-0.377278271011167,0.052773360724737366,-0.09197468265010479,-0.0016846926688127005
0.004547874220241363,-0.01194708557021315,0.0023794683101922916,-0.006869073334354158,-0.3601493344809436,0.04074646211343349,-0.09387400099107977,0.009527419580265177
0.004150007729928078,-0.011287651184269318,0.0014663077860407945,-0.007016186176982254,-0.2626355895099757,0.01146156686712758,-0.0885754776624297,0.03314184535863713
0.004157609242448253,-0.01162695224590851,0.0017904923304986207,-0.0068091177865441275,-0.28940666869501336,0.02327063701504717,-0.08655396992805653,0.018868872564920477
0.004234427606177964,-0.011934391009296517,0.0021063876983490014,-0.00663893664639124,-0.312084171475072,0.03506312175044796,-0.08511848090713035,0.0067664177411008155
-0.006464466094067263,-0.013535533905932737,-0.005892727349623019,-0.005886368257698146,-0.21147970559460907,0.15792079428401767,0.08138241105874346,-0.05942701144605735
-0.006304059012809278,-0.013580955205731243,-0.005586075941296415,-0.0057667261386883115,-0.36495212748965183,0.14665033747202483,0.07893246730909553,-0.05876942788443718
-0.00657726476122486,-0.01364484341025055,-0.006074855471204511,-0.005698424207026979,-0.17037699140553744,0.1643487715327732,0.0752485843504487,-0.06431178058586086
-0.0064185263670103665,-0.01368416660673243,-0.005764824204669161,-0.0056054362089831755,-0.3966153216168471,0.1528980573917922,0.07390759633617117,-0.06324601173152554
-0.006547953710132382,-0.013795480412293887,-0.005956603274285149,-0.005419030727628761,-0.2946779509828148,0.15951241547796988,0.06769940206115556,-0.06799138422965263
-0.006693441434347548,-0.013750556019033765,-0.006244209004195246,-0.005512218366489536,-0.581976169916779,0.17011561643296658,0.06891845832179473,-0.06890077948677399
-0.006812880963004882,-0.01385256696814258,-0.006422694915549968,-0.005303135705383992,0.05559313027155562,0.17584020384162127,0.06194677827639102,-0.07305211341368774
-0.006663428114876329,-0.013913058561930827,-0.006108055499088054,-0.005209556871456528,-0.3063538016034429,0.1643061051775274,0.06080234672735063,-0.07217037615720791
-0.006790026068546693,-0.014000346374228985,-0.00627999109321379,-0.005040227429119539,-0.3261959925341961,0.16961596366875084,0.05485826408390637,-0.07560020278687934
-0.006935465283302504,-0.013950775489717909,-0.006582377171410164,-0.005103859546922567,-0.16137971158912898,0.18093600143435692,0.05488038338652574,-0.07683011378616156
-0.004262896533880161,-0.010599666098615762,-7.499809912449451E-4,-0.007420058525940809,-0.18961082912040284,-0.012246219499493846,0.0901927338130946,0.06589459167459223
-0.0040422079799120655,-0.010425286823295618,-4.923086274610332E-4,-0.007252484365834494,-0.1518138941182969,-0.018645072895996987,0.08293124225121563,0.0673925164901854
-0.004485692077272781,-0.011467568856683201,-0.0018647298865580194,-0.007197670894114889,-0.327641270855362,0.021969553649343724,0.09736843613542469,0.030963223087759756
-0.004422373112797606,-0.01119347129932852,-0.0015224251941276348,-0.0073151361072725666,-0.2933996375387679,0.010846215177981205,0.09684665698245094,0.042614484486308626
-0.004290487977173894,-0.010895947958450678,-0.0011128577602865757,-0.007339934518760691,-0.23708249245512894,-0.00143672012023669,0.09272025896103751,0.05348149011275038
-0.004385154746531156,-0.011718356994940799,-0.0020391210922784835,-0.006925091167218366,-0.32894276900311975,0.02988392189016532,0.09211591530558384,0.01791736201098647
-0.005142568496245552,-0.012423696463269655,-0.0033940057707146283,-0.006856241239692745,-0.46044788053777824,0.0718311640629275,0.10140683875291077,-0.007175698251462761
-0.005015235630341138,-0.012275271925013202,-0.0031279130122001445,-0.0069251081690683836,-0.4467184593220989,0.06312501306419259,0.10141187534576913,-0.0011099091013996372
-0.004691930030346025,-0.012092130163444207,-0.0026375178115471535,-0.006851504217569373,-0.38673674646175854,0.0487239520070887,0.0954280548799593,0.004668481827968924
-0.004823756945560103,-0.012254393338479951,-0.0029027409621422287,-0.006792722214858893,-0.40610285309620897,0.0573732878330391,0.09584944077096508,-0.0015585489792888107
-0.004402889893462492,-0.01204603619523087,-0.0023350903702207344,-0.006670652200738532,-0.3399060242471974,0.04175641401240821,0.0882103627774508,0.0038437656609834506
-0.006125411144271177,-0.013631185129207898,-0.005276113614527956,-0.00564041930704785,-0.3716896595424292,0.13834119780857249,0.07350235734664938,-0.058059581553606195
-0.006055462808872283,-0.013470538492171447,-0.005170119896911093,-0.0058846435256045505,-0.3937912979358472,0.13361871240835457,0.08122443444204841,-0.05244093494954795
-0.0055091139142673315,-0.01284375849294011,-0.004148979301650109,-0.006575851623035883,-0.4755375621352686,0.09724722203267927,0.09808342974800623,-0.02513260977947374
-0.005615411599124004,-0.012991539408789379,-0.004372711075545612,-0.006428365548204656,-0.45452078152666847,0.10534651864667945,0.09491005605376322,-0.03160530771042877
-0.00573422796374095,-0.013095050088084263,-0.004591031975723794,-0.006341830043262461,-0.4516404761007987,0.11264039999625805,0.09333202982521743,-0.036230988254341
-0.0059105302253841035,-0.013388836528143344,-0.004930502768260171,-0.005963694442407763,-0.4024156645739186,0.12597859037095807,0.0829169765771788,-0.04843481746833752
-0.005801144228004447,-0.013247755947226894,-0.00473562642278174,-0.006138854354599631,-0.43325179272140873,0.11885111944388593,0.08763150894754507,-0.04267431418322772
-0.0051222410102640305,-0.01261751282867463,-0.003503225878274828,-0.00660404934015481,-0.4348724414379044,0.07773925235216814,0.09495152614131522,-0.016164641174544917
-0.005276277981982753,-0.012791418943304433,-0.003801137649540255,-0.0064892331041274546,-0.43942787945565615,0.0878598181373124,0.0934986605403761,-0.02326951784453132
-0.006919273403128952,-0.01409583074404258,-0.006440870972985392,-0.004843524637194747,-0.15663540723548922,0.17445039465802123,0.04777195586517044,-0.07897362746940129
-0.007061073770271072,-0.014045084994930427,-0.006730270569174923,-0.004906975960641064,-0.8128998648319591,0.1850825404684903,0.047650851765257,-0.08031845897480036
-0.00718958373010223,-0.01413540329229132,-0.006890920292731588,-0.004678432175865532,-0.04450285484284624,0.18906626208038457,0.03958761969785813,-0.08314808222104257
-0.007034714965859362,-0.01420913999876575,-0.006550346089306721,-0.004612607996082521,-0.15891569648983017,0.1770224313400464,0.03985565531266272,-0.08178623642376913
-0.007320868219171371,-0.014221641019906124,-0.007035568385717284,-0.004458344943256225,0.05005698332161884,0.19248981882652746,0.03139451607737142,-0.08546918015089751
-0.007167173180069196,-0.01428888380006318,-0.006698868371383645,-0.004424060702091928,-0.23096503219954648,0.18076151001290888,0.03301370732274977,-0.08408938152278571
-0.01721226698151816,0.021879361898223697,-7.348172664511673E-4,-3.085384164308652E-4,-0.11076011405322395,-0.016935898964558396,0.013030284088921498,0.019375600470803497
-0.018733575722169347,0.025,0,0,-0.21693083498067592,-8.821662703523597E-5,0.006411751225954931,3.730088698809056E-4
-0.01471660413954446,0.01587890319392502,-0.0036263974961663393,-0.0028887643228100537,-0.01730179653440803,-0.04659244121970473,0.04277541094954412,0.07845077039877413
-0.0149278085995866,0.01729336414151427,-0.0029612534079403864,-0.0019182138676704637,-0.026609452685787297,-0.035836881682267424,0.035524103511585,0.05479724323674364
-0.014980799280743574,0.01502902704497576,-0.0036444936660696287,-0.0036018670693297706,0.0019368855232066544,-0.056296668659172835,0.03560355319731443,0.09608876199904004
-0.015385514518592894,0.014105447577586128,-0.0033115188321811715,-0.00437725870730088,0.002515972672207632,-0.0656962379183202,0.019369122692069408,0.11042748638960645
-0.015897601469133455,0.013167361040348494,-0.0026269653409657745,-0.004950768734604955,0.024536904654107284,-0.06764950400206204,-0.007602268915544123,0.11453554215465499
-0.016604742395578475,0.018237599629139907,-0.001831707946070275,-0.0014018424604935447,-0.02639689545802652,-0.033037473171996096,0.016716543778288604,0.04267837190955431
-0.015836558457150738,0.010483939698294092,-5.630610571878614E-4,-0.006781356898270356,0.026899606597554967,-0.04367250967173745,-0.08067423456279023,0.1116098240473642
-0.01594477422342518,0.01081511683262808,-8.928251020227209E-4,-0.0065272350134574315,0.032242156483625446,-0.04982499840884381,-0.07095277396773757,0.11359964349149045
-0.015967023872443004,0.010171209865596572,-1.9471240529109717E-4,-0.006630343895969124,0.020276209037175523,-0.03348777407532017,-0.08648162896060177,0.09757057844388856
-0.016114921571611634,0.011300111995436145,-0.0012860728523781315,-0.006091245442947835,0.029746674482911017,-0.055845726529953336,-0.05658034506717678,0.11210681746182202
-0.016349012882828137,0.01260019086187416,-0.0020302803715999697,-0.005036015435712368,0.019363467785354745,-0.06308372137707692,-0.026420335370332722,0.10623022577034842
-0.016490179995515518,0.011893194923084457,-0.001534195128965108,-0.0053456530747132665,0.03029536791084233,-0.056659314184586626,-0.04282509771536843,0.1016983000604458
-0.01594273221058967,0.009334263428877646,7.218192351002638E-4,-0.00656403758437801,0.019042255238142493,-0.005115155593469111,-0.10082493287089234,0.06839342857236033
-0.01602430175283718,0.009552748270388035,4.700369288949366E-4,-0.006501796729495498,0.021181038771919136,-0.012427858267875453,-0.09650689967707834,0.07394152313063884
-0.015973503755932296,0.009036574966125314,0.0010161744962780342,-0.006412136462292556,0.019285657088936092,0.005755030854211184,-0.1025018114751798,0.05497286763664189
-0.016233083576485823,0.009893566243595317,9.603469984359235E-5,-0.0062493744488193986,0.024129705937595357,-0.02184198068889987,-0.08708557492599577,0.07732240379527065
-0.01342779995579578,0.005122211044935512,0.005592025419661508,-0.003829113295750763,0.3211277224860863,0.14129002317983483,-0.030229603535928153,-0.07349025284407706
-0.013258534457634792,0.004998646952177995,0.005747119826825316,-0.0036380330845973163,0.3291006343283434,0.14233095192745074,-0.023235771028079163,-0.07503641010436607
-0.013052127576918812,0.0049446223749364145,0.005967327550965871,-0.0035048924563830055,0.3439075965519639,0.14558732272765537,-0.017320192542587928,-0.07675717900497196
-0.012403603132738597,0.004128384415811326,0.006176671970877474,-0.0023422081469655354,0.2785977365500935,0.12576080726722075,0.013505482338238244,-0.07097087513515184
-0.012657683862608616,0.004719458250891638,0.006287252101058445,-0.003062512385615806,0.34878472911125113,0.1451469712584861,-0.001712611840085752,-0.07757684570150182
-0.012595615101980505,0.004406810338478451,0.00616316849470938,-0.0027076857370052147,0.30860245203599385,0.1338583838391665,0.005527295141679531,-0.07407671849029383
-0.012909370830702208,0.004781539949297741,0.006046234972395224,-0.003258131478295887,0.3366211583722538,0.14315307725565904,-0.009605900064501125,-0.07669774161042962
-0.013611512073768229,0.005240461284901519,0.005405124390703532,-0.004004141002486778,0.3076914164356254,0.1387879242797981,-0.03701554935191514,-0.07121877075582632
-0.013812668585276425,0.0054260315649956245,0.005201016729735409,-0.004250322146427885,0.2930840922473208,0.13627434088995283,-0.04579660006058278,-0.068060898010684
-0.013875241662815367,0.005729324481186943,0.005184705766222215,-0.004651636567110238,0.29332193423682135,0.13868177068232324,-0.05848803233367884,-0.06462335071296854
-0.014119385881818741,0.005915096820326949,0.004872474711376847,-0.004865657058407331,0.2647809828586562,0.1313565706152466,-0.06709895282515575,-0.058545451854664664
-0.014325432732881433,0.006156105588111135,0.004592464403167161,-0.005131797372752603,0.23350078286758455,0.12419187374684247,-0.0769482618056999,-0.05090187241986399
-0.014454788764667884,0.0064093520558294575,0.0043892588914406115,-0.0054223951227594,0.2117390222570513,0.11851240128467348,-0.0863648368426214,-0.043157114282668364
-0.014772803232887967,0.006833223390293581,0.003847536945022514,-0.005790260761310356,0.15473130399542667,0.10087019048780611,-0.09868507831398049,-0.026522756053607353
-0.014683825070989535,0.0065666281226754945,0.0040470433483415285,-0.005501725823008723,0.17682640179567813,0.10819677852733667,-0.09008277264340481,-0.036178749672174514
-0.014988007861520282,0.006975196778297036,0.0035164455712297484,-0.005796027961853881,0.1305264053286829,0.09055993923385211,-0.09952803577199482,-0.020356969430698823
-0.015918322917902607,0.00861880718138561,0.0014456901322180947,-0.006277086600709614,0.031398241130511824,0.020218936758427394,-0.10442691561904151,0.039845591040470384
-0.015736143623540713,0.00828005930149897,0.001868417384324312,-0.006289311517218925,0.044297269677279046,0.03364907203560518,-0.10734521901147016,0.029327302708097937
-0.015784460731434503,0.007835816123638421,0.002181511629656667,-0.005886120568802612,0.05836666598391238,0.04694392194744869,-0.1011471221624716,0.010795122145842535
-0.015650735963445413,0.007467879435998423,0.0025407432542452007,-0.005704524544055681,0.0769726543757745,0.059774930782448346,-0.09761556517100733,-0.002092258022616965
-0.015294111975771563,0.007054673512603787,0.0031252758397664715,-0.0056231156741255095,0.11159219100884454,0.07858927733414932,-0.09502795018418654,-0.016988838718903443
-0.01562931347179467,0.007194326849440967,0.0027142822659529547,-0.005468766316051315,0.08951815005510717,0.06675030869577199,-0.09251553506438112,-0.011203783255073044
-0.011254154411826676,0.004023423605178772,0.006928544515826814,-0.00136208119433103,0.22607078710033238,0.1152608220495266,0.04510897398653826,-0.06089470457491406
-0.01089651405375211,0.0038965048288642358,0.006988306195174804,-9.529361779186395E-4,0.17817974274973228,0.10390524787446247,0.05326138682478909,-0.05351444210123434
-0.011609640484617323,0.0038821101184555737,0.006613370149528647,-0.0015938226632099997,0.23344191140316536,0.11469692269764308,0.035019337558987,-0.06355025741732288
-0.012080631721481787,0.003873141737925624,0.006283372226627969,-0.0019339035922152864,0.24835247717121336,0.117120977300448,0.022958435506432503,-0.06691737954327041
-0.00727752225544862,0.0029739906477549197,0.005407298392209607,0.0016291368251725553,-0.05163134788877343,-0.02126882520939771,0.04625111571237739,0.038869759001838304
-0.006426924858812626,0.002528632628752794,0.00469529119160511,0.0015670216179620616,-0.03290078179448438,-0.036300684030225454,0.02971928833583954,0.052112808200852685
-0.00786149446564558,0.0029232001410612746,0.005753377245077356,0.0013494528842354792,-0.04264223132855004,-0.007379993450090388,0.05093874022302093,0.024270289420717125
-0.008327096340412095,0.0027023511726832197,0.005902629354649031,0.0010015169593420986,-0.028877528868631454,0.003727639879444984,0.04951062571009096,0.010818326388443265
-0.008747044930123841,0.0027303035777513553,0.00609040251305019,7.86901180588755E-4,-0.012444208599999442,0.015547061087190724,0.051466869719036225,5.395971454013173E-4
-0.009287813175711774,0.003364609755367712,0.006638180430733138,6.101081435979945E-4,-0.0045332105226674755,0.04074746439019077,0.06621491566050579,-0.011595110751448449
-0.009020732594612191,0.002985466330170688,0.0063195190127984064,7.035653481141205E-4,-0.005338579608272987,0.025206771033243914,0.05769030536257334,-0.004544155083895332
-0.009686158453245573,0.003465674085937369,0.006787731196482074,2.834887177705861E-4,0.02765412698853164,0.05594712685332233,0.06575914921248356,-0.022350233241093843
-0.01037429659620525,0.003659622124106556,0.006931478278569012,-3.7141784205714116E-4,0.10748639858345253,0.08242193973136845,0.060833931142751714,-0.04025754568326136
-0.010070462590055737,0.0034767195909163845,0.006815282051655577,-6.77198403451401E-5,0.06670635964096829,0.06806113335052995,0.06196173360324792,-0.03195343657550719
-0.010749261474014069,0.0035341287164857367,0.006751827442546877,-6.929725544498523E-4,0.13880110860059558,0.08810748928281754,0.05187235382194821,-0.04700625024754465
-0.0061586146283775425,-0.0011291900151272761,0.004320970284929252,-6.911879151395872E-4,-0.012862267130269323,-0.03747879053736673,-0.011967090859397227,0.048756607066600934
-0.006039503053835487,-5.393654512165766E-6,0.004203333644321616,-5.001035142699676E-6,-0.010383427499246868,-0.038361689084895706,-7.463132516125335E-6,0.04888996207363137
-0.006291826301513084,0.0011389752147503175,0.00440389510793409,6.841358958496502E-4,-0.014720995986823374,-0.03579323996389278,0.012574358620982823,0.04586452161285564
-0.006994405884684675,-0.001918656157260059,0.0049409964248075455,-0.0010472070845185856,-0.02070355536342357,-0.025842161780584134,-0.02695476407262875,0.03530378385578548
-0.007782529653822506,-0.0027342764505006592,0.00563398411196635,-0.0012738961654128686,-0.03549193725946819,-0.01053797687165863,-0.046813088860905926,0.02474777471035351
-0.009011448860844706,-0.003603018411336826,0.006720675290486651,-9.233985569081356E-4,-0.03897805697217894,0.03472616613357602,-0.07284381081473483,-0.00303917993949334
-0.008449501319801286,-0.0031320544332047572,0.0061728493812653875,-0.0011384327384990189,-0.042192570326865415,0.009217490325959697,-0.059723529226548784,0.010794599640372325
-0.009500402591981734,-0.003547695794629851,0.006821076494431183,-4.661725367538125E-4,0.009827647804974443,0.05098267429734805,-0.06937273468775783,-0.017222608478994098
-0.009931258242351996,-0.003647187514974654,0.006948849946948307,-6.49783251804116E-5,0.056294575664375145,0.06817757894246514,-0.0676816047455845,-0.02925917558977378
-0.01024906057294576,-0.003892150806058993,0.0071440066342048,2.723802763502114E-4,0.09813721317585,0.08582098083173632,-0.06729899288344299,-0.0389012321825366
-0.012679131780828632,-0.00577835898009388,0.007032107314459202,0.004463640883951891,0.5576905994888508,0.19061802866226352,0.03635174528982509,-0.08383130913442001
-0.012689441218052246,-0.005618054708408483,0.006879646602037086,0.004218718523402959,0.49932661870075595,0.1812092655861787,0.03169504695225658,-0.08452796427967672
-0.013422735238775145,-0.006355156589749451,0.006078332923349608,0.005694660774501331,0.678423635853321,0.1706986697476969,0.08561901159322587,-0.06098025533017554
-0.013306558565652458,-0.006249443980966241,0.006252341228558548,0.005503183796913035,0.6451419302371939,0.1756249887688565,0.07809334985823055,-0.06596592749316309
-0.013464527023256552,-0.006195454193658461,0.005939800617303644,0.005407633998167963,0.2981341172069951,0.16381266800737881,0.07883205789705662,-0.06450477326035303
-0.012821849790282752,-0.005700265300256362,0.006741817877508556,0.004420982841312358,0.5024070347254912,0.17985807037374155,0.039672313038165936,-0.08259656865489333
-0.012810416269897774,-0.005864596707708681,0.006884904670906299,0.004687644098376037,0.23100055715082346,0.18890033000016593,0.04519825870917535,-0.081347660465161
-0.012950508574977143,-0.005802184066148446,0.006609468745295157,0.004642553983239169,0.5054958969365115,0.17865607005159823,0.04810800294374797,-0.0800810395509169
-0.012938926229728932,-0.005954915005069574,0.00673984085927713,0.004894008488203598,0.5696017408192501,0.1866330365875224,0.053685116800678556,-0.07819888286986804
-0.013187119036995123,-0.006147433031857423,0.0064157708620524445,0.0053116155831104545,0.2730478533474317,0.17977347393863138,0.07040048821844347,-0.07054745989738745
-0.01333204050768245,-0.006091453269647105,0.006130453403792817,0.005224459805309175,0.4020581837168821,0.16891795680871566,0.07131877611113402,-0.06934974713766152
-0.013064534716697497,-0.006049224510282092,0.006584740172504773,0.005100574321078055,0.6665333492082994,0.18355849498858767,0.06214373945111266,-0.07461017866413673
-0.01309230314712162,-0.005900428396864871,0.006440165530060454,0.004854553445515646,0.4093241554293385,0.1756241083919334,0.056751765294357166,-0.07671611451175019
-0.013216867906942318,-0.005985290844657861,0.006278937760024638,0.005027751126116979,0.41483749784382157,0.17208577187812601,0.06380703225945304,-0.0733390235150395
-0.01358324230742492,-0.006288353198532999,0.005758983750395235,0.0055585983207197785,0.28528585928086336,0.15856134010663012,0.08494730195480606,-0.059847840322442926
-0.01353553390593274,-0.006464466094067266,0.0058942984877597875,0.0058848111634032365,0.5856376179967652,0.16519453903220346,0.09280345076772763,-0.055606728038050716
-0.01211980748321005,-0.005084376313952323,0.007157928991801365,0.0030679571138097737,0.44670236823021686,0.16809683078816695,-0.008353297325359228,-0.0835506414457844
-0.012097633649330804,-0.004869695746725384,0.006991396535272033,0.002818190887300276,0.40084644759966076,0.15767892355261956,-0.013422277203437022,-0.0804530465764123
-0.012276754550274594,-0.005169923387312612,0.007054214817659302,0.0033074264086438584,0.4469141669554833,0.17035630123774623,-8.261267973124656E-5,-0.0843454948383391
-0.012400824133063279,-0.005299423201532335,0.007014079224354071,0.003569704553878368,0.46641191532801746,0.17437505945101928,0.008618002556323856,-0.08516197131062794
-0.012696374919781485,-0.005472744736097875,0.006757565115437872,0.004013672553815486,0.4618266704011688,0.17479353224864896,0.025440284751401865,-0.0836594995120303
-0.012590056244622524,-0.005332245903012483,0.006794791737674459,0.003752917091781113,0.4511309134039977,0.17164588541477935,0.0164646646816986,-0.08386265787453315
-0.011046760316771254,-0.004335306914952658,0.007311177117808877,0.0013069334285493242,0.24095055199440893,0.12458329866952643,-0.05322194705658544,-0.061678373532491
-0.011299872375212815,-0.004425590974285427,0.007252596991863476,0.001642487551702753,0.282208531194255,0.1329760594526078,-0.04542279707647021,-0.06714101418303166
-0.01148038049752688,-0.0045202855044997,0.007218785664213102,0.0019020545149350788,0.3152524410795194,0.13962364282981457,-0.03918782998594125,-0.07096508628007238
-0.010640997569716534,-0.0038541183241193005,0.0070364026515969125,6.797162866942335E-4,0.14425758351701493,0.09561172300750544,-0.058788818769783806,-0.04784281141956701
-0.010976399768989056,-0.003963118471924341,0.007011512914563791,0.0010595520409408187,0.19125862317959028,0.1075848838304307,-0.051862916675616315,-0.055729750250194686
-0.01167366145162004,-0.004500549672656904,0.007055886937686649,0.0020854254840181018,0.3241692272981553,0.1403123210975736,-0.03247707610271817,-0.07279562775228655
-0.011896801753737378,-0.004545288165972521,0.006909315966861678,0.002332042691276742,0.3385158489010421,0.14311178793282422,-0.024634065957128064,-0.07509477026957234
-0.012095072974024249,-0.004644200835145042,0.006808546525714112,0.0025931339108713103,0.3567880402742753,0.14720164421990392,-0.0168901991229724,-0.07728759212790139
0.019279064256998185,-0.018106983557929036,8.765975743911355E-4,0.001083503676100958,0.031364659540791366,-0.027924389992568698,7.559576418535246E-4,0.03361946682010649
0.021097149979697995,-0.020827545274221926,2.289478836589372E-4,2.4209687782504531E-4,0.006811141382643919,-0.012939298910651023,1.5037989444910104E-4,0.013661886670241053
0.025,-0.025,0,0,0.0034262577191385988,0.002217590356443932,-6.275042821723899E-5,-0.0024081159517256095
0.015350641576981352,-0.01719251675697538,0.0027481265565347554,0.0019789289575179313,-0.019917997237397508,-0.038718248167841744,0.03004282144886967,0.056636572206613334
0.016463244121310696,-0.018147809665273348,0.0019187067904563964,0.0014577101570598025,-0.022789718127996503,-0.033829037897577206,0.017374969329089628,0.044250720201035966
0.011917918998574991,-0.016782246365421447,0.005040843394238507,0.0013987026160847352,-0.037057837563274416,0.01150086692760411,0.0813995310384643,0.02604669365244897
0.013094996928320527,-0.016788705129933093,0.004351873704102891,0.0019290374268576113,-0.02952750586602079,-0.01699905827410397,0.06695132253338852,0.048287669787508945
0.013785985115992072,-0.01774297091898473,0.0033581421287596446,0.0015564966102337924,-0.036360211149727976,-0.0241330912450782,0.0472301531191438,0.04285549103686962
0.007952677382920355,-0.015194929036546326,0.006701909768664222,-0.002633908993069568,-0.06937033156857982,0.1622167230215902,0.027783773885333533,-0.07995483623876298
0.0076057941044120475,-0.015199776511514732,0.006322477067128762,-0.002903069576794241,-0.09127730174188464,0.1565791571827214,0.017441860154258696,-0.07989400080748614
0.006966609803051845,-0.014960256544733215,0.005806028339306302,-0.003552976806352418,-0.14262263556650656,0.15067820779067864,-0.005057039637789028,-0.07921761055109987
0.007226317401283178,-0.015146859186044298,0.005948913339534672,-0.0032014798977047505,-0.1204434087777566,0.1506691923773116,0.006264760931534524,-0.07911966206742849
0.009420492375906734,-0.016449010784747184,0.005897734294863091,-5.080744864485871E-4,-0.030817518215571466,0.09051291751790486,0.07381757272885715,-0.03748672860519724
0.008567104255264255,-0.01564327486153477,0.006616162130285762,-0.001667109527757004,-0.045540266354063545,0.1404375546527694,0.05522871048043456,-0.06620423001692967
0.008059847292748149,-0.015448797406504265,0.006476067048288714,-0.0022943322093391186,-0.05949291766512378,0.15012762450353284,0.0371539212811824,-0.07457485402925777
0.00833732054895982,-0.015468578160318597,0.00668857001199791,-0.002022850984501735,-0.049388933722972116,0.15013637909217445,0.04612176756827833,-0.07218609575581059
0.009020772781088274,-0.01617168149835945,0.006136448894874128,-9.516680115923234E-4,-0.03285569676831671,0.10887066989638829,0.06797291980776748,-0.049141219497950105
0.00863722368585202,-0.015965046067188078,0.006223085873502348,-0.0014000389262316807,-0.042854385649567964,0.12242776969866698,0.05840719592576667,-0.058770925141750495
0.010507031837852818,-0.016634213641032628,0.0056949233239815,4.388273037645306E-4,-0.03152101547701564,0.05664403245757111,0.08558365608355686,-0.009862796883434609
0.009886195689014995,-0.016629247061085095,0.005731859908389911,-8.289391228038644E-5,-0.028325606952939907,0.07322194423219937,0.07889888074138285,-0.025087536119471048
0.011084512287422608,-0.017245096941614507,0.004901781076875747,7.249038267891846E-4,-0.03201919343292376,0.027692323133635916,0.07545079209923704,0.004938675670650324
0.005163524858680646,-0.013033358938147215,0.003766199635755371,-0.00610660520972827,-0.3922626867485541,0.09038001860011542,-0.08216120231734957,-0.032389400826442365
0.004949407161017832,-0.012955046904790605,0.003471302515105062,-0.006085688755503096,-0.3737422786729953,0.08203992846476811,-0.07994931500148911,-0.029368058404706233
0.004816310346153529,-0.012771990736327437,0.003230842612283755,-0.0062210100532016305,-0.3734680945996323,0.07369640926041458,-0.08230905196126069,-0.0230362271116627
0.0052559203596245834,-0.01326591939525102,0.003961604777847772,-0.005853403730872193,-0.372549693138833,0.09860182100508579,-0.0757302826717252,-0.04038482327061076
0.005375965532847023,-0.013489615285069312,0.004165170883760079,-0.005609119227848094,-0.3482502085466947,0.10667551282654901,-0.06920583647800549,-0.047624327484586094
0.0057067510220581204,-0.013853869984936748,0.004622181786275876,-0.005210977903321526,-0.3202631055590049,0.12177714628999974,-0.05837347421544554,-0.058534290929766065
0.005592415020171028,-0.013627161297455304,0.004470234920628385,-0.005495866844935697,-0.34570345965832683,0.11587780113781618,-0.06660884674485658,-0.05264034024865631
0.00567762299834516,-0.014104463478783316,0.0045477425460505524,-0.004869648739588936,-0.28493044899221237,0.1221443973467492,-0.04742618075543076,-0.06294320443989125
0.005880074155062447,-0.014285763543204438,0.0047710356129749614,-0.004646868162846831,-0.2606069421001584,0.12860796790674692,-0.040724926779833866,-0.06722155516985003
0.006638737238162687,-0.01495613887676242,0.005407478685935563,-0.003680097499332064,-0.16822527871413903,0.14188519373458927,-0.010586142749324625,-0.07640583713349182
0.006368497214101168,-0.014712760314193987,0.005223406076972689,-0.004051958830275476,-0.19962657022268593,0.13904557439374496,-0.0221043973167946,-0.0744091669853414
0.006063291525425673,-0.01457353839192102,0.004905114355602022,-0.004270993126940409,-0.22172037731426944,0.13195303959288296,-0.02921064344205757,-0.07109892884304299
-0.003619069770531791,-0.009561312904344876,4.209203694858561E-4,-0.006885944094807349,-0.040795861563515314,-0.0402668688361614,0.06195393466092959,0.0831914193928704
-0.0034620344778167585,-0.00918475220939751,7.231401983308115E-4,-0.006675195151663329,-0.010842883765009153,-0.046432500529055086,0.053001354876518976,0.08750561868709797
-0.0032420079485099935,-0.008676371175951124,0.0010355315935070169,-0.006340486557996543,0.01240794175286948,-0.05234461525199167,0.041858768743395815,0.09153808430176713
-0.0035545048705692486,-0.009923881756947603,6.744420641941914E-5,-0.006874285572930551,-0.07971104816112268,-0.0315343007777037,0.06628467253758451,0.07110636350531974
-0.0037301081126607004,-0.010308834050447488,-3.178309189469462E-4,-0.0069977447076017,-0.12408239659455476,-0.021760684380376094,0.07447117922810799,0.06286701790135844
-0.002089113329278215,-0.007367812272634008,0.0010587765379109933,-0.005195666265251662,0.004821549092556314,-0.05361584492395001,0.01767334086496547,0.08129829564760986
-0.002638434975147585,-0.00830495403018166,9.852865927445645E-4,-0.005866415815572645,-1.959019970111109E-4,-0.05101055694604273,0.03114326783308048,0.0817638459865752
-3.786086060788754E-4,-0.007372077426490767,1.79556230610208E-4,-0.004948755192686018,-0.01796089745662301,-0.0490898524800471,0.003087946599058609,0.068873730693658
0.001262049125274989,-0.0075711150846152694,-5.821886829432682E-4,-0.005127938422775636,-0.008584675163662984,-0.049062406626408823,-0.012173806120270816,0.07045773915102675
0.003074401391509409,-0.009127879768594282,-6.524742917439948E-4,-0.006404536752616493,-0.02150982022433059,-0.044197424952540566,-0.04654732854410051,0.07790594224500862
0.0025460621211580133,-0.008791806243076121,-6.969639888189379E-4,-0.006016541384982288,-0.019664980201803045,-0.04567612887810215,-0.0350667831054744,0.07236247229175992
0.0035097380199073077,-0.009865214774687311,-1.2112650130384711E-4,-0.006836964932171559,-0.07536228930730358,-0.033259856577146134,-0.06406180870759313,0.07207364409001703
0.003650236419628191,-0.010189597328058183,1.906942356057513E-4,-0.006944015913815377,-0.10883199495181059,-0.02550855126866129,-0.07081357539013476,0.06546765895371096
0.003160088575088797,-0.009642737061261323,-2.806869644935683E-4,-0.006565733303540608,-0.05667161718907711,-0.03519683748842044,-0.054451419042260106,0.06754380590534095
0.0016996422803758307,-0.008727229753846174,-4.58888773458372E-4,-0.0056829435994117895,-0.03681544085877589,-0.04196941118052875,-0.023531660683114155,0.060581882755857026
0.003606569149793127,-0.010555092863037411,5.369006791613983E-4,-0.006856119783455635,-0.15122731991200578,-0.015465269335903602,-0.07302867289029323,0.05158833561155306
0.003816480259792145,-0.011184966206397754,0.0011953642159339619,-0.006799477156151271,-0.21470398057379964,0.005002180558382879,-0.07953190892271968,0.031836138324748284
0.003753008229287511,-0.010895890641578247,8.997653244098147E-4,-0.006871258573854443,-0.19006340484055448,-0.004513783545093869,-0.07788855269980238,0.041846967204959444
0.004598038747756069,-0.012588506716205134,0.0028945649503071985,-0.006285084000707193,-0.3526530164092807,0.0629696381138729,-0.08191994301201642,-0.01677402019081879
0.004336400410107898,-0.012288593279562752,0.0024531362426772198,-0.006409402689554671,-0.3291039938277716,0.04845491035318522,-0.08204957247937274,-0.00671434393704413
0.0037421259545112905,-0.011500392170039767,0.001424354147498783,-0.006581239352746844,-0.23342378572554048,0.014517450192935348,-0.07636451162661716,0.01811909618424237
0.0039095166109224,-0.011870546200922025,0.0018144078338081244,-0.0064588149478874615,-0.26553941080731686,0.027911754166107854,-0.07712660108954049,0.00629568748477895
0.003963786854958311,-0.012215023513811889,0.0020909230045692275,-0.006236244520951011,-0.2810155507769237,0.03855427781847066,-0.07393507617090056,-0.005263990178990708
0.018733575722169347,-0.025,0,0,-0.21799926023502536,-1.297675466411383E-4,0.006472772876157304,3.0001116363464016E-4
-0.0062547908603395545,-0.013754200786654097,-0.005468013314915834,-0.005462966482129218,-0.3338423929185607,0.14483502726108788,0.06813277373807271,-0.06278133293750611
-0.006400363700388241,-0.013825202558164076,-0.0056913789295419395,-0.005360889375329981,-0.3180948710332627,0.15171427688046826,0.0651657511503163,-0.06633529439561796
-0.006485761144327709,-0.013974468836102394,-0.005776505453711513,-0.005113692225890264,-0.2953206316519778,0.1549742592770723,0.05681536306517864,-0.07045344022920284
-0.0066327884101092865,-0.014077554907607787,-0.005968634561570811,-0.004932401068051629,-0.2568674784611878,0.1607718959282222,0.050809636675684174,-0.07418094928085567
-0.006790019636435001,-0.014129099359127673,-0.006198612825731372,-0.004820872285221842,-0.24767899194605159,0.16728151029016136,0.04700489605526904,-0.07715637160191197
-0.006047450436805574,-0.01382434252465238,-0.005122721459496243,-0.005317476063054222,-0.3261377077435082,0.1354740466236762,0.06253951977432635,-0.06178006977941574
-0.0038514964796976837,-0.010796283736713303,-8.3859236169229E-4,-0.0069865463017564,-0.18963450155452563,-0.00686372588200778,0.08076139280011117,0.04761217404706369
-0.004169787494490723,-0.011483478094614502,-0.0016682634935382822,-0.006914160829540363,-0.2825632539282879,0.01875074243746164,0.0881814719344438,0.025078332111834956
-0.0040850190761415415,-0.011134802267740206,-0.0012768481143184166,-0.007042730767356948,-0.2425113416676826,0.005899669608305375,0.0872427027393583,0.03836057003338407
-0.00402577739271755,-0.011872273153966573,-0.0018987814791657735,-0.00653806657748405,-0.28253163674764115,0.030295128200619182,0.08057660312298225,0.006849751469758726
-0.004884367901346986,-0.012496489700013361,-0.003144986739001418,-0.006575458821463051,-0.4033260732931981,0.06696314921435222,0.09160147124657522,-0.011843203047680485
-0.004581056177095632,-0.012350846090970365,-0.002727270911575714,-0.006515268464696268,-0.36441171021032787,0.055237219527089286,0.08726876331906956,-0.007190776948344205
-0.004147354193052723,-0.012364109008944097,-0.0023352362335871623,-0.006223768076553413,-0.3018795208515172,0.04725413657810889,0.07617187533353013,-0.01007125022921239
-0.0059005964702632425,-0.013614841303234787,-0.004920365868005927,-0.005605578367726406,-0.3613337768067707,0.12812977855459787,0.07134384459977024,-0.05522426031244819
-0.005391969939569377,-0.013022221952609755,-0.004064455457925427,-0.0062504073322945455,-0.4232638158598587,0.09806435760033633,0.0878198497538024,-0.032683038124410375
-0.005567406370232161,-0.013208226560288869,-0.00437380596073412,-0.006082328032484404,-0.41255695237767787,0.10871436695715632,0.0842130002556469,-0.04016246981323449
-0.005702357664472657,-0.013449285752683771,-0.004615963057648913,-0.005788578132219901,-0.38083393491049516,0.11807023026018627,0.07617448929290886,-0.04876365389010579
-0.004968520278644576,-0.012809444023025437,-0.0034263459123968208,-0.006270402633587688,-0.3931822275551833,0.07852625093715972,0.08505056539071966,-0.023878645454410857
-0.005148993262730099,-0.01301770011082496,-0.0037415912888446334,-0.006118996424635575,-0.3928631598187488,0.08934994718846569,0.08239045390501165,-0.03159408898860917
-0.007591233601480754,-0.014381534484329049,-0.007299672139807691,-0.004011285903189277,-0.007584748069195985,0.19753964163612145,0.01471916701064211,-0.0888992453961421
-0.007730047808600201,-0.014455032777517944,-0.007417742893863921,-0.0037887296052884147,-0.36707326158149156,0.19900558174280503,0.006211879964964356,-0.08992546295258637
-0.007588914764856617,-0.014534113821249174,-0.007096703519817576,-0.0037729399309559277,-0.09887937741373519,0.1877099779502566,0.00909498037024993,-0.08845187227945327
-0.00745479580756053,-0.0143037118419788,-0.0071663584135789925,-0.004244893821501426,-0.4130659489485457,0.19525476116820398,0.023319300129010272,-0.08747913239093148
-0.00744814320098859,-0.014463639088506798,-0.006967216910652982,-0.003982586456767117,-0.12088265224402632,0.18577067407946132,0.0168131404260346,-0.08752501061538816
-0.0073212571217171046,-0.014375618980158194,-0.006862951998902202,-0.004201108690925521,-0.13773013469443865,0.1844181228540321,0.024596670741525706,-0.0862608920809374
-0.007871104159928416,-0.01452413555302291,-0.007529510940804286,-0.00356117863399315,-0.5930346825286928,0.19950962883696968,-0.0023167180101915895,-0.0904104284221137
-0.007734235246765523,-0.014619255465355752,-0.007199498423684521,-0.0035307412707033113,0.010293550384167703,0.18817443634419773,3.2526584621482075E-4,-0.08880696580465129
-0.006878776490598561,-0.014272724500793935,-0.006242141097505816,-0.00456244540052143,-0.23662851127461973,0.16818643894557594,0.03786295037390281,-0.07964984236743035
-0.0070165735246441084,-0.014393618969059663,-0.006363467123587691,-0.004322357729191625,-0.1964163843574377,0.17081270253415412,0.02947450292728929,-0.08196608383173921
-0.007180530385362875,-0.014437964663455934,-0.006578294281042646,-0.004179946595067993,-0.17107355847255004,0.1760759775521118,0.024268960714038335,-0.08412654798878101
-0.014303711841978798,-0.00745479580756053,0.00423755355557925,0.007170662413360454,0.06021769684697417,0.10675747056607883,0.13415888344091817,0.002174507709177412
-0.014473947867902,-0.007437497297957871,0.003973887209702605,0.006939652600215985,0.13321613808529117,0.09624336481116846,0.12924342088202612,0.0015805425863317667
-0.01438153448432905,-0.007591233601480755,0.004011101356734484,0.007299804864965869,0.07250539394528716,0.09818544352421084,0.13693206519132547,0.010516437971683586
-0.02112793436161342,0.02094404671692257,-2.1620893894779526E-4,-2.2807730413155363E-4,0.006727779543576025,-0.012592196601124676,4.685975945887731E-4,0.013306989477364145
-0.025,0.025,0,0,0,0.0022138013284433654,-1.3612000089175758E-4,-0.002382387005673735
-0.018842934607268106,0.018867026948838416,-9.227775974844845E-4,-9.136382720446047E-4,-2.99799985783669E-5,-0.026701462235041794,0.0039564526533340735,0.031515018459018045
-0.016263394782605457,0.01563727288960078,-0.0025342829616476696,-0.0028402798686917477,0.008547919646077333,-0.05155720376453364,0.013914404191478352,0.07318391833632454
-0.01673099676564059,0.013668158969057998,-0.0021316819817906794,-0.003998486270462627,0.0425669851367339,-0.05798489500478079,-0.012195800265699745,0.0888310421806528
-0.01806940970328083,0.016655299809553336,-0.0014669637647828357,-0.0018648530126749324,0.025835154838847955,-0.03721588209576099,7.855944705773769E-4,0.04792081824913519
-0.016444153225287528,0.010578226637523145,-5.302597809745097E-4,-0.005915221614137426,0.026923568568889274,-0.03735574877087199,-0.07205371088043311,0.08745011510652823
-0.016845058068309233,0.011346299869795122,-0.001010875384038308,-0.005232333827904458,0.025371916683589103,-0.04594758432820623,-0.05426226674634917,0.08650638343722328
-0.017468597754005735,0.01223535628037362,-0.0012444267352717568,-0.0042974121515841875,0.026217423671592112,-0.04599756948801959,-0.03659437276166556,0.07300925137430599
-0.016376204437755264,0.009341317261877372,5.934316560001707E-4,-0.005971546662456398,0.02390227055294238,-0.005149875679833168,-0.09071198803820359,0.055265904853944677
-0.016507278839498946,0.00861998834085561,0.0011436315483152077,-0.005562808711206824,0.026146424512679647,0.014519560710096815,-0.08968567032978782,0.030134300919914984
-0.01687824790609429,0.009932963043665784,3.573740123307535E-5,-0.005445100836096313,0.01903970381463467,-0.019580056855529986,-0.07672638374482366,0.06085986768487851
-0.025,0.018733575722169347,0,0,0.225319153917965,-5.880689108871424E-4,-0.006798237601542038,7.934937772025883E-5
-0.013704014729422396,-0.006394013937467147,0.005567500810928684,0.005717299053556435,0.2955109490928051,0.15275176992528053,0.09114969172412522,-0.05451146883031571
-0.013644843410250553,-0.006577264761224861,0.005700079736582815,0.006073167146719381,0.26433362066230753,0.15927155896068315,0.09970525178631258,-0.04973398294463007
-0.013750556019033765,-0.006693441434347548,0.005504941499144277,0.006250666923050833,0.15843150980546292,0.15305621334388234,0.10622855043789163,-0.04330334968900116
-0.013822810400044627,-0.006527786887327054,0.005370760612862,0.005911110103146139,0.3353738476410591,0.14661621183850884,0.09807474401248527,-0.04807889939914156
-0.014221641019906126,-0.0073208682191713715,0.004462776260439179,0.007032646778048743,0.14621316359079858,0.11520388523500526,0.13076426287909373,-0.006027299967237203
-0.014399159280766355,-0.007302380748232049,0.0041751828293846655,0.006809524177718468,0.15449759547269146,0.1038760395809394,0.12617312335801104,-0.00610594127305794
-0.014045084994930429,-0.007061073770271073,0.004900641362447388,0.006735017597608865,0.427095047898501,0.13160752846562562,0.12250291699691702,-0.02165930543180725
-0.01395077548971791,-0.006935465283302505,0.005100816624355155,0.006584712981835046,0.0034643214512344606,0.13906478112863102,0.11768730489888801,-0.029145565615281328
-0.014124190971280648,-0.006924824213706087,0.0047965370568025184,0.006428537704443329,0.2263896122007857,0.12677230163979092,0.11523669004787808,-0.027487619407595854
-0.01413540329229132,-0.00718958373010223,0.004684830623408002,0.006886731843984796,0.2985294065690438,0.12351284955939185,0.12684597069388592,-0.01398650319251471
-0.014314517482414496,-0.007167581410700823,0.004382756192345279,0.006676040865241511,0.1572439105144112,0.11164158246695403,0.12268709146865632,-0.013717425329329831
-0.014220745398874418,-0.00703911667824043,0.004593747775888582,0.006546777420951738,0.16349830157169268,0.11939637351929044,0.11893864180901538,-0.020988775181305028
-0.01385256696814258,-0.006812880963004883,0.005306389620394469,0.006420110052676003,0.16205653709612358,0.14633768530838373,0.11221695735778026,-0.03643756026171957
-0.014031971845619674,-0.006788886082020061,0.004987208982245173,0.006258097993984954,0.30893306504422074,0.1336080208882826,0.10985730815164933,-0.034719354040305926
-0.013930698622098,-0.006660039218701704,0.005180003116309527,0.0060922995698198075,0.2932847929791156,0.14018450969403692,0.10439179020913157,-0.04137088794990248
-0.012534803145600099,0.003761840429872902,0.005871623503074918,-0.002108762836342868,0.23651463917096743,0.11410698462130271,0.013061596266535472,-0.06696822635388945
-0.013624533812429052,0.004978480279275117,0.005306078785153167,-0.003689098882303001,0.28917831730695487,0.13183859055470679,-0.029024663916428724,-0.07068593711692135
-0.013442229335510031,0.004871295725948714,0.005480305787961732,-0.0035337404798732124,0.29676022717719036,0.13362509326335095,-0.023110588446677415,-0.07229825008270571
-0.013242547077716969,0.004650655794993727,0.005616308176685496,-0.0032369819749550055,0.2944589920805365,0.13195386389919236,-0.01363481801621116,-0.07296309122198884
-0.012862369493964713,0.004037233351965493,0.005723366500537918,-0.00249131067809696,0.25971421360942193,0.12026561989740565,0.0037017272937153382,-0.0696393250569758
-0.012909468496925716,0.004458381960897408,0.00587933093121215,-0.0029135111735996144,0.3000588206023469,0.13182204587096694,-0.002936979779849299,-0.0734842278739304
-0.013923230705669016,0.005043643664267704,0.004978485113376996,-0.0037858937004332,0.26364632280025463,0.12517981161476935,-0.03501526736384294,-0.06717260350457112
-0.014234991977942436,0.005463431441314659,0.00467998148764119,-0.004260261641000666,0.24056659627177734,0.12227781827567928,-0.049920324826974,-0.06192979645759193
-0.014474672995142306,0.005836296433720968,0.0044043837052645295,-0.004658589312790557,0.21906000551468457,0.11626468735879229,-0.06362686207609433,-0.054332844671317625
-0.014791266247554512,0.006127188079328789,0.003996334016659569,-0.004888004911969287,0.18305799569452222,0.10544762257427044,-0.07265728884468851,-0.04549347641388961
-0.015130486940211395,0.006615819363398889,0.0034830362702921894,-0.005261912105389336,0.14626827220690333,0.09096863027919598,-0.08457823591196902,-0.0315119080155758
-0.016288104155832313,0.008060538152601241,0.0016637417563643948,-0.005500772637019375,0.047120662720398436,0.03259218449775327,-0.09162471137791738,0.013921915113246117
-0.016037239359139883,0.007311897783153079,0.002296307335829181,-0.005206118031761624,0.06850420387888152,0.0546547199209047,-0.08648601180733442,-0.007794363718974461
-0.015734309293177956,0.0067805707941433644,0.00280329142961171,-0.004991315961071115,0.0946626817070277,0.07185883712307378,-0.08124267240627864,-0.022802557011606075
-0.01128443814685019,0.003537937174988142,0.006550895189197548,-0.0011445288585868014,0.18164641366520376,0.09848732141306239,0.040918502288716956,-0.05558331572685705
-0.011811902275626526,0.003531359741828974,0.006259025378988663,-0.0015254790925329136,0.2127096776936242,0.10433476105733237,0.029816547873611148,-0.06081989949622609
-0.01238362737927133,0.0033191700184235385,0.005773353781264526,-0.0017078695326176675,0.20205842289609374,0.1009194324995214,0.018110394773207746,-0.06152479989131592
-0.007684161289494361,0.001935675427955618,0.005325796930083996,8.871125512660718E-4,-0.01377337175371002,-0.0141800771629694,0.031496011657078264,0.020715579589637764
-0.008609086927903572,0.0022770018301837384,0.005840986185132426,6.920471751268244E-4,-0.009113957047513497,0.009316678803051495,0.04227656362261944,0.0012963803617099645
-0.009084044030346627,0.002501932345204796,0.00608586667672908,5.27196282074036E-4,0.014244743326104505,0.02329637153920264,0.04680523568072241,-0.008661217469023156
-0.009796566112236914,0.002794825919178203,0.006355118434847977,1.3274174351456298E-4,0.04738442995547459,0.04458360836206326,0.05084723662194463,-0.02308749276968032
-0.010391420641160581,0.003125232844954091,0.0065393345310639514,-3.092527502667158E-4,0.08948318365663212,0.06758088308080246,0.0509873890011153,-0.03686759535361947
-0.0109721938407066,0.0030518622956651606,0.0063617176983056635,-7.239174261485619E-4,0.13326480234855473,0.07832425070192432,0.041777349470546635,-0.04609850039070327
-0.007352962094613454,-8.238805141459571E-4,0.004967621307136887,-4.010278500203698E-4,-0.0037616479486722626,-0.02081874211637075,-0.012181450058429993,0.02377769705529371
-0.007628919845835966,5.231407677846701E-4,0.005067877879440459,2.3119779607614317E-4,9.266119544421709E-6,-0.01536743596268947,0.008316714037052366,0.016176476289306987
-0.008468851578423416,-0.0020002343932402477,0.0056933998397281456,-6.485524764962592E-4,-0.0027312570663171744,0.003796867991526728,-0.03628213106448327,0.002730945153594975
-0.00917381089178316,-0.002987268275412413,0.006365862521985313,-5.958690818493308E-4,2.773596838263933E-4,0.029139276390021427,-0.05757564708384739,-0.008630062158678923
-0.009737192716343176,-0.0032228115562257277,0.0066193557223798325,-2.1407806409911258E-4,0.03373141592751237,0.051463058132279936,-0.05954700367795359,-0.02313300545059764
-0.010380357380855895,-0.0033113247545630874,0.006669188009183278,3.262740943978346E-4,0.09377860177013485,0.07155519708709467,-0.0546359896741317,-0.03788036304685504
-0.01283841878515235,-0.005526040887089185,0.006593880202183739,0.004169979118410337,0.4476510713254722,0.17248589290907732,0.03191560891036071,-0.0819603651665174
-0.013617772794510364,-0.006111987833821373,0.005658615767309309,0.005255593691292071,0.3616996127746978,0.15508806596334376,0.07475524074648897,-0.0631891360321624
-0.01348111414426692,-0.0060471014903306945,0.005864150294246606,0.005156581303464774,0.3786746632299358,0.16063909568094062,0.0703622569040646,-0.06696468654277792
-0.012986227053094919,-0.0056189893416051465,0.006437662378480751,0.004375709711552646,0.42633987368710663,0.1707410157076954,0.039968238520301146,-0.0798115827349139
-0.013095066889744784,-0.005751995526998158,0.006351060749847119,0.004618682844747253,0.42985804606243516,0.1708645023421071,0.04896901963813046,-0.07754599578166144
-0.013389591251511119,-0.005913061012829911,0.0059631434156090036,0.004934689126637752,0.3819383130415333,0.16241851429990373,0.06221863683342612,-0.07071886096439957
-0.0132479742704929,-0.005810719313924841,0.006142593664145317,0.004750825989918034,0.40882807523997716,0.16619387780875308,0.05488460260914605,-0.07440807094470397
-0.013754870152652325,-0.006209040542434295,0.005454365742931822,0.005391942563003943,0.32747688618786625,0.1494909542961235,0.08022910323005365,-0.05860071140514501
-0.013772312479908951,-0.006008002389253318,0.005389712486927894,0.00507079090280894,0.3136979742509099,0.1467677388556946,0.07039697502121074,-0.0621877022050622
-0.012291940201366562,-0.004945146468747874,0.006847250208043837,0.003062054326783637,0.4076971413517552,0.15941637729642835,-0.004846911983516327,-0.08140975029786766
-0.012240702695618232,-0.004742441443766255,0.006741626004795898,0.0028069289942888984,0.3724650450364959,0.1507031958855752,-0.010527635164140832,-0.07879644297758523
-0.012510011992099395,-0.0050754241066446005,0.006697953439843015,0.0033743739688791166,0.4162603221920308,0.16202515657121805,0.005627518755251082,-0.08212030035722799
-0.012812695042488838,-0.00533948322971677,0.006501709513892374,0.0038958938799564836,0.4235573130157401,0.16590202247171923,0.02375753912930181,-0.08142270711100348
-0.012737854214742352,-0.005151474139444198,0.006472261152906118,0.003610409064730813,0.40538466793206995,0.1603957771247277,0.015032293103988065,-0.08104616188374135
-0.011280151565817033,-0.004094343736760305,0.006972988887516732,0.0014263347508204243,0.2361504808605057,0.11857942777423906,-0.04452751270244987,-0.0625387818975408
-0.011535036129871784,-0.004260127188662385,0.006952902907786523,0.001775275327874075,0.2772060297305549,0.12864450056019214,-0.0374202642266348,-0.06800905528663476
-0.010897914418022287,-0.003496298214894835,0.0066770730426991805,8.110399818405889E-4,0.14989219614697155,0.08897291188808705,-0.048475788892214954,-0.04913784020164475
-0.011231503257776346,-0.003748208040408565,0.006725414843485192,0.0012010465706702102,0.19584747735941588,0.10373931505717923,-0.04343690527359043,-0.05714658449191658
-0.01183218958174169,-0.0042246124466705755,0.006710269970212482,0.0020149663122430426,0.2834961224426323,0.129274974809628,-0.028500846357211656,-0.070268992749218
-0.012097106796635343,-0.004336388694163834,0.006576094353001584,0.0023161266149700336,0.306010793658499,0.1341518816847476,-0.019914652400988272,-0.07313946814639354
-0.012290847630392222,-0.004517307845158138,0.006527471998111929,0.0026220791244665376,0.3319784852510032,0.1407377650853854,-0.012098699704701628,-0.07590217578878834
0.016793592856199715,-0.021107757642311042,0.0010206545500970352,4.780732889215346E-4,-0.09406974791007984,-0.02110448532518675,0.015203022436806738,0.024584113398416433
0.014704507687773868,-0.019168711278886724,0.0022935693458503367,0.001035315958206573,-0.04154113220440234,-0.024155413797027823,0.030493595799421375,0.0346324391413902
0.012085595835363516,-0.017893121841441605,0.004021674146259911,0.0010088909659924999,-0.033541700055549344,0.0013443657568398598,0.061670369227934896,0.02052083765190108
0.012796315035297864,-0.018963959879649883,0.0030552389618038645,8.656895452220966E-4,-0.04007000933190412,-0.010366521991316411,0.04496680192822076,0.02365320255983395
0.007721196436695019,-0.015546273702810953,0.00604734602648689,-0.002468727843782007,-0.07429752860908427,0.14194684689163625,0.029314059177526063,-0.07377816834934721
0.007312901553101746,-0.01544526816487973,0.005753774728044307,-0.0028301626424451242,-0.09576096611721514,0.14136596160088233,0.01768244240858282,-0.07538978359715616
0.006790560749381029,-0.01541094271206504,0.005244427847328508,-0.003112665569985536,-0.1254766787089124,0.1340840143990788,0.006595958335992655,-0.07411935132037852
0.009466056109518351,-0.01698551255718375,0.005274699734971583,-3.735105263567183E-4,-0.028258180818516266,0.07241325329314853,0.06845720135251308,-0.030907578696531303
0.009035648134112432,-0.016737717997127432,0.00545249926353897,-7.441380746837409E-4,-0.029621603717086425,0.08749248783105265,0.06421301689541399,-0.04111429300218908
0.008159276099533774,-0.015916177503834054,0.0059772555343248,-0.0018362060591178009,-0.05801266015108186,0.12718050352236251,0.04572502038443414,-0.06517743600467436
0.008515610122988182,-0.016568260676905512,0.005443183812463414,-0.0011936594022794904,-0.04514581529558844,0.10022276825309274,0.05588262220164062,-0.05097047660523236
0.009963473460023414,-0.017547945548188133,0.004730476591415472,2.8558698540515442E-6,-0.026801186871853726,0.04763147988334048,0.06538820017457171,-0.01727034084272011
0.01073124096045732,-0.018180092682788238,0.0041127114201263346,3.601097030975409E-4,-0.027026893945974583,0.022962933643252564,0.05964533041974433,-0.0018492223597250986
0.004927020794479554,-0.013225916233512111,0.0035425186136336397,-0.00575453498453862,-0.34078124769829454,0.08760842686383219,-0.07086305463411659,-0.03782470663988696
0.004610408071034054,-0.013006929760054756,0.0031121935004703723,-0.005853157506174062,-0.33070871773377547,0.07428783292941205,-0.07182496110381283,-0.03033190055387776
0.005113156379379539,-0.013521724496974025,0.003835581643597321,-0.005472289832502446,-0.32343942926681485,0.09807895407981884,-0.06391897794704783,-0.04645005908587125
0.005240980875662986,-0.013945092373855723,0.004017282416565935,-0.004997050230032157,-0.2862358839760764,0.10706732508255233,-0.05022121397205976,-0.05662681817456645
0.00551221035012248,-0.014360884288153403,0.004292123354198655,-0.004534297946432127,-0.25441875994303076,0.11549788863249869,-0.03744641365919283,-0.0633720275016043
0.005702820644743317,-0.014645589712616338,0.00444129131104342,-0.004201837633223328,-0.2211680731241618,0.1198700312266056,-0.027969780628937922,-0.06714856211832304
0.005994127058198467,-0.015187781720693763,0.0045418212567251625,-0.0035700489062879016,-0.16144401636688624,0.12236893267194379,-0.008837821213426132,-0.0704847364719469
-0.0030779281074847214,-0.009696273164868593,2.2998106897885958E-4,-0.006519531921730851,-0.05962710824480919,-0.03401819106393506,0.05409611408114067,0.06503324238886388
-0.0026024901370133528,-0.009098699398110323,5.406928730994237E-4,-0.006133945987690955,-0.03338967443699908,-0.04182491594911169,0.03952303935490847,0.06847356366133693
-0.003119098548125525,-0.01039028883928416,-3.120741748723591E-4,-0.006535354129019067,-0.11804185931181076,-0.018923161228101545,0.06029360684165897,0.04643542906837838
-0.0034231763459971675,-0.010807158108445951,-7.116128797653578E-4,-0.006654401111124813,-0.1664631540726424,-0.0075255469617272015,0.06944947972938653,0.038301951593259574
-0.0014851973571839852,-0.008738745990028112,3.9030557455570696E-4,-0.005631457919710787,-0.03599282359310794,-0.04183233251653494,0.021230772323500683,0.058050598437586254
3.8005208725679676E-4,-0.008736680088081612,-9.88654457033274E-5,-0.005459143889413222,-0.041875219305229465,-0.038939841711033575,-0.005339948028053662,0.05004837954386384
0.002396057808505016,-0.009586841176113192,-2.2521480940131185E-4,-0.006128051621001751,-0.06897863402879405,-0.03477055240363606,-0.04062747480494299,0.054317871220556924
0.0030674869165689816,-0.010270443318357763,2.1053690015774036E-4,-0.006517538239680098,-0.10501004737999334,-0.021378139183872328,-0.05886771282821058,0.047232456069040175
0.0013053739002668347,-0.009591373008631257,-1.1222874210596489E-4,-0.00574830769774925,-0.06414350885909925,-0.030927503409887182,-0.022063546326415696,0.04084328427021926
0.0032566104615935018,-0.01114558406989196,9.224773402474958E-4,-0.00642808767775678,-0.17329010662208041,6.194755058850226E-4,-0.06518093500713112,0.023277064832387784
0.003962080768697622,-0.012850588882670563,0.0024184261592280036,-0.0056996377696271906,-0.2671142618236713,0.055778393359123754,-0.0617846430888319,-0.025301094187455655
0.003376508878885673,-0.012130998196607599,0.001622694756481566,-0.005973093938268365,-0.22054405282188644,0.028180119877251632,-0.06154852016754027,-0.005776011995966608
0.014410572767669348,-0.025,0,0,-0.2705994092796311,0.0026844026145558257,0.020983112769413184,-1.4867790091746194E-4
-0.006254101040971569,-0.013973997160094837,-0.005404212264505889,-0.00510912019780669,-0.29884334143132435,0.14423514073709054,0.0561122147799782,-0.06721406481234678
-0.006421397479090386,-0.014148059764893403,-0.0055945364810808485,-0.004838485661784949,-0.26580681128631567,0.15001096432808145,0.047292378154574745,-0.07184918500330278
-0.006647080925043337,-0.014300780439892916,-0.005858534471398879,-0.004574416483930322,-0.2322671610372771,0.15736832955643607,0.03825074416526094,-0.07645091600950495
-0.005811779107579399,-0.013880409986750336,-0.0047662501835521376,-0.0051931868690099,-0.3144108716763104,0.1261074417258801,0.05808359684497073,-0.060271408400906834
-0.005977240784074932,-0.014059547701937711,-0.004966905071980287,-0.004961160334530451,-0.2904737141452753,0.13262129880861528,0.05097423437328228,-0.06519203558609436
-0.003585381354615385,-0.011417113842599535,-0.0012742585406994463,-0.006518714509293992,-0.21986388408470517,0.011045915045171288,0.07285230633751728,0.01868630467515836
-0.003601765639815479,-0.01216383598047004,-0.001791468771483593,-0.00606874441227949,-0.24518906755900846,0.032224662195698354,0.06600568451401263,-0.004978808754532341
-0.003790342612246127,-0.01258642177379771,-0.0021565984926239902,-0.005844948298583074,-0.26061464242446447,0.04670881226014632,0.06359707869268642,-0.017368239915986773
-0.004536616192311549,-0.012743775412955032,-0.002916428803100827,-0.0060910754230822034,-0.3388956152558001,0.06629545241016034,0.07703950528597996,-0.022245626253121837
-0.00409306361761257,-0.012785552367040928,-0.0025080714202489474,-0.005820309937762825,-0.2856567877781994,0.05740991835041544,0.06609005592342958,-0.023251340457891075
-0.00560735547605669,-0.013709425192247344,-0.004491926246907956,-0.005385706992577597,-0.3345892028278677,0.11720577200093031,0.06350674208474234,-0.054595350976830624
-0.005233678439954406,-0.013280840917895793,-0.003936298079516489,-0.005825084049293685,-0.3701473231720492,0.09793837756247249,0.07484105838456033,-0.040546369456091184
-0.0054051672621622604,-0.013518738833936837,-0.0042064682108484165,-0.005581301404693483,-0.3487417627446805,0.10781236446944609,0.06864592066509835,-0.04833677314837654
-0.004841687254106525,-0.01318991986076522,-0.0034331793963776618,-0.005759107999996989,-0.3402428858607372,0.08474022919753431,0.07066256336541767,-0.03647669911800298
-0.008014263716568458,-0.014588774500088612,-0.007642679924220293,-0.0033110770351550585,-0.11920858686144438,0.19949395409337367,-0.01122530595585164,-0.090058536141215
-0.007869086906106274,-0.014712525252723277,-0.00725896989730601,-0.0032809806848425396,-0.018699026655423417,0.1868910329265158,-0.008222034367122542,-0.08840897183848116
-0.008159381790995318,-0.014648884232660605,-0.00774391212174522,-0.0030671475945818045,-0.07270609466444233,0.19885490117212337,-0.019992340120117094,-0.08912155356950101
-0.00801795251247815,-0.014778536726907978,-0.007356885807048533,-0.003050589070733127,-0.049455709249223434,0.1866464155213712,-0.01643606828955808,-0.08780164810281003
-0.0075860823779242935,-0.014672635648532759,-0.006923105272990428,-0.003575121752949874,-0.12015121013719135,0.18100811775379835,0.0024120746737678676,-0.08694579575578115
-0.007434725410105484,-0.014632756650598008,-0.00675499537164164,-0.003739462044959153,-0.1311170462646997,0.17792595586588777,0.008518818589490886,-0.08601958545826377
-0.007287736974146097,-0.014558697136183055,-0.00662026498449327,-0.003939220067281248,-0.15808428899297775,0.17578941812835228,0.015704059574490347,-0.08500432232649881
-0.007682491883896577,-0.014820778855506037,-0.006868947992421935,-0.003299959985850739,-0.11336038790680639,0.1764698096935149,-0.007102178620456381,-0.08565692129049719
-0.006815817278655045,-0.014495640561269625,-0.005977483430713394,-0.004239119808363504,-0.19846004412042026,0.15984115934741452,0.02689110482112043,-0.07937835496032271
-0.007069096917967296,-0.014620958587438608,-0.006240613609513093,-0.003959852763882385,-0.16700873035399244,0.16553041114279518,0.017031615913054826,-0.08222704901619539
-0.008306313695911128,-0.014704405031812397,-0.007837035769641931,-0.002820852099012049,-0.01773702463825261,0.19761517053376376,-0.028707437357629668,-0.08762550215695807
-0.008168763371265946,-0.014839562630703925,-0.0074483851171288145,-0.002817478109122508,-0.04874598284504333,0.18578484137109563,-0.024652806324785306,-0.08666620085194364
-0.01454924633991278,-0.007580226485189175,0.003757200802555364,0.007066678645400532,0.09363998117223504,0.08801705564540056,0.1319206002542648,0.009785114158348011
-0.014455032777517945,-0.007730047808600203,0.003782908667140579,0.007420620619361699,0.16818718195942525,0.08940943713715858,0.1391349673634729,0.01900550077281608
-0.014579293525773458,-0.007288211579167828,0.003908209019549739,0.006600521200526299,0.1342719266095359,0.097567093454054,0.12006762436774344,-0.007014098857273871
-0.01464106513442204,-0.007424739888636858,0.003734450220916012,0.0067322053787276515,0.12100280283565636,0.09080841352062151,0.1232736931933802,1.699590941565293E-4
-0.021200319594349648,0.01661882669035259,-4.641606526173217E-4,-0.001037433640189425,0.10182493348791753,-0.022986379725434485,-0.009520481858738257,0.026576064405331726
-0.018691282857876253,0.01423038275105381,-0.001178357088044195,-0.0026853550122048616,0.03391593333463889,-0.03936778526086749,-0.01724467329974463,0.052324783817249185
-0.017687389767250292,0.010746448818621652,-4.384934937722535E-4,-0.004548892671200206,0.027867742754956324,-0.02709151939690321,-0.05642733660248873,0.05330916929144254
-0.018968623898444212,0.011934953521072458,-6.397747194251173E-4,-0.003282559227689509,0.03606042738829938,-0.028189780330465163,-0.03687701348474908,0.04301270926227596
-0.01708127540787296,0.008079019093918846,0.0012263512826578824,-0.004733258851031641,0.035705343390247654,0.025473926015102077,-0.07472555744200866,0.0068084489819400466
-0.01765040852369254,0.009105256256711434,4.8033959026990856E-4,-0.00454827094971939,0.01412917431673394,7.156090934782986E-4,-0.06747800531469152,0.024804650884421995
-0.025,0.014410572767669334,0,0,0.26968132506715403,-0.0026345452630077396,-0.020297507672959778,0.004399676705264726
-0.013993937935531796,-0.006506451893627016,0.005080219777551895,0.0058013482252089205,0.2630286655528521,0.138169594529151,0.09497289567308476,-0.046117078723948594
-0.013919164492694506,-0.006332475375045958,0.005200534079604496,0.005546953924916027,0.2859027848072681,0.14218144389510382,0.08639408114672963,-0.052633627020144694
-0.014502104621396754,-0.007145380561345345,0.0040988739861335605,0.0064639850036652706,0.15622661540557534,0.10471870414165306,0.11647525640773691,-0.014342498495616002
-0.01419020779102666,-0.006780636311534173,0.004721476391955698,0.006142301170830533,0.21208460703258739,0.12602243649673733,0.10656770766995786,-0.03312714824665733
-0.014300006612083034,-0.006876840410151168,0.00451918631905952,0.0062190062828909945,0.19710725148499628,0.11939266634085892,0.10923127398654332,-0.027956879294606742
-0.014408235373395485,-0.007008247852088295,0.004302944530187078,0.006338456012148295,0.17770843452237275,0.11200243776557757,0.1129109522453423,-0.021293604422235407
-0.0141449370009985,-0.006617178462701542,0.004824478962956658,0.005904853037790402,0.2300749229128174,0.13019558793208416,0.09900929654537861,-0.04016799800502372
-0.013098363655617895,0.0034157683246205215,0.005280892147455964,-0.002053133255653334,0.2064057385111853,0.10226455558072768,0.006114799502452999,-0.06333768699823118
-0.013717896991402188,0.0046147896763221365,0.00509345241967473,-0.003297743168663784,0.257344809374954,0.12202210220380717,-0.021350800794475638,-0.06877746321393054
-0.013332553050686159,0.004117160428118384,0.005324409746539853,-0.0027252125391052685,0.24385238997332195,0.11799370926368358,-0.0064493457155697575,-0.06872600286437175
-0.014411932637911639,0.004787625973011429,0.004411541633903868,-0.003493533901319248,0.20180346080640446,0.11117786092442937,-0.03312693619210872,-0.06276387702018592
-0.014894404536621103,0.005499041590359168,0.003929442003370145,-0.0041363844420916444,0.1828968769678304,0.10403200191170602,-0.05228401242318181,-0.054095398146759184
-0.01571749306829924,0.00589020015863052,0.003077786208528599,-0.004185384701510044,0.10897538124164627,0.08249712481939196,-0.05980663013782633,-0.04119172466656392
-0.01685188918725743,0.007226407848793148,0.0017680126072316218,-0.004473259937333881,0.04114000003502565,0.04449424694515969,-0.07090454131248654,-0.011971213293899519
-0.016264761964971102,0.006616792943236008,0.0024085299393611826,-0.004475121965364211,0.0786338441119628,0.06375349617942187,-0.06890508319712184,-0.025862601436981398
-0.011707078275967592,0.002847578613039015,0.005949514246860842,-0.0010863487781153584,0.15239364215820908,0.08423825741572565,0.028068198802926936,-0.052811837635398554
-0.012613503764759618,0.0027348092386807843,0.005396492360533319,-0.0014175198094385502,0.16484131072252647,0.08894616843989321,0.014853034852443065,-0.05740064050305234
-0.009203088049140945,0.0015147466273237055,0.005745941713479382,2.5785558909246006E-4,0.02539636185874688,0.016458276902982596,0.027513074282041524,-0.012360886401739742
-0.01072881481821515,0.0022144328175308895,0.005994916469250321,-3.6927728182843894E-4,0.08913274261382251,0.05665980117264708,0.03308649043971873,-0.03768647912007777
-0.009204838132087763,-6.090113824483485E-4,0.005574596666123999,-9.99012731955754E-5,0.03128516425728512,0.013175846537845566,-0.011013215771201653,-0.013323090587816392
-0.009872742437084884,-0.0024125664686936495,0.006157424881617677,-6.578931944847801E-5,0.05146600225816272,0.03991537612279305,-0.04304640957742056,-0.024703586022716936
-0.010798648667943653,-0.002772539543357725,0.0062484106055819616,5.294878449984356E-4,0.10833177794178195,0.06826928533719367,-0.039892791885245686,-0.04185809876821045
-0.013024241674288303,-0.00540575271803924,0.00625411092629988,0.004083869716380217,0.40059976527622204,0.1619070010640649,0.03199182372774,-0.07897708026535638
-0.013605754100617826,-0.0059085137845789545,0.005621708826150628,0.004932890184918346,0.342807709052241,0.15273909478768014,0.06446574911843712,-0.06670204458280925
-0.013215641677084384,-0.005578806849992376,0.006076085294067141,0.004392258680835637,0.3902485725172062,0.1608282766830819,0.043262021694997474,-0.07612591801496958
-0.013442288209159456,-0.005710488445654965,0.005801609704075786,0.004627429649475891,0.36283712343707464,0.15554642832858076,0.05324465496039366,-0.07158931390798172
-0.013929633454905646,-0.006108531559179929,0.005164712930326707,0.005192715574708919,0.2912178229801304,0.14057697429571378,0.07573185279545007,-0.05749562043670187
-0.013939452429766946,-0.005931254464951316,0.005127712899102483,0.0049276665763686054,0.29022882801609956,0.13840412391469378,0.06711811521113964,-0.06081493837485317
-0.0138301950144515,-0.005794124502095453,0.00526094484707625,0.004747247762882636,0.3042811896389106,0.14126892593380883,0.06060514367564046,-0.06448994294154904
-0.012506730837666308,-0.004729017814086076,0.006454964089291299,0.0029815005045001684,0.35605677180099077,0.14723908119382598,-0.0021579619041703704,-0.0782111941539839
-0.01277852894601879,-0.004886084937062407,0.006254079634241198,0.0033129350547937172,0.36062974677542886,0.14898606957475272,0.009104677266690132,-0.07842523332103994
-0.01299832355080567,-0.005123397262422251,0.006127166258276266,0.0037011003191445495,0.3707742309538093,0.1527933041763779,0.02135180791812034,-0.07835055155990155
-0.011652056466275993,-0.0038106936100242464,0.0065373725880791605,0.0015831247611017914,0.225140548299051,0.11128221849360855,-0.033611008075274,-0.06300228052192668
-0.011390993596188332,-0.0032772071124082154,0.006333484194998987,0.001101973697657262,0.1710286922545923,0.09141277265680466,-0.03668604816839796,-0.054236612928679255
-0.012138474892309598,-0.0038946273485435654,0.006252925330713696,0.00198799550128145,0.2533689005348414,0.11662218346133502,-0.021862977883469834,-0.06711285953671776
-0.012329222259873733,-0.0041916454742570415,0.0062795508922001584,0.002350684273959768,0.2866502676152104,0.12781607423175637,-0.014749006497880465,-0.07176865935057096
-0.012542839113216573,-0.004367058836116894,0.006190165851764775,0.0026388434248169426,0.30609818790066157,0.1327895713682289,-0.007351066501076993,-0.07390701930205167
0.012867035457778538,-0.021503253719866253,0.0017143216611315256,2.965753935174165E-4,-0.09049079122059893,-0.008008446610169738,0.029583634769900616,0.013199364203782036
0.011171075547332755,-0.01955249532054363,0.003064613818948719,3.3460669873946596E-4,-0.026371858862056678,0.007307700846558824,0.04420664688886847,0.003402794929528205
0.007227369268192436,-0.01609125060367493,0.005090526727485968,-0.002290511419532139,-0.07699059334369347,0.11792002965135243,0.02644903953934675,-0.06685508320189672
0.006311979807600566,-0.01588260450231379,0.004466208836846798,-0.0028262675658125573,-0.09730484643082143,0.11406580631082822,0.009661168118449713,-0.06762501454120887
0.008753205701145484,-0.017511624464483403,0.004593772906009474,-7.058814345787731E-4,-0.022914378594552996,0.06696098736599822,0.05356788401674574,-0.03578840295284361
0.007661887647621826,-0.017007086720959286,0.004584518083093251,-0.0014767949040427003,-0.03231827070853412,0.08826518800084653,0.040926471906559236,-0.05149598946102776
0.009465752698525487,-0.018868930288486407,0.0035765113336639607,-1.5534471290437556E-4,-0.008448409486054144,0.03158198845221551,0.04740931032881585,-0.01579792964099425
0.004510638941341534,-0.013692322241546533,0.0031837729971028734,-0.0050914936200439275,-0.27077805337563093,0.08420232126399786,-0.049729256874037016,-0.04742818690537543
0.003711750597922218,-0.013541410527391091,0.002410930884865027,-0.005009670383527346,-0.22720438147701882,0.06766909120215503,-0.04542306151601486,-0.03956580807361532
0.0050494993994912645,-0.01482699475489603,0.0036898203248685734,-0.004012474504655263,-0.19322450185351084,0.10600833149687625,-0.02191519301349152,-0.06303044161256434
0.005545111532866837,-0.015826977432887517,0.0038301609856013904,-0.0030368550784809806,-0.11694908293358175,0.10493938089373749,2.492123001591295E-4,-0.06412177655131648
-0.002067067072895274,-0.010204869220075878,-1.0210374482461833E-4,-0.0059987316803366475,-0.09227437044806884,-0.022778655473316693,0.03792062757743491,0.03496338892267197
-0.002829797234886546,-0.011123270073185277,-7.460196658970636E-4,-0.006185000962901087,-0.14534005400423475,-0.0015006595177829748,0.05473485934596938,0.019293722136558913
-1.223069381789246E-4,-0.01041976033912437,-1.292680978850058E-5,-0.005590431007100252,-0.09184840960831818,-0.01959085124111062,0.0023891986526221698,0.01950925795996644
0.0018719346773892276,-0.010939472263195376,3.874776646622456E-4,-0.005825512455585943,-0.12373777913639952,-0.009422576434311393,-0.034804289248961555,0.015854451340756744
0.0021707711256844417,-0.012132156064881673,9.442139850700796E-4,-0.0054830639484065484,-0.15410487488454197,0.01816974221088878,-0.03717043216394466,-0.010727213814714585
0.0028899433092358447,-0.013296256021710652,0.001707245812040299,-0.0049703375630955485,-0.1806600595083873,0.050431156248208826,-0.036369459400468124,-0.03398169310855569
0.010729293840437144,-0.025,0,0,-0.06060088027804502,0.0071780071796462884,0.02853843841497976,-0.0020668320623109435
-0.006160815975047364,-0.014234481566328162,-0.005172873737048111,-0.00471969799645304,-0.2621105927327458,0.1388979011131413,0.043420640185241825,-0.06965110175645983
-0.006389119500919908,-0.014347399081573016,-0.005449026976069335,-0.004544027550955072,-0.24132613851697932,0.14624879007314948,0.03774744250162908,-0.07333719723528875
-0.006519751463915898,-0.014596478502995044,-0.005491684558696529,-0.004175171330466733,-0.20671558822588554,0.14688772788604962,0.02565727445461827,-0.0760568185909881
-0.005744277121339961,-0.014104594705049666,-0.0046369244603980736,-0.0048758063863243144,-0.2831915719351357,0.12398993563980257,0.04792396789493179,-0.06316399974024237
-0.005591375472106514,-0.01396476734787165,-0.0044558341846425605,-0.005038748122635082,-0.2979428077617504,0.1184900106234473,0.052560994785398364,-0.059571036259129385
-0.00584888524903631,-0.014330233827045739,-0.004718884961769179,-0.004587708753120068,-0.25228105207036783,0.12719807393295665,0.0390723366611786,-0.06703452012983867
-0.0028505736840723044,-0.012171869336363939,-0.0013198258847016149,-0.005706872487082918,-0.18707097917121274,0.02432842773089609,0.04961776886223953,-0.008073083221414536
-0.0033911190871706467,-0.01256648289670252,-0.0018390469606847557,-0.005678943842957195,-0.22755816123028821,0.04076913009762535,0.05566967236969909,-0.01766643357268983
-0.003714995827342859,-0.013046237833314506,-0.0022792228501578578,-0.005429565638253289,-0.24609229376365363,0.05686317933946642,0.053667506422039414,-0.02921902961474231
-0.004276009263109587,-0.013187217806193295,-0.0028341829620631494,-0.005522898868334778,-0.2843333182320183,0.07073758448589594,0.060220004696511474,-0.034610219849304964
-0.005322133138877402,-0.01386582034848538,-0.0041172298458933415,-0.005109529991795585,-0.3002909142334969,0.10909510445609995,0.053821930522976326,-0.05550820545488557
-0.005042818302878792,-0.013595212455027863,-0.003760559390661819,-0.005362649723471804,-0.31504130565078453,0.09777931721846135,0.060216426483648895,-0.04809939910966803
-0.004636007770135723,-0.013555925209758016,-0.0032948117861335688,-0.005273521740731954,-0.2896552176541798,0.08588904702069465,0.0558363225337565,-0.044371714247047916
-0.007869980358958105,-0.014905636952242299,-0.006994095420150573,-0.0030339806615985146,-0.08654353206504695,0.17636256228322875,-0.016465269324161157,-0.08496288491736216
-0.00802589829650169,-0.014975945580778985,-0.007080559773615681,-0.0028063282224281105,-0.06844283262651242,0.17533130333191257,-0.024343223537464515,-0.0837703348545596
-0.0074507371020782675,-0.014812139926430363,-0.006574269785164522,-0.0034806517507112588,-0.12128899014923573,0.1704862712888057,5.25069935711622E-5,-0.0843161413785884
-0.0072467380406390424,-0.014755314282685911,-0.006360427274785088,-0.003682043713910819,-0.14087925178555757,0.16673682370163787,0.007417054105311717,-0.08324195274376238
-0.00771466570011577,-0.015041710202169503,-0.006632586675115601,-0.003001845833515857,-0.08852419200789387,0.16631477834101213,-0.015803450973136745,-0.08253711114794458
-0.007551904829874605,-0.014981719321144463,-0.006509681834866101,-0.0031953333999213047,-0.10353650391373448,0.16563630334078483,-0.009065197542211018,-0.08287339649184834
-0.006757419374552483,-0.014770728867657781,-0.0056907992836505265,-0.003876844162608407,-0.17564922666923288,0.15069203040895254,0.015659131252748173,-0.07846426502246606
-0.007020762913745909,-0.014916705258295804,-0.005911750922299896,-0.003584356064205377,-0.14694007523179717,0.15417965691180965,0.005563911241189255,-0.08008973388473818
-0.008454915646326116,-0.014755282782341356,-0.007921973376173714,-0.0025728601614049607,0.010556119482224471,0.19577143628066004,-0.03733596648278302,-0.08559733669970727
-0.008320613796018247,-0.014892944307041875,-0.007536205192102934,-0.002585636070954946,-0.04253217232845163,0.18448630963982895,-0.03271592240206162,-0.08505193641732106
-0.008605047553236283,-0.014801469324203573,-0.007997723898705506,-0.00232680655338,-0.10779112713118534,0.19319140180786523,-0.045761812556643654,-0.08308329296719957
-0.008473776162474796,-0.014939583260258928,-0.0076196456738661655,-0.002353271409846046,-0.030339599290722597,0.18274727425775905,-0.04066356937337396,-0.08296240879617783
-0.008182215077014577,-0.01503672563865724,-0.007164775938467912,-0.0025828529248477536,-0.05500928359578911,0.17396395069232387,-0.03195963290599036,-0.08219684823684836
-0.014625315749621642,-0.007722910755858754,0.003531510546060476,0.007177172760194017,0.05671132894926639,0.07947612501896949,0.13384939279251998,0.017991618343409305
-0.01452413555302291,-0.00787110415992842,0.0035487443772047925,0.007535366698188182,0.17122370339241721,0.08039542058096155,0.14082116594149208,0.027623044435545308
-0.014718582025684,-0.007574929558600601,0.0035203179528897834,0.006852899465532573,0.10555209481773807,0.0827017304620129,0.12588012149840203,0.008162599808897738
-0.014698369879321549,-0.007868385721459363,0.0033006142862832925,0.007278974675705096,0.049933881218167255,0.07081506241955703,0.13520826200461464,0.026271810110423757
-0.014588774500088612,-0.00801426371656846,0.0033087464702102327,0.00764373886283658,0.11054987939761267,0.07127492916916693,0.14201868182797106,0.036361103149006285
-0.014801469324203571,-0.008605047553236286,0.0023331622828804627,0.007995768498113833,0.3705241458321223,0.03524580257894791,0.14118320344653496,0.07176583251028779
-0.01497251762606689,-0.008634669640891648,0.002118331924011317,0.0077187694690096795,-0.022691860688714132,0.027452521013013254,0.13477913617571266,0.06895384237111414
-0.014842921746160495,-0.008756573701192635,0.0020733160939008432,0.008066882162717188,0.07574667654882442,0.026051108686136193,0.13954786818659345,0.08040727600527826
-0.014755282782341355,-0.008454915646326118,0.0025732703368114822,0.00792189368122044,7.662840589793026E-4,0.04424385855903614,0.14231151844846857,0.06302640118473053
-0.014914305395370983,-0.008494331676315027,0.0023530400622319004,0.007683117038539074,-0.016690777362316164,0.03569027511072643,0.1364503311270415,0.061757928678990874
-0.014765367725629128,-0.008017952611598196,0.0030673415872228636,0.007377489402680182,0.05695920131836949,0.06207797061457156,0.1360919601668398,0.034728782067444904
-0.014648884232660607,-0.008159381790995322,0.003062959789957686,0.00774547537487373,-0.02847541604368334,0.06212386847982967,0.14270667577712687,0.045216441078852365
-0.014823240017020999,-0.008173980114506275,0.0028312401279083185,0.007480895008864959,0.08510656441815435,0.05330176557680453,0.13663691241390688,0.04351394792189958
-0.014704405031812395,-0.008306313695911128,0.002812087927530135,0.007840181709552975,-0.2886055655192351,0.052994828752814076,0.14285640362080748,0.05423275003992837
-0.014860986257882753,-0.00832677809592867,0.0026134295332977103,0.007594792175101756,0.0829058244525443,0.04519144803422225,0.13710912187328786,0.052347579586057215
-0.014696612805862383,-0.007130826413584552,0.003823929401943833,0.006259110134424469,0.14151400666176175,0.09733536179490228,0.11119025241326487,-0.014659397051176153
-0.014764350870953053,-0.0072889755610652945,0.0036460263506563335,0.006409931531002358,0.12350456007059495,0.09060080527288632,0.11510468055628931,-0.007219944307530279
-0.014792574840260638,-0.007433024028347767,0.0035190182938119033,0.00657406806235053,0.10893084349720819,0.08515638935257047,0.11906165522748902,-3.399035505727573E-5
-0.021443719822341924,0.012365544406122267,-2.7021237727680364E-4,-0.0018164287467623728,0.07741433461076665,-0.01722158355249445,-0.02489224002298343,0.022852444488619266
-0.019539654142444192,0.010094041303227625,-5.701512769918436E-5,-0.003149059730686896,0.010363406989081581,-0.009543640484009583,-0.04262123757483218,0.02136052504807763
-0.01815013211918282,0.007473473113058785,0.0010374753472774435,-0.0036568498683398677,0.00428386191627307,0.026047207247333642,-0.05527773975645386,-0.007733106079755162
-0.01906030172131065,0.008299554037660731,5.253464813043393E-4,-0.0032792275589266307,-0.004776350146457265,0.011938148197047199,-0.048600369852443905,0.0014657823293408383
-0.025,0.010729293840437248,0,0,0.06635159722086112,-0.0027538824641778667,-0.028261208315602953,0.00769167353686537
-0.014155985488567856,-0.0063899992177043514,0.004827721840888669,0.005542457825443883,0.25020192951996373,0.13109836036280845,0.08828744837640055,-0.04718466949182296
-0.014072899287736893,-0.006191503587581913,0.004955125093456169,0.00527547166341731,0.26768515229765105,0.13461214071357455,0.07949073729525319,-0.05340616325916177
-0.014614809260168341,-0.00697503536429853,0.0040091960007601355,0.006113044763418907,0.15941923055850404,0.10410524103705436,0.10707054142389143,-0.02180506157284409
-0.014352929117398917,-0.006689876093231036,0.004485933477916085,0.005890772511377747,0.20880479890506565,0.11996741074567206,0.09979926830202217,-0.03508152154158705
-0.014503960843024861,-0.006817919841610617,0.004226084176299391,0.00597518646828145,0.1808218016006947,0.11161824949968613,0.1028654089206323,-0.02890067996632494
-0.014379576095738873,-0.006467708917010333,0.004487583694909197,0.005545629591504717,0.21565957158074003,0.12086852061077248,0.08985801910589251,-0.04195521776896959
-0.014828839339878172,-0.00696526848437231,0.0037216436222260664,0.005917999859241519,0.14348778711108043,0.09588970160317832,0.10244136151894943,-0.020890031162827814
-0.013523921502929302,0.00243783387436442,0.004714518591159989,-0.001443145713009705,0.14294395849094757,0.0846813055328587,0.004083916681671401,-0.056173093750134497
-0.01426433505590409,0.003711076356625108,0.004393018181664228,-0.002494259801587875,0.17451275632363683,0.09817730624810961,-0.01134827473131937,-0.06155518946006734
-0.015720703339171305,0.0045292937646539905,0.0032215904905333677,-0.003022924170015475,0.11674951569640035,0.08263462389233112,-0.03220365841653686,-0.051831580575051335
-0.017229896804005176,0.005834104998075986,0.001964179587189339,-0.003383122739636518,0.037288917509794274,0.05497642660811021,-0.047416654062458215,-0.03199573331225436
-0.012354528010011965,0.001653695362956427,0.005231332073728223,-7.436468854496334E-4,0.123647324593957,0.07050562646504176,0.012833569363547572,-0.04913224055683602
-0.010888274257036756,4.7997996759875373E-4,0.005544209024743484,-9.328012986962227E-5,0.08128059093402303,0.04319924922675092,0.006905044717187238,-0.03505107270641294
-0.011019237768535797,-0.0015433074120371683,0.005705966680867528,3.412288344247479E-4,0.08942196040539281,0.052615448625755526,-0.021418405559630063,-0.0391034157593726
-0.01157976861924917,-0.00259565283831619,0.005900474386889295,9.097257877573366E-4,0.13410423725998352,0.07847590609432549,-0.028157546040031615,-0.050195242761510675
-0.013297833964639573,-0.0052509818044890605,0.005808086413201804,0.003964256941247299,0.3430456772261738,0.1483883298240302,0.032396102148946976,-0.07521096269597043
-0.01367631831892368,-0.005615218575378552,0.00543369846171289,0.00450325772844814,0.32308540543350023,0.14442412837826657,0.05152809185661871,-0.06885446224536738
-0.01345779312826273,-0.005483635950553591,0.0056917589364168675,0.0043051220532905644,0.3426326135247345,0.14925058680384848,0.043639451980720334,-0.07265744097983165
-0.014122913880658176,-0.0059787805526076935,0.004871667150498354,0.004952147685602772,0.2622906068936955,0.131216612318416,0.06928385054693546,-0.05737246289133315
-0.01406511168852474,-0.0057284469930266296,0.004926317124206145,0.004623343596654029,0.26969252963921647,0.13164744782200286,0.059296989730567316,-0.06185795656301198
-0.013922221068966855,-0.005573310805383945,0.005091452626003794,0.004435765493640861,0.2885439537996136,0.13494679100901333,0.05267173968546988,-0.06547248128620885
-0.012850389910242802,-0.004467799017206354,0.005943200983770765,0.0028969584088351266,0.305230304172552,0.13300642999383985,0.0017891209871677318,-0.07425106489043755
-0.013094223658313617,-0.004774152293923672,0.005834727271905456,0.003322553639244284,0.32179559452015066,0.1387056261128786,0.014137259285921727,-0.07511233184868608
-0.013347459122669388,-0.004968770520534788,0.0056259077331044715,0.0036258418114466966,0.3110018819395766,0.13853300726720666,0.024224254901799733,-0.0738438619195183
-0.012186070147862535,-0.00323985042744773,0.0058675101935555035,0.001557791791687647,0.18984383304003322,0.09822478482635479,-0.021502808946352956,-0.0604298915621924
-0.012744188933076309,-0.0038915698545924846,0.005759537862729141,0.0023109474774639567,0.24573275700170455,0.1154536064552463,-0.008217676895170084,-0.06833316465630619
0.00916415540543512,-0.021530513535882517,0.0019345217791329522,-7.779483600537668E-5,0.032573475520848806,0.013572789083615453,0.02908401507145061,-0.008248550920200682
0.006075669115086452,-0.01697230192127388,0.003664700516875078,-0.002059931907144291,-0.05721591043073482,0.08831641220211496,0.020515387095120772,-0.056280111745991686
0.007258457751108297,-0.01892904736531642,0.0030956472512588084,-8.260910229437702E-4,0.012262952613715516,0.04913615287530703,0.031808247957128895,-0.03442801624198883
0.0034702146440650336,-0.014619920903017964,0.0022978537944908658,-0.00407414959184289,-0.15262563174061847,0.07868626739434119,-0.021815546901971575,-0.05182757021386997
0.004421592837178223,-0.016342228333541802,0.0027869553656957387,-0.0027652484360895847,-0.0777919498548809,0.08756256384971849,0.003085861585780471,-0.057913682035011106
-0.0014708551520521702,-0.012063926424424838,-6.059620003383523E-4,-0.005326776784117792,-0.14213626436387808,0.012031470264638367,0.02534514266728588,-0.00984985895486547
5.707255298658236E-4,-0.012148117312474543,2.3303742275364805E-4,-0.005172770662408405,-0.11407445491410635,0.013307305479554653,-0.008741471701253072,-0.012765219129892704
0.0014043412669382269,-0.014070603226647155,8.359514505600489E-4,-0.004222442257501353,-0.12649262663781402,0.05217874558794643,-0.012730822096158913,-0.03940223841110605
0.007110403506374492,-0.025,0,0,0.22462396412361949,0.006492991630941349,0.025918043216606915,-0.0027431623262861725
-0.00612395167634677,-0.01457300797714333,-0.004983455567411088,-0.004266342867054756,-0.21933935081283543,0.13407183443841486,0.029087266797573865,-0.0716223437858708
-0.0064005974989381565,-0.01487492652243215,-0.005171026666587388,-0.003844991148761679,-0.18378258668949707,0.13741059885747872,0.01597549568379591,-0.07453396544687668
-0.005469326751154585,-0.014266692806850017,-0.004259918254648601,-0.004643323206209833,-0.2535404820771034,0.11575760532494773,0.04041334793809669,-0.06279130114468279
-0.005722020076507071,-0.014584161528531783,-0.004485472108693121,-0.004272613255609735,-0.22254649254547526,0.12188222834700022,0.029936009488293957,-0.0672643679830573
-0.0027529678633527216,-0.01331660962799873,-0.0016126233832510254,-0.0049252032921307245,-0.1670086974995592,0.04895583903115903,0.03406666272686154,-0.03329673767446533
-0.003960403218373531,-0.013833520531745332,-0.002673844401297832,-0.004817113622263045,-0.22785474091478947,0.07640804266710223,0.04140125756189187,-0.04564549010744406
-0.004830270398955116,-0.014140121076274822,-0.003547418059472465,-0.004698686916129771,-0.24731153027949349,0.09797706224243599,0.041242327592278784,-0.05538432801519187
-0.008756573701192634,-0.014842921746160493,-0.008066083767698138,-0.0020771855032127723,-0.18336269718115972,0.18989459649807836,-0.05396257928060527,-0.08004473557891975
-0.008637764574962861,-0.01499229026187128,-0.0076861210138390755,-0.0020967141050765668,0.01790000676158138,0.17971636630550206,-0.049257737746775304,-0.08002473024427757
-0.008909334570059206,-0.014879595159429932,-0.008129388219292356,-0.0018133918747071948,0.11554082131273559,0.18608788647518046,-0.06209452909003301,-0.07628387595447941
-0.00879601532442383,-0.01504628363974276,-0.00772633204157508,-0.0018428564770140027,-0.019242395660768744,0.1757224816575603,-0.05713082249994226,-0.07662870771007567
-0.007881535361123612,-0.015110842469731642,-0.006734528741434248,-0.002786132363115715,-0.07719762615920646,0.16572683813993452,-0.023247686909884793,-0.08151812400650683
-0.008034880452330861,-0.015184389449967223,-0.006800255682373885,-0.0025715823971896898,-0.06525755660689386,0.16389659405826065,-0.030320571253970707,-0.07990965579982774
-0.007737907938487172,-0.015215694255875309,-0.006446736825033726,-0.0027885839344246248,-0.08397883097406274,0.15798723229428838,-0.021746763215892986,-0.07963016490721515
-0.007280419258942109,-0.015071053242210574,-0.006085969742615597,-0.003260666982840551,-0.1208245660120487,0.1552877029659303,-0.005515760980732144,-0.08040374152894614
-0.007533293510026923,-0.015197913322752075,-0.006243473492775985,-0.002955828904201624,-0.09895174114688145,0.15518302469491377,-0.015529855586259045,-0.07962604209328905
-0.0067117988880300615,-0.015110606451487462,-0.005383440411917702,-0.003474679038690066,-0.15017687425678874,0.14013610036188703,0.0038497926683493523,-0.07609463590590937
-0.00702136164531326,-0.015247371025741733,-0.00562398991233641,-0.0031921627973267213,-0.12878796502094886,0.1429793306506665,-0.005560444905722247,-0.07676940613538255
-0.008335985332059795,-0.015082898683347293,-0.00725281094480129,-0.002371176979522703,-0.040031662968237645,0.1726073107656758,-0.039093097548180585,-0.08040801337732573
-0.008506955562131156,-0.015098584657073397,-0.007390331512218419,-0.0021612886871135166,-0.035121519181528955,0.17235077226164472,-0.04615424530262527,-0.07858857021949915
-0.00820713877293778,-0.015244616577360218,-0.006887531402762859,-0.002348088431139315,-0.05393898970001495,0.16214922215343905,-0.03759408132852703,-0.07791540486714611
-0.00906316862569595,-0.014911450597951648,-0.008182626599404894,-0.0015556513633038823,0.13172698563671584,0.18180438109472877,-0.06987842546803923,-0.07204926629878144
-0.008959336220305347,-0.01507450974437023,-0.007797680256261825,-0.0015992717910975598,-0.04744096329407763,0.17245806347004944,-0.06486225495141096,-0.07300186108160679
-0.009842960155646504,-0.01499753324023817,-0.008324998228635685,-2.607436685192066E-4,0.03743881498108585,0.1535062097644579,-0.1044313211933774,-0.04431524459055625
-0.009758155801072785,-0.015141010532790801,-0.008021617117689091,-3.7660598838975325E-4,0.006006139573392186,0.14854423608578984,-0.09878191847119568,-0.04826147713035788
-0.009686089839949744,-0.014990136311907444,-0.008312458454107613,-5.283107057928474E-4,-0.23724317766083092,0.1602846584439047,-0.09820543325157477,-0.05076392533917857
-0.009598358834627393,-0.015120004877789734,-0.0080254865098779,-6.28852331708435E-4,0.008146576159274608,0.1551991169442535,-0.09287932770349537,-0.05410002055074934
-0.009529528446938641,-0.014977816440745884,-0.008292962417013718,-7.774673690106145E-4,0.20971163566641807,0.16644479421233194,-0.09170571898697473,-0.056479517845179204
-0.009217916319918088,-0.014938455742167742,-0.008228002547725448,-0.0012941297442048351,0.24852871709800142,0.17709508626419113,-0.07743504889325482,-0.0672809276175986
-0.009121303882905515,-0.015098758172484033,-0.007857724522059786,-0.0013545591567534446,-0.06379525061241552,0.1685346400023819,-0.0722966537847287,-0.06888218538588599
-0.009373420771600324,-0.0149605844888015,-0.008265083547571932,-0.0010317504579184177,0.3725657670393574,0.1720545176105602,-0.08474668847771889,-0.062037218452695976
-0.009281353407675517,-0.01511188358407483,-0.007919959384197513,-0.0011135540305398442,-0.08690052637082223,0.16447148639313583,-0.07940409640124872,-0.06440277030158166
-0.009431158250068877,-0.015113019076053953,-0.00798307752127987,-8.879180790440322E-4,-0.08713567019322076,0.16064513449806353,-0.08590427305384978,-0.05983321363517557
-0.01,-0.015,-0.008329106444012772,5.083195575941463E-6,0.16759482992153032,0.14645780237153685,-0.11024133758710862,-0.037446642701803805
-0.009922267510781404,-0.015144610168107503,-0.008032923280654707,-1.2171014437733811E-4,-0.036779811933497907,0.14205892106557602,-0.10461262164836317,-0.041969345771005286
-0.015015565214603333,-0.008793361635586357,0.0018708244495477778,0.007779219179235411,0.02293849057096757,0.018854233107532262,0.13301968584275284,0.07735580434727553
-0.014879595159429935,-0.00890933457005921,0.0018126728213496881,0.008129442888651741,-0.10610855396672898,0.017160206855864557,0.1375248070615798,0.08910308060710255
-0.01504591605407482,-0.008954585792570132,0.0016256534597756977,0.00784674320096017,0.05600030579231203,0.010479221914122013,0.13095541434066413,0.08592759356726964
-0.014911450597951643,-0.009063168625695952,0.001551133973913041,0.008183553226271265,-0.34465860883440497,0.008533325481451774,0.1349572232121807,0.09775506029599257
-0.015059961321649912,-0.009114044772502395,0.0013870377829196519,0.00792486686306893,0.05569030539066789,0.0025186373131308674,0.1287788704713079,0.09467927600435876
-0.014938455742167744,-0.009217916319918092,0.0013052195686564458,0.008226465446378568,0.07998126566107513,4.5372746329240136E-4,0.13181827014633846,0.1059992786610597
-0.014960584488801502,-0.009373420771600327,0.0010573642845381143,0.008261879382553718,0.44815971406704547,-0.007691247371239505,0.12810423238132257,0.11387237631577672
-0.015088810876958217,-0.00927764351210906,0.0011291990687562184,0.007960980606142398,-0.0718504416220488,-0.0059233938102855,0.12533761227914866,0.10292911492315197
-0.014806795893330102,-0.0077129401887728825,0.003294184783765647,0.006928303052345867,0.09285758667731699,0.0746291938538407,0.12702314777483628,0.015228068121446585
-0.014896385279342176,-0.007542779456306686,0.003308400753169781,0.006599370075562816,0.09542525195634499,0.0780909819928915,0.11936006359622513,0.005068223687299942
-0.01487991642379527,-0.007866019635540065,0.0030700377887646906,0.0070263095612896,0.07508612735969565,0.06633538138709351,0.12838594835591077,0.023186470701898273
-0.015160272529646296,-0.008658667270663957,0.0019265792578266187,0.007422707182552074,0.028262196530219812,0.024793804192475403,0.12799643012973663,0.06373625594351921
-0.01510057154641665,-0.008500036008355622,0.002168773353603637,0.007383097384431867,0.04177812342489948,0.03303458439372851,0.12963701843751352,0.05626585644324383
-0.015008419730510515,-0.00836904863606602,0.0024094351448626723,0.007404538996415452,0.03799059463773694,0.0406947167653467,0.13196808513516256,0.050915788948467
-0.01495277337953238,-0.00802498174789601,0.002834736336567532,0.007114774128902914,0.05634192749371205,0.05769009336277998,0.1291598107334815,0.03139283624538169
-0.015006719474456462,-0.008207118478021812,0.0025897498057863805,0.007238767217267903,0.041578927981983545,0.0484419939893373,0.13022343321916904,0.0410739292502389
-0.014905520836069185,-0.0071344987680195945,0.0035438904207319454,0.006068165396549439,0.12651497099414655,0.08938582969247634,0.1065630170299496,-0.013853230707568042
-0.014966157990488253,-0.007338383500296321,0.0033544804745992774,0.006265209629534614,0.10888567979738947,0.08218999562018492,0.11149439646098006,-0.005194395658064872
-0.02164942946831019,0.008526892269418435,1.277144523604655E-4,-0.0018366042467220299,-0.05697243031081988,0.0033918285125257496,-0.030707674105469485,0.0016800713155185778
-0.019576768531638717,0.006497290052803696,7.801699818167601E-4,-0.0025110481467488736,-0.04186666990431235,0.025721617478676878,-0.037045417886991346,-0.015205371512578685
-0.025,0.007110403506374536,0,0,-0.22791914354881407,-0.0017924984880153853,-0.026597083455948568,0.006063553017600647
-0.014359120227579509,-0.006124209276370439,0.004547629688952362,0.0050736382283585015,0.23034020321521245,0.12237877762480712,0.07472830568093314,-0.051369399910237805
-0.014755219120575098,-0.0067661437379142,0.0038938723474044447,0.00571523353907923,0.1609372131314075,0.10235943033424037,0.09662471615423919,-0.028676871979660404
-0.014598886361521589,-0.006578972616378385,0.004157872334973319,0.005571771838502917,0.18268110940801055,0.11080227741174518,0.09180132279987453,-0.036115327263837704
-0.014643902802953555,-0.0062965274738807035,0.004152871023288072,0.005171369879508104,0.19544951231270763,0.11127928642158762,0.07942521852657064,-0.04420049428101363
-0.014975192481084733,-0.006811813066058617,0.003598637779000051,0.00560561237552447,0.14181783149963625,0.09360580020204068,0.09454236585416018,-0.025568836520093858
-0.015021188836817754,-0.006976263102577998,0.0034749556404205947,0.005768140612214389,0.1294851981925826,0.0888204389727581,0.09902561386116351,-0.019516197069218075
-0.014191746972002234,0.0011906215003020056,0.004133928019500194,-7.07327561726982E-4,0.10386069065532376,0.07378576101793514,0.0010894800924656476,-0.051591774075983234
-0.01479625838239119,0.0024066635551206984,0.003843456380904317,-0.001519054718823906,0.10943094370387514,0.07961603098812278,-0.0052199746527983645,-0.053851963362031616
-0.015666366425491147,0.0032192433013835814,0.0032625254674771573,-0.002051166519310724,0.08845241324985637,0.07785232059607965,-0.015783059079788067,-0.052323417010281245
-0.017255704612140394,0.003616137959834484,0.0022187843322412286,-0.002028473947963166,0.020252687817866096,0.06221817582003301,-0.02172182811057166,-0.04336012460324834
-0.018958916622946253,0.004677128889535969,0.0012660464648425102,-0.002088436575235783,-0.04560839589179393,0.041836946161463454,-0.02724725820807634,-0.030279616724075135
-0.012859891589961715,-2.795632206747163E-4,0.004829095886449947,1.378053596144078E-4,0.10188147883966894,0.0658928137613405,-0.0014864864443453938,-0.04740847282883935
-0.012534186152521247,-0.0020359387936829455,0.005232002669662831,9.889981254528446E-4,0.14209944874810712,0.07538079530994829,-0.013355940106760293,-0.051207289188137085
-0.014781476355457368,-5.031268708801645E-5,0.003747507847218655,2.843844882302278E-5,0.08381965930577308,0.06942246082049715,1.19645698872076E-4,-0.04889702268999149
-0.01380540299481397,-0.0051618742264786695,0.005145197641500259,0.003922626371698671,0.2771525224077904,0.13099591885045037,0.03754691795775537,-0.06904131109089066
-0.014395760177040235,-0.005731490531112236,0.004500811739979525,0.004553150281311567,0.23085160037803718,0.1198066687620322,0.06016002690110258,-0.05701185641734279
-0.014124478380261022,-0.005457130334868703,0.004814386094670803,0.004265900367555478,0.26422522089711226,0.1259018983516873,0.04985266579507563,-0.06310736384371539
-0.013551688452739689,-0.004425044874878677,0.005211339068176771,0.0030740264333299554,0.2574260594788486,0.12010512933115124,0.01504963369601854,-0.06944217698717803
-0.013310265391131032,-0.002905800008026432,0.004969636538410511,0.0017213645109115923,0.16700996992305164,0.0917428966274836,-0.004717122837753514,-0.05941043122267018
-0.01348802908367408,-0.003639537361128406,0.005033497989724532,0.0023387495170770645,0.20870836065584983,0.10625049667016476,0.00205911424470869,-0.06526468121640637
0.005547103429090299,-0.021859818048729746,0.0013096254805015355,-3.1885797530659793E-4,0.166407692359789,0.024530645138027617,0.017155276116577686,-0.02023588530965564
0.004141430260853419,-0.0187530565773997,0.0019171919347866777,-0.0014004504006463576,0.04379566825076554,0.057510354332885705,0.012884831995954943,-0.04267894395150217
0.0023101245905991405,-0.016571052653138164,0.0013538272048138204,-0.0026740168839960825,-0.04264083550361524,0.07416333026416462,0.001084077627412032,-0.05164271698383662
-0.0010921348011351238,-0.014408658543542664,-6.582215352863853E-4,-0.003996343433265028,-0.1051536311933691,0.05582325397478759,0.00877573371959109,-0.04276941143247211
-0.002583974639529969,-0.014532579931919982,-0.001640205031304678,-0.004041316665124349,-0.1319596222781703,0.06641578263366317,0.01970765946633417,-0.04604184466203385
3.982107876942525E-4,-0.016142367199813528,2.3074178280645843E-4,-0.002917286783606039,-0.03781541953537133,0.0709383673267968,-0.0014622090749263478,-0.049704657775881914
0.003548999430447187,-0.025,0,0,0.4398845081247383,0.002090341270280189,0.015354464879302443,-0.0014111807433458128
-0.005945557693272457,-0.014976768478276522,-0.00459080344692861,-0.0038079590514794315,-0.18480285593214218,0.12410834585634732,0.01591685932965786,-0.07030940150970279
-0.006345036641706861,-0.015222015676120446,-0.004898895444880188,-0.0034600418872412974,-0.1563865283498597,0.1286176493583898,0.005358145776727146,-0.07236870835778732
-0.005226325801259714,-0.014877150814691084,-0.0038564225411864663,-0.003955790603126649,-0.18916106596102886,0.10818740237241965,0.02089644726079904,-0.06399400232885445
-0.003445152029612808,-0.014607023354651801,-0.002284431426225593,-0.004077879439929821,-0.15450583197116133,0.07737710306511265,0.020886200563751543,-0.05118741121214156
-0.0044284266999842295,-0.014647535348161052,-0.003125460097314664,-0.00414534846207898,-0.18966827625357296,0.09305383330655795,0.026270707288516597,-0.05750347517201818
-0.002567135785978375,-0.015778756379869724,-0.0015880853260058835,-0.0031754769293042885,-0.07708295688524967,0.07527950816202605,0.005996862441456208,-0.05211509782941571
-0.008643579769170013,-0.015223094385982017,-0.007305644970177049,-0.0018931868787007667,-0.03150675672040237,0.1643601384194627,-0.053839079636883995,-0.07403441314064652
-0.008843152376381282,-0.015244779713484652,-0.007419573431256331,-0.0016328655406748136,-0.015230963951778033,0.16179069575307303,-0.06205416819774872,-0.07045461873641067
-0.007857085816585629,-0.015324683275408743,-0.00643772283910938,-0.0025816972504819503,-0.07461828110346559,0.15444391628726137,-0.028084614285591916,-0.07768840801088783
-0.008051880755867921,-0.015414380925675715,-0.0065119854819576314,-0.0023322595095227054,-0.061778810590132356,0.1519008130548576,-0.03581242703911886,-0.07540117671798442
-0.007648673899307111,-0.015392574871499896,-0.006148738987923806,-0.002670360180412122,-0.08623415052089553,0.14897288292374236,-0.023691577915113428,-0.07696580198681588
-0.0073039173830512704,-0.015523335362331846,-0.005669104885751306,-0.0027580329286705668,-0.09859511025932134,0.13857665403706762,-0.018967052002594905,-0.07466734238266105
-0.006725573082469368,-0.01563191736378969,-0.005012637365050276,-0.002921820524653,-0.11558314345110746,0.1258993823645492,-0.010300178198354893,-0.07166780668976676
-0.008411128080982985,-0.015321485215045939,-0.006960345494715079,-0.0020710844116123527,-0.041812500945964684,0.1586450129909325,-0.04633050183392557,-0.0746857305404177
-0.008226742939370531,-0.015427819551467903,-0.006650447513302987,-0.0021623082304960952,-0.05326871273854848,0.15232987954735347,-0.04167577970523458,-0.07411187829710952
-0.008144371945543256,-0.015609545932627084,-0.006342024023032253,-0.002083257873402561,-0.054488528689791996,0.1426792059122324,-0.042310539460128964,-0.0712697635997019
-0.009837801636544874,-0.015300721417163236,-0.0077320986433329795,-2.3507519033490187E-4,-0.008526865831437865,0.1353385625887319,-0.09932554802315148,-0.04223779412769293
-0.0090170262353128,-0.015272686089225773,-0.007485380411408009,-0.0013923563379056837,-0.00546203882801061,0.1580595076354365,-0.06914128814963538,-0.06650158056591592
-0.009661456614160995,-0.015293057841668154,-0.0077174050317274645,-4.920685237806039E-4,-0.014439060345154417,0.141901556449499,-0.09348161418314695,-0.04855718947900927
-0.009507697206487125,-0.015241748332236037,-0.007770237057466117,-7.285201615035134E-4,-0.001541455972113198,0.14981717782210444,-0.08824639356304467,-0.05455863326697363
-0.00918773179629246,-0.015284159216179967,-0.007560030680114003,-0.0011593979477165699,9.079962426798755E-4,0.1545745249786241,-0.07586753200291864,-0.06243395076766033
-0.009356589425267854,-0.015276324808761788,-0.007651564182350916,-9.30808056888467E-4,0.005435082124232846,0.151521536868481,-0.08235286899451884,-0.058273156825646356
-0.010157039844353498,-0.01499753324023817,-0.008324899614100151,2.6792698772362683E-4,0.257355806769017,0.1392331413362728,-0.1156713397239376,-0.03027339777690653
-0.010086983317977263,-0.015137995276622579,-0.008045790780865383,1.3530800554873164E-4,-0.0596680663794965,0.1353347427167926,-0.11015905116284068,-0.03522838496029084
-0.010246588828835538,-0.015123448227287825,-0.00805542171911488,3.8750460211066183E-4,-0.06081166381145018,0.12856784079924777,-0.11519643046613391,-0.02827684225990101
-0.010313910160050259,-0.014990136311907442,-0.008312923600139643,5.204459735720664E-4,-0.13048682462958677,0.13172453428551473,-0.12054296676286434,-0.02309724640104971
-0.010007704153446989,-0.015290400541830215,-0.007760647760228724,1.2247681484316103E-5,-0.006499589815942127,0.12938890063954492,-0.10478624452799719,-0.03599471930227905
-0.010403601312538821,-0.015118186689833366,-0.00803138654745729,6.329391525389893E-4,0.026368663762733613,0.12094523876313723,-0.11954641744314941,-0.021129261557711523
-0.010470471553061363,-0.014977816440745884,-0.008292441559714783,7.80479059501933E-4,-0.16322776880605033,0.12369417243133725,-0.12491930623318098,-0.015517933345101891
-0.010626579228399678,-0.014960584488801503,-0.00826282164651426,0.0010485541971445055,0.15851296551213537,0.11540650975525273,-0.1288923696320349,-0.007376286499435186
-0.0105630363801904,-0.015108978301691072,-0.007997294340452585,8.81136261842772E-4,-0.03343222093300647,0.1129927244429942,-0.12338496287704469,-0.01374675974517521
-0.010724916861527885,-0.015081023636146435,-0.007978649327482703,0.0011379106611622664,-0.08582030585763024,0.10515096484959004,-0.12712930907355638,-0.005828894587342338
-0.010782083680081914,-0.014938455742167744,-0.008225990721794835,0.0013069199336276,0.11668947146713994,0.10713233139594519,-0.1323940720609283,8.482085936600483E-4
-0.010884144125111123,-0.01505067338789022,-0.007948349229643764,0.0013903140955295898,-0.035748499964114104,0.09695408657774689,-0.13031703776867865,0.0023539216010270074
-0.010936831374304052,-0.014911450597951648,-0.008181559301495974,0.0015611256106145101,-0.04255814037863249,0.09870283983539889,-0.13544226005137971,0.009163742861021952
-0.011039962162805277,-0.015021713919312799,-0.007900076711755409,0.0016357700828478741,-0.05549653644081815,0.08857452518502246,-0.1326971219351414,0.010366633202689919
-0.011090665429940796,-0.014879595159429937,-0.008128120509600253,0.0018190395182421193,0.08282324809456555,0.09013191066257924,-0.13804663642063117,0.01772649356086258
-0.011189944033246947,-0.014983973306422566,-0.007853766197279165,0.0018765689029922722,-0.03593890802845446,0.08044509212966046,-0.1346998215160684,0.01849273806437648
-0.01124342629880737,-0.014842921746160495,-0.008068578225048677,0.0020673480987376935,-0.19451747143436784,0.08152785408605966,-0.1401417213768884,0.026125542271496025
-0.015,-0.01,4.503650276722406E-6,0.00832928470409553,0.19226933598462193,-0.03772421822813765,0.10906817197609729,0.144068404748834
-0.01499753324023817,-0.009842960155646504,2.537914602589859E-4,0.008325455584434364,-0.25320392615432696,-0.03101769866124177,0.11451622339417385,0.13709964273922193
-0.015139019260758155,-0.009928267487521559,1.1276636349672011E-4,0.008044039083949113,0.023705436462893015,-0.035984165130869085,0.10750032501459846,0.13309617582711886
-0.01499753324023817,-0.010157039844353498,-2.5789725788219134E-4,0.008325145683791413,0.12711744121673815,-0.044456209363622566,0.10305614072096775,0.15066316969707616
-0.015147756721969214,-0.010088127077997099,-1.3727315187076665E-4,0.008027597437330546,-0.0037490418922392515,-0.042594068030013886,0.10188286759895578,0.13931041025298363
-0.014911450597951645,-0.01093683137430405,-0.001562940866145038,0.008181263575730605,-0.06733781908214179,-0.07157429650113369,0.06774231644873882,0.17867938812658615
-0.014938455742167742,-0.010782083680081914,-0.0013059764051134837,0.00822612155055198,-0.1063785721436724,-0.06716352361257917,0.07542443453040143,0.1740233888763104
-0.015061546854658877,-0.010888641362309342,-0.0013902979065307278,0.00792598829154856,0.09831833414164141,-0.0698358528920146,0.06925233759222332,0.16769137796744557
-0.0149605844888015,-0.010626579228399676,-0.0010433136600153292,0.008263590312821008,0.08706323757440737,-0.06208136734335908,0.08297101464082014,0.16881766651868255
-0.015089664214732413,-0.010742774307101438,-0.0011592084816077397,0.007954533774178582,0.04353003932740393,-0.06562786760117399,0.0758067400579308,0.16310840565933685
-0.014990136311907444,-0.010313910160050264,-5.244783130172565E-4,0.008312548548861846,-0.02419726467896377,-0.05089408346072957,0.09667979813903531,0.1570772542062749
-0.015148242170365195,-0.010251055772997923,-3.9018177392987323E-4,0.008008608640703218,0.025073420456878354,-0.04887656074339348,0.09588422875601259,0.14543082874689883
-0.014977816440745884,-0.010470471553061363,-7.917189610276851E-4,0.00829147353683762,-0.2679789453203505,-0.05686638813393354,0.08993076632035342,0.16322736024149515
-0.015136374718065013,-0.010413059353620394,-6.41788175895054E-4,0.007995561803830292,0.06861642358045726,-0.05473173009278807,0.08967412598445122,0.15150151592057295
-0.015107886544425143,-0.010569407056095236,-8.89846429252574E-4,0.007996713784891663,0.09068132751988724,-0.06012019415454987,0.08347060806765196,0.15772152163831474
-0.014977816440745884,-0.00952952844693864,7.91861687985182E-4,0.008291261750519714,0.25368242072685576,-0.015962143584674012,0.1239284677015251,0.12164951877681979
-0.015130466998574654,-0.009437204565143362,8.711478340098902E-4,0.007953437696831163,-0.06721744830404237,-0.013914450436489728,0.1210378013274392,0.10983738335991321
-0.014990136311907442,-0.009686089839949742,5.086637591040256E-4,0.008313545706685188,-0.4747690802258016,-0.024055249551537882,0.11930925952128553,0.12956544138180195
-0.015162069480172386,-0.009600771966732561,6.142634070589926E-4,0.007947230136255139,0.03276698533833456,-0.021548040927297316,0.11639003328902887,0.11668459834163546
-0.015144691389076174,-0.009760434204895868,3.7355317901929846E-4,0.008015296165455836,0.11218982159394897,-0.028643037765407244,0.11255715660082942,0.12518435260463254
-0.015192202738265626,-0.008833841657021826,0.001682908011799264,0.0075039115291572886,0.015168830908286727,0.016120350473152755,0.1266447056951234,0.07277532682126593
-0.015334047671630494,-0.008692925885519107,0.0017509669637738954,0.007168036332061332,0.027868977268287427,0.021726580088599932,0.1220977775807673,0.05993371592343222
-0.01521672129254846,-0.009013763494555054,0.0014312110185746912,0.0075826325329868315,0.0055331550515854665,0.007349869912857237,0.12474671330009905,0.08203883594755017
-0.015182807761546428,-0.009181284070473295,0.0012213589198117835,0.007739433254700665,0.014799358602277235,-7.823763440602532E-4,0.12389027227985154,0.09282707604622237
-0.015266999234881326,-0.009333605514026365,9.673127755091981E-4,0.007659910708362983,0.027065103390253756,-0.007762440537453533,0.11916873618508926,0.09708322067310561
-0.014996326547724141,-0.00770449690409115,0.0030639810229901496,0.006679267172720749,0.07854472882342332,0.0693051697605943,0.12059440541155426,0.012764227495372161
-0.015050884359843928,-0.007533906050530123,0.0031243747348205972,0.006411338016004428,0.0899077685495129,0.07376609240931345,0.11478304232517496,0.003515482653754435
-0.015059191032416291,-0.007864493313068793,0.002859310728849516,0.006785781953367457,0.06831695862268891,0.061689738873952474,0.12223009569757617,0.020491914116685807
-0.015281210046812838,-0.00848640657946189,0.0020255181350288588,0.0070875225499755735,0.03351440804197787,0.03144274439603795,0.12318129188746414,0.05017486228401322
-0.015206201001983352,-0.008278660874819734,0.0023136810750936485,0.00701383419354753,0.0424258614261817,0.04154578944862004,0.12410957210501225,0.04069330817960598
-0.015182141895319877,-0.008020085330057887,0.002588890557312501,0.0067909780645434075,0.059969065684173574,0.05273000648991822,0.12128339060690484,0.027018670215299533
-0.015155975172415504,-0.007107275546221096,0.0032539468645557713,0.005805056202114019,0.11570141380722858,0.08154217352347516,0.1002038123841225,-0.014256390542678493
-0.015197414863594577,-0.007328228977226158,0.003087084608420799,0.0060167766452252315,0.10156996470687266,0.07472860204769236,0.1053685123775866,-0.005466226156112415
-0.02164928309520976,0.004782635457410346,3.8720378607253007E-4,-0.0012244690588186942,-0.1802768836744873,0.021739432125269267,-0.02167595313443072,-0.01751068177769509
-0.025,0.0035489994304471924,0,0,-0.43349645190798247,-3.266940780690054E-4,-0.015490281717330157,0.0011760235829194445
-0.014866103181832308,-0.005864832174742452,0.00394042630790517,0.004547483462552119,0.17522497174057108,0.10471320184790602,0.06450065239488555,-0.04900958659252703
-0.015015828148095484,-0.006446914384901907,0.0036643867694297646,0.005141909941726069,0.15480334383122907,0.09658556361790191,0.08076747536347435,-0.036682486452129154
-0.01525708739287445,-0.006837128483396868,0.0032610257986525164,0.0054145724650472675,0.12620827986688754,0.08392859310264437,0.08948045228996239,-0.023793483440161675
-0.01634181937330869,0.0014324765396746607,0.0028090053508963595,-8.434617133033391E-4,0.03876708467713714,0.06617842029476693,-0.005552167361556219,-0.04745188744731615
-0.019370742792980854,0.002219660070029874,0.001230131171898347,-9.357917341635763E-4,-0.08919392256212332,0.04418120350948613,-0.01159070813211042,-0.03460705912443352
-0.014249883398387241,-0.0016514588555954367,0.0041353274441486435,9.96598112796499E-4,0.10851010554870698,0.07648703199727057,-9.050728415028307E-4,-0.052523787230708725
-0.01611157420474566,-6.812875748307198E-4,0.002937763730257447,4.049237230797603E-4,0.042450798353978136,0.06618081286840617,0.0026842021090810624,-0.04712684608451533
-0.014578181906332078,-0.005031987018651876,0.0042646156289558495,0.0037229707846644787,0.19556469816966435,0.10915283484251337,0.03918438883231062,-0.061297901030345284
-0.014505632012795287,-0.0034646687065131633,0.004163424870130231,0.0023006041413604155,0.15399588764252206,0.09194568489848874,0.010967422003634918,-0.05936188350339162
-0.015027281195908867,-0.011042427114011906,-0.001635286162881144,0.007887464776866042,0.013586663935941906,-0.07396835342626262,0.06185367268748126,0.17220796071941022
-0.014879595159429932,-0.011090665429940793,-0.0018101678789134372,0.0081301467178205,0.31057767998327634,-0.07543903645902403,0.059863143253890964,0.18269430451227023
-0.015152465474825821,-0.010999084812359913,-0.001491654301547485,0.00769696060238118,0.037682844746147554,-0.0699070286178905,0.0647983762910907,0.16307399221174268
0.002059568878619804,-0.021945798739241282,5.091371386120578E-4,-3.8747101106863675E-4,0.24802120879668244,0.027116013643022446,0.0062752298841489895,-0.023748622714625172
5.57103851599678E-4,-0.01880649451303871,2.552341610461875E-4,-0.001502402032123636,0.07624043914349861,0.05651055566599929,0.0011059229211105972,-0.04240360141567107
-0.0012793814301182255,-0.016863159744672954,-7.23864052019132E-4,-0.0025054788628075995,-0.020875816140430634,0.06975900063404065,-2.6204141867781737E-4,-0.049495262352473174
-6.938893903907228E-18,-0.025,0,0,0.5057059076627989,-1.567702947536432E-4,8.135982658367319E-5,-7.234324883707427E-4
-0.005855414464876169,-0.01572934835074034,-0.004145124292190804,-0.003075919379022467,-0.12244194286381903,0.11026722339055793,-0.0023679157763241295,-0.06712755498303123
-0.004343359868940787,-0.015776599561719666,-0.002860471749862458,-0.003187045505871795,-0.11679642518248448,0.0901558761396416,0.004765993415890978,-0.05897741861810001
-0.003535713989622279,-0.017385742074039104,-0.0019526662614689552,-0.0021501900347302328,-0.014087416520598,0.07307270902998914,-0.006473548452053643,-0.050601852030862045
-0.006627811668751791,-0.016288752881717952,-0.004465556642448701,-0.002385929503093553,-0.08155349177806347,0.10639230010010292,-0.01930976083186385,-0.06380430601670074
-0.009927323964109858,-0.015459624813991088,-0.007452724227145755,-9.664935914182247E-5,-0.01531469651673342,0.1227703672706049,-0.09937037070319475,-0.03658733405076963
-0.0087343493542365,-0.015407241199327359,-0.0070798138735455925,-0.0016502438298710022,-0.026904146233425408,0.15270362552073313,-0.059077387855280286,-0.06873304911369607
-0.008575684800794129,-0.015451143055089742,-0.00689909555690781,-0.0017937061643161806,-0.035355031036691964,0.15105095346147082,-0.053840359456874695,-0.07013654854383324
-0.008902762396984884,-0.015454812678653673,-0.007113984460549627,-0.0014240541105537301,-0.024626167971020838,0.14829827257129555,-0.0654187167583433,-0.06485387145911246
-0.00778848787403859,-0.015686950398934064,-0.005950584758878885,-0.0022966218333944246,-0.07235088068317867,0.13708837164412138,-0.03355186757112603,-0.0719055011610298
-0.007250682731709605,-0.01606407414697635,-0.00513015522460714,-0.002304830791328531,-0.0766455704045993,0.11799632881392629,-0.02700403435038202,-0.06660713115896688
-0.00838423653094661,-0.01562899137539701,-0.006504507264432106,-0.001852823522180604,-0.04450897289419665,0.1417361534512578,-0.04992492941658284,-0.06872452605876865
-0.00814695020515873,-0.015856834001845895,-0.006039619530244515,-0.0018891246224230014,-0.05362616430045737,0.1305692646917675,-0.04452332102024287,-0.06670895089778486
-0.009742392232218509,-0.015472934966694656,-0.007410179321750566,-3.451519420438561E-4,-0.01232349431938415,0.12846814254875102,-0.09384407132273208,-0.04273964340420689
-0.009087870486988718,-0.015479097077730706,-0.00717790299242141,-0.0011885545805233584,-0.02099602577266658,0.14417449722878806,-0.07222366494346107,-0.06053564585301462
-0.009493263476708882,-0.015445423391135034,-0.007400666529430237,-6.845159166629235E-4,-0.012574854942836873,0.13750109082573392,-0.08634032499378294,-0.05094096314612589
-0.009286315569049653,-0.01549060157241395,-0.007250087480867176,-9.367216081752481E-4,-0.01790483172643317,0.13978503850956525,-0.07908098471110743,-0.0556531337376412
-0.01139495244676372,-0.014801469324203571,-0.008001453431554444,0.0023134361737151533,-0.4582735544417112,0.07258705547191747,-0.1416496861900072,0.03457961894173549
-0.011334967706066075,-0.014951256374606703,-0.007788608736952776,0.0021026194656765715,0.06752121471432537,0.07221953468535537,-0.13601242797360805,0.02642030053081929
-0.010188115834157803,-0.015272816918301605,-0.007783410473606392,2.7847743635771354E-4,-0.004109988175739218,0.12262847679704546,-0.11029252605882676,-0.028890337108452468
-0.010329882503935588,-0.015224020926823796,-0.00785113326071817,4.962822672012409E-4,-0.01958437642048873,0.11864998534162921,-0.11498633822724111,-0.023299241512718706
-0.010116336762094454,-0.01542213600802644,-0.007518076044054175,1.6282831715612133E-4,-0.018662405677278004,0.11741628338411121,-0.10510087667456704,-0.030012376892180993
-0.010478374486937829,-0.015270873254477372,-0.007727167777298025,7.01519260177431E-4,-0.025630949123446222,0.10879811380073821,-0.11707931029913761,-0.016265157212548117
-0.011279489159462457,-0.015074104581169987,-0.007630123070487542,0.001923776896561751,-0.058978572008494476,0.07174171345228574,-0.13166583106752172,0.022218778717981977
-0.010670063206436773,-0.015245230320156353,-0.007705021084797681,9.8455748149725E-4,-0.020014273036314933,0.10014632102016797,-0.12121236737484224,-0.007730961783619102
-0.010823594548947425,-0.01518221957617171,-0.007746013379826419,0.0012310211319069282,-0.024512310174876584,0.09458477492819366,-0.12523492294169156,-6.146783065394566E-4
-0.010977358285366593,-0.015190980941796536,-0.007643963450286927,0.0014387481015562381,-0.034413788878457384,0.08549477490142082,-0.12656287790767354,0.006735510365485086
-0.011150677496091636,-0.015134608043134915,-0.0076259290987785834,0.0017087235072988755,-0.040720910427732675,0.07748286447140755,-0.1294073057307639,0.015378475457603511
-0.015259041667677518,-0.00986561836142825,1.9932122536446355E-4,0.007813291535916356,0.005297633600828273,-0.03138639528354313,0.10714950863037023,0.12302029948067869
-0.015291126780969094,-0.010011854034534626,-1.8065509469070773E-5,0.007760436267388138,0.019526280168720114,-0.036793372133790296,0.10217460248242737,0.12717375771999637
-0.015311669476075887,-0.010180441616329805,-2.628327763242795E-4,0.00771320522804111,0.021392229360556927,-0.042735570610068115,0.09645984601216472,0.13222996665515652
-0.015235781201913446,-0.01085378686964304,-0.0012444380643090896,0.007635168104122265,0.030529162447109324,-0.06467147084835229,0.07136049460021197,0.15521791388887743
-0.015215879918254058,-0.01067327191063297,-0.001000858723647309,0.007756576927688287,0.02690852836533772,-0.060511035286230794,0.07871617206009195,0.15282196630127762
-0.015306131876179513,-0.010353755399322187,-5.133829616348024E-4,0.007695240976421674,0.019256702559722786,-0.04881773842408404,0.09054759148312952,0.13832906114052748
-0.015288199877383273,-0.010519744319858196,-7.55300353344273E-4,0.007683474676425162,0.012685954824069118,-0.054463159841625745,0.0845333480185566,0.14429872179546335
-0.015329329989045416,-0.009506221311333893,7.031206747306154E-4,0.007610593992435895,0.01837289912608751,-0.015080542255272498,0.1143337151725654,0.10256122715796394
-0.015343734933963486,-0.009711974842134277,4.0978181230852086E-4,0.007635698564610542,0.004682642196411562,-0.023715387767825166,0.10954471223579078,0.11132427521080225
-0.015462774368742122,-0.008552826030797253,0.0018104757053113763,0.006867292626131036,0.0339646865286834,0.026385504177846,0.1172454258732492,0.04868117382065405
-0.01538079216326821,-0.008889671264269887,0.001486323331709512,0.007227533888691969,0.024276610629578876,0.012613403395864755,0.1202413616814653,0.06892621384643392
-0.01550747523892806,-0.008730381063620216,0.0015876027825572278,0.006925410879177802,0.029628457609838243,0.01861892183820753,0.11618922173359647,0.056354557527236615
-0.01541430844293513,-0.009138683313000197,0.0011585779754498726,0.007313115102151739,0.01796531700593185,0.0015797138122601337,0.11761193398884819,0.08046320994306926
-0.015509476825462628,-0.009371630378568089,8.218443528335437E-4,0.007252741290709005,0.014494131359689464,-0.008229897178531545,0.11197325034891766,0.08772810315234185
-0.015284611095209802,-0.007706661062865928,0.002739433004321016,0.00633582416425276,0.07249569812900741,0.0615531106500823,0.11238552417572109,0.01013738869617186
-0.0154944725576085,-0.008316968182066096,0.002022027865531045,0.006638280860197336,0.047432841615330616,0.03577972093708303,0.11490125889242288,0.035728606385483495
-0.015390777985209589,-0.008047774545713843,0.0023592166619526983,0.006541407442753477,0.06028091892770558,0.04750983424951007,0.11487264432948383,0.024678258027352146
-0.015525392990045236,-0.0072226238361855705,0.0028008910399928344,0.005589944852642233,0.08946391072865711,0.06896543175556231,0.09488169604915957,-0.010743145658684951
-0.021989124250592285,8.98073983262726E-4,3.7959969421880917E-4,-2.2087593661338246E-4,-0.2617706708300043,0.025777709347717722,-0.004238975733351826,-0.02280812239418355
-0.025,6.938893903907228E-18,0,0,-0.5000989700670346,4.238045787038148E-4,7.474807955786371E-5,-0.0011413829000037534
-0.015546600515968395,-0.005655542198700988,0.003268077629622459,0.004052868924468867,0.12546142266524243,0.08860564590842863,0.05445707014077731,-0.04663269820087099
-0.015728319510490925,-0.006528679559002851,0.002897973855859729,0.004758921340318311,0.09140474480946598,0.07641375790170163,0.07475178754465399,-0.029300205978492446
-0.01858880069829728,-6.165301753687914E-4,0.00160305481266297,2.9084873560541053E-4,-0.06377158345467887,0.05071918349306349,0.0028930508122493623,-0.03929327093955313
-0.01659589119827772,-0.0025206126957760156,0.002655276193188594,0.001477694506973799,0.043131861111881255,0.06700981043016578,0.01249199509941693,-0.04729394707250625
-0.01613686322918245,-0.004400038536565427,0.0029125375031162676,0.002830401794345083,0.08186920832772371,0.07490112166607314,0.03101099260547625,-0.04834386280001842
-0.0150034913041155,-0.011196325879658,-0.0018692545021773924,0.007815310203792796,-0.010426149257191585,-0.07748767863950777,0.05427589649139652,0.17539347447522527
-0.014842921746160493,-0.01124342629880737,-0.002065162901739706,0.00806905337324112,0.254972272324429,-0.07905285237931457,0.0515982949482485,0.18609885787553002
-0.014971778084562355,-0.011353568631903913,-0.002107265680917753,0.007737690022396204,0.0076992626285003205,-0.08058413060487091,0.04634185535149351,0.17830491239301352
-0.014801469324203571,-0.01139495244676372,-0.0023207602329500835,0.007999262045053726,0.15049374318786293,-0.08222128358537208,0.04313832813589771,0.1891497827287517
-0.0149298821674192,-0.011511767348291816,-0.002349109813615888,0.0076595346543949705,0.03558728280001197,-0.08322800636991241,0.03808767015270954,0.1809550852031485
-0.014755282782341356,-0.011545084353673888,-0.0025741169935501445,0.007921376268952729,0.05407466500268579,-0.08484543110915183,0.0345217683802918,0.19181681387606667
-0.01515513778447141,-0.011143013825499341,-0.0016831190869290873,0.007595852320439917,0.05296648508162911,-0.07260657500122496,0.05853055736135148,0.16450518737576558
-0.015299430682923837,-0.01104792842638038,-0.0014649532121428167,0.0074155659448602055,0.03672934348324635,-0.06745326424903575,0.06356464911047773,0.15392867081085296
-0.0012950874523945913,-0.02197437189603603,-3.1901967925213965E-4,-3.827141755793015E-4,0.26196918641157757,0.027256399513585213,-0.0037427419944289467,-0.02389941240117782
-0.0025859489871309874,-0.01952067180210862,-0.001063435416692616,-0.0011568021112546758,0.09880621081159972,0.04977221053235192,-0.007651105495185544,-0.038365221949481894
-0.0035489994304471924,-0.025,0,0,0.43790728867632406,0.0017261622218287872,-0.015036071032346327,-0.001284908799886342
-0.0047351634560260465,-0.019021360087896084,-0.0020930139944025598,-0.0012324791543022293,0.04849414662636587,0.05375060532682476,-0.01599565899701835,-0.039811259303710766
-0.005774167241927793,-0.0173322804979547,-0.0032956886648976913,-0.001915744618734515,-0.03554320408054302,0.08078593010278862,-0.020185069546655523,-0.053469483413057725
-0.0071588075126746385,-0.016942429337727865,-0.004361944333821657,-0.0017426256983834355,-0.047883016929268475,0.09184880357151538,-0.032586207867322,-0.0559116081827036
-0.010035694874925578,-0.015571627918329747,-0.007261352745598674,4.952016292165141E-5,-0.01727485813908586,0.11292916312154185,-0.10034481732664322,-0.031351795212551
-0.009874672695918383,-0.015648883381015964,-0.007126897217331522,-1.534053473576613E-4,-0.018391036673891636,0.11466242331987885,-0.09503113955819052,-0.0358822582884436
-0.008705129081452065,-0.015674924105376516,-0.006659703332692898,-0.0015060853422229586,-0.03308779274962304,0.13765558906525743,-0.060036521902983045,-0.06374632628816668
-0.008957682033191534,-0.015636995486112186,-0.006860666565853417,-0.0012579909588858612,-0.023525506026699346,0.13681210995863619,-0.06788498520009974,-0.06000591519644706
-0.007899498869271979,-0.016311059537356686,-0.005371260340164016,-0.001753689938399394,-0.05495238442042956,0.11128550298579233,-0.04235826209998501,-0.060500899924784086
-0.008481819829454045,-0.016080682819306597,-0.005988386283322148,-0.0014706575070931335,-0.04133313876856792,0.11930258013484385,-0.054775411855746685,-0.05939037131409147
-0.009659835005868068,-0.015689898955194466,-0.007031398957346515,-4.1330129099004877E-4,-0.01695932752579701,0.11925508281385754,-0.08882539140405617,-0.04199136734566112
-0.00917570489110099,-0.015735327423798694,-0.00681377030194458,-9.681092429146889E-4,-0.02246353602960735,0.12812904007528803,-0.07427546254001889,-0.05378820009840889
-0.009410566743483948,-0.01572204988495228,-0.006918639897963257,-7.033061491384058E-4,-0.01829159061056197,0.12396771686726087,-0.08145996719220595,-0.04836376621682647
-0.011545084353673888,-0.01475528278234136,-0.007924789588341866,0.0025634498444673482,-0.44008288573642473,0.06333253942472666,-0.14253986798101934,0.04338517957591329
-0.011483284491822461,-0.01492238843581762,-0.0076999439822578565,0.0023235107985725037,0.07123630018537719,0.06365341217702748,-0.13654011352367154,0.03420267783096914
-0.011416940916714677,-0.015084163038457249,-0.007498329316514714,0.00208873964851547,-0.0743949931400507,0.06298174944194092,-0.13101209963864566,0.02882670240609558
-0.011693686304088879,-0.014704405031812397,-0.007837868866247719,0.0028180108544409877,-0.16719311293742126,0.05404542442898886,-0.1428086674028851,0.052481552796455756
-0.01164336766344029,-0.014886519730184405,-0.0075951728952472096,0.002556760125964331,0.03198523789974007,0.05444171270178929,-0.1365545989013486,0.04253471160256573
-0.010338696905218773,-0.015431198779973569,-0.007473950523526715,4.6704824809508985E-4,-0.021003592392245512,0.10734198157878239,-0.11009962192584265,-0.021056159527814537
-0.010186108551675212,-0.015568750224516969,-0.007258489732507804,2.450744213522939E-4,-0.020249678796492636,0.10730727065382664,-0.10392599182317767,-0.02595857447773261
-0.010578691712097178,-0.015451441291513109,-0.007377157142071103,7.834353634904634E-4,-0.027502364622803064,0.09534986712587627,-0.11395647959277673,-0.011157632570667401
-0.01130491564519296,-0.015216522143228502,-0.007375683467620989,0.001843608468674301,-0.04212579614388725,0.06562155858904815,-0.1267150512312825,0.021984235128752982
-0.010856450147284005,-0.015373252409464595,-0.007397274351943846,0.0011788765292989384,-0.03285374899151495,0.08472657151182002,-0.11975630886284848,7.835037246855805E-4
-0.011112191196455146,-0.01532050536147939,-0.007341369652486007,0.001533464823496264,-0.037639795912097825,0.07305383664349431,-0.1230162536116917,0.012291391338592306
-0.011805568118774963,-0.01483236392476621,-0.007499689060488534,0.002804069371477724,-0.02245130236601998,0.04526847522028207,-0.13644462783037967,0.05145234523688141
-0.011840618209004684,-0.014648884232660607,-0.007743844746156177,0.0030672628544923235,-0.012604670640347503,0.044981668778986315,-0.1425112431638762,0.06150626085615866
-0.011952075373697517,-0.014770316718089673,-0.007416648181794472,0.0030368298838945877,-0.03162886723180464,0.03696582458401062,-0.1361205500620893,0.059973723952713824
-0.015446504234124251,-0.009917349228259337,1.1126127755261031E-4,0.007476520603538969,0.015339734433607753,-0.030803053608580534,0.10213978907740852,0.11449254495658683
-0.015490378075673404,-0.01009305031930427,-1.2749817282200004E-4,0.007400677300387965,0.01766330742573494,-0.036704121165967156,0.09652253730122821,0.11871941102878923
-0.015412242359738154,-0.010922421197903867,-0.0012426571778425073,0.007299156871636961,0.03673407589003546,-0.06235990539915337,0.06892860645443159,0.1451215560516591
-0.015486381231298883,-0.01028480709382272,-3.848672945803982E-4,0.00738840983362206,0.02232667776912198,-0.043367584353253504,0.09074431849813526,0.12542071955217773
-0.015409759431730268,-0.010706412204153987,-9.658748527871468E-4,0.007402471323169055,0.034744894232519495,-0.057251013017083525,0.07698378689208428,0.14124869246240015
-0.015463927433737056,-0.01048801194211245,-6.595022570911459E-4,0.007383692342284921,0.02989528532832963,-0.05006576731683387,0.08439480310793722,0.13262494854777318
-0.015564499258485517,-0.00958002236488607,5.399974451768888E-4,0.00722245729003855,0.015595118316659965,-0.01656599537086667,0.10701922422457373,0.0947382559665958
-0.015555010810439413,-0.009782095426290847,2.8120516528819044E-4,0.007275729436342411,0.01787200600648155,-0.024463525708799776,0.10316373722476299,0.10356016829963963
-0.01577992903862519,-0.008542787739024928,0.0016004356682876011,0.006413520487471639,0.03435551634193868,0.02370475605078851,0.10829943624534209,0.040649166979530256
-0.015658382863681392,-0.008907664286332067,0.0013029872454846927,0.006804076549315746,0.02547944605777223,0.010360384754480985,0.1112942531321127,0.06044377486648942
-0.01575181615990757,-0.009207799553379558,9.260831095841134E-4,0.00680413707151175,0.02333959085692132,-0.0014251317339589265,0.10682918083644992,0.07073627691064456
-0.015738322534355653,-0.00946227958766818,6.391353108447776E-4,0.0069098658691420945,0.019444947225398874,-0.011072154216172922,0.10423088024060476,0.08198817750066308
-0.01587475908752478,-0.007931679546053892,0.002041801873388101,0.0058588048706714755,0.05209957175522951,0.04277487950914308,0.10041696661265544,0.013751741244295056
-0.01617936331015573,-0.007118388485989403,0.002272884237490182,0.004932979751695466,0.0634206531934724,0.05743007090934392,0.08009898475013302,-0.014366693904275696
-0.016282881482249018,-0.008407097853715061,0.001416683130577424,0.0057103660033364,0.046633757530506956,0.023964585794150346,0.09450693899287589,0.02560547384099251
-0.022000695474535353,-0.0021709159774514434,3.7244938084026423E-4,5.264881750179361E-4,-0.24432268384225428,0.02452375221956227,0.009834352327322696,-0.02144019964889489
-0.025,-0.003548999430447187,0,0,-0.43603146845120905,-1.683290217793905E-4,0.01576856996431276,0.0011795938611991535
-0.016922718339628648,-0.006125604962240236,0.0020777614813313606,0.0037282717896848397,0.056197339670310806,0.0569002229303691,0.05359948338429232,-0.03070777317960776
-0.01875638212843262,-0.004104903248487938,0.001403202856251085,0.0018966555658850165,-0.04273631954636189,0.04612005512710692,0.023576963139459197,-0.03432490985515269
-0.015145210205277143,-0.01130567110020487,-0.0018997637885493615,0.007490143250766838,0.053850004860568575,-0.07539222962755031,0.05136555687352506,0.16621734853752124
-0.015111878688712686,-0.011472281781321238,-0.0021314349161089597,0.007404347372671999,0.05184303519601526,-0.07820177462363576,0.0436900051283761,0.1686632382366344
-0.014878523452329814,-0.011667929783109737,-0.0025917108311878,0.007581460788271765,0.05890075633397244,-0.08537064226841874,0.02964527950575055,0.18327353059698293
-0.014704405031812392,-0.011693686304088876,-0.0028240265303519237,0.007835771452050838,-0.0018267735565925664,-0.08687173159543593,0.025759252879737304,0.1940052778807625
-0.015060360672365403,-0.011636787092978407,-0.0023702552332797618,0.00733218913755379,0.04814177096042906,-0.08082490435570629,0.035652347902161936,0.1714715091388175
-0.01531794099326304,-0.011237681794798057,-0.0016878768819889418,0.007260969830273206,0.03841608344689839,-0.07044947928550871,0.056047186950925594,0.1546463126663897
-0.015506591164664777,-0.011125860176464499,-0.0014356689728128628,0.007036145870371343,0.03702984964623351,-0.0645126139210328,0.06169352917426057,0.14235066194980675
-0.01481991176543338,-0.011822229895784459,-0.0028340482968768257,0.007499514292005777,0.08533433791760818,-0.08699447677395301,0.021071457354195574,0.18514679044691704
-0.014648884232660605,-0.011840618209004684,-0.0030729021973885198,0.0077416761911212745,-0.21011017856991918,-0.0882771408906543,0.016817690806820836,0.1956437754703385
-0.014747232078438506,-0.011971480580109979,-0.003082315254104292,0.007425615858145165,0.09619448961976863,-0.08817597763794123,0.012321142217665096,0.1870515560580898
-0.004928215105949956,-0.021656448733499915,-0.0012564331839771657,-3.8163173591553224E-4,0.18210719487030905,0.027229867241277354,-0.015267465917247397,-0.02267532329769095
-0.007110403506374536,-0.025,0,0,0.2291874564078905,0.005819874981273226,-0.02599845189974387,-0.0022228608917229994
-0.00653702504376076,-0.019535808726418108,-0.0025449797717647786,-7.871866417523389E-4,0.04336867982418757,0.04431298115077465,-0.025849321011371208,-0.03238039600430401
-0.007431440847291661,-0.01810675196441179,-0.003669385150354126,-0.00106736959230991,-0.00949305566274579,0.06421526780268733,-0.03588266333629098,-0.0406272861904887
-0.008012124048790412,-0.017091350160205316,-0.004691286745349572,-0.0012567768884949391,-0.03447699021991757,0.08566606683101177,-0.045501988309413606,-0.04877903108257274
-0.010079034535704192,-0.01575309905334851,-0.00696174219694106,9.966615062718754E-5,-0.024668233191649156,0.10209894979290812,-0.09786300309412199,-0.027699230135425888
-0.009854465133727217,-0.015841550858860187,-0.006817375947731843,-1.6270616924220585E-4,-0.023482479788564145,0.10549251327156832,-0.09142043273215317,-0.033916854624504035
-0.008899368624556744,-0.016064602123749046,-0.006224193221735675,-0.0011076480999749024,-0.027942692685770456,0.11573020832758908,-0.06545330925722477,-0.05371900281926013
-0.00863103192307713,-0.01661319000784968,-0.005446535919243417,-0.0010895452717267098,-0.02629828788008205,0.09553753044626025,-0.057842937932200196,-0.04829583527661238
-0.009581584049910444,-0.016003878833582064,-0.006533961425281817,-4.4157977494717733E-4,-0.021078167636080905,0.10473517564762123,-0.08245979765123929,-0.03939100162705792
-0.009266697468265653,-0.015967169133589473,-0.006503614004660539,-7.841118719534676E-4,-0.0204013881103309,0.11384110445342736,-0.07551528469656743,-0.047511870870694986
-0.01157711143589525,-0.015071026654899462,-0.0073738628387975255,0.0022921826399783965,-0.06883292880273263,0.05357098655032808,-0.1305150441373836,0.03667483782259648
-0.01148520728350634,-0.015248125012586704,-0.007182152263310769,0.0020301964225196735,-0.041937293048247136,0.054429357766435114,-0.1250894601025766,0.029676862291729927
-0.011755820409671219,-0.015033555420982503,-0.007254372943895026,0.0025292571995245857,-0.06341978903152373,0.04368240687995651,-0.12993788619014449,0.045552394923929145
-0.010417569486293096,-0.01572692969181999,-0.006965077479056074,5.09925040320016E-4,-0.025227077033364683,0.09030080468738218,-0.10484237402253936,-0.016307091474889207
-0.010754640214769802,-0.015629259475710998,-0.007021983357902381,9.415005601800166E-4,-0.02357981470124523,0.07943797606586832,-0.11139976103468947,-0.0035991344308923465
-0.011325752848631054,-0.015418470099005007,-0.007043975989386476,0.0017202756905698717,-0.04263477372330245,0.05843786699165033,-0.12004592168625088,0.02055077013756189
-0.011065757457254051,-0.01556252642157225,-0.0069844686872985754,0.0013366887035756914,-0.03329446088746466,0.0671712829292593,-0.11536464831040157,0.008625336136796587
-0.011927322137941086,-0.014958358668985237,-0.0071787886407860225,0.002789165223365704,-0.0579207163462643,0.03493102594831262,-0.1298882274825985,0.054675029711124236
-0.012061319779039544,-0.014868972239077972,-0.007146672877498756,0.003024318852261534,-0.05867902365369384,0.028392301625711637,-0.13029814175614587,0.06257935829965927
-0.012104837279184417,-0.014709406515152741,-0.007308256733721465,0.003267660455106916,0.004197534187026922,0.028066232889083418,-0.1349412508771478,0.06870987629948581
-0.011985736283431544,-0.014588774500088612,-0.0076452659219835425,0.0033054376450007313,-0.17611504910512474,0.03601085632901913,-0.14164173635433983,0.07029440843499278
-0.01568582754262308,-0.009944694239572447,6.401032357328578E-5,0.0070717350740902825,0.020888392300317107,-0.029158087368047366,0.09673021890796864,0.1035212992067267
-0.01565601882187139,-0.010178305833053732,-2.273720055906695E-4,0.007115073497205436,0.02231392100883887,-0.03718574589770069,0.09156719766806667,0.11268941913900288
-0.015609649317458445,-0.010878118312877437,-0.0010942867680815826,0.007003285769483505,0.033590690171974406,-0.05738826825778509,0.07048429198155966,0.1329462678430646
-0.015696142167607428,-0.010416296660051767,-5.140277648855787E-4,0.00701618554209709,0.023748974135484307,-0.04393516418877516,0.08458517832706709,0.11780885529008168
-0.015597078498167525,-0.010647072701477108,-8.214385314518194E-4,0.007113066186925962,0.030645711638356443,-0.051989732228773386,0.07821100186557091,0.12892945967989428
-0.015864094692812244,-0.009741569677287357,2.898289047695757E-4,0.006770611791649923,0.023457214174077645,-0.020549536269598014,0.09679462226843573,0.08785863937181639
-0.016188609288668616,-0.008956158016160272,0.0010037095771888301,0.006087678866157338,0.02879353897312189,0.007530045273406823,0.09765913317175767,0.04706213750816545
-0.016001797004342008,-0.009410381738548553,6.255311401844974E-4,0.006500077393592698,0.023687470783748592,-0.008613595114088818,0.09875519467363357,0.07107883409000684
-0.01695852611800842,-0.007773460430463546,0.0014486682947684984,0.004682785762672924,0.03219206113077821,0.032575830876528204,0.07441121895121654,1.7467750475537376E-4
-0.016741428047986114,-0.008763471920913013,9.470376309059488E-4,0.005357558538158511,0.03276847856531785,0.009886659392807449,0.08496036540946417,0.031799990426430405
-0.021932988002203228,-0.00558331412157511,3.0354947173277146E-4,0.0012849433504088237,-0.16386878071803515,0.01756821605087547,0.023797301776720837,-0.013317546357727124
-0.025,-0.007110403506374492,0,0,-0.22233312589891133,-0.0010314409354733043,0.02676055084653285,0.005596214171100341
-0.019116717956903687,-0.007317306270438539,7.535312502438775E-4,0.0030034638168238144,-0.0197483350215896,0.02159171623365247,0.04444873822490536,-0.009893331313335614
-0.015307751314457411,-0.011430058656418,-0.001919657131028777,0.00713437732028467,0.03943999604229129,-0.07341268589662499,0.04821235744930261,0.15618391368650764
-0.01525456300133753,-0.011595485030433625,-0.0021463137333593714,0.007077705472195147,0.04154256165467595,-0.07632509447201691,0.04086551776299797,0.15939548929630257
-0.015004173786713313,-0.011798514650003642,-0.0026049026945394933,0.007252544020496423,0.04253361730167649,-0.08292009475250418,0.02749455174243265,0.17373599714710067
-0.015189651825048063,-0.011761585780136275,-0.002380100451763237,0.007020815185824726,0.04316600875913359,-0.07894153664679227,0.03304911312291875,0.16258855772794978
-0.015481685655026424,-0.011367707582614052,-0.0017222806609662551,0.006918993106781071,0.03907371407391875,-0.06898336697734847,0.05261756880125409,0.14594222884247013
-0.015644643347334754,-0.01129888273124271,-0.0015425051671934008,0.006726672579924768,0.03608824865776483,-0.06473012648650354,0.0557829787845596,0.13657100253489018
-0.015769087426837837,-0.011111209067112798,-0.0012766531760730988,0.006652917015923965,0.0367437332661719,-0.05909357146358434,0.06219582388109266,0.12781030885145925
-0.014936291625474163,-0.011961151917419085,-0.0028478105442148456,0.007171257186910124,0.036062720730618066,-0.08462481630862807,0.018903637903242298,0.17581084627209573
-0.014825124364897961,-0.012095274088935515,-0.0031102248665902067,0.007164244611518836,0.04777044125009002,-0.08640554780181078,0.009937840903129097,0.17986853474197206
-0.014684603432459318,-0.012131085506919449,-0.003322685147086738,0.007307568694852796,0.020760642741972906,-0.08866184398494537,0.0030484189769965937,0.18721787807371262
-0.014588774500088612,-0.011985736283431542,-0.0033052211263085857,0.007645388764700114,0.16989733586322595,-0.08894882391070662,0.007980809104350511,0.19667307974169557
-0.008670478746548338,-0.021646737820090585,-0.0018427012092399708,-1.1113715516338698E-4,0.049177454916740755,0.016153425387108972,-0.0275958181836535,-0.010539145523742934
-0.010729293840437248,-0.025,0,0,-0.053017635440631004,0.006675302678170093,-0.02922688089482621,-0.001474286122681804
-0.008551636655128977,-0.01927172834673712,-0.003189133723916922,-4.179236575414091E-4,0.009711791675751523,0.034854639630490264,-0.03865573775198202,-0.02262469829060014
-0.009095913205190992,-0.01772082055386688,-0.004480085417152242,-4.609810450121135E-4,-0.02368614279636025,0.05799815593961865,-0.05757400301230221,-0.029116733115686057
-0.010102049926787047,-0.01615317644189312,-0.00636139040640823,1.1076174901852952E-4,-0.016909426903338274,0.082546489032241,-0.09027627779079041,-0.02325718687654357
-0.009405677608546454,-0.01653119686302574,-0.005787349708375327,-4.99362744583066E-4,-0.020315623090304224,0.08634424398480492,-0.07246836728401095,-0.037488363072617596
-0.02065270991410364,-0.021149985792090167,-2.6154473401378194E-4,2.331577656173819E-4,-0.011764629715706717,-0.013214890056993478,-0.0013921713164429738,0.01405524166622298
-0.025,-0.018733575722169347,0,0,0.21931141251152012,-7.748176603542137E-4,0.006914508017710421,1.3648533172657318E-4
-0.025,-0.025,0,0,4.983029204959492E-4,0.0023481926899151084,2.776504003495296E-4,-0.002309300177464999
-0.018733575722169347,-0.025,0,0,-0.2230133600559084,4.2704419814445275E-5,-0.006530985706520768,1.7360799380971648E-4
-0.011684274131874011,-0.015256190955169049,-0.00699802422907714,0.002239017793793496,-0.0413337643912744,0.043082798042845184,-0.12324640285459332,0.03804187250007788
-0.011553085131047764,-0.015439130458968003,-0.006845613467299426,0.0019500372021183225,-0.04375129028983453,0.04599914242072039,-0.11830718193649654,0.02940647437021541
-0.011896517720682221,-0.015196229057059061,-0.006881355823449078,0.002507658490118927,-0.04729464710921862,0.032683488834829515,-0.12242448942912353,0.04767219238762465
-0.010869618633197258,-0.01604056316236173,-0.006370394959968598,9.195772050216598E-4,-0.04081281185385056,0.059650269433119345,-0.10064564723826498,-5.73405990074309E-4
-0.011433360378330062,-0.015724011196195212,-0.006532239633221383,0.0016281197366855313,-0.03805527482839743,0.04397740405767509,-0.10960392543810271,0.021500561075727214
-0.012101023002456893,-0.015044620529279813,-0.006867196528905502,0.002856748273641785,-0.04884749139995695,0.023661789208548476,-0.12373404091480987,0.059518740109407726
-0.012250654861925116,-0.014864712455965285,-0.006919832725995368,0.003199105585564549,-0.05646422780750005,0.017281848144082013,-0.12595841222251455,0.07044341640215566
-0.012258077342381282,-0.014641876610941261,-0.007191149839214968,0.003499654103141078,-0.03458243726488322,0.019320868210003114,-0.13322692698965277,0.07730207856441308
-0.012128895840071584,-0.01452413555302291,-0.0075377653394965854,0.0035437149273349106,-0.162695391739846,0.027035441921616065,-0.14020594721272187,0.07910941330338206
-0.01602667646653317,-0.010166037358639475,-1.8605849121246284E-4,0.006543791981162476,0.016275321986286267,-0.03257280279995411,0.085828036884403,0.09536770142570165
-0.015946770554036534,-0.01073354503120512,-8.070686051837967E-4,0.006550010098462953,0.028125730574748962,-0.04798538075984239,0.07277175373865584,0.11187257773752644
-0.016519198948562148,-0.00969377655779581,2.5684552424742635E-4,0.005855959081606626,0.029483780136236423,-0.014164133945012288,0.08549704041074799,0.062377188761637774
-0.017757924402442376,-0.008986866746430377,5.293095991278509E-4,0.004427934083041867,0.021960926559430192,0.004673810713901546,0.06674452113009459,0.01995012249596405
-0.025,-0.010729293840437144,0,0,0.06538671068624641,-0.0023223725091504974,0.02823666868645806,0.0071658238644164
-0.021616108566580583,-0.00920745346834528,7.006144552093941E-5,0.001890569452382928,-0.02834819916186021,-4.865946029875031E-4,0.03083186438625141,0.005519640579697736
-0.019102409047868238,-0.009403876270782503,1.629367912303836E-4,0.0034025198044282364,0.007647331449631438,-0.0015391371182971864,0.04880287956699901,0.01578160436886059
-0.015454871157566856,-0.011582622555009869,-0.0019678427474187385,0.006798910481829995,0.03886050269832047,-0.07220796062710157,0.04453188865320087,0.14825991003291109
-0.015355917895671006,-0.01172538781262577,-0.002192302182103959,0.006819580291785208,0.03886198838291071,-0.0754316859780449,0.037814103136356844,0.153446221251795
-0.015140303379629056,-0.01194140343059388,-0.0026064432796508736,0.00691106946026195,0.04457674784309029,-0.08070603082782533,0.024970234987303826,0.16389986751714125
-0.015321245123527089,-0.011867163548367449,-0.002359799174106995,0.006739651854666526,0.0382862818185626,-0.0770521613316818,0.032086153045423636,0.154703095757006
-0.015658293870682786,-0.011531061911758338,-0.0017664277020069841,0.0065553736144252925,0.03710545030971558,-0.06763807521673192,0.04798776128682041,0.13731386586347824
-0.015807558619461953,-0.01135857491826387,-0.001504519307375598,0.006463840180324398,0.03669440220296754,-0.06249363607063276,0.05457637350512,0.12874818499687748
-0.01609599134882651,-0.011207475387815706,-0.0012106535333173424,0.0061622942394077415,0.029443565085657656,-0.054895426264957435,0.05956991300136927,0.11319618245700547
-0.01481555175501404,-0.012264090411384633,-0.0032725566900887767,0.006964420591878163,0.046450755699774075,-0.08587634130688022,0.0032025904067736165,0.176798232352077
-0.01504461329373624,-0.012183080909747864,-0.002927543839611864,0.0067740199567502485,0.04496634834642764,-0.08263894990240872,0.01352816782968272,0.16592603316033114
-0.025,-0.014410572767669348,0,0,0.2719039867628157,-0.002414678306581678,0.020282509823848004,0.003866241288141195
-0.021428366743388324,-0.012904783138540906,-3.1097509767213206E-4,0.0017438122351007266,0.09205028985458841,-0.01872072109672757,0.023096208541956893,0.024333873556655863
-0.02098054645718886,-0.016962276331861294,-5.050663759682445E-4,0.0010149501521093676,0.08864787356996627,-0.023975243524514127,0.008198680495382386,0.027793932890319815
-0.014627248871785029,-0.012270165024871191,-0.0035278984620641524,0.007194018601195074,0.06981126250771862,-0.08854704591318213,-0.004827329770843468,0.18677401965734808
-0.014733396055203083,-0.01241410575595362,-0.0035007494538134656,0.006867030623191431,0.03546172428285493,-0.08592766710659082,-0.005273664329981136,0.17720844587167164
-0.01452413555302291,-0.012128895840071584,-0.003543105468270289,0.007537932857555833,0.18492553930071684,-0.08924518270257369,-0.0010921851857063568,0.19699366869098012
-0.016525638461032794,-0.021973118386993225,-8.442927681506194E-4,3.043939869283889E-4,-0.12692971418993068,-0.016829703452717646,-0.015398941252197334,0.01946168822837091
-0.014410572767669334,-0.025,0,0,-0.28621744271131905,0.003124672007309865,-0.021354800836822983,-4.7327426438910743E-4
-0.012571232237241829,-0.022142861839483503,-0.001441242039460817,1.9847031933172023E-4,-0.09291296905284602,-0.00513333779528679,-0.028595069756226835,0.009691718680309344
-0.01110927156357968,-0.01929871102684291,-0.003232554972511099,3.331658339182632E-4,-0.026457003578586664,0.007637734154129377,-0.04715963255665139,0.003414177237369905
-0.010575422863957566,-0.01708713958974297,-0.00515055929351984,4.1785740901508384E-4,-0.03048131541400278,0.041097169020499626,-0.07710233140076932,-0.006292167645190875
-0.01767649884423083,-0.019230944311517145,-0.0012225577376740791,9.304951080206998E-4,-0.032628578894972775,-0.028252369872287023,-0.009951906797220737,0.0341662570093843
-0.01183661665338858,-0.015548810212957127,-0.0064686206877063645,0.0021340101978491286,-0.04904994745114067,0.029103452604228926,-0.11145356345504276,0.03778105875875692
-0.012089837250199707,-0.015304065162787341,-0.006549230628219191,0.0025731304826919314,-0.04458828257837677,0.020399584522701443,-0.11500867100092005,0.052036428826704596
-0.011773515930767857,-0.016277502539531537,-0.005641746835585277,0.0015739208716516544,-0.03685994350083081,0.02089370669404975,-0.09378767661508215,0.027922769386585715
-0.012342951537948229,-0.0151654979030472,-0.006449655546216429,0.002918759442281468,-0.04706985501872644,0.009542210554835102,-0.11383754042694334,0.06405591154768565
-0.01239518089061991,-0.01473706375804594,-0.006887771361906735,0.0034808895287606564,-0.055043060005491154,0.010129206713678054,-0.12587100934130546,0.07986052519367182
-0.01247830703831734,-0.014940460423689121,-0.006546630883016077,0.003279105978761078,-0.04627285867180739,0.004405631859177708,-0.11708354245766361,0.07552974598008143
-0.012413099403855873,-0.014569807051709127,-0.007060955488287467,0.0037285424286841273,-0.03667462198022606,0.01032088037964979,-0.13085161252984234,0.086092237208884
-0.0122699521913998,-0.014455032777517945,-0.007422591353881752,0.003778846731402894,-0.16515322892636303,0.018229776119471335,-0.13817569702502472,0.08776515228361714
-0.016751173135968606,-0.010754409739147097,-6.20817051657579E-4,0.005512518454494743,0.028151248534922783,-0.03637739342247095,0.06644270986644818,0.07972777164956357
-0.017869098282972343,-0.010334498934128184,-1.9646025555116308E-4,0.004425416382282857,0.012177675025777372,-0.02043791735674733,0.05764488051009462,0.045010424749384624
-0.019526802180449693,-0.011221878868008052,-3.5210573955916187E-4,0.0030733283358060095,0.028826678634438104,-0.019399453177907932,0.0382383451181419,0.030547874109530433
-0.015559258370875505,-0.01182008214918163,-0.002110338910524291,0.006468542268678294,0.0360770821595092,-0.07241159029154387,0.03744907502183729,0.14276524766440127
-0.015359594247376833,-0.012076075505580177,-0.0025077138990293036,0.006492549553842487,0.03716797600387561,-0.07723213295549576,0.025642608006980344,0.15102484940807429
-0.015974653027865254,-0.01167297389400796,-0.0016823171104138961,0.006055285045720517,0.03352751075304256,-0.06307588577977458,0.04599501509594849,0.12198505158596308
-0.016479455550199595,-0.011524053037201958,-0.0012849752213793442,0.005550249946269928,0.03577118490642653,-0.05202083859372379,0.05089665925518096,0.09844719476973388
-0.014966891679414663,-0.012423844853242579,-0.0032083902550318123,0.006583712150387783,0.04010104002633911,-0.08299940360491397,0.0028530586864115447,0.1651535737028382
-0.015299004949614343,-0.012395203534495844,-0.0028126033797137725,0.006243093725871839,0.035333970334637484,-0.07846335703349033,0.013975309719522974,0.1501355784419203
-0.018785520048642198,-0.012942900876211902,-9.566329596020597E-4,0.003114150789460213,0.03805118048965176,-0.03477771755304003,0.02801206102307268,0.049697102354960554
-0.019089589950856904,-0.014859105817253332,-0.0010724465390069993,0.002267535447546099,0.0395867219567475,-0.035930567211987945,0.013783949182194112,0.04653056033731306
-0.01802784026227087,-0.01659299021983181,-0.001499380670876035,0.001891167890167552,0.021104388839383825,-0.037663841750832705,-0.0013056325008111614,0.048401593385950424
-0.014816024877278225,-0.012642264981126023,-0.0035463999192111117,0.006470836020636603,0.03947452292390655,-0.08317671820253582,-0.009374787205309277,0.16662212919887845
-0.014616669372156582,-0.012534909667717213,-0.003750568567163365,0.006832747089163693,0.04460395553814253,-0.08592798900567156,-0.014373299008976945,0.17924654208469323
-0.014545795048999766,-0.012401063623581314,-0.003752795343964463,0.007106674656820582,0.08812826301843217,-0.08812057264670708,-0.013129528049607651,0.18710687841177878
-0.014455032777517944,-0.0122699521913998,-0.0037875777275023273,0.007418169308963171,-0.19972030617077607,-0.0889889599492613,-0.010211646500239133,0.19670968132282105
-0.014521750645148863,-0.018697797641586505,-0.0025636180444801593,0.0012095089473326342,-0.037509880476090836,-0.026439391114895242,-0.033306812093700545,0.038523575970806585
-0.012357623425710729,-0.017353083467843932,-0.0043470340076021225,0.0013397027767050788,-0.03516915231830715,-0.0028080492740757065,-0.06805712712840585,0.029698118081102173
-0.016183114288679062,-0.017374027201353233,-0.0022364213692268836,0.0018339562185135585,-0.015298815038736245,-0.03857721954748116,-0.019506359256525732,0.05214261330505044
-0.015063207228690735,-0.016961922558268946,-0.002994148173975909,0.0021164946776522707,-0.018278037205478794,-0.03938786714730392,-0.03503356629598909,0.0607185019547025
-0.012384839343259854,-0.015638641305646787,-0.005887394956010132,0.0024739278403151164,-0.0380248159794599,0.004158048958388469,-0.10091077428171437,0.05470209419140888
-0.012704417548121297,-0.016280900219833506,-0.005024610792431986,0.0021300650144087875,-0.03659083858500438,-0.007630282667317233,-0.08225520250258893,0.0502654406277732
-0.012696804080887471,-0.015222947599305507,-0.005995609772781972,0.003083550349041345,-0.03687357140123402,-0.007187058874477387,-0.1030654490594881,0.07354987052076213
-0.012593666436007931,-0.014702478280061179,-0.006656255886321501,0.003668684931264921,-0.04536677321454429,-7.159390896397314E-4,-0.12035001746072813,0.08776513156560795
-0.012737598963149823,-0.014923378119967787,-0.006239844937304998,0.003463304664810449,-0.041300812361526176,-0.008036369877339512,-0.10963530769611815,0.08389298908600201
-0.01255424701395555,-0.014481995902840744,-0.00695214500693643,0.00396163630120712,-0.09897066600742442,0.002243940612700658,-0.12853493441843078,0.0946443146549125
-0.0127033484186387,-0.01454659723728637,-0.00666154287103819,0.003959190626463149,-0.04001479814923372,-0.0063737547227039944,-0.12068556207486872,0.09713958098327191
-0.012408766398519247,-0.014381534484329045,-0.007296480478828418,0.004017000314754939,0.10050528750426928,0.009598593145281706,-0.13561135054138665,0.09653709391337846
-0.017439450204021503,-0.01199596023628933,-0.0011440202287782816,0.004419816713551956,0.030723801495501742,-0.044872885346641404,0.04197774381060209,0.0742144242791033
-0.015780171827178537,-0.012262632641577093,-0.0022730248827718892,0.005843398506031807,0.0263324482085567,-0.07042131465827461,0.026558820434076147,0.1294514530473588
-0.016334907394148467,-0.012101856728053115,-0.0017631626990241328,0.005379701012801007,0.03091966154279977,-0.05980273943218596,0.037674106791187684,0.10664535358189284
-0.015165863403710742,-0.012695798972388837,-0.003149170971258032,0.0060518462798822325,0.03182653218774692,-0.07910425632552644,0.0011332358855787514,0.15039287068614135
-0.015500698579201293,-0.012714217795179936,-0.0028007828668860524,0.005710367012101176,0.034725553902008606,-0.07419903767164703,0.009499133963507666,0.1351084640269927
-0.01493765470413278,-0.012875518243832085,-0.0035171915516183693,0.006052086122149038,0.030021553873121953,-0.0799172577478634,-0.011558847237024304,0.154913296782287
-0.017558140570378484,-0.013945262692674454,-0.0016791131282086413,0.0033761279824518994,0.03399757676698389,-0.049117871031951595,0.014826418739433285,0.06963993560244218
-0.01707408131407098,-0.015551993998639614,-0.002038681927638838,0.002670014650074795,0.017811214148203153,-0.04767291123673997,-0.003150509858139186,0.0663212322656185
-0.014726420379305797,-0.012872665989875047,-0.003793616903331305,0.006248068701871241,0.03381884796958575,-0.08141641334386385,-0.019508603830814705,0.16341752437857346
-0.014582553743437504,-0.012693908673739158,-0.0039014173331487615,0.006639465191842663,0.05094198252912763,-0.08435090969443343,-0.020834581426000736,0.17552417500291995
-0.014462602770841286,-0.012551084662005298,-0.003988662758589049,0.006977613208061623,-0.0055581159113227896,-0.08696379376898128,-0.02235722173685584,0.1860408234509715
-0.014381534484329047,-0.01240876639851925,-0.004012459974765944,0.007299161444963863,0.049813554052334584,-0.08797219912280485,-0.018951233573696397,0.19597095531154377
-0.013925331227498297,-0.016677809424232522,-0.0038599591765030384,0.0022178296964481506,-0.029449774582855446,-0.031162932533684025,-0.0540627216618993,0.05846668903810283
-0.015402636944744029,-0.015863091490366417,-0.0030958770634163914,0.0028467145193594337,-0.010479803454873492,-0.04968114382183712,-0.02850124992733718,0.07632873159834232
-0.013214627390996067,-0.015636803683561917,-0.005101544774461426,0.002883171808088278,-0.032878803025400666,-0.023764597943013558,-0.08172696888867459,0.07325426338986972
-0.013045294564727103,-0.015032930937240783,-0.0057599910224112255,0.0034761321188256995,-0.03605738583103313,-0.020586829404937,-0.09659574134135306,0.08685924128067367
-0.012873922695809281,-0.014718073359542358,-0.006253980368031107,0.003805062787046085,-0.03741034090534282,-0.014441295628748076,-0.10989148501560234,0.09486492987861558
-0.013139028054969547,-0.014777793130218347,-0.005846127495956682,0.003833853472902987,-0.03259663007438942,-0.02525103664924751,-0.09841031212140475,0.09789946181010252
-0.012865391972017718,-0.014483117627241946,-0.006480400064994888,0.00413994672668953,-0.03921708440935293,-0.014739617413719259,-0.11582658190983698,0.10418940666556575
-0.012696889483451787,-0.014389759062434547,-0.006828624629351756,0.004194001517760321,-0.06222688487488357,-0.0061108632122151806,-0.1254858903476753,0.10340907158858324
-0.012545204192439473,-0.0143037118419788,-0.007166836575444403,0.004244069228212913,0.09848907096401145,0.0012646989634794027,-0.13259806191916765,0.10507808696890038
-0.014830994067020332,-0.013111518510797086,-0.003754709147146111,0.005840578338463511,0.02814284105703056,-0.07825285280747817,-0.02095688968201846,0.15202307069274246
-0.016210504469412645,-0.01314282101488986,-0.002358056293145842,0.004736012237001378,0.020162955284950376,-0.06497035971178632,0.01385085173101061,0.10724369867285308
-0.01527956612025746,-0.013160148357644586,-0.003237285204210635,0.005431132608512086,0.030522821865940825,-0.0745888945427801,-0.006035437173582543,0.13510706836667594
-0.01618316586749653,-0.014677486570358422,-0.002639740779318068,0.003549524206623918,0.019520065377671134,-0.05795416992850232,-0.008675830697329278,0.08799067636447926
-0.015110195719549573,-0.014849747532087974,-0.0035489564397304173,0.0037500475206989786,0.0023218714836973037,-0.058022284729949324,-0.033599411732847355,0.09972058363665849
-0.014612355688639916,-0.013032555872917594,-0.0040223606094985445,0.006123316156111635,0.03027692718676384,-0.07982189948847361,-0.028296436073125455,0.16224731643348256
-0.014688603708948936,-0.013219797400584973,-0.003979828997606262,0.005803991810677692,0.027382756053990043,-0.07729476183949092,-0.028937397331945492,0.15326546736648916
-0.014509020717071547,-0.012852449499028798,-0.004095235684868172,0.006475859224623147,0.044279255178095944,-0.08251266698940897,-0.028567268570549132,0.17279214764535747
-0.014399577781945576,-0.01269235061674581,-0.004177377596418528,0.006825794332189518,-0.015506890276582508,-0.08531081015117903,-0.030139918045516825,0.18353470509317524
-0.0143037118419788,-0.012545204192439477,-0.004230564075438306,0.007174870101254195,0.42007137204585526,-0.08649795121737025,-0.027731261041937915,0.19446443493504292
-0.01430296862094294,-0.015405773957931728,-0.004177515076211966,0.0033017393189584054,-0.011998203631506027,-0.046533501851276124,-0.0549931654628374,0.08953820956912105
-0.013499291297856222,-0.01501097350942157,-0.005232951834070005,0.0036403094354715794,-0.028320290156713633,-0.03577256053119301,-0.0815017560872434,0.09540053425622297
-0.013064283373325863,-0.014575246192425312,-0.006108090909431552,0.004087457630349264,-0.035239282564983675,-0.02343973163503545,-0.10555583949518665,0.10481271166209637
-0.013338832227622695,-0.014605447019044872,-0.005697853599177829,0.004125445867800788,-0.030390908432478964,-0.033585455754943934,-0.09349687946282613,0.10752859951740558
-0.01299882810562681,-0.014372777753870322,-0.006369845349226231,0.004367200537379969,-0.029496761421903106,-0.021730679581206253,-0.1125627304897187,0.11208653645746793
-0.012834152046149258,-0.014301479227745599,-0.00669323330240773,0.0044090489201921235,-0.08116386613782743,-0.013936381869393033,-0.1218304204698858,0.1113013279755828
-0.012679131780828632,-0.014221641019906124,-0.007031358865955114,0.0044648966845545306,0.006468310144454322,-0.006847172308961989,-0.1291600061440711,0.11338515033393881
-0.014916171986829251,-0.013369539750809397,-0.0037250817764505786,0.005451186008398963,0.02033568720472229,-0.07470027992786848,-0.02289995096283785,0.1410515304357812
-0.014671355041672916,-0.01339387019425874,-0.004047432496227936,0.005580144077836948,0.021325031701526224,-0.07496855699779567,-0.03277145765554397,0.14788779434086516
-0.014510350380012735,-0.014693609988732266,-0.004195934222025096,0.004027314802069972,-0.005695347924951287,-0.0567331469828013,-0.04947797706322307,0.1082611409128349
-0.01522095353964326,-0.013903592891012838,-0.0034657574304089753,0.0046578226120543255,0.016145978972759375,-0.0682176360035498,-0.021040954651418982,0.11893507319872963
-0.014738128397797126,-0.01440333866565776,-0.003993728657026661,0.004301316006097796,0.003572917986638075,-0.061751251325144044,-0.04096978328548103,0.11362917204942624
-0.014555065601632843,-0.013305794095384692,-0.004188206621035342,0.0057775497054776545,0.02401488487808209,-0.07598876825189348,-0.03637974149621353,0.154119241595171
-0.014504141580634403,-0.013147704855358346,-0.004218780985321345,0.006041434136891107,0.02679593751840482,-0.07820355837316673,-0.03569079974343287,0.16160265791922226
-0.014414953678858478,-0.012991198981861305,-0.004298608757477686,0.006346865852718199,0.03731524036519077,-0.08047341548446461,-0.03649367972908469,0.170799633766191
-0.014317860819984991,-0.012832397386491052,-0.004382627662511101,0.006680851866363589,0.014871163428197595,-0.08310885682663884,-0.03835841110765406,0.1811011307786051
-0.014221641019906124,-0.012679131780828632,-0.004458582259350543,0.007035296666802294,0.18476355293011834,-0.08464387225271391,-0.03656253394346913,0.19220946026092797
-0.013603291797419384,-0.014634574954860277,-0.005322105848766656,0.004130676214350796,-0.022239314770766568,-0.04199026129845273,-0.08243550082418788,0.11017551729463655
-0.014000958740393069,-0.014733475780602487,-0.0047717393004448735,0.004027058094870373,-0.019549001083944726,-0.04900963987961187,-0.06667458339356991,0.10688111777495798
-0.013528298493862945,-0.014448394340274095,-0.005525357148548579,0.004378393760607593,-0.021660626156172383,-0.041311521245202355,-0.0875275651309644,0.11594926213768449
-0.013180332084688011,-0.01440585073787131,-0.006064500843202889,0.00437536743168869,-0.030574430538341506,-0.029542809449202834,-0.10375646765101997,0.11418652979799067
-0.013357300491236908,-0.014385296268243211,-0.0058116250750247485,0.004446213454534098,-0.02449604369187559,-0.03637575995023836,-0.09616196155985537,0.11735349366676015
-0.013094531405287407,-0.0142647980468097,-0.006301420142807464,0.004571194475338956,-0.034318501417160086,-0.027022922506687204,-0.11029292582128722,0.11898795173078769
-0.012954277752292593,-0.014206174691128053,-0.006576020256679158,0.00461835786016069,-0.05507720685396001,-0.02086086411944323,-0.11833158945274791,0.11890741095535125
-0.012810416269897769,-0.01413540329229132,-0.006885564379131917,0.00468673047797929,0.2077195122020513,-0.014770165259026644,-0.1252722524420129,0.12171814755722606
-0.014508451958165587,-0.013463895230306132,-0.0042845607984947865,0.005583139528904294,0.018582677790357896,-0.07352314418072586,-0.04091444543608621,0.14937734928969115
-0.014704347241289504,-0.013631907792609158,-0.004042914586339448,0.005246304400559581,0.019342071741903253,-0.07180030950861428,-0.03465041472308484,0.13868434760359016
-0.014359347409361761,-0.014361288855589219,-0.0044464949500647695,0.00444425462127218,-0.0032415337672108005,-0.05921983419213382,-0.05381594198012862,0.1186368608682724
-0.014621337206830435,-0.013997377311285272,-0.0041632555448477835,0.0048209789251639065,0.011762141390465662,-0.06662363190712971,-0.041981185249340185,0.1283505753815396
-0.014402775718742386,-0.013303702796415276,-0.004409576675755777,0.005880568140407384,0.025004759777545803,-0.0754733469078488,-0.043371229314100916,0.15845642394588658
-0.014314047517496402,-0.013137977272119438,-0.00450487761490819,0.006196117584056682,0.026880556773112848,-0.07775750811901981,-0.04464130042021397,0.16793012214083855
-0.014226428572992252,-0.01296896576698796,-0.004591074671228616,0.006535742299076054,0.023966611741203837,-0.08035494299159539,-0.04661051474609131,0.17829560031301891
-0.01413540329229132,-0.01281041626989777,-0.004680325763864149,0.006889805126558817,0.07870134520845463,-0.08224869180441134,-0.04521562455830797,0.1896688564526147
-0.01375415014254718,-0.014430558841896602,-0.005217084824307804,0.004416455518887595,-0.014459774516179446,-0.048123283982671204,-0.07798911462082873,0.11865863323021837
-0.013991548317695588,-0.014349231101398305,-0.004924841958774677,0.004516962462499032,-0.008342110914119223,-0.05416834689058544,-0.06868512167539632,0.12184045092756236
-0.014123809785056382,-0.01414466121949463,-0.004799751702685403,0.004775325597673417,-0.0015826054322340389,-0.05932473921882185,-0.06313465710058294,0.12903148263585384
-0.013609841326968693,-0.014304899738280108,-0.005479917766230655,0.004592192217183186,-0.01694054439801658,-0.045491416633513804,-0.08534048653085526,0.12261639325426896
-0.013458409608282882,-0.014269845972686277,-0.005725057581093244,0.004634616932806763,-0.020303306719118324,-0.04121920934539213,-0.09296672954167583,0.12348500296322289
-0.013259990478097564,-0.014223623647175433,-0.006063135686318382,0.0046785955047404714,-0.032878993370462094,-0.034635389901736986,-0.10293092061318984,0.12374439202513109
-0.01309371030143977,-0.01411479298388569,-0.006410151162204639,0.00481884331820765,0.03314341938939435,-0.028495070757740274,-0.11332814186509026,0.1262460198757834
-0.01293892622972893,-0.014045084994930427,-0.006741587297241891,0.00489165040707517,-0.22396253005701394,-0.022492162344121075,-0.12096676361580384,0.1294307339025644
-0.014335299283020098,-0.013457992398866584,-0.00453569557570733,0.005690255168690711,0.019345313770149936,-0.07256575211020846,-0.0488690444174972,0.15382645113474963
-0.014388471503464237,-0.013685836701045435,-0.004473905565706169,0.005331627384245641,0.013439471509533646,-0.06951044154221521,-0.04894246669258713,0.14352734810350545
-0.014316775149426733,-0.013998298961797212,-0.004559980083432078,0.004925907244066857,0.00469888234633655,-0.06410086989975851,-0.0545173731644728,0.13280091527602644
-0.014203168813063606,-0.0133090323352774,-0.0047198654591071075,0.005997375384363417,0.007810945775523673,-0.0739881337224685,-0.05325532288607004,0.16341623143445871
-0.014132816740687284,-0.013107258896816337,-0.0047920036644021795,0.006375333820897735,0.05735035769651974,-0.0770234262230331,-0.05462412839623788,0.17461640683014368
-0.014045084994930427,-0.01293892622972893,-0.004894560513747111,0.006739232954249222,0.11954053197234886,-0.07929546647621973,-0.05366028812237498,0.18668855182318092
-0.013764212213302615,-0.014232914872101083,-0.005284363661750059,0.0046968579870188066,-0.012751610422503003,-0.05078147734549227,-0.07870060417762394,0.12635424702536777
-0.013923030783914981,-0.014104725532060953,-0.005094956480227646,0.004868314464616924,-0.005960870664885856,-0.056220833041398466,-0.07192104334160541,0.13154791969905347
-0.014043947696295706,-0.013951455916931099,-0.004952892922749805,0.005069337316495889,2.2225372559264513E-4,-0.06096535700185617,-0.06624965311161356,0.13744535777934855
-0.013591689973258847,-0.014158900311480295,-0.005574346097101217,0.004812238034860159,-0.01710371986229632,-0.04698264366594238,-0.0875993679719344,0.12934107735021194
-0.01340243101698226,-0.014098473810976382,-0.00590449726614492,0.0049010425872059804,-0.017951326535511042,-0.041629345734773913,-0.09747806625700743,0.1312797784334809
-0.013233218438765721,-0.014026307709755477,-0.006228896671054098,0.005001298320870464,-0.008770997078172622,-0.03570615267853025,-0.10774295920802011,0.13275439763366673
-0.0130645347166975,-0.013950775489717909,-0.006586979684480235,0.00509771244878031,-0.3206192833010254,-0.02997985980656202,-0.11607395066619215,0.13669391009422974
-0.014178429288234082,-0.013534871583918313,-0.004780795122148831,0.005653717017532484,0.015988400918401122,-0.06979287737839997,-0.057331280865719585,0.15382809386910593
-0.01413642807304929,-0.013744417131376868,-0.004841267210541205,0.005350168013594627,0.008509143802368965,-0.0657249300979791,-0.06104051841164903,0.1452356720569015
-0.01404572701569939,-0.013390767970283983,-0.004986777824486764,0.005951549737913811,0.0059836545546059945,-0.07052322947651087,-0.0629407556935011,0.16296391973224666
-0.014012994254018857,-0.013231059674723648,-0.005022681855986497,0.006241070404394312,0.1088569820507241,-0.0732000407728237,-0.06314798760771528,0.17164864787675901
-0.013950775489717907,-0.013064534716697497,-0.005113221981982698,0.006574944670584593,-0.3069277047340034,-0.07571906248649465,-0.062076644999043286,0.18308311250528977
-0.013715012735430396,-0.014049173707490243,-0.0054265264538700675,0.00497745445594977,-0.01092694475445063,-0.052134517860237074,-0.08221671793474793,0.1346607892962114
-0.013832624599240171,-0.013917160304694094,-0.005282481755007215,0.0051680894531413064,-0.004861116229015493,-0.057165115895451646,-0.07670563020868539,0.14051271706810417
-0.013923242207898185,-0.013751918289522274,-0.005172226605514405,0.0054090044055408746,0.0039462265552591335,-0.0619026213363437,-0.07194483674832715,0.14761747564741054
-0.013530186485515789,-0.013983803309529183,-0.005748712698122885,0.005093259231758895,-0.006835542978603212,-0.04767167738746412,-0.09197438440086082,0.13764742515059944
-0.013355329526284187,-0.013920305364993939,-0.006074723395948469,0.005197938736154476,-0.03941979836443272,-0.04226724626651307,-0.1024990894448697,0.13960660625898422
-0.013187119036995118,-0.013852566968142575,-0.006417018610386055,0.005309944246298179,0.04611563615756221,-0.03709700729241265,-0.11056021285771815,0.1439350643081684
-0.013967702592976795,-0.013544121335046882,-0.005119806732670017,0.005732362843187393,-0.001570647399208116,-0.06641954978678077,-0.0685572668224907,0.15692910149253894
-0.013898160957191473,-0.013362759640572406,-0.005235776515993378,0.006073718845457938,0.06074948903702735,-0.06865858098935727,-0.07133401703387976,0.16712682691026237
-0.013852566968142578,-0.013187119036995118,-0.005312933809262216,0.006414710687263465,-0.11953786634736407,-0.07147297086028519,-0.07003493384807996,0.179190306769034
-0.013645017499505821,-0.013866102665398628,-0.005601372398454614,0.005280521155861963,-5.969750553258919E-4,-0.053086497071456316,-0.08658923862751533,0.14362843056379268
-0.013745296291701995,-0.01373918978952333,-0.0054672102315425596,0.005476262220346002,0.004022862465979614,-0.05800142721136659,-0.08144879496395642,0.14960105446057656
-0.01381352228515837,-0.013615173345981332,-0.00537310113912596,0.005668261699161436,-0.001418152814134886,-0.06190717262454816,-0.07751317914059119,0.1552633334134805
-0.013474036651264882,-0.013810396301375155,-0.005914043830447899,0.005390823502088432,-0.04725162129372725,-0.04851055441305858,-0.09679170579168615,0.1461031773126211
-0.013306558565652453,-0.013750556019033763,-0.006245703778125202,0.005510500473466499,0.07633454714618082,-0.043745743436481466,-0.10469375531811324,0.15081457131556425
-0.013793428199524454,-0.013471649530280422,-0.005419684528987314,0.005925375953284737,0.07889195176753892,-0.06434926524577257,-0.07813400058310992,0.16298502868182038
-0.013750556019033765,-0.013306558565652457,-0.005511662141674191,0.006244781685097037,-0.172362476563834,-0.06666566574867615,-0.07781055827834198,0.1745090338589749
-0.013584399677610272,-0.013696768263949577,-0.005755317576059808,0.0055802230948590265,-0.04724706049101946,-0.05423941455130515,-0.09089459172295757,0.15224463091573595
-0.013683778478481071,-0.013584543511217064,-0.005602011166760533,0.0057589427591004565,-0.01637901875115832,-0.05930722069124398,-0.08502843912712203,0.15789159495382513
-0.013422735238775142,-0.013644843410250553,-0.006067924078432257,0.005705703324583668,0.16459903591486752,-0.05000387581401728,-0.09846182810441591,0.15742783928086626
-0.01364484341025055,-0.013422735238775142,-0.005702650738771488,0.0060709145025057,-0.06284187136380144,-0.06143627798886283,-0.08508322069913839,0.1693602842937805
-0.013535533905932737,-0.01353553390593274,-0.0058853848680227305,0.0058939103874713185,0.20807049129300692,-0.055876787262850496,-0.09192791267083698,0.16371341752368526
