% Model,4_roll_mill.mph
% Version,COMSOL 6.3.0.290
% Date,"Oct 6 2026, 17:13"
% Dimension,2
% Nodes,5086
% Expressions,6
% Description,"Velocity field, x-component, Velocity field, y-component, Pressure, Viscoelastic extra stress tensor, branch 1, xx-component, Viscoelastic extra stress tensor, branch 1, xy-component, Viscoelastic extra stress tensor, branch 1, yy-component"
% Length unit,m
% x,y,u (m/s),v (m/s),p (Pa),vef.Te_1xx (N/m^2),vef.Te_1xy (N/m^2),vef.Te_1yy (N/m^2)
0.013535533905932737,0.01353553390593274,0.005891057080683864,-0.005888358522210872,0.5877968254766462,0.40285044283017074,-1.188329115151128,2.029015412416584
0.013600372029679758,0.013709803865981274,0.0057264435927481825,-0.005557232225707078,0.5045888446614005,0.3539035186958401,-1.0928456298350264,1.7656844674810748
0.013422735238775142,0.013644843410250553,0.006073813393593052,-0.00569965212967698,0.568227667268718,0.476668663573007,-1.2345826524225583,1.9508576640967068
0.01364484341025055,0.013422735238775142,0.005701648607914032,-0.006071915603490426,0.6219368987347437,0.33230497390384944,-1.1372777323370982,2.1039156495952667
0.013718373709672464,0.013595905324009628,0.005543555401885141,-0.005731777971181751,0.5043896738629804,0.28630183459797715,-1.0463528697500948,1.8337070614447126
0.013789014237007251,0.013775599760053108,0.005388098515141763,-0.005407778327900751,0.4465951184374319,0.23596808092441277,-0.9326871988847697,1.6387838837888864
0.013477831047184488,0.013819434280995368,0.005905847902386095,-0.005377614792875566,0.5015422024472187,0.42481436712941684,-1.1356699048198056,1.6957600480098287
0.013306558565652453,0.013750556019033763,0.0062504052584993,-0.005505382340237073,0.5521326448080378,0.5534717230990072,-1.275867966015741,1.869484433749548
0.013660033111307993,0.013889011539916812,0.0055703959934691434,-0.005242907139052031,0.44202840712589436,0.299873731138704,-0.9801984633903033,1.5830626120867706
0.013750556019033765,0.013306558565652457,0.005505502804914132,-0.006250259554923224,0.6776522259263742,0.26535366603653354,-1.0817266223882993,2.175657757917339
0.013830800433200181,0.013476317096416135,0.005358951081312634,-0.005904423845775711,0.5012380871155003,0.22272205819218469,-0.9974108465823518,1.9018493788638071
0.013852566968142578,0.013187119036995118,0.0053033353925949845,-0.006422644904908824,0.7482236531664022,0.20220851475000864,-1.0220623260333965,2.244494620659018
0.013935682275700247,0.013349971672427111,0.00517520826888206,-0.006078636328857467,0.4962156575372037,0.16389238843835277,-0.9472894355006708,1.972637243734681
0.013950775489717907,0.013064534716697497,0.005096351891673256,-0.006588122175747437,0.7993867971792746,0.14294282115273838,-0.9586859828200139,2.3106606071967435
0.014030789308688528,0.013218806542017597,0.004994686060139787,-0.006253822554759922,0.49486726379477247,0.11043971866254475,-0.8967065567215976,2.0461936121406694
0.014045084994930427,0.01293892622972893,0.004886294329946503,-0.006745553440023098,0.8993605575129133,0.08706160584179039,-0.8910958757908775,2.3735352944861043
0.014111599378270837,0.013091713043794107,0.004827010140110261,-0.0064183931527032655,0.4830022697458379,0.06467788929946544,-0.8482825631347811,2.1178058298133924
0.014194305379611711,0.012947806699152953,0.0046377949300738614,-0.006599062908134351,0.5550384695492796,0.01692785703892193,-0.7903620917105538,2.1989503421968526
0.01413540329229132,0.01281041626989777,0.004685933730553544,-0.006886153685732171,0.45924262466180205,0.0344482064798233,-0.8207366215781255,2.429675359709877
0.013912051982461593,0.013657370500157884,0.00520514132458566,-0.005568349474529672,0.45280949506064133,0.1769477662213,-0.8838325313145284,1.6928689297977078
0.005475864446977092,0.012128895840071582,0.003550655155475852,0.007534648794778244,0.18505236873736533,0.8902466905989298,1.1458134626460612,1.0009544106974106
0.005544967222482056,0.0122699521913998,0.0037787015868738193,0.007422843305206605,0.02322810461214773,0.9646201677532965,1.1496359690291853,0.9286555469685719
0.005384988276707032,0.012256373020795361,0.003556070098930389,0.007279039301150339,0.06175505569389491,0.8226529358402236,1.0524345249997358,0.8429430652819941
0.0056184655156709526,0.012408766398519249,0.004012118553363064,0.0072992790401585385,0.12651879045132802,1.0410541625996026,1.1496075709757796,0.8562884736099371
0.005452849640796468,0.01240318962703027,0.0037760593601304346,0.007149689761736802,0.05585815653415651,0.8860264779918178,1.0473207147866248,0.7705282043609972
0.005696288158021204,0.012545204192439471,0.004234888009336892,0.007172343693187541,0.0045391082141637805,1.1168161769397118,1.145563789675814,0.7848483572782959
0.005529640505684636,0.0125401227648174,0.003991080489288617,0.007027395855248079,0.060820477407269875,0.9526464852950384,1.0439368250978374,0.7071223841706188
0.013187119036995118,0.013852566968142575,0.006422222497433977,-0.0053040265769741515,0.4595684863683669,0.6331933025932713,-1.3122278815539659,1.7852548638279566
0.013351107022969808,0.01392541581713435,0.006081263365138443,-0.005191407908867274,0.5054600584196541,0.49851274249259264,-1.174152571727339,1.6232994400408955
0.01322122959853938,0.014017722482861296,0.006256657589689035,-0.005015504881076958,0.502077604340427,0.5765996290126284,-1.2126141771171544,1.5586097407978496
0.0130645347166975,0.013950775489717909,0.006581111260194429,-0.005105601891442843,0.6034164011059429,0.7140134983493817,-1.3424413195346767,1.6999623510009723
0.013096419399956469,0.014116542010200362,0.006407102813074232,-0.0048178824835382284,0.4593741132447123,0.6500927781959106,-1.2374424932990864,1.477741907573898
0.01293892622972893,0.014045084994930427,0.0067353768555574725,-0.004900188463125974,0.6804978585422489,0.795643660124235,-1.366886268664449,1.6113871477709327
0.012972521245288625,0.014217874374695419,0.006539794008761435,-0.0046070398849785985,0.451619320174148,0.7186656862489141,-1.2517779750661608,1.3907012860196277
0.012810416269897769,0.01413540329229132,0.006887678257640661,-0.0046835906118426925,0.6037904190000238,0.8786886060051665,-1.3864183329140392,1.5207669577303313
0.012839827066483962,0.014311623478234609,0.00667747695621207,-0.004396591990998166,0.45732735707968325,0.7931745001328282,-1.2660260170340827,1.3073843377982568
0.012679131780828632,0.014221641019906124,0.007032964464679214,-0.004462459254149735,0.5580601650896468,0.9627855183305404,-1.4010383794519166,1.4304399710260756
0.012701251922791224,0.014398420963482433,0.006815792097724972,-0.0041847463207870935,0.4626212751523637,0.8716896791742625,-1.2781338110376497,1.2258147828079873
0.012545204192439473,0.0143037118419788,0.0071708386756045685,-0.004237335918747223,0.524378791689175,1.0478211275001543,-1.41041369876015,1.3400358177661431
0.0122699521913998,0.014455032777517945,0.007426046813920503,-0.0037724214891258494,0.35330179384440846,1.2206270932988619,-1.4128728589120108,1.1584439847269428
0.012260021208380519,0.014611074671180408,0.007230070814920019,-0.003543253515496976,0.4898699141673633,1.128697756880756,-1.3007999589901038,0.9949138612567853
0.012128895840071584,0.01452413555302291,0.007536381032321664,-0.003546909608295404,0.5910611601686013,1.305873589415248,-1.4052132774590957,1.0694454586367401
0.012408766398519247,0.014381534484329045,0.007301884061325393,-0.004007265693289861,0.47493605431974056,1.1337865329740249,-1.4143759424722189,1.2492555424221587
0.012409854228658904,0.014552234289259431,0.0070889468979460765,-0.003752493973370088,0.48622254235012624,1.0377519437905993,-1.2932309643410245,1.066313643861254
0.012557660329119527,0.014479234830156784,0.006952521501599705,-0.003969303247592936,0.4699003642262673,0.953135541668526,-1.2869562671587806,1.144923504313197
0.01139495244676372,0.014801469324203571,0.007997034830720465,-0.002328761285482337,0.6314997861043864,1.7072417808914218,-1.2869769362884254,0.6340776938258784
0.011376220369387909,0.014971421820460091,0.007722007266653732,-0.002135824860327739,0.4335874903027043,1.5466844734630332,-1.1650803751107315,0.515689244763173
0.01124342629880737,0.014842921746160495,0.008066640991626153,-0.002074947232028065,0.6191922695940828,1.7808540357352205,-1.2491342189183956,0.5536178482538542
0.013854249083510836,0.013952809235111097,0.00524072426873088,-0.005110984489384948,0.38877572487145956,0.1913264603266731,-0.8389692577938829,1.4589185704924736
0.013990342909939129,0.013849726014366208,0.0050531281380004145,-0.0052391379765446494,0.3867980195505967,0.1338434701176137,-0.7862183907409933,1.491424253996897
0.013528783198188036,0.014004621048575694,0.005743263222397171,-0.005061120560672952,0.43518010167179977,0.36509420362099143,-1.0202423533737983,1.51794745189441
0.013715272156834137,0.014081220275654527,0.005415226541944818,-0.004930389447885672,0.38526074315527964,0.25086886885336096,-0.8802497414955649,1.39834125786921
0.01,0.015,0.00832932764139555,8.298145625543013E-6,0.3597284271921244,2.2592355507478565,-0.7937355427822537,0.02755443089038927
0.010157039844353498,0.01499753324023817,0.00832516584957161,-2.5812546577683377E-4,0.5121129350956667,2.213202663839339,-0.8635176944731978,0.07996905871029969
0.01007842976979889,0.01514785254261665,0.008029491216044349,-1.2330431605907122E-4,0.4833263799693364,2.0107977190381052,-0.7644070316425243,0.01520893176426621
0.009917767793969169,0.01513312123502651,0.008056361120931095,1.2856064941084474E-4,0.48055784878887503,2.0685502987931645,-0.7049780281946642,-0.028250475184246976
0.009842960155646504,0.01499753324023817,0.008325477158887732,2.5526671459223427E-4,0.687466561091453,2.299089734534573,-0.7221055654793737,-0.018740771741612212
0.009686089839949744,0.014990136311907444,0.008313471189414496,5.123608828745277E-4,0.7320816077558403,2.3323285152919087,-0.6472953529591123,-0.061974587858879014
0.009750662182328266,0.015137786300058416,0.00802827943737515,3.894952546566798E-4,0.41630260660222457,2.09025206095129,-0.6310152053773356,-0.07324360824508652
0.009599927206603588,0.015144196947977908,0.007982440075485821,6.207414623337344E-4,0.4157243953420533,2.0947849210405587,-0.5635629794470606,-0.10909583567493418
0.009529528446938641,0.014977816440745884,0.0082925149938521,7.793878055761851E-4,0.6422666906317703,2.360164639148555,-0.5703579074146897,-0.10100575935635296
0.006147433031857422,0.013187119036995118,0.005310430252239133,0.0064169552287834134,0.17698377878909055,1.4953746581840839,1.0592111551232597,0.44318081660786895
0.005971457475619404,0.013235768390507574,0.005011914756662604,0.006245561555997024,0.06364360610793247,1.28013339102886,0.9500801899176629,0.37102903239514035
0.006049224510282093,0.013064534716697501,0.005108648520354105,0.006578623409732272,0.24455417101022134,1.420503589130065,1.084154890050236,0.5073519435352796
0.0058592498594220825,0.013109139549116983,0.004796674801545206,0.006394409975372152,0.0645025500215281,1.2009304510609942,0.9649322959654772,0.4260692029541318
0.005954915005069574,0.01293892622972893,0.0048901445926880505,0.0067426048343129695,7.588147900802258E-4,1.3439485091233638,1.1058851501658802,0.5742409632723974
0.00586459670770868,0.012810416269897772,0.004677960230593637,0.0068915158601884656,0.06662291527321278,1.2693675086883565,1.1235926255662352,0.6428804765224511
0.0057713744146428644,0.012964291284478633,0.004603867108273512,0.0065725118084194595,0.08568987446129946,1.1420054529133716,0.9934186639522533,0.4973242741021547
0.00745479580756053,0.0143037118419788,0.007166681107357051,0.004244390315497472,0.29654265856437745,2.2020799327226053,0.5255579300160552,-0.11136685696531401
0.007591233601480754,0.014381534484329049,0.0072972530488001125,0.004015823299104464,0.33521819015999527,2.245877068350267,0.45585712875429385,-0.1416637671876816
0.007429033804519306,0.01448545612727639,0.0069166267772478125,0.003963707811936245,0.3017805126191249,1.953469304477036,0.42754354186963434,-0.15820021039051677
0.007730047808600201,0.014455032777517944,0.007421127255068732,0.003782049611385897,0.40103320285049554,2.2851389644224103,0.3836288790562319,-0.16736096927277147
0.0075710535810094735,0.014569801242176347,0.007030497430362167,0.0037363482813724054,0.3095442924086302,1.9870081836616829,0.3619907662466544,-0.1837847556455953
0.00541122549991139,0.011985736283431544,0.003317334481812867,0.007640202369556132,0.2907867098331404,0.8165331877226655,1.138328484515364,1.072746816813511
0.0053100259660923375,0.01211062744436012,0.0033209935061040215,0.007386960094687599,0.023749319432176983,0.7505107449647279,1.0458363981393342,0.9087656192589771
0.005237745331925143,0.011979979705137157,0.003099829840200724,0.0074668792016403885,0.02740814435675493,0.682388811080873,1.0312383609184705,0.9601701769119974
0.005351115767339394,0.011840618209004684,0.0030740656826840295,0.007741232290867722,0.26090060967167883,0.7436544625943465,1.1272251633667205,1.1442585782826709
0.005295594968187607,0.011693686304088874,0.0028261278418335455,0.007835177081996332,0.21755220240664552,0.6726571768629631,1.1131547137713276,1.2165935851997987
0.005105368440825352,0.011681851614246548,0.0026190335096996525,0.007637713977856686,0.07773958610761095,0.5454262857404909,0.9978628418403036,1.0833973884362182
0.005244717217658645,0.011545084353673888,0.0025757333689102446,0.007921074367458435,0.1928174106028301,0.6035653236932819,1.095727925925551,1.289445896018916
0.005167503608268917,0.011834293652512979,0.0028609451964691497,0.007551920419613907,0.0497051781080833,0.6126081455868696,1.0149985537086623,1.019236423642627
0.005052202451674355,0.011525767283912178,0.002376292933186744,0.007721734765136961,0.10583916813553058,0.4813395818725083,0.9795306744208648,1.1513652435679609
0.005198530675796427,0.01139495244676372,0.002324083655769682,0.007998557476620007,0.19815112719117592,0.5362082189822351,1.074575906411656,1.3624687767827064
0.01402550114760883,0.013526857260289717,0.005027264089472691,-0.005739137121728247,0.46312674478968424,0.12407687241383579,-0.8378186037555032,1.7542270763372831
0.014124977695940448,0.013384863047938312,0.004858752615482086,-0.0059224925055914104,0.47571609610622717,0.07777111855787537,-0.796415904715882,1.825867751244722
0.014209382721291592,0.013234789260118696,0.004699094786744697,-0.006116385899864629,0.493515158063152,0.036990982350921096,-0.7588610498199593,1.9077828986946777
0.014247798891399984,0.013084182693223506,0.004598352081266617,-0.00633383722421237,0.5126416766550791,0.01240593615228853,-0.7458472450657108,2.0185260102011253
0.014221641019906124,0.012679131780828632,0.004458233960351597,-0.0070355991200235545,0.8007401887397628,-0.01424857911784603,-0.7442368729948402,2.4837140969347726
0.014294749528390119,0.012822050519024514,0.004416139185402957,-0.006722111089099386,0.5563743005878096,-0.0319949034025842,-0.7167920598079291,2.2306077067511185
0.014371127571061366,0.012683344983278035,0.004217896163053241,-0.006871188003763032,0.5385123058571043,-0.07063565213482537,-0.6528430708936571,2.288299479857018
0.0143037118419788,0.012545204192439477,0.004238899651436723,-0.007170008150636995,0.6960132177507997,-0.05827378548652363,-0.665508223711602,2.532741485542381
0.01445310477866047,0.0125400028143266,0.003997323862877356,-0.007008099997204233,0.5922382143672092,-0.10934526089838954,-0.5774550465372067,2.3335034984404235
0.014381534484329047,0.01240876639851925,0.004019530711952331,-0.007295196312599027,0.4822284347917038,-0.09812525586032707,-0.5842540750943331,2.574704286430931
0.014455032777517944,0.0122699521913998,0.003783014899484257,-0.007420539103141023,0.6766079227911058,-0.13251066408881942,-0.49922011895061996,2.6123507151229024
0.014540946260319619,0.012405474324429537,0.003765566648561329,-0.007110215706595538,0.5783155202798653,-0.14371963678687363,-0.49766658858573604,2.3500330025594987
0.01452413555302291,0.012128895840071584,0.003552458852048388,-0.00753366195413344,0.5315740880300986,-0.16156691891660263,-0.41307830318898436,2.6429855894434886
0.014609931764667168,0.012268397418482029,0.0035520781378813745,-0.007221771523787729,0.5795585867510139,-0.17024611945287307,-0.42436781431819615,2.3804129933604616
0.014375354792961943,0.012982432815548485,0.004359588715923432,-0.006396727608706912,0.4907796132335867,-0.03913695366429742,-0.6588698227437394,2.0088634201531423
0.014119697455404432,0.013720807424920668,0.004870548788112367,-0.005395184419186228,0.3930340420067824,0.08253680923470542,-0.7378446227485206,1.5386711291359696
0.014755282782341356,0.011545084353673888,0.002566919374173685,-0.007923716664186847,0.7894366386084023,-0.2192716928648529,-0.0531684778717573,2.703142543795998
0.014895594522828442,0.011674053623257418,0.0025822410174451524,-0.007551013761149034,0.5433507100748652,-0.23629645940058683,-0.08564400706713055,2.3955168169542076
0.014704405031812392,0.011693686304088876,0.002828142181649946,-0.00783433268002082,0.5238671193813669,-0.21441504621573934,-0.14468028773339692,2.6959277503084764
0.014648884232660605,0.011840618209004684,0.00307169616662732,-0.007742163537408006,0.5752214175909613,-0.20275723759499517,-0.23445454610629693,2.68543744348475
0.014825284481475999,0.011826959115400397,0.0028349928382158077,-0.007488956948171567,0.5830483709354831,-0.22755734825636545,-0.17243247203379744,2.408010442193655
0.014588774500088612,0.011985736283431542,0.0033127971193676505,-0.007642083675749672,0.5814178200713369,-0.1850900331225667,-0.32427438347438575,2.6675590876358144
0.014754940068310903,0.01198471894306367,0.0030884684367656567,-0.007402632723740195,0.5744053442282507,-0.21284944372948358,-0.2623506096162522,2.402913254369826
0.014686451673050917,0.012128038793449163,0.0033192920663425653,-0.007313057405836313,0.5946469206861039,-0.19460642377241236,-0.3421788043919736,2.3915000450957664
0.014801469324203571,0.01139495244676372,0.00231222222308474,-0.00800191012481974,0.8623549826090388,-0.21835539194590262,0.03791435225983365,2.707039974529035
0.01493445220068057,0.011513356353945181,0.0023478241923921644,-0.007653000865140011,0.5141073689140897,-0.2385400933850991,-0.0030404002526059934,2.4193324470840287
0.014842921746160493,0.01124342629880737,0.002064584364819864,-0.00806945221042659,0.7987128548792034,-0.2123111184815003,0.12876141161191026,2.7046804480141184
0.014959429856587292,0.01136458873849668,0.0021328678373366554,-0.00775039987351974,0.518890132231678,-0.23569031336521248,0.07317215315153232,2.445961337725088
0.014991643309236129,0.011199264790400747,0.001881786845835336,-0.007834774103784097,0.5785980066278951,-0.2273552500831423,0.16236182177689276,2.4552335737315887
0.014879595159429932,0.011090665429940793,0.0018222697235237319,-0.008127497237390336,0.5116960314017793,-0.2018922967436051,0.2184359190117627,2.6950563057105423
0.014911450597951645,0.01093683137430405,0.0015578228108082853,-0.008182203859794932,0.7299542750185538,-0.18462803516947898,0.30949639267942497,2.6798846719494
0.015038248259075257,0.011044465433280916,0.001630220595210448,-0.007869244910880398,0.5736924803917881,-0.21531868496295034,0.2448483837321194,2.4242570934627774
0.014938455742167742,0.010782083680081914,0.0012996049123993325,-0.008227293599238822,0.7663695778357672,-0.16182213599410092,0.3993449792455241,2.659115647092396
0.015061549346405119,0.010894073742431017,0.0013991106072347352,-0.007924479466871364,0.5479563724940482,-0.19848072739373104,0.3217077599917851,2.417362204894713
0.013681527751657284,0.006432351695222713,-0.005612528153137637,-0.005790823422695496,0.79438563512052,1.8710157523127615,1.1741569858506382,0.41636697996069777
0.013644843410250553,0.006577264761224861,-0.005705954161223219,-0.006067879132544837,1.0088218719763242,2.033086630696317,1.301793820097729,0.5372010586306127
0.01353553390593274,0.006464466094067266,-0.005885667630787298,-0.00589364167633253,0.7117681442175834,2.1126287747418497,1.253549499446033,0.4580125408766273
0.011090665429940793,-0.005120404840570064,-0.008127632098389004,0.0018211593138972146,0.8775186452025961,2.5878991024453644,0.20201394467639452,-0.19016082642053253
0.011048454876476385,-0.004949957765702918,-0.007950633553169049,0.0016480998336652235,0.8102470274570382,2.323676268049254,0.21474526807994956,-0.2105062571302991
0.01093683137430405,-0.005088549402048354,-0.008182085584685224,0.0015584713346990682,0.9530786757416894,2.5501950725862343,0.28784804688285415,-0.1728141648340379
0.010886169544085597,-0.004922388093860256,-0.008008178188257222,0.00139585782978337,0.7664155775584237,2.2938870589841804,0.2936354663128676,-0.19309945985687715
0.010782083680081916,-0.005061544257832261,-0.008227810538894572,0.0012961899888126634,1.0060202856469895,2.5081192874222333,0.37118155965749194,-0.15008729888893607
0.010726489547476008,-0.004907651960667565,-0.008063484897649164,0.0011496401515274184,0.7311551391438532,2.2687887972673555,0.36946993885620566,-0.17062577510419344
0.010626579228399678,-0.005039415511198498,-0.008264066630673667,0.0010407994236343767,0.9248427932923488,2.4604268447261632,0.4512358399738088,-0.12293196691636832
0.010470471553061363,-0.005022183559254116,-0.008291816883887635,7.886424304432655E-4,0.6827647035384347,2.407101224942881,0.5266076664228654,-0.09235686785442183
0.01055154442058124,-0.004890367564584057,-0.00810659289799034,8.75137557176339E-4,0.7370659281539128,2.224470590869874,0.4509042145847226,-0.14051641253523553
-0.005120404840570065,0.011090665429940798,-0.0018052062939415657,0.008131355758265037,0.04766159787807008,0.40430562656591174,-1.0203042024207671,1.5084673023655377
-0.005088549402048356,0.010936831374304052,-0.001556334038621816,0.008182699243857562,0.20804926982671543,0.3441649292805076,-0.9869364412036837,1.5794682033230545
-0.004966864511972756,0.011050075394814774,-0.00166064706132269,0.007971294890719,0.2375874657616676,0.3150443843883574,-0.9261084125837019,1.3912960120854245
-0.00498213032998328,0.011199459926993826,-0.0018844516145651972,0.007894421965465062,0.20561977566063658,0.36364209834419364,-0.9433343379493966,1.3113401290125815
-0.005157078253839507,0.011243426298807372,-0.0020633425724293185,0.008069614583809125,0.09818301147312873,0.46797607138787295,-1.0496262904478162,1.434802486177288
-0.005244717217658646,0.011545084353673888,-0.0025740418221965175,0.00792158917276829,0.17322413093773725,0.6013217874720819,-1.0961269608115605,1.2871871130523354
-0.005105416065973267,0.011673821866339662,-0.002609898358605107,0.007644970824759355,0.09110566563321708,0.5435118415859644,-0.9991882117191437,1.0916371540946843
-0.005295594968187609,0.011693686304088879,-0.0028239235713704556,0.007835997299614596,0.18902089541432207,0.6700828608777486,-1.1134196490185404,1.2137894247477294
-0.005198530675796428,0.011394952446763721,-0.0023210890719545345,0.007999317206562061,0.16059102742386466,0.5339607939185177,-1.074929698464309,1.3608657742888812
-0.0050540507902365524,0.011516966852387157,-0.0023671919082364937,0.0077306384144675494,0.12058077946108213,0.479884098506778,-0.981445189639596,1.161154234882581
-0.005010927998030125,0.011357633906904488,-0.0021228297671601047,0.007812366722804865,0.15914099010356098,0.4189185588490923,-0.9617754610469554,1.2333728728985498
0.00577835898009388,0.012679131780828632,0.004456389196926839,0.0070368214235247304,-0.026988326403673577,1.1928019849027778,1.1368195705333968,0.7133159349213236
0.005602565870535647,0.0126790281420403,0.004193641647251712,0.006886894582860024,0.08987463342843154,1.0138821844945174,1.0308456512084636,0.637204166026642
0.0056776967364249135,0.012818814897697659,0.0043894863784059235,0.006733992793343198,0.07240653161490201,1.0717301702681672,1.012237978290919,0.5677354859813507
0.0052403006216388106,0.012233691925655321,0.0033559924487256364,0.007174269924917191,0.04465839427410206,0.7403410545902033,0.9712730490665511,0.7761600313144162
0.005450794902582387,0.012661729095794872,0.003964676966043954,0.006794161211669826,0.028448218913766133,0.9175416573595381,0.9499502674544338,0.5824424646560136
0.005270874971899311,0.012395707486711496,0.0035323150292635628,0.0070015393958850645,0.025189497106641843,0.7841321098942049,0.9425576666662469,0.6796448556283007
0.005356858899997132,0.012542813766482292,0.0037561935995883236,0.006882062260942629,0.027350284134227576,0.8507118516737034,0.9421904394630928,0.6213505101440387
0.011545084353673888,0.01475528278234136,0.007918824225930233,-0.002582433086262978,0.7322197002296114,1.6315212667195933,-1.320990465144713,0.7181798349684283
0.01152799182416976,0.014921054552395877,0.007662143051288472,-0.002377010867406071,0.4253042390165775,1.4836149423377052,-1.199781895320733,0.5915564377185544
0.011693686304088879,0.014704405031812397,0.007836286010785164,-0.0028230641814809914,0.5765127868212377,1.5537787773830127,-1.3497599177634154,0.802982436449255
0.011670430766684971,0.01486026704370351,0.007610793935501538,-0.0026141622936330464,0.4281800970048915,1.4291418370109605,-1.2342196180057676,0.6703302981726073
0.011840618209004684,0.014648884232660607,0.007745153225347645,-0.0030640496483245318,0.4859398598908024,1.4734747573777627,-1.373180198431368,0.8890904261877973
0.011823652225003057,0.014803816201888871,0.007524811890063655,-0.002855585422476214,0.4698610323770351,1.3532972396252727,-1.258643691988503,0.7519516491396523
0.011985736283431544,0.014588774500088612,0.007643007864849785,-0.003310635760097222,0.6101165199103565,1.3900473726342064,-1.3916909011558039,0.9788907281232145
0.011964641413176293,0.014753371589880715,0.007429016246216657,-0.0030700516713893893,0.4588804579276457,1.2780009851943948,-1.2723435915956272,0.8235656991910228
0.012108706895576402,0.014685248524487791,0.007338524839683821,-0.00330290454158326,0.4450135025545228,1.2082623102054144,-1.289378964240732,0.9059655402582377
0.013385132762461897,0.014107631616434468,0.0059295833219941375,-0.004885608010077241,0.4289569548316075,0.43964126702644885,-1.0646897661972732,1.4587431173892051
0.013242528245780375,0.014170998792608322,0.006125840867010106,-0.004761464500522414,0.4427892510295014,0.5240300729515771,-1.1196758797173774,1.424244549601699
0.013138776363704002,0.014296795926388817,0.006208119105694645,-0.004533663584813726,0.4286672447166789,0.564862466586614,-1.1149883637903029,1.329396486404091
0.013010786317309503,0.014401843588275544,0.006328567664838014,-0.004326524279563943,0.41947930900326247,0.6243869058941178,-1.1256328691822084,1.2504515065032447
0.012868220082995062,0.014494784625445732,0.006466395979719028,-0.00412409925848553,0.412559087147147,0.6953417069094233,-1.141843994729282,1.1768123062156108
0.012718120831083668,0.014579504035903695,0.00660816465181917,-0.003920219255930966,0.40861435456477296,0.7727637568208778,-1.1579131434301482,1.1041791150429303
0.012237928262799073,0.0147499903544592,0.007083574488385739,-0.0033356668217445636,0.4229634682894533,1.0563241301594501,-1.2147915484265808,0.9072172240524289
0.012399288570705484,0.014726583392839701,0.0068971816694349845,-0.0034986429287559603,0.4019246646864065,0.9426343824545881,-1.183702584345349,0.9585536759219587
0.012563374922679114,0.014660041838237126,0.006745893421911064,-0.003708955004379817,0.4047722281824206,0.8523282212838542,-1.1695200482331833,1.0297074899824745
0.01151629954660374,0.015097324545384911,0.0073901719880458605,-0.0021973893864713034,0.4134932391760609,1.3251633228988438,-1.0934524371395182,0.5319573969418833
0.011218846982854283,0.01501712996699647,0.0077773373659702,-0.0018879183447001533,0.4367272617303622,1.6094182621103845,-1.125630516878431,0.4408018504517522
0.011090665429940796,0.014879595159429937,0.008128267324393769,-0.001818538250100217,0.5977916959871241,1.852298724744706,-1.2068714191630547,0.47593702988248654
0.011358009922835963,0.015149592697166175,0.007442205210393782,-0.0019618583877776753,0.4105573059199444,1.3800162804710798,-1.060893444737215,0.46274257011654374
0.010313910160050259,0.014990136311907442,0.008312673540272209,-5.23697894597515E-4,0.5608886457615119,2.163162091541701,-0.9300364424308604,0.13688748903189513
0.010241834135865699,0.015146677537050707,0.00801442243321944,-3.7670209690738053E-4,0.4635457068329288,1.963292836298937,-0.8253611171501755,0.0645240932908596
0.010470471553061363,0.014977816440745884,0.008291655417369525,-7.909376459396953E-4,0.7142528207349796,2.110010700466729,-0.9942557147698975,0.19874598106858712
0.010404910704673562,0.015136086244556824,0.007999611144303698,-6.302473908735592E-4,0.44346979551321547,1.9165557801729187,-0.8849550289427995,0.11864284878476485
0.010626579228399678,0.014960584488801503,0.008264070421625348,-0.0010411820305475889,0.5140625686505393,2.0521171092120514,-1.0542705605830414,0.2629924369217628
0.010558494170715364,0.015108566355928638,0.008001324563141912,-8.743112376473971E-4,0.4501874125284348,1.8847394722632258,-0.9440565908723261,0.17611985016107923
0.010782083680081914,0.014938455742167744,0.008228529621183835,-0.0012917804856376468,0.3559999782565379,1.989518922748352,-1.1090919851728338,0.3292857982110927
0.010733133876239141,0.015089910437410254,0.007960195667616103,-0.0011461033167317395,0.4950073573038933,1.8195718425620317,-1.00031235179966,0.24265734088572952
0.010936831374304052,0.014911450597951648,0.008182515018880347,-0.0015562179021034852,0.49835465902876025,1.9218789681841908,-1.1600940173383212,0.40087280053327773
0.01089050657028951,0.0150831619085222,0.007887970204691709,-0.0013813224092913432,0.47899812107825485,1.740907118333687,-1.0386553044762934,0.3004981865026481
0.011056319600178716,0.015057205198893552,0.007828153190555182,-0.0016342053927455135,0.45009430927208754,1.6714561626664912,-1.0819444998373713,0.3679756866088259
0.010162011620186845,0.01530573591730566,0.00772527954631809,-2.3673461959636095E-4,0.405053494255144,1.781926716945066,-0.7531703634661996,0.04361269949153881
0.013900020197687856,0.014131195400549126,0.005121201151671988,-0.004835788086659101,0.3439869445738208,0.15844394541660786,-0.7679490444917167,1.3167691524821947
0.01405605289332349,0.014058589806895406,0.004915154741723355,-0.004913721334093864,0.332367809620703,0.09965004308005582,-0.7054388988572855,1.3186085754338819
0.0142117417365372,0.013934098197139162,0.004714690722707838,-0.005051018978842143,0.3376476267401769,0.04853142737459853,-0.6528349032480268,1.3494652230578066
0.013583215344689018,0.014211831982336299,0.00556327362766075,-0.0047331748676018755,0.37374960920676975,0.30472183002976466,-0.9083520895353118,1.328553744102461
0.013817545983665925,0.014284616534076361,0.005187448548971691,-0.004623019429088072,0.3255609332064427,0.1819167095803944,-0.7685285002067089,1.2335629818456866
0.009989553193462184,0.015303333389798134,0.00773718241265339,1.4491306518223101E-5,0.4015597052242626,1.8277309192573428,-0.6957203254107872,-0.0036086662017619496
0.009835327018719267,0.015247988101070038,0.007830685066946627,2.4519657238884193E-4,0.4262134482464971,1.92629291159098,-0.6493214113472605,-0.04495521836623573
0.009688038532222795,0.015302305953932527,0.007706084875797436,4.5184631338343254E-4,0.4100698012347124,1.8741785705783622,-0.5868685710613292,-0.07526382686093741
0.009217916319918088,0.014938455742167742,0.00822557646117643,0.001310529351808203,0.3981802940525676,2.4074923509015225,-0.41275035517682435,-0.16207756656100847
0.009373420771600324,0.0149605844888015,0.008261835184845332,0.001056929432038016,0.29330677522634185,2.385620662418963,-0.4912827487960491,-0.13526009226541125
0.009273432103624163,0.015093982232153672,0.007950817587771428,0.0011331399914007334,0.4964438289617254,2.1570643467079056,-0.4210793057430741,-0.17058058940079981
0.009433011810346965,0.015137610277722917,0.007939303547722222,8.756407749151094E-4,0.4525587281365899,2.105944072370098,-0.4900743905211599,-0.14320197746392385
0.00906316862569595,0.014911450597951648,0.008182045279533144,0.001558958449243871,0.618351679048875,2.421352113901882,-0.3317380058943716,-0.1841655005637267
0.009106463714752714,0.015057388724494847,0.007926507608464868,0.0013994280666925977,0.45032235162247064,2.1859691491346873,-0.3437505243680061,-0.1953823285898004
0.008805559587788383,0.014988654173343025,0.007837151662583683,0.0018761564276376303,0.44228509601651317,2.2059240405880467,-0.20231147774992883,-0.22722700970955348
0.008756573701192634,0.014842921746160493,0.008068881420948054,0.0020666246918820768,0.6235660382762915,2.429256309757653,-0.16712208277550158,-0.2140158791889887
0.008909334570059206,0.014879595159429932,0.008127175586894306,0.001823648964069265,0.3404766417367003,2.427931959342399,-0.2485972373577036,-0.20228067315254297
0.008956040974294671,0.015035432062186514,0.007868011161803405,0.001630315703309442,0.4403352167762354,2.183359614602869,-0.2742978148702451,-0.21363587438622603
0.009513256009804683,0.015313309357220698,0.00764085075068445,6.975865427510298E-4,0.39317033868828605,1.8695074952473842,-0.520686856416519,-0.10883507727288667
0.006249443980966237,0.013306558565652453,0.005508300598623042,0.006247879167941877,0.16914634176442986,1.5689954506037553,1.0300731015685536,0.3805904342257324
0.006074976020519882,0.013358596755244881,0.005202502432115972,0.00608459683082475,0.0891395040650584,1.3475382003645127,0.9257281741518925,0.3144497071596417
0.005894850651676649,0.013408993677852036,0.004911759697640316,0.005929981940653376,0.06747992611226837,1.2016427212343415,0.811998554084265,0.24567056841392662
0.0063551565897494505,0.013422735238775144,0.005702847579974923,0.006070740015514641,0.20795595440169723,1.6414503665809346,0.9967504793922841,0.31998226811768593
0.006181365854157239,0.013480427100838167,0.005386580807389894,0.005914019774820881,0.10317086217077155,1.4125443873483448,0.8962108835064336,0.25820812916568264
0.006464466094067263,0.013535533905932737,0.005893347839414409,0.005885921932311707,0.28218013406875675,1.7130131855140565,0.9594600854924908,0.26170227462420614
0.006293845617280491,0.013598250140367524,0.0055693069495562466,0.005740016278118384,0.10983501358791074,1.4787539762985595,0.8644381911802818,0.2047695501604098
0.005781987552359803,0.013280223619611398,0.0047165717947534455,0.006082855007151209,0.05349280006209489,1.1364865205822097,0.8317693721932385,0.29432724854224324
0.005606858161057269,0.012953318443410636,0.004346970844174788,0.006483302358437862,0.03286976818726123,1.0305741577224992,0.9084002661146876,0.4463015569210363
0.005645630223113443,0.013130458221827372,0.004470476266407516,0.006241881063713165,0.032672759360867165,1.054453483308289,0.8441420356216182,0.3470915415755677
0.00657726476122486,0.01364484341025055,0.006078701567239814,0.005694398407326611,0.39925399955634094,1.7843472592891587,0.918542745336365,0.2058466090659112
0.0064126187030650915,0.013707777255715111,0.005752864708484879,0.005569022661426971,0.11214012968374192,1.5482364244694382,0.8327215412042809,0.15613550265590057
0.006693441434347548,0.013750556019033765,0.006251302232224843,0.005504465041468658,0.3408609264244857,1.8531673456127686,0.873895071338421,0.15216042302324423
0.006533614226683682,0.01380062547319566,0.0059341779908441165,0.005414307688476265,0.12417591031536968,1.6222152736142215,0.8053454186601341,0.11583053694265623
0.007320868219171371,0.014221641019906124,0.007028591739801161,0.004469270360071885,0.24774753228604973,2.1536150804256375,0.5925643720349566,-0.07661490266639845
0.007292779083541342,0.014396953770961292,0.006799825782513495,0.004185919844798009,0.2914469131879048,1.9184370717816215,0.4905749090464601,-0.12884630254441573
0.00718958373010223,0.01413540329229132,0.006882303069249254,0.004691618968029546,0.09841438325161815,2.1009660721685686,0.6567242289671809,-0.03743338504105022
0.007163197737233951,0.014304248721764353,0.006682224229954425,0.004403542291112581,0.2887127194964552,1.8834778083667245,0.5512257801078899,-0.09593466026914084
0.007048418372303503,0.01420384546824275,0.006579650505534843,0.004620250245458943,0.27176910963333106,1.8603395667457594,0.6125773721171553,-0.058718566916509694
0.007061073770271072,0.014045084994930427,0.006738436467482854,0.0048960688469981105,0.3280382340137403,2.0452321714325636,0.7159410533879494,0.0055439379500102125
0.006935465283302504,0.013950775489717909,0.006584032437856745,0.005101601874374496,0.38992282367817505,1.9836380527455828,0.772395572925797,0.05159829678848596
0.006908795342746557,0.014104344548938228,0.006420213135242208,0.004836412728041261,0.20105474171254437,1.8018097061859544,0.6691717273797223,-0.016966238818142135
0.006782500087849446,0.014017120487081458,0.0062616726001877955,0.005016257322827815,0.19714639692639693,1.7396120045431125,0.7109189052460105,0.019591256965613632
0.006812880963004882,0.01385256696814258,0.006415005329347582,0.005312630840265914,0.13958044307566286,1.9185528983879294,0.8256852700619509,0.10062821325280273
0.006666979495006751,0.01390881502437649,0.006120190848401049,0.005220105960160666,0.19035922404523212,1.6950992186603193,0.7624857482383399,0.06654015834519288
0.008605047553236283,0.014801469324203573,0.008000681136471701,0.002316240927525185,0.6409337084276828,2.4239230566198318,-0.08477322318690565,-0.22181277992044915
0.008638257276512384,0.01495354935826013,0.007755184822069974,0.0021316961980770784,0.38014335100405217,2.193113985523589,-0.12217894413508736,-0.23815797717821
0.007871104159928416,0.01452413555302291,0.007537220620199761,0.0035450030150992067,0.44484652889834897,2.3195975482801194,0.3094629180602646,-0.18831824279355383
0.007720941427200563,0.014647072858321078,0.007147716695456796,0.0035052549528741335,0.31766076869552146,2.0232692792763767,0.2947398983845282,-0.20513896845965965
0.008486442690132514,0.014921570817700975,0.007664976360066289,0.00235719725682056,0.38404596722539863,2.1695966589491724,-0.05286222942904354,-0.24371263356079367
0.008454915646326116,0.014755282782341356,0.00792173282618831,0.0025732794787233135,0.4608454967658258,2.413327978851742,-0.002752516081170426,-0.22499479756778942
0.00833672698591406,0.014870575723341092,0.007592061783824245,0.0025931745859915293,0.38424561230034343,2.1614267968673686,0.019473724031755676,-0.244205669362725
0.008306313695911128,0.014704405031812397,0.00783828558686908,0.00281751363346913,0.539645413644527,2.398519758334713,0.07705818346969813,-0.22277163889420723
0.008014263716568458,0.014588774500088612,0.007646742876935081,0.003302064781322573,0.5430901938654029,2.3500277794617723,0.2332807506582688,-0.20445165658551687
0.007874810336706879,0.014717896938937524,0.0072617133968751165,0.0032713937191539443,0.32211229274414815,2.0577700327444965,0.2256960596808493,-0.2220449896533501
0.008189233840585943,0.014822495832180297,0.007501504204843734,0.0028172794943389225,0.34016023815891966,2.138873456861326,0.08921836667652826,-0.2407801485964586
0.008159381790995318,0.014648884232660605,0.007747791048908523,0.0030575775859245416,0.625524958217626,2.3769180996167627,0.1555116484873425,-0.21585994531857447
0.008034001083107324,0.014776511620277271,0.007382999690270884,0.003039514728342733,0.32439290471421134,2.097922879710259,0.15651563663778245,-0.23394625012437983
0.007259952575961764,0.014583155942097957,0.0065569340650193444,0.003920703178630852,0.22943328618771,1.7419622830453185,0.36971402302644774,-0.16258590219037153
0.007400558368178499,0.014680187210173057,0.006655506887090156,0.0036963928191049295,0.2465567637362169,1.7627692106300208,0.30672187559560976,-0.18509814259682622
0.007552120648096899,0.014772046134171475,0.006758396357436801,0.003465833806116491,0.26396130959605574,1.7854671306732237,0.24253183393846256,-0.2037618975158145
0.0050098636880925584,0.009686089839949744,-5.22140471554213E-4,0.008313110110397719,0.5750035118334923,-0.05787197636809294,0.5854115310328202,2.074840692776033
0.0050024667597618295,0.009842960155646504,-2.584126415636098E-4,0.008325422656231884,0.5691679405871045,-0.018543313187616654,0.6469276967095428,2.0222776069823714
0.004812661144332919,0.009750769518077324,-3.8739428253668713E-4,0.008087913077056889,0.4367461208446422,-0.07766305693141733,0.5512414060614849,1.8141885698476514
0.005,0.01,7.348837790484012E-6,0.008329347606736152,0.5905399368093858,0.024506793717444905,0.7051190025787727,1.9666124437508288
0.004811694042703257,0.00991910899118891,-1.2635635472619988E-4,0.008102665708178742,0.39395477111546157,-0.03911405747781873,0.609677334689026,1.7695472463643622
0.0050024667597618295,0.010157039844353498,2.7376256595419853E-4,0.008324801803012365,0.6277953929462071,0.07118799821437466,0.760334461155174,1.908669213991855
0.00482236960956131,0.010087036850237327,1.3501723435569425E-4,0.008114951535008826,0.3476489717796205,0.0039866228942782335,0.6669961694307078,1.72732677075362
0.00500576627192464,0.011367564615392494,0.002131499070812452,0.007799910803272259,0.13433953098073162,0.41942990377270556,0.9584750810284351,1.220593299951265
0.0051570782538395065,0.01124342629880737,0.002070149590898653,0.00806799067995232,0.20848293344713398,0.4703919791256263,1.0494727155966384,1.4354300572628043
0.005120404840570064,0.011090665429940793,0.0018125992317013638,0.008129684357445623,0.1954129042769435,0.4061746333710745,1.0203298741107294,1.5082203842217037
0.004965937871621113,0.01120735742341976,0.001884404226357548,0.007871723144137604,0.1688683637702648,0.35964780351400694,0.9345244809306159,1.2908354753226974
0.005009863688092558,0.01031391016005026,5.386881092202786E-4,0.008311988471228663,0.7202243474113047,0.12158496045143108,0.8134542375351684,1.8494824119648576
0.004844583512832926,0.01025152145583441,3.9405008686485115E-4,0.008125238587133087,0.2985635693965005,0.05123473311876257,0.7226569023820061,1.6881927157788097
0.005022183559254116,0.010470471553061363,7.843318516046458E-4,0.008292440065275665,0.37651065582190296,0.17310179348858254,0.8625890355447144,1.787868724708798
0.0048790403675958265,0.010407362931431267,6.453088598531075E-4,0.008134970649505892,0.2862110151285893,0.1017885790784382,0.776460925472953,1.6558234891120922
0.005088549402048354,0.01093683137430405,0.0015524821150459424,0.008183328597502459,0.15300708908969093,0.3439218349054411,0.9870468664125118,1.5806197287665844
0.004935575551123839,0.011044461709371215,0.0016356060484726909,0.007940535173332486,0.21384043330676836,0.30280083100168764,0.9090203401192262,1.364913749079672
0.005039415511198498,0.010626579228399678,0.0010362628189795598,0.008264637539360442,0.21091823451446054,0.22673312369414586,0.9078061045210326,1.7220219664326806
0.0048930915458003975,0.010568256822442177,9.00727274489456E-4,0.008106991314127966,0.3189234913550303,0.15199335785160042,0.8193904663408457,1.5903493697362328
0.005061544257832261,0.010782083680081916,0.001295112630775038,0.008227984014744798,0.19459611844037963,0.2841319224727694,0.9495533789541243,1.6522291726021157
0.004900688363621255,0.010716490314852802,0.0011321835340612912,0.008062930091248087,0.2910290180088846,0.1972041406605953,0.8508644844002865,1.5198857869983138
0.004916107172099343,0.010876146654552842,0.0013795507071367888,0.008009156964096127,0.2577020431783828,0.24814716751098712,0.8818919014561583,1.4459492470816473
0.005139677443057757,0.012125517744679125,0.0031379010738345086,0.007207852737779514,0.04972126485872604,0.6718115175772189,0.941418089332256,0.7928233509172721
0.00490192813063196,0.011666758487783799,0.0024151326309401282,0.007441023244658114,0.08049074616330422,0.47606164429440495,0.8863598934974583,0.9414219141564518
0.005046438218767524,0.0119850880901321,0.002897982596238953,0.007273576085726314,0.056250631830026855,0.6026963632314669,0.918828920550547,0.8306018768268003
0.004967096221521046,0.011829369019914852,0.0026553724802470084,0.007354578079376307,0.06651537386498381,0.5373610550538351,0.9013333070956655,0.8816907550314067
0.004847883360732496,0.011501856659156711,0.0021771320821151606,0.007525472734899288,0.0982441897302242,0.4178963275799071,0.8711964363957386,1.005420378534213
-0.00506154425783226,0.010782083680081916,-0.0013082207258525121,0.00822587172358505,0.4716275062566538,0.28475720396122195,-0.9488743193566118,1.6488356755709141
-0.004940228005246176,0.01088091488186831,-0.0013961134538893183,0.008033019566898447,0.21933119305789991,0.25555943353888005,-0.8944460963846391,1.4696875570892407
-0.0048377147912832255,0.010983202235351505,-0.0014924235677090073,0.007865423668687239,0.19084686651144997,0.2704098956708093,-0.8595780224103089,1.3114987644253924
0.005022183559254116,0.009529528446938641,-7.83726659392306E-4,0.008292552121294306,0.6048428639044684,-0.0933320924941447,0.5205771273557284,2.1235101327161923
0.004822408999392307,0.009584489966641262,-6.453409668843237E-4,0.0080677617696774,0.472661951604788,-0.11167942416635883,0.4915375836920615,1.8578379420635198
0.005039415511198499,0.009373420771600324,-0.0010453797906265106,0.008263623256130892,0.6142761163279599,-0.12483358317643818,0.45248730627459016,2.1677268745643534
0.004837554382650481,0.009419889230508125,-9.004334949071985E-4,0.008038664217173391,0.5053134431886046,-0.14158209115981465,0.42978057478348014,1.8969166745096564
0.00506154425783226,0.009217916319918088,-0.0013058628415731502,0.008226445115463006,0.6254249325689044,-0.15199469346059505,0.381608142765596,2.207231011722812
0.004860553503389505,0.009257543043222278,-0.0011527453018361311,0.008004192601836697,0.5382202451320953,-0.1671761884335674,0.36675081681780575,1.9344916697245491
0.005088549402048353,0.009063168625695948,-0.0015652414311517003,0.00818099549403878,0.6302224099066409,-0.1745937070782986,0.3081909386716044,2.2416630070700503
0.004890556290007374,0.00909734774527754,-0.0014028696372364467,0.007963780666844807,0.5692393572622952,-0.18857037662758738,0.3022542657383717,1.9696912332340626
0.005244717217658646,0.008454915646326116,-0.0025716653513317813,0.007922404738743519,0.8199555556965245,-0.21395454125897462,-0.0022631931363338038,2.3223841249485964
0.005198530675796427,0.008605047553236283,-0.0023294114666151185,0.007997045762673015,0.6549061681575723,-0.2118687854652613,0.07691609197481937,2.312537994993751
0.005082163808047048,0.008484941910098786,-0.002387102248522919,0.007757321946826094,0.6457573987049668,-0.23158517071512041,0.02951608715758496,2.0940709871209395
0.005120404840570064,0.008909334570059206,-0.0018238815842656134,0.00812717046116069,0.6244662677387479,-0.1923936246657957,0.23252387043259506,2.2707208799644776
0.00492744228155314,0.00893970349551134,-0.001650758204119188,0.007917912215616519,0.6001475221124172,-0.20574544358697552,0.2363649195672978,2.002589541942012
0.005157078253839507,0.008756573701192635,-0.0020832684790250584,0.00806462234555325,0.5317545039883654,-0.20508799313445572,0.15490474379379585,2.294360099384336
0.004971142917178716,0.008786940359804141,-0.0018938735637103207,0.007868691134307633,0.6340990717441325,-0.21848944869629375,0.1700483565624811,2.033636805307079
0.005029695001929482,0.00863821916947715,-0.002141051386730069,0.00782483257755877,0.6686062645587323,-0.22684025294018736,0.1019207694015112,2.073716729025184
0.005125831173257938,0.008333533387513288,-0.002618919419292763,0.007668082407431412,0.635633781412082,-0.23240248607925393,-0.0398024381160671,2.09107321891152
0.005295594968187608,0.008306313695911127,-0.0028195274475320826,0.007837499773513782,0.8082782363474341,-0.21181117404205285,-0.08253683445911593,2.3246766454912766
0.005618465515670955,0.007591233601480753,-0.004009661743393516,0.007300520683703601,0.7923044874131749,-0.12598446736590557,-0.4727969582153824,2.2473356659103314
0.005516007103302033,0.0074468989322577965,-0.0039805084272021415,0.006996250861613912,0.61268653263003,-0.14235928390774735,-0.4503759939507053,1.9826730983245284
0.0056962881580212045,0.007454795807560529,-0.004242913949735266,0.007167458707547973,0.66960458299142,-0.09478061133235034,-0.5461075949683508,2.213917732746851
0.005544967222482057,0.007730047808600201,-0.0037739228779399337,0.007425260472465692,0.9060729356172806,-0.1523460257530675,-0.3975827251189868,2.2766499537570803
0.005441744308635394,0.007591980856070065,-0.003764396448342371,0.007130944287224773,0.6053844756603904,-0.16771381909882013,-0.38661630021021937,2.0188968099275275
0.005475864446977091,0.007871104159928416,-0.0035450003302412657,0.00753733622269957,0.7856928695390594,-0.17449714464541896,-0.32076864679629624,2.298969949791181
0.005384563123354613,0.007733665801532919,-0.0035638447395132315,0.007263041718996472,0.6214916072928379,-0.18682721321867712,-0.32737945992521894,2.060396293920352
0.005177035005939277,0.008179957383143864,-0.002853694020229454,0.007570581688449291,0.6478017783369009,-0.228539226280017,-0.11039901558899022,2.084136281358388
0.0053511157673393935,0.008159381790995318,-0.0030689107380801064,0.007743214267760585,0.7214180216029149,-0.20482601864078778,-0.16294599122979617,2.3215321497752575
0.005240705697137709,0.008029410859818384,-0.0030917491618355306,0.007475059554164232,0.6669834680649399,-0.21950748397959532,-0.1822779098753318,2.081216262538884
0.005411225499911389,0.008014263716568458,-0.003314393826987867,0.007641477216089228,0.6201085648316996,-0.1924163486030465,-0.24286436999193725,2.3133444118589392
0.0053150329289931115,0.00788699644188733,-0.003328139998653784,0.00738484972129731,0.672781856462318,-0.20542755482647232,-0.254499929993021,2.0836983071933477
0.014230406772630514,0.01357220345263644,0.004704884580647401,-0.005575117038193917,0.4042021673147003,0.03961733158114537,-0.6971020143344119,1.6020634831576146
0.014318103949722962,0.013406550100140332,0.004557732906826726,-0.005781103802903374,0.42319719439218234,0.004337201750899613,-0.6645291963781853,1.684088301765261
0.014410293054811906,0.01319490658884554,0.004375254593447253,-0.006043226904157253,0.4405309319957168,-0.03638302340726992,-0.6233324200269896,1.7967290413073924
0.01447066511450825,0.012829170565441203,0.004143645364603985,-0.006550571946779166,0.5024366140365396,-0.08019762466218862,-0.5917649634949874,2.0600788451574967
0.014508617942695666,0.012672687876331303,0.004000050724202473,-0.006749744871438176,0.522819029330156,-0.10525724755316468,-0.5553141429983183,2.157777298283883
0.014632632612406337,0.012563784552193025,0.0037499206089934858,-0.006777787886764706,0.49607879452815157,-0.1416357388320476,-0.4617536582317893,2.121316040385025
0.014715105919147846,0.012403121397541288,0.003518911803652426,-0.006907734722804981,0.5028232449622206,-0.16955526823725928,-0.3861537438761448,2.1553842421113383
0.01475902307807988,0.012258772600581795,0.003343022380195958,-0.0070460256793528605,0.5119441550265195,-0.18754963159685117,-0.3311063217220392,2.208748526994438
0.014563283054509742,0.013011982129602808,0.0040876735228062505,-0.006197990743611998,0.4425253679278973,-0.08894154293245658,-0.533732410043195,1.8272976615439986
0.014348604237135501,0.013785271579061531,0.004532402286216006,-0.005212325872260529,0.34205928756056503,0.005401217839476064,-0.6072713110612279,1.3947528673413467
0.01508210231062346,0.011629840660194454,0.0023427288162450135,-0.007306169313154043,0.4963941621855024,-0.22994976677654758,0.008395997773742746,2.157578072757472
0.014914655116426756,0.011968604929897687,0.002881018442039745,-0.007195394782410153,0.5016521672041351,-0.2189454914193602,-0.17210047434452277,2.204358315502296
0.015038218163242448,0.011829468795243048,0.002603684689897639,-0.0071717732226176546,0.4801770809237325,-0.22662505466792449,-0.07487716895672338,2.1221737881902736
0.014882266996419438,0.012141303708984868,0.003084157832772068,-0.007034982725396972,0.48881274634060434,-0.20669945848420165,-0.23537622926002205,2.139784661479005
0.014459238210346873,0.014025776060524844,0.004369276152403768,-0.0048457090098237504,0.2852072255483476,-0.017606193628152664,-0.5318167893996387,1.206436362275294
0.01499753324023817,0.010157039844353498,2.712951587663213E-4,-0.00832479721487884,0.40554433615482505,-0.019952633550745242,0.7350515081601751,2.5167819320651255
0.01512795072598956,0.010236845722103066,3.720563617288231E-4,-0.008051553357799952,0.5833147677760077,-0.0721773149893069,0.6459535034732253,2.304078380505148
0.014990136311907444,0.010313910160050264,5.186083551689728E-4,-0.00831315450277589,0.7852789974067272,-0.06172116726592968,0.6563059449939206,2.5605380576672583
0.015081410025216317,0.010724337053348328,0.0011367596934747602,-0.007980344275479253,0.5931862300907961,-0.17334315453578827,0.4098961883799694,2.405209226850287
0.0149605844888015,0.010626579228399676,0.0010527967241256981,-0.008262439351242273,0.44558699799816504,-0.13519144551697576,0.485617623749565,2.631079484555195
0.014977816440745884,0.010470471553061363,7.801875851719346E-4,-0.008292531942144361,0.7514751543393784,-0.10097045052311844,0.5722715348089501,2.598224911073695
0.015125757774571475,0.01041153790873504,6.441075316457544E-4,-0.008017991992333572,0.5355320538225833,-0.11485822838729924,0.5604739460267529,2.3315043620384905
0.01511869895557033,0.01056420098165061,8.787459279240433E-4,-0.00798148788624941,0.5749263305005275,-0.1461010725240571,0.4868269618291953,2.3500420041445627
0.015,0.01,-8.374517375046962E-6,-0.008329152285627828,0.8490542085677791,0.03037060212060896,0.8142046714194283,2.4686574665293612
0.015152621227321202,0.010080717882232597,1.2553559109897917E-4,-0.008021438826091272,0.554788333148307,-0.03322200560401794,0.7100982553925275,2.231933905069996
0.01499753324023817,0.009842960155646504,-2.648141676549421E-4,-0.008325111412653002,0.7144214854796328,0.08425766974541811,0.8892336799691792,2.4167383535034683
0.01513673042763828,0.009930202412615104,-1.0952496982481264E-4,-0.008051433405407036,0.5246512295009227,0.012360277006635766,0.7808552311970982,2.2134395956833104
0.015105014832529701,0.011471442639790693,0.0021371788074396702,-0.007416169775196859,0.511123683311021,-0.22893879496462036,0.07414388833466991,2.191624970332626
0.01508742687982852,0.011302991090805663,0.0019434749450175654,-0.007588024106620522,0.5270074252398272,-0.2254183430860746,0.13711331175393163,2.275493617927032
0.015261851140271792,0.011550785198115853,0.0020931557987563377,-0.007104450642529463,0.44356830093530325,-0.2221570868393329,0.08890379673875425,1.954436163553445
0.015168228464283484,0.011157860970652947,0.001693964357137176,-0.007562772702844128,0.5025914518534411,-0.21202034500948733,0.21680771642992488,2.2003448239199037
0.015217022677145225,0.010988096291955938,0.001436577829358722,-0.007591599378502693,0.5062868249079885,-0.19396528242619127,0.29632567374049273,2.1647320550711204
0.015189806869679502,0.010825230066062067,0.0012289082951651754,-0.007731716413186955,0.5257572435990557,-0.1779173209659944,0.3651025945395467,2.2265074375384604
0.015126679950729525,0.009761029639172608,-3.757786546618029E-4,-0.008051697627969976,0.5785277925604532,0.06787570350678336,0.8548566916376427,2.166575331595301
0.014990136311907442,0.009686089839949742,-5.160366066763307E-4,-0.0083132240376593,0.46428185949247974,0.14117049346048408,0.9599171123804529,2.3593205948844465
0.014977816440745884,0.00952952844693864,-7.88630347156182E-4,-0.00829175771893357,0.7612374008451862,0.20534355514072225,1.0289462071980247,2.2972874552434686
0.015130125141079576,0.009601101107961163,-6.230201138354023E-4,-0.008010167074113839,0.5571558608925141,0.11974484862073241,0.9115895962507441,2.092058539750523
0.014960584488801502,0.009373420771600327,-0.0010462826456469978,-0.00826334779849626,0.729902999956843,0.27280602805331583,1.0937023343674477,2.2322630634305525
0.015106206337733194,0.00944560199779464,-8.687384093904888E-4,-0.008004063521793172,0.530834140643459,0.1787538565104938,0.9741778325703364,2.0492904766119557
0.01507935526624431,0.009275010311453008,-0.0011386817568209264,-0.007979228005201044,0.5841238170697611,0.24878286894271492,1.0386950529789625,1.9892024650168274
0.014938455742167744,0.009217916319918092,-0.0012929342811792168,-0.008228258614414969,0.40605307622709835,0.3414110547321499,1.1525195323594903,2.1630111682081488
0.014911450597951643,0.009063168625695952,-0.0015654682466192196,-0.008180695408560318,0.7761416807865258,0.4175821068010728,1.2087526366056345,2.0896487773643413
0.015072814261744559,0.009115444583857267,-0.0013782094147879525,-0.007904267868087976,0.5636051925226719,0.30855676205892785,1.0794400972531208,1.8982699349683971
0.014879595159429935,0.00890933457005921,-0.0018204767287334385,-0.00812791230464875,0.7425233268773453,0.49633778638302384,1.2602091222086431,2.014227642037502
0.015034569567651408,0.008968149937482526,-0.001614376229778959,-0.007878265748097147,0.532684594456283,0.3766500900559831,1.13089174398066,1.8486320626269255
0.013422735238775145,0.006355156589749451,-0.006075968619789782,-0.005697225193566093,1.1050520603929406,2.1924131584470596,1.19896869245375,0.3809594398739747
0.013575800302984794,0.006309958532911764,-0.005778007975413637,-0.005597492125016801,0.7929636294772181,1.9279808426167315,1.119314274075588,0.3399482348923562
0.013450247962795673,0.006208225921394609,-0.0059698594652535485,-0.00543051405486547,0.8031432067440304,2.012442189764282,1.077698838170238,0.2786634496193053
0.013306558565652458,0.006249443980966241,-0.0062460499963258,-0.005510312562575385,0.8685737452933421,2.2655829058966472,1.140699391408825,0.3083274953898736
0.01333420197095264,0.006100023368477164,-0.006131421489084411,-0.005239796980090662,0.8700518966634719,2.0717028742369865,1.0196069553768032,0.21209462310651903
0.013187119036995123,0.006147433031857423,-0.006414247719626825,-0.005313400011800004,0.8213575784077395,2.3323749196068704,1.0764425653333476,0.23863772485025384
0.013064534716697497,0.006049224510282092,-0.006584735395218119,-0.005100614807593438,1.1148495305023658,2.3972800637837626,1.0070366757978293,0.1729963378698567
0.0132145757545051,0.005988902991725621,-0.006284688043365408,-0.005034415450834591,0.8462660747220069,2.1202235809277172,0.9540511142996176,0.14731945804384172
0.013081679313159143,0.005898053434235359,-0.006456446464821336,-0.004849063040190968,0.8415157550199189,2.1903903932377666,0.8973558910269505,0.09408528448673041
0.012938926229728932,0.005954915005069574,-0.006739783594605284,-0.00489413062394956,1.0587637271361112,2.4562033329030366,0.9346916497281487,0.11220800794997625
0.013750556019033765,0.006693441434347548,-0.0055130392139709355,-0.006243514129970127,0.9872262372252355,1.9474751554992398,1.3444472222599986,0.6184797198583261
0.013799111188862363,0.006544802819458107,-0.005413083875948631,-0.005951671976431014,0.7172420061817054,1.781842122868069,1.2096217194759078,0.48665728431550176
0.013750729557727444,0.0062610557656212,-0.00546811322128006,-0.005478724338681202,0.7117262759249038,1.7237244174168393,1.0162645277309321,0.29697326187348416
0.013823943666856336,0.0064099271464680314,-0.00536275603169999,-0.005707803327255837,0.7222065495451839,1.7084534730154033,1.096599805952394,0.38694585333711906
0.010470471553061363,0.005022183559254116,-0.008292961172185448,-7.764846994362198E-4,0.9261071822793249,2.410907696943346,-0.5276168401153779,-0.0934025838118437
0.010559662632308538,0.004863736911273625,-0.00807395532068936,-8.793497632130575E-4,0.6971436077681757,2.191682363632079,-0.44162637939163935,-0.14425040928298105
0.010626579228399678,0.005039415511198498,-0.008263831191495138,-0.0010419130838643124,0.8789800956593369,2.463899517388229,-0.45107196635511865,-0.12554591591065886
0.010782083680081916,0.00506154425783226,-0.008226507849988567,-0.001304474368067622,0.8646805438596386,2.5129293119787914,-0.37161357008502227,-0.15263941862371716
0.010883909892855667,0.004910395743531129,-0.007995333525580248,-0.0013863874633063698,0.7822146717534989,2.278261895907703,-0.2932436411874297,-0.192828425240642
0.010936831374304052,0.005088549402048356,-0.008181102872404738,-0.0015641874348849463,0.8726728992679593,2.556890767398048,-0.2890658631828046,-0.17455012912414059
0.01072281049043209,0.004882249987647119,-0.00803627138153415,-0.0011335717858458317,0.74276742180575,2.234651594310248,-0.36820674437922385,-0.17111723722094555
0.011985736283431544,0.00541122549991139,-0.007639520598248457,-0.0033189888820055573,0.7973159387559661,2.6771931091918577,0.34085009379619263,-0.17319436773216498
0.012111932754886335,0.005310260329587233,-0.007381586883570009,-0.0033215174336807657,0.937086712209136,2.414621577191216,0.3588411329481929,-0.1847973416518014
0.012128895840071584,0.005475864446977091,-0.007537211259796366,-0.0035453182390919,1.0953446284997752,2.6683573384621027,0.42978660359452886,-0.14924803303167414
0.011840618209004684,0.005351115767339395,-0.007742875219421023,-0.003069666859401075,0.970797720186208,2.679120139124471,0.24850080976488295,-0.19078609199763583
0.01198054926696525,0.005230352525337458,-0.007453944677818596,-0.003090775759374689,0.9243770358787824,2.391213742153791,0.2761740980245014,-0.20488397528207494
0.011043703924535428,0.0049455703768070845,-0.007948029331616297,-0.0016384890991507793,0.8174743766549474,2.319161339923738,-0.21600750081420284,-0.20961762259409203
0.011090665429940798,0.005120404840570065,-0.00812745374515215,-0.001822500100917142,0.8676533427760683,2.5950416795488707,-0.20345455271632643,-0.1911552079421164
0.011202319100877926,0.004988452838812207,-0.007895334866690985,-0.0018910870230503302,0.8544429013751378,2.3582807873217413,-0.13653634142683865,-0.22129846494945563
0.011243426298807372,0.005157078253839507,-0.00806578792670921,-0.0020787812738648275,0.8217894977784764,2.627084704623946,-0.11517694428360466,-0.2021456171711149
0.011394952446763721,0.005198530675796428,-0.007999084504040948,-0.002322474743559912,1.008138987976793,2.6519961178232596,-0.02601404975464618,-0.20708459077691233
0.011357380704723585,0.005040821411554316,-0.007840664815149377,-0.002143343573441363,0.8816956808344593,2.3993633906636025,-0.05509674604047652,-0.22749611465242411
0.011545084353673888,0.005244717217658646,-0.00792494748416332,-0.0025638441573000216,1.202422091476648,2.668147359010766,0.06435710526725996,-0.2070298155883256
0.011517020354076927,0.0050855788654785485,-0.007760075390748117,-0.002392838016917018,0.8480971463008151,2.414455420977362,0.03134536512319939,-0.2294084086436554
0.01166732002900729,0.005116697704629296,-0.0076583417054829775,-0.0026118292753791977,0.8458534297529311,2.398422844363575,0.10827042861696805,-0.2274644778196281
0.011693686304088879,0.005295594968187609,-0.007838884536272728,-0.0028155733074602565,1.121888908803111,2.676037742374857,0.15608505795040453,-0.20187001684191266
0.011827224909174872,0.005163734418712772,-0.007549839171246814,-0.002848424223162151,0.8771696068660685,2.3869822337565156,0.19115829608132187,-0.21951690389851528
0.010991370762819447,0.00476093392794065,-0.007770324943049648,-0.0014600751717051173,0.7155163095125956,2.0625275335474442,-0.254860214005255,-0.1914852912383739
0.01124342629880737,-0.0051570782538395065,-0.008065087299301023,0.0020811645362589734,0.7792915857815915,2.6205318272131546,0.11385161736750031,-0.2014599996800093
0.011206449565084391,-0.004991066004180272,-0.007896198400484902,0.0018988026336975744,0.861942547183573,2.3596474178633264,0.1355087969202828,-0.22207774103065936
0.01139495244676372,-0.005198530675796427,-0.007997806957149608,0.0023266388426770477,0.9402243498526129,2.646267100287146,0.025153030646831716,-0.20597447643225078
0.011352579549392028,-0.005044329903075615,-0.007848765111266498,0.0021395567175112235,0.8996105479796217,2.4032344202751283,0.05847458741327966,-0.22777920394126874
0.011545084353673888,-0.005244717217658645,-0.007923286039696113,0.0025685911780713943,1.1631369830847027,2.663142686770145,-0.06583704711489918,-0.2053309870434221
0.011515195719462239,-0.005095340772928954,-0.007772446346476054,0.0023985607723004533,0.870652751290571,2.426817545705249,-0.030266581929284064,-0.22964526184728376
0.010313910160050264,0.0050098636880925584,-0.008313676875813168,-5.107803901185536E-4,1.0198810313420217,2.355354883443075,-0.6015379943326428,-0.05653024468905735
0.010396544929999044,0.004858036485491894,-0.008111540524627198,-6.257666045312955E-4,0.6474278936623244,2.1535686756205306,-0.513630050820392,-0.11213121680960535
0.010157039844353498,0.0050024667597618295,-0.008325288779383651,-2.608760193810545E-4,0.732008041742427,2.2948292938929895,-0.6707330484207995,-0.016824054308871145
0.010243671464269292,0.004867630157746587,-0.008149600662621484,-3.86582044001495E-4,0.6340548291806486,2.1269612508971254,-0.5818601897547797,-0.07638903836184106
0.01,0.005,-0.008329224649976086,-4.4181341296362206E-6,0.5893354174893526,2.228524174688087,-0.7360562947209289,0.026677673615295276
0.01008278382308595,0.004861691192212358,-0.008157113924489525,-1.3093728128005884E-4,0.6528833516385331,2.0658508975329553,-0.6458955160198706,-0.03710204555186052
0.009842960155646504,0.0050024667597618295,-0.008324904764544835,2.6756079857406307E-4,0.7843561203122508,2.159163669879203,-0.7989184782771376,0.07572885840908801
0.009921891524605101,0.004852421456208136,-0.008147011767325366,1.237710380177028E-4,0.5919438622179546,1.991387008714961,-0.7019494628986345,0.0035587911725517775
0.009686089839949744,0.0050098636880925584,-0.008312595061602784,5.280703297117572E-4,0.7618005164020495,2.08762568139108,-0.8575651832260682,0.1277365299407249
0.009766101657254422,0.004867076224133061,-0.008149885280744666,3.70788090436826E-4,0.5305590288570329,1.940440093140811,-0.7593561708369804,0.04954132315519618
0.009594375046447726,0.004886677151906112,-0.008141340910467865,6.45060063154371E-4,0.5466470894174135,1.8762292028065908,-0.8197716770640443,0.10538215957421225
0.00952952844693864,0.005022183559254116,-0.00829308228340464,7.756734362500935E-4,0.38144181351215595,2.0135519517882625,-0.9108125431152264,0.18071184402508134
0.009373420771600327,0.005039415511198498,-0.008263085327278626,0.0010473307376012678,0.6555557299618068,1.9363346312519072,-0.9612744308310983,0.23957595117604932
0.009436747090854198,0.004886122546239124,-0.008098377398331554,8.913215181803217E-4,0.502741868853549,1.7877836394226734,-0.8588994110009175,0.15212370640165027
0.00921791631991809,0.005061544257832261,-0.008226642180894084,0.001303729192228358,0.5599215191932065,1.8578342289584302,-1.0068953825588454,0.3001785176688178
0.009285657633468383,0.004912990553319032,-0.008074343924905884,0.0011327554935601824,0.4460228130241994,1.728113553454721,-0.9038531277538865,0.20567664180576492
0.011172703825138007,-0.004808358819873787,-0.007715936016379002,0.001731999427247555,0.7442137840497881,2.1109259925562025,0.17669117916678856,-0.20762863872760648
0.010998039704525083,-0.004768341511416426,-0.007775762962612229,0.00147386853210582,0.7229860506800391,2.0745544038610553,0.25142358425491146,-0.19219918672505656
0.01031391016005026,-0.005009863688092558,-0.00831334573760787,5.143291363200503E-4,0.9870516746911332,2.349821019722583,0.6012304218167633,-0.05496809644401162
0.010399192137934892,-0.0048644911546280355,-0.00811807951001417,6.31207112516888E-4,0.6799418054761045,2.160476785099487,0.5142471969904396,-0.1123762937638542
0.010243308776952847,-0.004870550592412386,-0.008152688537333823,3.871837558034503E-4,0.6376534064799788,2.1288496488084214,0.5825829999106099,-0.07661877156902451
0.010157039844353498,-0.0050024667597618295,-0.008325216711075027,2.6147368883882693E-4,0.7287555254571286,2.2883495031278107,0.6708212630492417,-0.014723802751577357
0.01082095158923522,-0.004747162012507511,-0.00784072852664116,0.0012178577132891247,0.7042881264898803,2.0496804403872413,0.3246991865900573,-0.17249453716441335
0.010655641216190946,-0.004783380575389139,-0.007948713465448209,9.94779862494348E-4,0.6988547275686638,2.0884376564375144,0.3948667290555483,-0.15188017800433776
0.010500010134431519,-0.004708219812609228,-0.00791315366060269,7.435158122962433E-4,0.6424049914823587,1.966926480845722,0.4512080629388369,-0.12333549311050533
0.01,-0.005,-0.00832921199846907,3.1946602574732913E-6,0.619184179438543,2.222404006612893,0.7362598448614252,0.029003124424613346
0.010071253100016806,-0.004864012990759174,-0.008160400889931514,1.1426243071588456E-4,0.6435617331114337,2.062951536865661,0.6507344955259776,-0.03454211997405851
0.009842960155646504,-0.0050024667597618295,-0.00832491508940768,-2.6927407337943866E-4,0.8821397595097178,2.1539783564816175,0.7998096663414481,0.07858551243129107
0.009910778983695294,-0.004856859353132247,-0.00815197456137172,-1.3932043644679032E-4,0.5735323325600966,1.9909571720563661,0.7066979221153337,0.006421786281292522
0.009751826053089115,-0.004876268704037175,-0.008158737119650853,-3.933527533922457E-4,0.5390498511211503,1.943137446138348,0.7667478716646839,0.05478965726775598
0.009686089839949744,-0.0050098636880925584,-0.008313117861174588,-5.190637077254086E-4,0.5301129573149901,2.083338543647431,0.857728584016002,0.1292994893586145
0.009529528446938641,-0.005022183559254116,-0.008292600277268183,-7.798752134247721E-4,0.5090956945262797,2.008646584287698,0.9114585284774132,0.1836090330041762
0.00959067845875762,-0.0048793812111925135,-0.0081323820293077,-6.484617740984557E-4,0.550790681770143,1.8639701338601957,0.8161315846031466,0.10304040718958403
0.009373420771600324,-0.005039415511198499,-0.00826301738415169,-0.0010484657157163678,0.6939502435733959,1.9321790340188754,0.9625937919732696,0.242924046503208
0.009433271357845848,-0.0048877225086568065,-0.008099132686751396,-8.954927044173147E-4,0.4820720743303127,1.786207724593787,0.8594275203566096,0.15213673644585865
0.009274753951381954,-0.004917760154935383,-0.008075312101572628,-0.0011503077045221409,0.44669981512794515,1.724587825874907,0.9071416160032119,0.20931717652293444
0.009217916319918088,-0.00506154425783226,-0.008227546272113175,-0.0012984537583546102,0.45577198836758276,1.854952312472239,1.008796272217586,0.3029578013033762
-0.005475864446977091,0.012128895840071584,-0.003557302900283242,0.007531420278330207,0.3098971413668307,0.885222953030031,-1.1436032373745884,0.9967672278478922
-0.005381167448833906,0.012255947420537759,-0.0035504908763245887,0.007276824420239037,0.00196693205285639,0.8200431898208693,-1.0513674254256837,0.8438179770860349
-0.005544967222482057,0.012269952191399801,-0.003789447369344582,0.007417500186559828,0.3078720879874799,0.9602475934567564,-1.1472568349944494,0.9254083826157885
-0.00541122549991139,0.011985736283431544,-0.003313594589016844,0.00764172459481727,0.20213440091576698,0.8113772401211118,-1.136707895643695,1.0683564289600724
-0.005301863742827998,0.012126866825360098,-0.003327694233436283,0.007360752430750611,0.025453046041250194,0.7487524523411766,-1.038555687522445,0.8944047172908672
-0.005351115767339395,0.011840618209004684,-0.003069857743341253,0.007742926076072237,0.1863023188463124,0.7400083581398985,-1.126879905618329,1.1408233478315764
-0.005230286664475793,0.011978827797560607,-0.003090219540033462,0.007460758869033961,0.05003426957107065,0.6784233687807406,-1.0283131391079678,0.9589106139325588
-0.005164995613388176,0.01182747356102499,-0.0028511317197476324,0.0075561136456298314,0.06817443716162279,0.6100178515232665,-1.0153158550300354,1.0250310335489539
-0.004968034589846894,0.011810366202091804,-0.002636250084102469,0.007373892325915599,0.06932731406425542,0.5341324055888698,-0.9059634848190029,0.8969049470888287
-0.004805993787715828,0.011140850602806278,-0.0016897782278392124,0.007738876932534655,0.14784173347557913,0.3095593468587783,-0.8549778669078846,1.192396723146645
-0.004818540732366662,0.011308472275503979,-0.001916485202578147,0.007640700876183779,0.12235161677437649,0.35924231642308685,-0.8640344683364658,1.1029878442044874
-0.004904991554222035,0.011649403033879421,-0.00239844741867614,0.007459341648736081,0.08341615868941128,0.47351131696634924,-0.8912450290475934,0.9569653048221148
-0.004855310010280619,0.011482007708558563,-0.002159475913539,0.0075487901844201915,0.10057545896004995,0.4155564514505741,-0.8776914064851443,1.0256031320172274
-0.005469310074328362,0.012398875327065432,-0.003793864725091882,0.007169739283198262,0.06709190577640207,0.9004276507244627,-1.0594504913072373,0.78246803533332
-0.005618465515670955,0.012408766398519252,-0.004004575826340617,0.007303530225680636,-0.1361963041080447,1.033949952999603,-1.1474478885655157,0.8539415651162536
0.005472478905784273,0.0128289110769743,0.004092096862076836,0.006574896040914374,0.0224672588532672,0.9425016949204361,0.8934808453876323,0.4782631237405872
0.005068372109711736,0.012310817820225212,0.0032191742510670435,0.006932114739021769,0.018621932033903037,0.6739529106683122,0.8599319534309321,0.6326445008206386
0.005290810508597325,0.012717344830188979,0.003781924297736433,0.006600192566816481,0.015538615519872184,0.8324330710846665,0.8482273950327315,0.4821114319324569
0.00514618287042266,0.012538788794350745,0.0034832801442323583,0.00672179527382566,0.008072023056822327,0.7410135881053166,0.8362338401071855,0.5315246497845298
0.011665149296043686,0.015040634882143942,0.007337220368660664,-0.0024230870044027815,0.4177814620827704,1.2729562778168717,-1.12284127648267,0.601030422584277
0.011789944209660494,0.014930095485960299,0.00737427746149943,-0.002676423647293016,0.43045458957755167,1.2745804055059247,-1.1805016887975595,0.6853588557112464
0.011951636790981192,0.014923910270643699,0.007202761871467505,-0.002852871186346459,0.4060191060150837,1.1572020038645503,-1.164304352368333,0.739429180782313
0.012114530504427172,0.014869928062773305,0.007083823895553956,-0.0030738854810087785,0.40901754816367214,1.0733659086664622,-1.1686236416672466,0.8109288641972702
0.012891127589256396,0.01467701331249557,0.006267578544417493,-0.0038701679911920515,0.35892246182168835,0.6105863138447675,-1.033540769278298,1.0474298779029052
0.013379566763587446,0.014337119827570199,0.005807091083620194,-0.004523315406638902,0.37364774550415275,0.3969020307538412,-0.9659453808815402,1.2678040501812557
0.013214327629537542,0.014487496967564347,0.005956117028562032,-0.004262414868923797,0.3591554251169007,0.4612307246579926,-0.9816707616906285,1.1737908461060842
0.013048817292500087,0.014600340846532346,0.006110216063957223,-0.0040450888162280344,0.3557256721692919,0.5342801628084469,-1.0053325394515678,1.1011377726937193
0.012727090139660696,0.014767528645604518,0.0064071837348489225,-0.003661095695524233,0.35965161846672594,0.684814344270363,-1.0486477732233406,0.978408666857618
0.012336175516591528,0.014935338458182115,0.006729335118584998,-0.0031806515021736595,0.36072130221576576,0.8678290801553469,-1.0756749739542828,0.82652993044677
0.012570818072602878,0.01486421005368368,0.0065137503052911105,-0.0034382084795366876,0.35352314223962805,0.746589280215468,-1.0491837016534404,0.9031284610133045
0.012884706215501196,0.014844013637348502,0.006124567109986145,-0.003641130239206051,0.3208718206887307,0.5599844286475363,-0.9578269093131342,0.9436837505850093
0.011677339844287428,0.015211903215551367,0.007069565276233112,-0.002273141573217435,0.36332326567234324,1.119200357120996,-1.0218773730735056,0.5459498722328827
0.01150691657590397,0.01527045301445714,0.0071300706374414794,-0.0020371381162676214,0.3595796015796519,1.1763557570637844,-0.9964947926451765,0.47781327097832277
0.011190687983331003,0.015205658101782087,0.007477422091831223,-0.0017098725438649618,0.4039920797177308,1.427888230710815,-1.0199918787386364,0.3918641575500382
0.011340168512758875,0.015336828925788498,0.007157667151813238,-0.0017961945226362102,0.35581753670477884,1.2178929904490552,-0.9601779491652769,0.40891699068118387
0.010336813515527966,0.01530122547902059,0.007706961651817228,-4.897987275580395E-4,0.4089064787078957,1.7326608205456109,-0.808566260214203,0.09504551773393798
0.010509179327086438,0.015288062147504729,0.007686510628900404,-7.402152172585574E-4,0.4111939936333285,1.6841370679804386,-0.8610457475850383,0.1492844348279521
0.010659099451184869,0.015219611184193738,0.007755789664450305,-9.794252865073217E-4,0.42476529159849025,1.6984268092691273,-0.9250676664498659,0.20441622856850902
0.010824197411947255,0.015255554760368863,0.007615428673449162,-0.001193852660207284,0.39852154468193796,1.575830250367287,-0.9456586563045342,0.2579886143853973
0.011010539909367968,0.015246494413326966,0.007527540759933052,-0.0014495037644561418,0.3981781199680539,1.4885057579164134,-0.9798874006074211,0.32272851385870743
0.010253666685627886,0.01546204589442976,0.007433311279749488,-3.463102535358371E-4,0.36228223874543336,1.5708717318477385,-0.7370031942099522,0.06860286213372502
0.010064362463595385,0.015470661545399236,0.007434425438552776,-8.982498239021198E-5,0.3630970146022685,1.6106936699851147,-0.6824864046147506,0.019464767082369137
0.014070200379073418,0.014293556245311475,0.004835240747781495,-0.0045857686637150044,0.29736308010297713,0.09041745694409219,-0.6523604824901313,1.1613028793452276
0.014310082660348295,0.014190780073837912,0.004542184649615773,-0.004674597943008975,0.27774564097953264,0.023200959512965916,-0.5737118176532059,1.1605530771534909
0.013674790596128547,0.014467053669966978,0.0053079949735804245,-0.004366719266702012,0.3152044331753432,0.2248430666779477,-0.7814393165459387,1.1421773805279019
0.013917365830429457,0.014505522948782535,0.004967540072301752,-0.004318247100504505,0.2688220435950649,0.13187739895959286,-0.6720122540774484,1.0757146784863312
0.009839124582140202,0.01545832459286674,0.007447959942656754,2.1663240615802106E-4,0.3613974391026918,1.666698159109542,-0.617990426864628,-0.03358826021363435
0.009640864363208938,0.015481981625388386,0.007374894853885139,4.795639513133819E-4,0.3458714578682072,1.6641016376947688,-0.5518084108088964,-0.07346258946933927
0.009153855013954786,0.015189630371256839,0.007711816280508233,0.0012552647337761827,0.39920330295557227,2.011311617036083,-0.3775777893407553,-0.17639966153873268
0.009301869792369674,0.015289250706886536,0.0076050787923835055,0.0010010683553530254,0.3779468901824578,1.895741941965461,-0.4416499740344796,-0.14627205423476286
0.008697716586114382,0.01508542854208566,0.007580169430762437,0.0019400095054064182,0.38539959862769674,2.0401286339629956,-0.18186028886093722,-0.2255368199443039
0.009006121054250598,0.01520043661847957,0.007605811735190649,0.0014510569297051365,0.3854830148034695,1.973091901350328,-0.320497055469918,-0.19248493498530392
0.008838681568862248,0.015168050074779688,0.007548278113083426,0.0016946593013959562,0.37085922687725764,1.9766989941974027,-0.2527148258996062,-0.21024983780455378
0.009427481678169378,0.015476825810536046,0.0073251852770797226,7.610623089160739E-4,0.34395486567106875,1.6816276982448917,-0.4817499019915052,-0.11263450857297634
0.005717678771535905,0.01346084213915917,0.004644550579025643,0.005781477540066329,0.03402584865121521,1.072765116574951,0.7200876760692028,0.1905223145693525
0.006001321618850493,0.01353529907724727,0.005086278581113316,0.00576625422342946,0.07866572716126351,1.2586559189232565,0.7844634106437459,0.19618668306365272
0.005820422098523358,0.013583877351141808,0.004804725432027593,0.005633361329051008,0.04700032900416427,1.121837129055229,0.6965795465566565,0.148815017362402
0.006112758260268753,0.013661609849135661,0.005257311052127073,0.005592912021833825,0.09284040137152255,1.314568266509377,0.7527454644207907,0.14740212614080161
0.006236315571709585,0.01378170983541681,0.0054369137580141105,0.005420720626910253,0.10988037707587432,1.3762703245587158,0.722732046216072,0.10315171484934949
0.00559855142158848,0.013335774890695963,0.0044517562834907425,0.005915706259247603,0.025342977292244367,1.01019999716375,0.7338597843338254,0.2304549931785749
0.005424076483509688,0.01303464562309839,0.00411656696734634,0.0062546883374523495,0.012994030714147198,0.9180499710695685,0.7883264578352688,0.3419327600268615
0.005480875234665913,0.013227234131709668,0.004259318447268908,0.006015691170813105,0.013812736049302169,0.9471111568776192,0.7360670523156612,0.26013801292101263
0.006370118541282344,0.013885789830046697,0.005626538892833864,0.0052633661090446026,0.13159343555852474,1.4468831049787243,0.6991225529783204,0.06647717338079628
0.006529692301198696,0.013941281441518774,0.005869721502189895,0.005173056152690566,0.15370113944697505,1.5553621227512817,0.7055155479460706,0.04982952377696171
0.007127259826579638,0.014484186580114303,0.006456049459834968,0.004137459901093585,0.21336038795448545,1.7191618416092709,0.43044656393207914,-0.13652525733444512
0.006994279948396355,0.014382128935406874,0.0063420784731197015,0.004352890827981675,0.19375770088667987,1.6888790205968716,0.489147760349304,-0.10645079250972807
0.006906535310880738,0.01424430132222005,0.006312883574896858,0.004603382810686749,0.19908786043681725,1.7090081280443017,0.5708636938782917,-0.06430155234469542
0.006751486386078801,0.014197317761130954,0.006094924986125003,0.004721325567826659,0.17532058593824096,1.6096858591295458,0.5820874856381971,-0.045523292973299954
0.00661939305695718,0.014088903130182585,0.005944984997792564,0.0049213130404528495,0.15053677422864606,1.5597630714235642,0.6286754444005842,-0.007559421444801514
0.007087011975572449,0.014671942910273308,0.006222836421457372,0.003882823264194033,0.1871372701956572,1.5544401537205241,0.32634441619423243,-0.16842775836787494
0.008525797344238834,0.01510290781647259,0.007402519148250133,0.002136365150692677,0.3613100506260812,1.9585036382539875,-0.12553472104995358,-0.23130234117510182
0.007716597599557614,0.0148537688135607,0.006873160752480334,0.0032316604016346703,0.28463270378398203,1.8150671105594351,0.17846129901442034,-0.21831264984037982
0.00835833517198697,0.01504781950818473,0.00733135132082864,0.002383012561420178,0.34423940357812666,1.9546183318776047,-0.055117267489106954,-0.2369054793018628
0.008225168321148082,0.01497205616930545,0.007310901534587464,0.0026082149108259105,0.35050574805441176,1.9788566682028086,0.012713168288567805,-0.23823605794038394
0.007892999138780405,0.014919423288255622,0.007005731246775489,0.002998273690256004,0.30705023496218525,1.8559233955484118,0.11589647016957356,-0.22873705565115712
0.008074116485603659,0.014963454551492365,0.007156220775957165,0.002774110934656505,0.33139290285791834,1.910332136042442,0.05633128185340847,-0.23523566888604217
0.007221280476848253,0.014781773935738304,0.00630197214610412,0.0036632254303697043,0.19879017741778474,1.5655364985358793,0.26822462371511385,-0.18877734907775198
0.007368735389929454,0.014890358947623535,0.006383636458267225,0.003434057871851453,0.20938852071936775,1.576047388260729,0.2074453951787216,-0.20582224090337672
0.007535698367216109,0.014992197461147086,0.0064798082036800235,0.0031958523481500863,0.22337207353809066,1.5925161366968927,0.14551492002217967,-0.21878298647030317
0.004609914841998161,0.009646693678967441,-5.076611871513581E-4,0.007839635071709879,0.3997857478908491,-0.0856092360309927,0.4897599641306119,1.5979011487937245
0.00460719824947028,0.009826195638250481,-2.5011366920856985E-4,0.007862888060648545,0.37379278402847876,-0.051432134347132674,0.541926729511853,1.559073265281423
0.004651138323538068,0.010185518556373898,2.724947824343595E-4,0.007912288406155613,0.3285533096455971,0.028085746845573436,0.6475242382826184,1.5012703763484554
0.00462045744954826,0.010007498421453794,1.1399791972455908E-5,0.007886560642202861,0.34980365036792427,-0.013446060373187933,0.5943780054647942,1.5259873472986898
0.004803028897183437,0.011334658218448678,0.0019383637985091239,0.007605864822701091,0.11891916169985282,0.3618527505693365,0.8544850003948262,1.072536860522404
0.0047696836733872195,0.011164268511231997,0.001697944251243079,0.007685088676381451,0.14091588529638266,0.3078800354925156,0.8369016542954691,1.1452987330602638
0.004701082679822628,0.010357316458605478,5.327625550531598E-4,0.007943593807427042,0.30588838713155014,0.07369974263371543,0.7030107110512689,1.4880185378388167
0.004777798017304559,0.010498541287920275,7.607771008224147E-4,0.007997237639187435,0.28552499321563174,0.11926612501132276,0.7599047153765564,1.5038075817946364
0.004750033625087031,0.010992070367058158,0.0014571295612101477,0.007764485113657069,0.168478856698424,0.25603223200522374,0.8187211847154007,1.225680144897005
0.004739131161964468,0.010648573586963654,9.693084674132359E-4,0.007906372561018048,0.23489316242586014,0.15760298487934601,0.7730398543165222,1.3934464836327136
0.004739718806827812,0.010819264683202767,0.001213235029493758,0.007838479541536022,0.2004591508238919,0.20565726077371219,0.7973102911908039,1.308599491799084
0.004686084421689411,0.011646244430264359,0.002207941077669648,0.007247981367094278,0.057815643627463824,0.40343162640270075,0.7860918933450688,0.8161755137146812
0.0049360094093037505,0.01214965119374811,0.002935736111181222,0.0069983853475953485,0.0228846515723917,0.59043560490437,0.8313324726131112,0.6652985954760612
0.004750256143990455,0.011818508243310934,0.0024408856247094377,0.007158969785094585,0.04231650426810734,0.4596558695652126,0.7977507276954016,0.757996661961339
0.004830597298528528,0.011991717224800367,0.0026844282489848982,0.0070679813515390185,0.0291243487763613,0.5214987667098231,0.810480892711892,0.7035061912372457
0.004633478324549876,0.011472183801081323,0.0019772628878320614,0.007333835259802417,0.07733600633938774,0.35024961367668456,0.7737344952426132,0.8776915868751428
-0.005039415511198498,0.010626579228399678,-0.0010369126471202555,0.008264413827871232,0.20269501574705318,0.22570699452798268,-0.9064801172775031,1.7175319308974313
-0.0049037485142506415,0.010728242160624471,-0.0011494125198944583,0.008061324722570035,0.25535016003127975,0.19989749443683838,-0.8547992319783958,1.5210308653171645
-0.005022183559254116,0.010470471553061363,-7.803129388696499E-4,0.0082927384255839,0.29057810544926077,0.1719066851305681,-0.8618474856628376,1.784224690742309
-0.004896123988805056,0.01057250435342844,-9.080613045450687E-4,0.008108664112411387,0.3253783592329696,0.15268632420917408,-0.8224401074206565,1.5951542723057843
-0.004886089128600762,0.010398397113914212,-6.331428513851313E-4,0.008144340993995906,0.3089337833575115,0.09959874839113224,-0.7778827917877299,1.6701200576037323
-0.0050098636880925584,0.010313910160050264,-5.334943959393164E-4,0.008312150293452166,0.6918556591861927,0.12053042506913077,-0.8131534918364699,1.8481794606992885
-0.0050024667597618295,0.010157039844353498,-2.5505227423327034E-4,0.008325257249149448,0.2985761255049248,0.06968688492071277,-0.7595623416261642,1.9102300428350931
-0.004856323497293778,0.010243969766067758,-3.845366394359671E-4,0.008138787108465509,0.3444857943924147,0.05036847026287133,-0.7256166954930513,1.7057250220355782
-0.005,0.01,3.2607823617957845E-6,0.008329334970910015,0.42376117011240216,0.02508265799666981,-0.7048268064009031,1.9700223941635688
-0.004864229166151781,0.010089362143932183,-1.4137444329058183E-4,0.008161475613587899,0.4264980946883192,0.010353510978119282,-0.6824271142683379,1.773701821421963
-0.004869670252553059,0.00991886869872955,1.2964688708046504E-4,0.008167705057966339,0.41417623053010716,-0.032873035563734505,-0.627008379672649,1.8371734426810111
-0.0050024667597618295,0.009842960155646504,2.538369481909518E-4,0.008325407242495734,0.7274570467546811,-0.016608576961517133,-0.645834903376696,2.02570955537695
-0.004762293024767567,0.010836143766800218,-0.001247340753747137,0.007855490098244896,0.21351583261296136,0.21425886391932644,-0.8112599106989578,1.3243179131246263
-0.004626505033976844,0.01100975762396168,-0.001414593298811793,0.007622252475442669,0.15482231157727874,0.23535063769915426,-0.7662171110580366,1.1164020250347628
-0.0050098636880925584,0.009686089839949744,5.253701743516852E-4,0.008312631143308193,0.4933397256159611,-0.05652464429949169,-0.5821831281583977,2.077819549117637
-0.004860531480736546,0.009758404555776173,3.8310003922053826E-4,0.008143127124046981,0.4468562304853357,-0.07211799605817378,-0.5673820866851647,1.870082526365669
-0.005022183559254116,0.00952952844693864,7.832825239756509E-4,0.008292448131005586,0.5874670564845723,-0.09105030264354792,-0.5171886426038452,2.1263029025671973
-0.004876537147353929,0.009602832344018306,6.296466330962745E-4,0.008132691082079061,0.508139739017066,-0.10427093326170433,-0.5117984798395535,1.9214062304071582
-0.005039415511198498,0.009373420771600327,0.0010333672829278715,0.008265003447931471,0.831280863605519,-0.12172386454065302,-0.4492988385527641,2.1699835531363787
-0.004894258586457268,0.009429456994107651,9.04350190801558E-4,0.008105685769015956,0.5025585183248413,-0.1373828511001338,-0.4440079797866372,1.968418608530279
-0.005061544257832261,0.00921791631991809,0.0012962212718517965,0.008227763071475252,0.7587516777388185,-0.14917185205551636,-0.37807861655365715,2.207733976343521
-0.0048977327215886084,0.009272682797976783,0.0011463475177300403,0.008052616946084482,0.514406373683551,-0.16429093205632217,-0.37894366155535836,1.9836049906975841
-0.005088549402048354,0.00906316862569595,0.0015585886156111704,0.008182111350520277,0.7140655556314073,-0.17209765593227197,-0.3050169222719546,2.2416726941949294
-0.004914411492679418,0.009111561010909895,0.001395052146097108,0.007997764666099664,0.5517066994971113,-0.1871593787334862,-0.31147563424265373,2.0039482604207994
-0.005120404840570064,0.008909334570059206,0.0018181780500761125,0.008128354591723995,0.6959023393128622,-0.19020915250493245,-0.22996863570371526,2.2710373868248066
-0.004943071852874029,0.00894871025371332,0.0016477917887559974,0.007940846237154254,0.5863783874330704,-0.2055742770666267,-0.24182929767204683,2.026859008248231
0.00577835898009388,0.0073208682191713715,-0.004471604354834992,0.007027203686338232,0.5029615438784822,-0.05827599215803736,-0.6173970571503404,2.1761919000092043
0.005604591744521332,0.0073058168562098735,-0.004204918107508956,0.0068654787514630606,0.6239160135575176,-0.11093878970015937,-0.5168032343480164,1.9525989176459293
0.0058645967077086796,0.00718958373010223,-0.0046832094451006705,0.006888057450298979,0.6544718252881189,-0.01687962629705126,-0.6847467603796377,2.133982138490245
0.0057047643853719125,0.007178157656467921,-0.004430962550869202,0.006748374499811044,0.6248553644547444,-0.07379102403660849,-0.5852396926022684,1.9342666942849218
0.005954915005069573,0.00706107377027107,-0.004892362286513578,0.006740964101651224,0.775581940685837,0.02832319280664374,-0.7492222058385195,2.0842836093209445
0.005801150169367373,0.007038725676682252,-0.004650223592285424,0.006596968642853086,0.5576338005840031,-0.03265946777938273,-0.6487288978247788,1.8890268037432911
0.0060492245102820915,0.006935465283302502,-0.005111139709350638,0.006576701896415411,0.4157865635066526,0.07750758365331999,-0.8110414899284034,2.028608369222085
0.005883959731325644,0.006908418557506485,-0.004833811162963226,0.006438650486336186,0.55358768876366,0.0038250242199718604,-0.6957224545307724,1.831105497838393
0.005992920403740761,0.006793570781391617,-0.005044971318073931,0.006306051765649838,0.5360858321207864,0.0521380882124074,-0.7563597192199064,1.8013331132510781
0.006147433031857423,0.006812880963004882,-0.005303838778374984,0.00642232976126979,0.7884035950821199,0.13006890088543804,-0.8672389272401904,1.9716391125612505
0.004624920654591494,0.009471825027942691,-7.590325604665393E-4,0.007813906031378985,0.42623373491818634,-0.1158506835338786,0.43731877817423076,1.6386739937933668
0.004648345048090242,0.009300998028156256,-0.0010055066021625039,0.0077824261816789725,0.45160707166195674,-0.14233197956868301,0.3837872249440582,1.6779248052223188
0.004679750174859766,0.009133582524506498,-0.0012486051388478096,0.007745434440314113,0.47508823906362313,-0.1652917022621689,0.32875453715885333,1.7155847830397681
0.004720951362374303,0.00897019873344094,-0.00148935253252999,0.0077059567420243585,0.49722439146491487,-0.1848298558920183,0.27212501180373266,1.7540964046326992
0.005411071571526305,0.007293363640155629,-0.003938977951280876,0.006701024731321462,0.5459682228003926,-0.14884060153056947,-0.3932656002771042,1.7690175051038197
0.004937515570768074,0.008509395474495437,-0.002233773759171391,0.007621409190892421,0.580806185337824,-0.22423356285839588,0.07870693389261571,1.9239779259049115
0.004955627433528426,0.008368805224414627,-0.0024195737045728982,0.007520386090884556,0.5845639161161981,-0.2267449335918836,0.0283652050292973,1.8996161384455077
0.004770871657144895,0.008810156588774473,-0.0017291282731052785,0.007663416120218716,0.5191306965055053,-0.20097435892421986,0.21316307186497,1.7929765576987784
0.004825332033090629,0.008630765199821377,-0.001995203919062796,0.007596972760358186,0.5359572942725271,-0.21453661569284702,0.14473866961447127,1.822113837021391
0.004994320290943252,0.008207975390285642,-0.002639160903275999,0.007410645098680031,0.5843679181033795,-0.22673626296151841,-0.031423588491821135,1.8823374478235773
0.005324659121277733,0.007444558632506689,-0.003722760849285619,0.006836552833902031,0.5629532143011858,-0.1718584606226838,-0.3339578525237172,1.7982756296177358
0.005262857798742366,0.0076062423268993306,-0.0035204772174649217,0.0069924649231455525,0.5832593719652374,-0.18964653816655674,-0.2817743699780865,1.8468577936488304
0.005239161668823007,0.007757311373414938,-0.0033616656365010877,0.007156910389300818,0.6036350666673537,-0.201129800385596,-0.24402278521699133,1.917348928393034
0.0050529283142711785,0.008043642629965061,-0.0028734889395356333,0.007303247353709011,0.5837501021307682,-0.2230113688451502,-0.09630001624832192,1.8740192226176762
0.005129713439199443,0.00787605187150534,-0.003123890038517813,0.007193888968883024,0.5775390655613029,-0.21457139951970958,-0.1670910000265108,1.8704835143368894
0.014462556039332955,0.013616324902626282,0.004368203063211795,-0.005397976535757476,0.3536184045981176,-0.030307031357428207,-0.5688906627547765,1.4558019142341931
0.01450124020672759,0.013392745158615034,0.004285760115572416,-0.005692346066028532,0.3828191453298347,-0.049618569622333956,-0.5627894397947827,1.5862665324636172
0.014657713645335479,0.01325207376388782,0.004034415366998396,-0.005786070102967694,0.37900340824332285,-0.09274548267088306,-0.4867681477380201,1.5864485190085345
0.01467572859903067,0.012783052898490884,0.003820678094146668,-0.006424254711138818,0.45390923812363715,-0.13073332185497796,-0.4567245269314193,1.9073314843081035
0.014826014262728782,0.01257603687531126,0.00349365245281872,-0.006552059694574585,0.4486599162725389,-0.16954488351151983,-0.35156915588118126,1.914141221580152
0.014901789501148028,0.012352455285727601,0.0032373329744883193,-0.0067515021187954894,0.45928871969086,-0.1939302216300676,-0.2749570337503151,1.985956693083894
0.014782555577590294,0.013026698844337402,0.003788019746933918,-0.005995462521973159,0.3869990914061361,-0.13107822218562534,-0.4172637400678256,1.6485284517197127
0.014607985208561032,0.013842419436521798,0.004183082614940939,-0.005025692245821222,0.29197466988420556,-0.05762768544717769,-0.4847786937473528,1.2541852595195901
0.015234972235498877,0.01173365152429108,0.0023114599356491464,-0.006982008420430583,0.4358187657859041,-0.224811535725726,0.019595942307338497,1.9209571423032357
0.015387489182747372,0.011651362413593599,0.0020940162842570794,-0.006836310889116941,0.39991539464428155,-0.21895465275889006,0.08573056196188769,1.7669539092565247
0.015094688567642733,0.012059436526131973,0.0027666174553310787,-0.0068490587464670625,0.44033764855932406,-0.21946594862489402,-0.12172167961834811,1.9369961267478166
0.01522108974732302,0.011913619311149901,0.0025019586020505243,-0.006830695563438393,0.41942502774042295,-0.22369486797144641,-0.03849754659587862,1.8638670914532045
0.015112260813588305,0.01226916494975637,0.0029236931969405066,-0.006596407785087871,0.4093157338100122,-0.211215811863303,-0.16417458525168896,1.8069129382081919
0.01456377756021104,0.014291882140294199,0.004209133542016501,-0.004481413095094399,0.23556252114862763,-0.04097628939819548,-0.4630036993013557,1.048680957680125
0.01471381487305235,0.014110478485487344,0.0040457268425199,-0.004651826051669457,0.2558115981524811,-0.07203077259697199,-0.4260246999412288,1.0889907285457086
0.015299777881642308,0.010167911443271442,2.4652147943756515E-4,-0.00773755851750687,0.49458962223848185,-0.047307072318223446,0.6429823343662592,2.030595361044766
0.015244463441871019,0.01032856383390243,4.900142127921406E-4,-0.00781522614101402,0.5208307382924215,-0.0874374871164859,0.585082718284205,2.1381820995533607
0.015261989792878544,0.010660245941393169,9.635911822641494E-4,-0.007679695039543205,0.49836532184792254,-0.1482368230276783,0.4407657112705144,2.129346885001205
0.015294646060085413,0.010492546798849386,7.139816154878253E-4,-0.007681290267402586,0.5031244365287066,-0.1170309688105133,0.5106367916015019,2.079077974703012
0.015307628525157786,0.00998163256469682,-2.5412417802831614E-5,-0.007730610023820716,0.49845404416265476,2.1763671431588382E-4,0.7118099408479192,1.974435976575941
0.015248071020996307,0.009835185312336637,-2.442626101585106E-4,-0.007831684255916373,0.5149364274923225,0.041515194633141815,0.7828478681393768,2.014577709245539
0.015293932568160381,0.011329446908112805,0.001814780310685363,-0.007231749742863565,0.4544206182599305,-0.2128265242900937,0.1756607253751106,1.9798976672468014
0.015466903154341412,0.011493640791349829,0.001868128430489417,-0.0068472274718534565,0.3942114339183905,-0.21046343872210357,0.14872674463875526,1.7208957392657902
0.015379183589804182,0.011088307779987901,0.0014665401356569786,-0.007259095994742055,0.4473606987976328,-0.1899737860959092,0.27700313151969075,1.9196152142892584
0.015397824033729388,0.010853896230407523,0.0011615886818269734,-0.007356893515677461,0.4578616429075715,-0.16385202237725696,0.3658540749633908,1.9236927748544548
0.01438153448432905,0.007591233601480755,-0.004015376749871118,-0.007297499211755941,0.8067685777568938,1.3061708474941307,1.4871659888182893,1.2347461508827733
0.014543664278999738,0.007586189579889943,-0.003762673426618982,-0.007086021550436915,0.6008882937756902,1.1065281579132502,1.3523221824629381,1.1227854468943705
0.014455032777517945,0.007730047808600203,-0.0037824167641586446,-0.007420801872986387,0.7554895482237513,1.2099502687067196,1.4835562877314288,1.3254176802551627
0.014303711841978798,0.00745479580756053,-0.004236698507213438,-0.007171350502618644,0.6888985887023574,1.4007030057575711,1.4850602923186134,1.1443190898914124
0.014462489100977569,0.007451063549409056,-0.0039838192221285686,-0.006976645132280857,0.6229932416211187,1.1951397024568002,1.3561698198388912,1.0467588639622967
0.014221641019906126,0.0073208682191713715,-0.004452722706346319,-0.007039130299205898,0.5141267381597707,1.4916610434030968,1.475596489246308,1.0533546225303743
0.014385044768829531,0.007312424207037058,-0.004193393790841791,-0.006842917534560453,0.6798358769228999,1.2770913733984104,1.3464892697107087,0.9598626878490849
0.01461944676023654,0.007728576556836782,-0.0035369630498015172,-0.007196219548531041,0.6079902126792692,1.0195745744365423,1.3458363688572363,1.2029464624721096
0.01452413555302291,0.00787110415992842,-0.0035412206718284794,-0.00753893586127606,0.6051771253145279,1.1145808469720069,1.4750177847287995,1.4166900101679143
0.01499138844633585,0.00880343827651668,-0.0018774368454176872,-0.007831679279145654,0.5843489771138904,0.45708771734829184,1.1828312845509428,1.7809694419582172
0.014842921746160495,0.008756573701192635,-0.002065312093017142,-0.008069136831825396,0.5016877066675849,0.5763472065457034,1.3062806742725146,1.9357600395710401
0.014801469324203571,0.008605047553236286,-0.0023256542059116496,-0.007997939599561093,0.750951338550372,0.6617593900677328,1.348254754927103,1.8538970193071282
0.014962771186670833,0.008644847159779425,-0.0021154857453169282,-0.007746805294002246,0.5717898739900114,0.5266943089259288,1.2138944140705021,1.6922147921037032
0.014755282782341355,0.008454915646326118,-0.002569987488390705,-0.00792280994920837,0.5753089768220239,0.7474140400943486,1.3840187894166975,1.7704424858068026
0.014912988230899697,0.008495108533626658,-0.002355393347402573,-0.007688779587016206,0.5731016022998565,0.6048370352271002,1.25219806284488,1.6263924398582474
0.014679452957399057,0.007876225878529906,-0.0033209996910279955,-0.007318873198392231,0.6133232539665582,0.942957935766095,1.3438421373096154,1.2933627056136887
0.014588774500088612,0.00801426371656846,-0.003303831053987584,-0.007646120915641578,0.58368062839783,1.0213919798395321,1.4607998152735828,1.5071906434879327
0.014738439543075478,0.008032987035849226,-0.003086723921432634,-0.007438907047631049,0.5889207079212953,0.8618551846766339,1.3355668928996336,1.3875459317073873
0.014648884232660607,0.008159381790995322,-0.0030749301638688304,-0.007740926388034,0.906077963016303,0.929284741653784,1.4402268203448487,1.5956490284908604
0.014704405031812395,0.008306313695911128,-0.0028210442912172287,-0.007836859068799263,0.6341498640272356,0.8362400065902763,1.414360086565128,1.6839261127626184
0.014869944164207706,0.008338900209431335,-0.002591447688200906,-0.007596600852412319,0.5981887401212425,0.6820008591484245,1.2774694743863362,1.5380150765382787
0.014819466645874963,0.008192231835824489,-0.002816859477507771,-0.007510669078601481,0.5515397997610937,0.7579462864467108,1.2996816701541698,1.459995254771269
0.015289390834190193,0.00967967366170129,-4.6562225602150755E-4,-0.007729189544181655,0.48965648597919015,0.0886265371262444,0.822272334559159,1.8959193649227737
0.015285360276161737,0.009497539119375224,-7.290256452102904E-4,-0.007687659508825303,0.4962529870023782,0.14680406038110613,0.8779516675534603,1.8227771739573175
0.015208698043995359,0.009345047797897703,-9.755933446530203E-4,-0.007770969176306946,0.5143446118469358,0.2057649369466757,0.9533593130066503,1.8506366336855842
0.015234111508220804,0.009178900391584938,-0.001196819142912476,-0.007645458918787043,0.4933314078716398,0.261534070759554,0.978938425471069,1.7238403494157577
0.01521225881375356,0.009001795163362903,-0.001450170973097857,-0.007581940117268822,0.5018122800794371,0.3279025685042312,1.0209086648104932,1.6440578208135166
0.015126873750939077,0.008861593587233648,-0.0016943980324901045,-0.00763682962206243,0.5244694516378572,0.3973097388014401,1.0884691042202523,1.6562918837118243
0.012947806699152953,0.0058056946203882895,-0.006616771372628629,-0.004648674645233947,0.9141172468028517,2.2497468656875497,0.830328299040045,0.04039819110220171
0.012810416269897774,0.005864596707708681,-0.006884205652451948,-0.004688683906158191,0.7721134583175857,2.5060383466424714,0.8584016988276436,0.05532982404312455
0.012679131780828632,0.00577835898009388,-0.007036070404139096,-0.004457680170161156,1.2518068796188093,2.5545118531405264,0.776488361918965,0.0029724740625012886
0.01282269468336357,0.0057020117850409575,-0.006742167688275034,-0.004425818069114184,0.8886117858213812,2.2728620148789074,0.7521425794223672,-0.011940777925821591
0.01267862501193409,0.005628875415314552,-0.006903868886752418,-0.004229603681521061,0.9100803098967828,2.337257366101124,0.6870097069992297,-0.052013202755155426
0.012545204192439475,0.0056962881580212045,-0.007163239231419922,-0.004250468729916298,0.7594552572871051,2.5919221536236416,0.6940060036567376,-0.044048024524801076
0.012263424912567968,0.005376894468153859,-0.007258688065499823,-0.003551626296730772,0.88571350251077,2.391600061824546,0.44305255036618396,-0.15992184072014212
0.012269952191399801,0.005544967222482057,-0.007423756018404695,-0.0037767019012217872,1.1604968195974261,2.6487184296079707,0.5191665377445219,-0.11989466660454208
0.012411911869486173,0.005439698704348159,-0.007122019082127242,-0.003764366475294704,0.897466874801374,2.3516196388698005,0.5182166844024375,-0.1323978563342418
0.012408766398519252,0.005618465515670955,-0.0072949103512984365,-0.004019840051371147,0.9032029985697806,2.6221749879160607,0.6085661558565161,-0.08479857403496167
0.012537297329808395,0.005522928100328144,-0.0070220319207751755,-0.003976866807192953,0.9541810504231519,2.344511757950095,0.5949476322237168,-0.09882984861593529
0.013614027401020485,0.006138495131415343,-0.00567101384566629,-0.005298627397218346,0.742548790215519,1.8016597144025683,0.9723498458126586,0.23327260079861276
0.013466127738837205,0.0060730461288398645,-0.005897430925057745,-0.00519886092635016,0.7789356491979258,1.914409637517977,0.9640747681225526,0.1999301607765236
0.013383992966800845,0.005930506834907131,-0.005977937944615923,-0.0049616229137623225,0.7636354011562075,1.907449921430057,0.8733315670182761,0.12518882594662759
0.013238085831912364,0.005822161335952707,-0.006163160465408671,-0.004766191055750247,0.7943578197159279,1.9732933715619494,0.8173464305632718,0.07130199562116994
0.013086146646958006,0.005767422141993867,-0.0063736414629958936,-0.004639347296452402,0.8263832617781756,2.0768541184618976,0.7926299819832778,0.039273832759783384
0.013908869475069545,0.006654159413217367,-0.005218089052930936,-0.00609546408020504,0.721982738234558,1.6955960196877513,1.2362543179740053,0.5521274341142918
0.01385256696814258,0.006812880963004883,-0.005306853254264561,-0.0064197731832182124,0.724360561457588,1.8588810516207808,1.38210185050207,0.7025013704805346
0.014004674873363536,0.006783106862888022,-0.005034453920415739,-0.006267483358499693,0.7170030575500991,1.6258920588444081,1.274666956403957,0.6345049566858635
0.01395077548971791,0.006935465283302505,-0.005109783822005352,-0.006577851279233136,0.9119537472657173,1.771029699663546,1.4136166633311407,0.7876583009762538
0.01413540329229132,0.00718958373010223,-0.004681648194391594,-0.0068888054147058205,0.7704921960834682,1.5851729621116766,1.4597900854976464,0.9623761980027838
0.014317288173655032,0.007166610174824125,-0.0043805225793401665,-0.006674272547994111,0.6676649611457374,1.3421356215300972,1.3177337649676117,0.8605505612247172
0.014045084994930429,0.007061073770271073,-0.004905198198036759,-0.006731652728178809,1.0014473992215245,1.6796596574336222,1.4393913349048262,0.8740048616511001
0.014117114006974725,0.006915500834326436,-0.004810281326222465,-0.006421309067274471,0.6488793024449854,1.5271263948225142,1.2977112160837023,0.7168066169512545
0.014223953366290489,0.0070296964669703255,-0.00459240808779304,-0.006531140456131626,0.638779662497072,1.427883765970314,1.3016309020934562,0.7785670735792283
0.01396460491348611,0.006483976305167026,-0.005128695936850159,-0.00577723374522155,0.6854332035811463,1.5948561420516107,1.0868265870704759,0.41601737086490315
0.01382468426550436,0.006072343061503081,-0.005319461470674521,-0.005159617029292011,0.656792875722485,1.573273255819168,0.8579579491843116,0.1819477475065909
0.013976865585362267,0.0062649950426811405,-0.005103473649581487,-0.0054189233153648,0.6403664651228863,1.5145206307871146,0.9302305492891094,0.2692311600144295
0.012248731882627623,0.00522981030821104,-0.007139959216764938,-0.003353938210550509,0.8493173776083832,2.2193083831984732,0.34964230069082136,-0.17917796977643605
0.010483733234057227,0.004684982093369812,-0.007890983546878805,-7.133417935162772E-4,0.6401950699096545,1.932904396345865,-0.4533502697949086,-0.12041376446780956
0.010657776711456199,0.004695109816182569,-0.007847812796644415,-9.659816139345037E-4,0.6629397705951745,1.9682984155277536,-0.38765680694038607,-0.1481922734727847
0.01082681672077407,0.0047225628947897445,-0.007809713970691899,-0.001214546654017759,0.6888351503071711,2.014134206610471,-0.32193860645611033,-0.17188049828688515
0.010937985519782667,0.00456056418000316,-0.007582285482096238,-0.0012863093133457315,0.6323779940073962,1.8114555847002194,-0.2779423661706723,-0.17816783624653032
0.012139368248709584,0.005119298640548547,-0.007165793036463134,-0.003125076189926536,0.8122346097976575,2.153050109136973,0.2639499765976256,-0.19813319756497208
0.011979926719924691,0.005024840201962126,-0.007251071265046379,-0.0028674133123318788,0.8010567182785663,2.1259615275303747,0.17761636061828515,-0.21266083967694058
0.011157349933155649,0.004803965809042058,-0.007719943794222905,-0.0017083003247677254,0.7402504159316923,2.1048102038062417,-0.18394313098665105,-0.20705979985062908
0.011321456707403806,0.0048626413925312965,-0.007671872246363069,-0.001962972712909575,0.7638940876086644,2.1551111263213425,-0.1088580974502741,-0.21850229576077188
0.01146550250919081,0.004952009693287014,-0.007657487663549125,-0.002214901007147781,0.813883490249576,2.239550155219307,-0.03031161431877834,-0.22510318717544714
0.011627781371987203,0.0049390976555670945,-0.007506244739056342,-0.0024009645888738752,0.8050176697294734,2.1698510548517222,0.02973533445233371,-0.2251386714002035
0.011802030995846235,0.004962940500604821,-0.007369569796043328,-0.0026196266776406098,0.8000462368849149,2.1320766965609725,0.09845047137422024,-0.22136903933134336
0.011112075894137697,0.004593735808354821,-0.007524221088982641,-0.0015230902899575074,0.6541128645184511,1.8437318786528911,-0.2158960697584961,-0.1951327198671222
0.012408766398519249,-0.0056184655156709526,-0.0073052667617204,0.00400137155894097,1.2525281736857414,2.612590092959856,-0.6087191398164918,-0.08248331901425532
0.012545204192439471,-0.005696288158021204,-0.007172739499042552,0.00423419309313808,1.1096935381426292,2.5786253148468483,-0.6941232802250665,-0.04331600273842832
0.01255921432943203,-0.005512245900814788,-0.006983244996028981,0.003978889405353445,0.8603682874450272,2.3134699693668446,-0.5894712201988,-0.10088347316729261
0.0122699521913998,-0.005544967222482056,-0.0074240662316556495,0.0037764122921981912,1.1228613800266374,2.639285549257921,-0.5221841690166967,-0.11643488406498183
0.012406924536362506,-0.00545162486920008,-0.007140743033284367,0.003775161526924279,0.871049672525488,2.3722202384613973,-0.5195017248356036,-0.131971841956088
0.011693686304088874,-0.005295594968187607,-0.00783442299691113,0.002827985888934835,0.854934803905457,2.6721212070175517,-0.1591131886953507,-0.1995907879575344
0.011666106364267934,-0.00513209440855527,-0.0076760020768780945,0.0026244870584364016,0.8909937547891359,2.418682822466025,-0.10852336252486726,-0.22745274534636564
0.011840618209004684,-0.005351115767339394,-0.007743961810295044,0.003067382039862367,1.0081732178630773,2.6763487742858216,-0.2502647498784599,-0.18693843842770183
0.011808376467709608,-0.005196517666768207,-0.007603156503289203,0.0028600510894053015,0.9357773808819184,2.4416534980732454,-0.19019345401324153,-0.21832213153522262
0.011964666055316542,-0.005260378531747636,-0.007501703314237356,0.0031073717129831355,0.8976000562613179,2.4427617404666644,-0.27934175431314684,-0.20345730589398794
0.011985736283431544,-0.00541122549991139,-0.007646950832046438,0.0033016841785125186,1.191123527941621,2.6713294376266936,-0.3418034137827474,-0.16880788816823036
0.012128895840071582,-0.005475864446977092,-0.007536987908820291,0.0035454516351564797,1.020991766719968,2.6580818755030826,-0.4335103541485586,-0.14542070201426965
0.0121145220036483,-0.005313155239740956,-0.007381670304898606,0.003328002730303328,0.8997591488688946,2.4169207372743404,-0.35748649148026573,-0.18606070086147572
0.012256155580747233,-0.00538142970372182,-0.007272570154128408,0.0035499814660110147,0.9099897484565226,2.4042582199079416,-0.43749042865543464,-0.16212778206769826
0.011330901107117472,-0.00486610098573851,-0.007670147729902213,0.001977632411039926,0.7673521411012884,2.1603673262866727,0.10373108185827541,-0.21824857060469535
0.011465640452802158,-0.004961952843460185,-0.0076692406391238675,0.002222975477577782,0.8173262828822416,2.2550376686977724,0.02857295658892393,-0.22505812117121096
0.011631154152310258,-0.004948874023036419,-0.007514928639254373,0.002413604883663018,0.8064580033029426,2.1833949941768114,-0.03404655386234637,-0.22456090229484496
0.012679131780828632,-0.00577835898009388,-0.007033863079734008,0.004461152473820765,1.0429735975422953,2.540134735291188,-0.7766087000627229,0.0011484001843333452
0.012703651686548042,-0.005587740534288562,-0.006836088797623283,0.0041848283580932155,0.8654263520981084,2.2653215067685655,-0.6609696048657882,-0.06319756611413274
0.009115812568083251,0.004942447153599129,-0.008031115242895724,0.0014027508387862654,0.457976225452054,1.6497937287792717,-0.9485234250770943,0.2688311238089091
0.00906316862569595,0.005088549402048354,-0.00818319194703936,0.0015527759223936297,0.2960592308283899,1.777997272309238,-1.0471227984325537,0.36134280822270876
0.008909334570059206,0.005120404840570064,-0.008127275987036536,0.0018226468497379656,0.578115553490183,1.6964097300084398,-1.0841967850831549,0.42803245586281385
0.008957820220654318,0.00495719147203939,-0.007962409757382402,0.0016437818642491837,0.4061137706960291,1.5577441345250038,-0.9748131829636172,0.32197186662752403
0.008756573701192634,0.0051570782538395065,-0.008065789897128837,0.00207870214786982,0.6188660566108525,1.6152512493475832,-1.1173106512788225,0.4965699708191511
0.008809223309657796,0.0050006377558047006,-0.007917244835078071,0.001883369214576322,0.33828434654025363,1.495545109909276,-1.0101558966699462,0.38374474880065484
0.00845491564632612,0.005244717217658645,-0.007921028484452681,0.00257552472774988,0.4765433820005882,1.4508394432956286,-1.17080291557467,0.6371596678376152
0.008306313695911128,0.005295594968187607,-0.007838425785935084,0.00281718071060645,0.29848107585730976,1.3684589341109608,-1.1910047860935886,0.7095012677534909
0.008343300937946692,0.005139227247077121,-0.007693111555879348,0.002620004450610664,0.31615441770723157,1.2630991728509853,-1.082014213816701,0.5808653042583202
0.008605047553236286,0.005198530675796427,-0.008000800652763922,0.002316158431725592,0.1868218070220138,1.533959840815944,-1.1459025988924567,0.5644293513441603
0.008490774758419558,0.0050849401478768996,-0.007767113717577183,0.0023830601047116046,0.3450118793581176,1.3323687331461933,-1.0598692792806403,0.5140791493414293
0.008647247102059654,0.0050551155738328005,-0.00786080667553281,0.0021486264373111724,0.3697218730321452,1.425428320473736,-1.0471310531763713,0.4572451714787244
0.00624944398096624,0.006693441434347547,-0.005508688100956949,0.00624731687298963,0.5374902773424219,0.18617415968480674,-0.921325088552984,1.9080654197342835
0.006093874453833722,0.006649748776581222,-0.00523948114931025,0.0061097337154201875,0.4731901015080768,0.10069075157452055,-0.802555005389949,1.7231742095145488
0.0063551565897494505,0.006577264761224859,-0.005705703301294984,0.00606799883002842,0.42239132183600486,0.24542719957532003,-0.970964148943633,1.842934285898138
0.00619609110178547,0.006536380286574555,-0.00541918907232749,0.005952874769752907,0.4987707475830412,0.14889742663061534,-0.8463077662999116,1.671039358473695
0.006464466094067266,0.006464466094067262,-0.005888955026696212,0.005890347561252167,0.5875318965662536,0.30754216231905557,-1.0157231248641048,1.7752515503478097
0.006315262232969219,0.006422803602305509,-0.0056179682531413795,0.005787509804786785,0.4555486928713222,0.20892312222875595,-0.896715161111084,1.6195878423924057
0.006421719075723132,0.006309907593114381,-0.005784780304767904,0.005609574823798473,0.4325131614184298,0.2606950453845544,-0.9305056549864412,1.5542462481692951
0.006577264761224861,0.006355156589749449,-0.00607577838442231,0.005697571987386306,0.3249142171397226,0.3728385242197952,-1.0566569581477065,1.7027876562592283
0.006548651697228389,0.006206643795131162,-0.005976048523741784,0.0054368352491459,0.41183990568405937,0.32630254636415484,-0.9746982082694594,1.5016743737167702
0.006693441434347548,0.006249443980966237,-0.006242454089875002,0.005514483013153967,0.643319420500312,0.44007022471900653,-1.092215055727675,1.6300533995450988
0.008159381790995322,0.0053511157673393935,-0.007748602685962315,0.003055331355791873,0.12489003480128895,1.2848161504428661,-1.205847847627227,0.781752992081232
0.008191081030557565,0.005188770385967492,-0.00759626338155796,0.0028537507766471675,0.3468263757192862,1.179966224128302,-1.0940536176677667,0.6462449494803644
0.00801426371656846,0.00541122549991139,-0.007643857915912764,0.003308354274207562,0.36777183319859524,1.2014686229496745,-1.2163930205372036,0.857743551964259
0.00803022999225753,0.005231513177008293,-0.00746877448996348,0.00308231865881009,0.30666889401859687,1.0823759502837216,-1.0916658872264404,0.7053730148523849
0.006812880963004881,0.006147433031857422,-0.0064138067920318535,0.005313873044870572,0.5569602208092719,0.5092948553527686,-1.1244519697477737,1.5539527624062568
0.00667200264426927,0.0060803304249932326,-0.006142172891976088,0.00521416922199881,0.3384388229359884,0.3872960418817059,-0.9996544874123573,1.4131847603981955
0.006935465283302503,0.0060492245102820915,-0.006587619372719432,0.005096984598098124,0.167703791260843,0.5810449545063391,-1.1527724715476633,1.476708550608864
0.006780625850744908,0.0059763847501338565,-0.006278040973561625,0.005022348419185575,0.364159289153371,0.4390439910657605,-1.0163510285962631,1.339519885607394
0.006912830424929454,0.0058986011429547035,-0.0064540596896576555,0.0048561670797599675,0.36392309788501787,0.5139745457942455,-1.054202625743687,1.2925834020075049
0.007061073770271074,0.005954915005069572,-0.006736878776832963,0.004898261761473879,0.47293510216404594,0.6536061522193725,-1.1753218994817924,1.402466679891129
0.007189583730102231,0.005864596707708679,-0.0068835238454198755,0.004689747396319948,0.5622715262602987,0.7277210316733678,-1.1935312465371521,1.3243215026295079
0.007048234737265735,0.005794052251061357,-0.006608985042194729,0.004635120735014525,0.28511884569254337,0.5841338589361976,-1.0726775234801549,1.2123263788431924
0.007871104159928418,0.005475864446977092,-0.007532431771705917,0.00355515090151619,0.5292495847973759,1.1205552733964432,-1.2235039508593852,0.9355280855652109
0.007878595313302709,0.005298800656646523,-0.007361799194127344,0.0033184745341187046,0.259537235383577,1.005827163958748,-1.0995683934611875,0.7763755935197579
0.007730047808600203,0.005544967222482056,-0.0074203704758628525,0.0037837868316834278,0.3981595671940954,1.0403588726367692,-1.2265139573374042,1.0128808410131793
0.0077482164685134065,0.005377876633031102,-0.007277365855963781,0.003542614480469813,0.25274338710336336,0.9495810390094572,-1.1139366958971273,0.851496323914044
0.007591233601480755,0.005618465515670953,-0.00730342157337054,0.004004696789404555,0.15856996978877982,0.9606968421008416,-1.2251872943660458,1.0888457080558995
0.00759499618939728,0.005460613195040887,-0.007153113670392859,0.003787356171275301,0.3042653555013716,0.8706457076510444,-1.1159211381816727,0.931821927708479
0.00745479580756053,0.005696288158021204,-0.007171161437798206,0.004236658726726651,0.2985123724132331,0.8808622739753228,-1.2185419587142023,1.166435085600805
0.007447707311548563,0.0055241105013674385,-0.007006241701946754,0.003992157717342799,0.3066856337609491,0.7845282364364986,-1.099450894933254,0.9909385148307445
0.007166888220474267,0.00569531970804532,-0.0067272687768868905,0.004423696931464695,0.27613391719229735,0.6390060638728462,-1.0770855193444993,1.1333130125854731
0.007320868219171371,0.005778358980093877,-0.007030749769486398,0.004465769955992461,0.4175106392006705,0.8032389384953041,-1.207789082048811,1.2447663191125602
0.0073024920527346064,0.005604117514773209,-0.006862296750063167,0.004207312735985445,0.2883222212824746,0.7068823858294104,-1.0867281793428687,1.0592300158534302
0.010307788793957268,0.004699638250950224,-0.007946138533121273,-4.58616377664365E-4,0.6191368925137581,1.9167471470363473,-0.5213921825249743,-0.08829495399634389
0.010162518274828912,0.0047486712473297785,-0.008021287569953257,-2.474402165331179E-4,0.6067474219979856,1.9406106428862304,-0.5850503743225698,-0.057190244081229726
0.010013554417559025,0.0046970616950153645,-0.007968962350528942,-2.0773579423327375E-5,0.5523601408818876,1.8245476555630733,-0.6232871933916072,-0.022859267446769246
0.009828737136887762,0.004692705163958751,-0.00795599599374683,2.5524462518567836E-4,0.5247456359583142,1.7486659797437858,-0.6780529797940259,0.022535299865063026
0.0096717251527578,0.00476225547746806,-0.00801392112994792,5.000839957856971E-4,0.5114419206933527,1.76250074457406,-0.7461629524394303,0.06940043124578064
0.009183714601019953,0.004816334178567259,-0.007919961147775984,0.0012423214571227622,0.41803902273003485,1.5538744480469635,-0.8724651022641836,0.2218765624527818
0.00950702412754166,0.004720534769327798,-0.0079285684042297,7.355104158831906E-4,0.4553701167962199,1.630504028046959,-0.7701287787070451,0.11223555514157203
0.009330476519128456,0.00473493373242919,-0.007888279338853872,9.973975818679127E-4,0.4308880726438038,1.5516015796820766,-0.8108318995497285,0.164633553862072
0.009063168625695948,-0.005088549402048353,-0.008184059267369707,-0.0015487476185173227,0.27721436430238766,1.7750852633345986,1.049548038870306,0.364090530910069
0.009110732711855248,-0.004938374897698468,-0.008024203755225947,-0.0014076428662053925,0.46843109898457236,1.6398490940684602,0.9454320485431301,0.2675301919922571
0.008956980318937435,-0.004949509634232876,-0.0079534416745438,-0.0016403209429026713,0.42953853848456874,1.5474124858243206,0.9690705111600925,0.3180414997744289
0.008909334570059206,-0.005120404840570064,-0.008130226207909987,-0.0018097477683845758,0.35512760926622083,1.6927030642500387,1.085984610567622,0.42936528785430655
0.01132155936045727,-0.004664407038575741,-0.007465743597529095,0.001823210933180658,0.6858262868457654,1.8993446120248516,0.13535323940114138,-0.20995727253061933
0.011130823953228397,-0.004610252037581989,-0.007531563594393133,0.0015568558862357337,0.662384916829618,1.85803126449259,0.20761617325273993,-0.19610384700329977
0.010929177641372434,-0.004571718970642242,-0.007599411473882254,0.001281606652784755,0.633964599958313,1.819303371060211,0.2823663243450356,-0.17620971687017326
0.010324930748449992,-0.004703083411602359,-0.007947386129336188,4.8435170992060803E-4,0.6220145713571545,1.926148222294559,0.5168990636335195,-0.09102157316208305
0.010162745921160607,-0.004754156030025296,-0.008027545713062918,2.479812187071404E-4,0.6102354501902548,1.9478298029708376,0.5874032110219306,-0.05652153409760162
0.010687659704992577,-0.0045659987369162,-0.007695850880511288,9.609435655325751E-4,0.6107913696493182,1.8020108604421614,0.3680284389128236,-0.14682346663539333
0.010436206960052121,-0.004511675231347222,-0.007712084461821347,6.036411138450257E-4,0.5646100121061858,1.7057389320693346,0.4460176703877617,-0.10741084785219703
0.010001879831445432,-0.004690169163127486,-0.007961599822645984,3.3564465165654562E-6,0.5534227993830488,1.8124251062166294,0.6261039371551368,-0.019326162790192312
0.00981942128610331,-0.0047026978454673615,-0.007966816388194116,-2.7028976944791164E-4,0.5292645197904965,1.7572953461665899,0.6854084929462526,0.026539450195017304
0.009662047756685709,-0.004766565016938175,-0.008017243240940884,-5.15684609008218E-4,0.5108328295638995,1.7621527989300383,0.7519851800313015,0.07404980822573459
0.0091755557996449,-0.004819075488134607,-0.007919456102192485,-0.0012556211289576984,0.41461408971206926,1.5505253751532926,0.8755930912075598,0.2262952699737754
0.009503516209745903,-0.0047269447846203004,-0.007935057826123651,-7.42299842292929E-4,0.4594734914531495,1.6357429344707413,0.7747830687906382,0.11553548017205173
0.009323754118633842,-0.004742331007977151,-0.007894388047937328,-0.001009910771556699,0.4346879278003856,1.5557860355787616,0.8162282173769076,0.16913065410864403
0.008796540936511612,-0.004975444986363747,-0.007880838203620814,-0.0018845892670706847,0.37888129621197697,1.4604179586291932,0.9945969266213942,0.37550724841734406
0.008756573701192635,-0.005157078253839507,-0.008067964951395811,-0.002069754060605951,0.41249316047384493,1.610186303506203,1.1178675667282663,0.4971949291272863
0.008605047553236283,-0.005198530675796427,-0.007997661907151175,-0.002326720545408209,0.45543633029673997,1.5280027739625102,1.1454040280733122,0.5670436065756043
0.008635823478425371,-0.005014757768671074,-0.0078082479278351186,-0.00213270633276031,0.3366680805518935,1.380073949491303,1.0207486797878644,0.4383582985527213
0.008454915646326116,-0.005244717217658646,-0.007919452935836915,-0.002580461088896528,0.4952669529587889,1.446351023193942,1.1691343655498816,0.6389903452408892
0.008477808970838196,-0.005065270565710577,-0.007735060071467281,-0.002381349986118998,0.3024972923369273,1.3054763854477598,1.0464124730573217,0.5055585432833976
0.008306313695911127,-0.005295594968187608,-0.007833891266607699,-0.002829925036148166,0.5492495803479842,1.365454241588233,1.1897630863915571,0.713273157070423
0.00832477031493623,-0.00512492507134757,-0.007661237385944737,-0.002628088053585767,0.27576393187899667,1.2360953584853398,1.0707443340333145,0.5760915464136018
0.008183139768051968,-0.005191255222518419,-0.00759059499971193,-0.00286407918133057,0.2771187955773145,1.1753585629330134,1.093868429270149,0.6477679976584395
0.008159381790995318,-0.0053511157673393935,-0.0077451876763954194,-0.0030645278409400117,0.33182464159329267,1.2844550021354149,1.2062555837711293,0.7874692634997533
-0.005328680423816914,0.01238389436045635,-0.003596741949756231,0.007067234228514104,0.04356430305553401,0.8136883287909257,-0.9804700763615497,0.7202533874898506
-0.005204776173396278,0.012279520593895013,-0.0033546599421473496,0.0070876391350491235,0.04555568636534898,0.7324251305371247,-0.9412626739373054,0.7269965151322678
-0.005111741789635338,0.012127542454200647,-0.0031084569883301845,0.007180181911736478,0.04758126848114364,0.6612469412692695,-0.9271290265736546,0.7768489574556988
-0.005037932050573185,0.011968206546311864,-0.002872329054187189,0.007283428499485152,0.05739753985918226,0.5967895254654855,-0.9187869108465446,0.8384902661166361
-0.00475864358687468,0.011794256576220971,-0.002424648657444843,0.007188323750467274,0.048221100274596675,0.4547395923301856,-0.8029351307732514,0.7776127040060201
-0.004836169678522515,0.011949061586456738,-0.0026501108820326208,0.007114734454300592,0.03734504457068941,0.5124761747721632,-0.8181296255917455,0.7322697746801166
-0.004620211750333771,0.011228754849510506,-0.0016847745387143069,0.007487751098654454,0.11395025422226497,0.28806837103843397,-0.770436745973365,0.9977568572463058
-0.004637648028035034,0.011429966040787325,-0.0019327694800479183,0.007368403151334891,0.08312077536153083,0.33966430141888676,-0.7757490656634526,0.9036572775635842
-0.004688475671736908,0.01161900718252972,-0.002181339970605656,0.007272178558560522,0.0636227239022132,0.3958168641896737,-0.7878671905163513,0.833679778594262
-0.005531677984458464,0.012546686068628835,-0.003999023861033488,0.0070207628479729495,0.07628760225073472,0.957156081408998,-1.0439948177257288,0.7040402381697354
-0.0056962881580212045,0.012545204192439475,-0.00423771564073556,0.007170603156033347,0.10332030453110501,1.110595555421469,-1.1426451040440695,0.781366033582764
-0.005358687522971619,0.012542260383447324,-0.003758526803660868,0.006885852398522018,0.02459417300482698,0.8524070711615394,-0.9452973247649822,0.6249626274156705
-0.005614135511506573,0.012687222994813068,-0.004215002567736316,0.006884704881944274,0.05802781558831486,1.0249940669738038,-1.0356348943441682,0.638147384957406
-0.00577835898009388,0.012679131780828632,-0.004459251495343566,0.007035000846296157,0.03867792522013753,1.1864443606238408,-1.1338595404619793,0.7105092583738223
0.005219005995835768,0.012930652298862163,0.003797742374682433,0.0062728026385044195,-7.52162610163287E-4,0.8042288703911641,0.7422301067039047,0.34122047987278376
0.004836277559045146,0.012317399922259721,0.0029659571413048385,0.006737031676828266,-0.001475454292368648,0.5760002784698001,0.7524689728804471,0.5310114762424605
0.004888117852485921,0.012520479170824272,0.003166047345680515,0.006552748356758053,-0.014426148932055844,0.6222162425241925,0.7277363593092675,0.4453020369506761
0.005019772294158036,0.012752957954396274,0.003459976326347494,0.006371295735277528,-0.013689513844291831,0.6996579243894776,0.7194135614247581,0.37378584990825464
0.011891888739863452,0.015122252936814743,0.0069895332754193445,-0.0025789213603426013,0.36294350971979206,1.0476984233264408,-1.0532284841672974,0.6392878222550779
0.012125163653756673,0.015063997346544261,0.006817727098859833,-0.0028565595603818428,0.3560591330494646,0.9358164314853675,-1.0498893269583893,0.7189809149630714
0.01182638335595982,0.015323765418644188,0.006774324129166344,-0.002320563229477732,0.3170023044498528,0.9655774720720445,-0.9588120205722539,0.5439250438195895
0.013063565014946472,0.014814462010602387,0.005914945173077933,-0.0037557756043375555,0.30448720791637635,0.4649411127820556,-0.9039794278169051,0.9658681079683867
0.013490050295240499,0.014650508583363572,0.005461509895484718,-0.00409135666587404,0.2787778607255374,0.28265931660219673,-0.8017550579875738,1.0524791790936947
0.013230761715182655,0.014698348651383636,0.005779915215753389,-0.003969087222772897,0.3196582076957887,0.4051915377297307,-0.8875826777927083,1.0331503791020966
0.01233272807103729,0.015177335382783947,0.00644803419005892,-0.0028950919051607678,0.29406998568925574,0.7485931014772808,-0.9515665945007508,0.704258640883126
0.012768394822225368,0.01497006494320348,0.006153752501316071,-0.00342149600600093,0.3036969256519692,0.5839434477017726,-0.9388094621364047,0.8653450483426434
0.012570395038359421,0.015103326201078541,0.006258295834388799,-0.003142391550222466,0.293750524292625,0.6451424103741498,-0.9331069887019652,0.775888050159257
0.012985781650161638,0.014991306676472776,0.0058664248507699695,-0.003499816090647552,0.27217238136909294,0.46001706122338104,-0.8608467490004912,0.8691379618071282
0.011657401551349911,0.015416988495863287,0.006792157174678169,-0.002075317057185597,0.3143573512796572,0.9978863865536832,-0.9254672864348982,0.4728331938152039
0.01148034612968035,0.015431586567230938,0.006909822544278571,-0.0018812642270387213,0.3215186817077891,1.0778682363792689,-0.9227149474365511,0.4250081332710021
0.011160249800130336,0.015426707890524374,0.007138726740636941,-0.0015253171520336333,0.3459428355989063,1.2373090502927593,-0.9082207886116002,0.3348472386185061
0.011344800664671632,0.015536975283570263,0.006850661534799395,-0.001660956930581196,0.3003040718775754,1.0728641581887328,-0.8768818230557821,0.36406932477153847
0.010448640677808377,0.015468895331974392,0.007382955118530707,-6.056452337671055E-4,0.3575305213498216,1.5006591343240023,-0.7830701299510623,0.12238905601346228
0.010676580205756521,0.015443099222234975,0.007355307988947041,-9.141828721875654E-4,0.35796115465274936,1.4415504104988723,-0.8400298367924081,0.19001871627813746
0.010932230512288858,0.015473957392417645,0.007191746541532392,-0.00122404190034637,0.33580950901834067,1.3037623227648234,-0.8668260041973334,0.2609154383385526
0.010170268501414618,0.015618255345543989,0.007175390071284084,-2.1986084846966182E-4,0.32085112418881306,1.4397985090755197,-0.6764912951400174,0.043954241099215
0.010332161765850202,0.015618131751688639,0.007155108129782976,-4.2414619139276934E-4,0.32217036973762475,1.398597153466088,-0.7123774616689535,0.08233384433168205
0.009984704510816764,0.015680110364574174,0.007078857668332624,1.4442468385024271E-5,0.30759363751977786,1.4228393388810125,-0.6187044729648922,0.0014654132821406427
0.014370265749800127,0.014658247504168696,0.00435864333998088,-0.004085707731127291,0.20683837520295187,8.273481093242758E-4,-0.4880046162709989,0.9285082862148715
0.013865298335291515,0.014812953802081988,0.004893874232180574,-0.003933846421540856,0.24793594340656486,0.1311054055206642,-0.6222651823785029,0.920118878124037
0.009736234275114804,0.01568419140038387,0.007052042595459077,3.216256992071967E-4,0.2997704447346859,1.4544548610815589,-0.5527536701023382,-0.04883772982506632
0.009539912432590975,0.015624842294165497,0.007110028701399315,5.753139039643416E-4,0.31068915497571153,1.522937141150566,-0.5054568072026081,-0.08561651222922807
0.009092847090704737,0.015365242715386385,0.007370178468230987,0.0012414539046477892,0.3482546568665821,1.7855312418801235,-0.36817484790691374,-0.16843004729114172
0.009239561863573682,0.01548320643463302,0.007242617992765414,9.9881230014955E-4,0.32571246075516397,1.6716062726889969,-0.4202887512264307,-0.14094255045234438
0.008655974095561042,0.015294402503352277,0.007201649727810456,0.0018240609924549274,0.32183745301969774,1.7766126904786026,-0.21362406040618162,-0.2125771112318728
0.00888891188994042,0.01538725091852227,0.0072144804814648555,0.0014822307890430446,0.32280502350914886,1.730871136232053,-0.30130714654389545,-0.1883828096797564
0.009329429981465643,0.015668363001356843,0.006976429551070032,8.167160849264663E-4,0.2870220688578733,1.4896820135951987,-0.4438944275678911,-0.11624163706679681
0.005561605952522328,0.013491269544035293,0.00442195657643119,0.005678324377076038,0.015030141998266616,0.9749516097294008,0.6554558264808723,0.15476150702595012
0.005634486999357318,0.013624766698206442,0.0045343093192452,0.005515044718237778,0.022363235105830256,1.0025534207629523,0.6234042887801131,0.11169687974385313
0.005923118103872173,0.01371845930186887,0.0049541439711936796,0.005458738325561169,0.0570599951868761,1.1645756888979848,0.6623435449323772,0.10223518642257608
0.005733019060322373,0.01375874673453803,0.0046721921975826745,0.005352713052433657,0.029869043109658818,1.040790151559202,0.5941147930832197,0.07152402686155111
0.006040394936088374,0.013855639200702083,0.0051127340904540035,0.005274344131261411,0.06852660255611615,1.2110312168849866,0.6258064606941377,0.05710531686453885
0.006188142804582069,0.013981207580020338,0.005307158057604088,0.005100247621005068,0.08923418050059467,1.2750935752399712,0.59687785335724,0.01928582142225368
0.00540353079533348,0.013424621687832865,0.004194720043676052,0.0057085131229630826,4.637321426636519E-4,0.8949205621370756,0.6328095373367891,0.159063997550742
0.005198981219053711,0.0132290605410633,0.003880966267664249,0.005875934654198689,-0.013191005086762742,0.8005628022713098,0.6388027841174478,0.20499265656690738
0.00638122571203796,0.014107443670379052,0.005557293870568638,0.004910113455453841,0.11018032424813173,1.3658268424667368,0.568106787003888,-0.019485488633917022
0.006939157282096035,0.014558932709640171,0.006111300070516756,0.004107935164598766,0.17338010350723823,1.5283592934890722,0.3841614767011175,-0.14311090631948645
0.006779909710237911,0.01442117349260764,0.005983746007782844,0.004365562309852337,0.15823719633861089,1.4994055682500067,0.44880636985950456,-0.1100063351138645
0.006547119382834936,0.01429411550840877,0.005716250395724033,0.004609441267947884,0.12405964414424463,1.403354425264305,0.4941373644307096,-0.07392565684988404
0.006923302467431164,0.014749330056250893,0.0059305751863120695,0.003848789803434538,0.1486081283184492,1.414698671981499,0.2966337984293969,-0.17112513363561963
0.007035168061995382,0.014873900757541187,0.005970563667692413,0.003636239505926272,0.15587684768241886,1.4091523293004824,0.24099975110250724,-0.18985055731299758
0.008407318622653592,0.015259804363199814,0.00705131997928203,0.002130665282381015,0.3053499448268538,1.7380439452265115,-0.1312938406015388,-0.22534095888294123
0.007723973677997141,0.015075119631274196,0.006604599304324472,0.0029572646731065963,0.24283853568225125,1.6233777534007567,0.08444905958059971,-0.2274441127486944
0.008168557067834729,0.015160002159088443,0.00697303512789031,0.0024706849696440347,0.2879173308409732,1.7483371978823288,-0.04173535604404982,-0.23386380789046535
0.007934890652320175,0.015130560264792576,0.006769433163037852,0.002719242063512675,0.27023401209282144,1.674990946593572,0.024044744595593637,-0.23203539780486668
0.007176256489451972,0.014991097846720761,0.006039924985253745,0.003418341988822199,0.1658474459397337,1.4138309335340562,0.18573593603494773,-0.2051060056567584
0.0073266551442699845,0.015128469061313161,0.006083676376336108,0.00316958043836585,0.17198569218100848,1.4029509310064088,0.12233184562323866,-0.2172391503789202
0.0075262962764235395,0.015233543244417743,0.006198111906858498,0.0029233558764375175,0.19239747727255205,1.423664789630976,0.06330817645300806,-0.22491688355907372
0.0043978225324886435,0.009528703868610032,-6.216838283838875E-4,0.007586109347853104,0.34969769844259174,-0.10481046217444,0.42864825432645487,1.4124781245424975
0.004386433309514298,0.009717653860192082,-3.7229875532888545E-4,0.007611280137305692,0.323765541466182,-0.07398869732874813,0.4747867250632714,1.3728585577971135
0.004487219770746079,0.010298255928008936,4.1145514935164777E-4,0.007717915153873587,0.258601307868149,0.0455850007132484,0.6252431406545843,1.3048556115311973
0.004395349557860198,0.009913600225115823,-1.1370717268961552E-4,0.007639895066913303,0.29930983120163795,-0.03847943667363051,0.5225307498183459,1.33912098281178
0.004429897101568366,0.01011089077025121,1.5095804796697252E-4,0.007675944983561817,0.27743120815647165,0.0018168925482677384,0.5729662836993422,1.3160010535373436
0.00459074702294973,0.011296178289017642,0.00174594296605719,0.007415054437789034,0.09908337604615956,0.2993541887191519,0.7597048271241481,0.9415229110233746
0.0045691945261488115,0.011111695735382635,0.001511152026150696,0.007506628315785461,0.12502318849207747,0.2511192902701666,0.7480224832789452,1.0187005199337065
0.004559295545393367,0.010517689022473391,7.281583451340528E-4,0.007748883952317965,0.23202159248165793,0.10313293257057944,0.6863837553760835,1.284011965719271
0.004545862686572139,0.010919064234535676,0.0012576096964838394,0.007583592152169197,0.15922861438800598,0.19970924254212752,0.7283944514701471,1.0964521690392581
0.004525646908641113,0.010727808538511987,0.0010004494038228593,0.007644276254447008,0.18665472965077742,0.15035713892266822,0.7032730379830942,1.1676340638142142
0.0045189619705998055,0.011800736538872737,0.002223009059131899,0.006969623885477929,0.025655491108033068,0.3871966659268628,0.7060216367008646,0.6577694300577254
0.004462623346878411,0.011618037541850276,0.0020024953604619073,0.007065992614417514,0.04038468730013403,0.3383911361536059,0.6999449200192349,0.7177591928883579
0.0046926101479563545,0.012183824917826547,0.002714215738955068,0.006762126439218871,0.003033931798514312,0.5042681490252702,0.7207609866023685,0.5441992386210793
0.004589426454685223,0.011989586359852294,0.002454140851477091,0.00686406307699955,0.009784346797865932,0.4409042037310386,0.7108108463654345,0.5966849433646234
0.004407297186191658,0.011437474089738955,0.0017794334055033793,0.007145977796493035,0.060709718337837726,0.2897786106633926,0.6886672418186038,0.7746469154754202
-0.004732680674202423,0.010659695917264922,-9.827398583605147E-4,0.007894623010466296,0.23503905219098278,0.1607317311970721,-0.7747060529300608,1.3857046739037937
-0.004776754373410485,0.010494787160598791,-7.548428867486273E-4,0.007996428059390916,0.28475797352425747,0.11879431492553276,-0.7608709846930701,1.5088586004486284
-0.004710240040914575,0.010339214404501447,-5.077908533916365E-4,0.00795688307565866,0.30621824215160437,0.07026991495106603,-0.7038939245578275,1.50924185863931
-0.004692459091989804,0.010161026593098869,-2.3997885953828184E-4,0.007960725905138,0.3285686666162544,0.024415947962599552,-0.6551993351905557,1.5578926967158624
-0.004752109738995123,0.01000026375193571,-9.904708769789328E-7,0.008035471465859473,0.3799002709611098,-0.013626898702240934,-0.6253061743058196,1.677113606029516
-0.004702424607829685,0.009839923963243239,2.3868908011705887E-4,0.007971690037617595,0.3997277740530309,-0.050887523743152564,-0.5650595736772784,1.667546102578328
-0.004552067940060395,0.010774570856957951,-0.0010725522523598755,0.007653691412565145,0.18374212791172376,0.1645029908720709,-0.7173223560505927,1.1701822956749781
-0.0044324546031764295,0.011140098650291985,-0.001467697424025113,0.007353303632339045,0.1078296163642071,0.230407269206176,-0.695115430563092,0.9145291759550462
-0.004346583177981791,0.010943507927821948,-0.0011942052810541336,0.007369966688649573,0.12517159587578217,0.17277546763255938,-0.6570397891362401,0.9463085018772112
-0.0047022264288282154,0.009659752333069692,5.07033953990741E-4,0.00794593763893805,0.4204289943557267,-0.08735186212558849,-0.5074040210706202,1.7060058772469162
-0.0047653945737028015,0.009508203854447502,7.463072000276575E-4,0.007982099852883364,0.46844726263632974,-0.11729728241896768,-0.46273563295530196,1.8024924471105184
-0.004727892492745276,0.00934398381423828,9.747408831890107E-4,0.007887404873097486,0.47903325552949877,-0.14260846102380367,-0.4012328749829655,1.775224789074832
-0.004733754363879351,0.009170758349672908,0.0012230073301919264,0.007822507714478275,0.4963661077247245,-0.166037808823274,-0.3401427368237384,1.7866654600494314
-0.0051570782538395065,0.008756573701192634,0.002077738944419474,0.008065890437691832,0.6345539129368238,-0.2034019949051599,-0.15264591250592288,2.2950234339501088
-0.004980175397460265,0.008788137952034232,0.0018984415725957322,0.007879669135233747,0.6203188636818192,-0.21915135366751973,-0.17163041449799096,2.0480400612415166
-0.004761522505608205,0.008996039141520654,0.001477540622486074,0.007764999948483904,0.5160542242309584,-0.18659564367797724,-0.27744662078652077,1.8117856262185785
-0.004792910530271347,0.008823689477485611,0.0017261150002930482,0.007696442777756209,0.5307012525556213,-0.20277564165778858,-0.21427587735654516,1.8288172123770334
0.005521060268812654,0.0071408168816459935,-0.004180498281527763,0.006565520939640375,0.5247202327795609,-0.118128913469551,-0.4617855664984491,1.7470133967199521
0.005657244487765032,0.007043676370808098,-0.004426908166909645,0.0065128778687011685,0.5380161170886055,-0.07788145401378181,-0.546862529377813,1.7778394086363878
0.005698172983181014,0.006879192595764013,-0.004554328355274467,0.0062902977886536,0.4990689707338545,-0.05864425676064727,-0.5616037868689102,1.6722141021141042
0.005807375316313056,0.006742483237627452,-0.004761823091506855,0.006137096602633711,0.47465428749520017,-0.01942530218092364,-0.615689088452375,1.6303164593074
0.005944890737818039,0.006641786626274146,-0.004997241297768762,0.006038946670526508,0.47158697301296415,0.03319511031675018,-0.6895558468767934,1.62558327773256
0.004422149822135096,0.009347317310673089,-8.628430475005681E-4,0.0075587418801647726,0.37517019381319,-0.13147918521327515,0.38270373688878595,1.4527545495002778
0.004454348956696492,0.009171419159603034,-0.0010983716734733094,0.007524963237324058,0.3989720664026832,-0.15453696647837087,0.33587634729466836,1.4902561624705057
0.00418209687224468,0.009396779023077576,-7.273284793773128E-4,0.007335522326671781,0.30915499392703566,-0.11985658410439125,0.3748751391740557,1.2656304829488978
0.004497255444353982,0.009001009224475779,-0.0013304608204818757,0.0074889903701685105,0.42250178385561066,-0.17428093865208036,0.28817453130745646,1.5281303915710256
0.004556698559751185,0.008837982531743076,-0.001561963672260057,0.007458783107948625,0.4467795996298189,-0.190958686858977,0.23942983616519833,1.5726832890716265
0.005294547664477592,0.007100486537013021,-0.0038909038575202577,0.006363987293282178,0.4742140311664598,-0.15858522310119225,-0.3383338252474077,1.5429623076729644
0.005200516679832595,0.007284397177040689,-0.0036681890736001764,0.0065386973432660775,0.4933478259815591,-0.1795854521890454,-0.28434895965510126,1.5861353906831859
0.004789881239957242,0.008425233146260206,-0.0022124933073644753,0.007400285590729691,0.5265889598820804,-0.22122448132437558,0.0871617588793327,1.7320228949826182
0.004804052518196999,0.008251752037834409,-0.0024153050896487446,0.007265412264749262,0.5143024008365592,-0.22473326926343584,0.035821777508020895,1.6948883930417973
0.004611869215582082,0.008677206927687154,-0.0017881946771025482,0.007411990987568068,0.4720588394322078,-0.20443231656360014,0.18804543113884695,1.607615010183008
0.004643018688530706,0.008516114757073655,-0.0019951262517042107,0.00732761875621931,0.4725385383117401,-0.21374311881100608,0.13882156049397665,1.608926463910462
0.004849381525122397,0.008070426673712782,-0.002641902205568134,0.0071390903100131,0.5188188753444914,-0.22503978164073432,-0.02279189749356761,1.674734528939198
0.005117564452368916,0.007460382640378615,-0.0034516316441947025,0.006696038383115797,0.5040044869438969,-0.19693111420812467,-0.22911932117756775,1.622740825250954
0.005053815923286269,0.007666758785933085,-0.0032211670587676262,0.006889054053957796,0.5227263348868033,-0.21051922858685043,-0.173368690875298,1.6799916351971602
0.004908534668982706,0.007877500553591528,-0.002882210038772841,0.006997821680153385,0.513185041006247,-0.22176853348843142,-0.08364228275880971,1.652087810031819
0.014769316061489672,0.013542850080313217,0.003948317991902441,-0.005329577957795378,0.3156038085188407,-0.10032455084629499,-0.4313699814475984,1.3474241209864155
0.014870005900295042,0.013247932023260252,0.003752533589334482,-0.005637875447143853,0.3372245061865516,-0.13032391912308697,-0.38557883576059754,1.4524766944935386
0.014946331628775617,0.01280100944621919,0.0034718494380388946,-0.0061412618719577155,0.37729094516888,-0.16946008946372584,-0.3198899149214889,1.6606472841090574
0.015041229103987946,0.012534621878253408,0.0031968961650617376,-0.0063716916112802,0.3987190387093165,-0.19366133189037504,-0.24315780278518354,1.7302941936250058
0.01501393303602878,0.013055340193740576,0.0035029663024572512,-0.005766078878452127,0.3476605662671728,-0.15895398269958774,-0.3166503393894107,1.4683882068278724
0.014962789330682045,0.013957422530051087,0.003757418566842981,-0.004726739463459101,0.24800297480067976,-0.11659810021799323,-0.349719205620598,1.0809339356238867
0.015419634627658758,0.011826822896941107,0.002237188500909426,-0.006642974264835711,0.37557397421860333,-0.22056486132472328,0.045065352323095324,1.6756271678524157
0.015599773605279104,0.011656876714684253,0.0019318258196148795,-0.0065387234164803396,0.34486368966537034,-0.21042948046369822,0.1253080558601991,1.553250798148895
0.015359832262282025,0.012118430384434253,0.002544570475631489,-0.00645270351869797,0.3765048931515974,-0.2208623917018235,-0.042299665007963456,1.6321753949773243
0.015300005434102107,0.012423420507901281,0.002834855030846751,-0.006212589637321052,0.33984706680806687,-0.21304213802774802,-0.12185197118077414,1.5674149287560621
0.014975284055460763,0.014434892260044786,0.0037352104413799774,-0.004198163803176614,0.18491573618589238,-0.09718862212218901,-0.3394096085551398,0.8914624287072009
0.014969294634371563,0.015069891917934824,0.003635129969595456,-0.0035778148897481358,0.15227406673153904,-0.08370208773241518,-0.31538922040861816,0.7046668199243047
0.015481359905167889,0.010060766019152801,8.48423272099797E-5,-0.007417868046047272,0.44909620497747627,-0.014885155044355336,0.6412134050661029,1.747359022638289
0.015461436206013578,0.010330578999831842,4.498508073222373E-4,-0.0074247350237697084,0.45164653577662156,-0.0742615403609357,0.5556599083412078,1.8237346856786263
0.015470480076482902,0.010587861826142634,7.875894413647321E-4,-0.007342993083799106,0.44490903884276506,-0.12049233649177173,0.4630245427741127,1.833041332262356
0.015445316289442419,0.009818982240628783,-2.4460808346348325E-4,-0.007469520566235615,0.45182321245492496,0.04594345766326314,0.7265071308311928,1.7267044632565989
0.015588919916063582,0.011241099886086745,0.0015151508611995629,-0.006839326190422366,0.38167340420676893,-0.18922791961183094,0.24285921710382927,1.634586544187629
0.015709142429987246,0.011450268325946072,0.0016545786955475378,-0.006536070420498458,0.34854605926731935,-0.19647344720022494,0.19278770434939582,1.5023094489314515
0.015658233332037277,0.010986559045718164,0.0011944751023905732,-0.006874792002156496,0.38278344642054923,-0.162864154500722,0.3219833457993995,1.5906271336598794
0.015681196762489965,0.01072236500835324,8.807547272456654E-4,-0.006950886621254406,0.38457362963862846,-0.1300223066286833,0.4036606917871545,1.5755187128561632
0.014717965632938784,0.00757988922523805,-0.0035185610755771916,-0.00686257431117748,0.5598642480985435,0.9875041345114038,1.2199241347621088,0.9949460408887761
0.014625669668531455,0.0074361403649610145,-0.0037502229380613375,-0.006768137039592558,0.5774394321247015,1.0740995888604605,1.2297959350238798,0.931044089450939
0.014535410868052673,0.00732547954598894,-0.003952626730536795,-0.0067039492042630395,0.5889109396811899,1.1544958383397306,1.2445949932075695,0.8883843022878928
0.014516288923655422,0.0071592440189616234,-0.004070571595581247,-0.0064723529636158674,0.5717398137450126,1.1837660637870615,1.1774285578758696,0.7539796878412937
0.014796813978436628,0.007727748556288743,-0.003296317828452091,-0.006962199501396738,0.5448217503326318,0.9072128379785781,1.212080929057645,1.0654308052714734
0.0151442125497541,0.008687851458368805,-0.0019039942624866875,-0.007473655294853747,0.5007105924921528,0.4559283518419525,1.0911190946655296,1.5113804194998155
0.015091574652243214,0.00852127370690197,-0.0021528525370908716,-0.007417525327662257,0.5147088649316292,0.5303943701727865,1.1279178583287042,1.4476291957419585
0.015014399531760255,0.008387318829450539,-0.002383136996645466,-0.0074141453090691214,0.5282129685072433,0.6045878311184752,1.1750976008882223,1.4251594211899672
0.01486960859550913,0.007879279055450198,-0.003072059888758152,-0.007058656623292606,0.5325873081842571,0.8277880230820447,1.2009741214166674,1.1375885767558331
0.014890010608218691,0.008063426786205155,-0.0028700180666217847,-0.007251783090842305,0.5474138304850357,0.7649386435690098,1.2232043035584106,1.2737298522847564
0.015025034713340848,0.00820457013891216,-0.002573183768085324,-0.007208501978124283,0.5127144097711721,0.660122433534284,1.150552362745217,1.2645986603670065
0.0154780278369025,0.00956028697348979,-5.859690477957601E-4,-0.007362985435826692,0.43635021202438745,0.11659993678063098,0.7854694692077181,1.59190980958971
0.015414835258873886,0.009310733599684397,-9.361857880377446E-4,-0.007388169291202005,0.455509313804718,0.19530690781364252,0.8639279829611786,1.5579157738464013
0.015405996240217164,0.00903105434578275,-0.0012970078558575857,-0.007267094849046754,0.4391607196199306,0.28380046291870603,0.9119175231432038,1.4193877809127928
0.015335748256939192,0.008808752446081994,-0.001614065192292709,-0.007244977055902152,0.4623726199773594,0.3671351166629573,0.9697385915737267,1.3695430764208123
0.01299417919852085,0.005626574322472398,-0.006429397391734262,-0.004389918449778271,0.8050895295164159,2.0432353068345708,0.6935823086356483,-0.019356929188895953
0.012836609494504844,0.005530932050399191,-0.006599324466247722,-0.004176182780438028,0.8226057472463529,2.0953307268191335,0.62543239034885,-0.06293983274397609
0.012675471813711753,0.005477685131826386,-0.0067905043369014,-0.004006997261821632,0.8471126916377095,2.1791318977996013,0.5772453880994188,-0.09296182321821093
0.012410037619738785,0.0052593974114670825,-0.006966653523495938,-0.0035262776790080373,0.8336669211847676,2.144677960945213,0.4011431696626148,-0.16108237032640269
0.012570443577344643,0.0053420244654780215,-0.006826338786983383,-0.0037524017486348566,0.8153584594528746,2.1176312384927054,0.47495616499607435,-0.13298912536987614
0.01360579692943667,0.005919082679881166,-0.005623101927598876,-0.0049478568925568995,0.6939443278826134,1.6900760682448632,0.8138912848689167,0.11732405084348109
0.013442317403628593,0.005735929900540349,-0.005809951888368099,-0.0046641564300578635,0.7011666588741728,1.7254500381960327,0.725586437983143,0.04239516861433249
0.013220510816319997,0.0056110124285855874,-0.00608403646632802,-0.004439717866804923,0.7357662880505556,1.8268816600036464,0.6684684433202558,-0.010033115335667689
0.014081702887528911,0.006606748094438618,-0.004927205220065634,-0.005923375704631045,0.6538817295411906,1.5150279609568338,1.1126785017834002,0.4789052318004825
0.01414660161733675,0.0067734182295751165,-0.0047940215453741355,-0.006159882434144625,0.6622067257955837,1.48310493494412,1.185306876782379,0.5872251084191332
0.01442139767095731,0.006987844406702146,-0.0042900630761761906,-0.0062962071414890625,0.5922029921282976,1.261786634288626,1.149306068712969,0.6587660733285107
0.014304444737090012,0.006858245864615033,-0.004516699650163947,-0.0061862564474286,0.6213235763943236,1.352785722335944,1.1471147826412802,0.6021546808864423
0.014171448781947156,0.006417384995714365,-0.004800985607925949,-0.005576539646553012,0.6027813744828201,1.3937161875411308,0.94815762172324,0.32870478668653336
0.013909339268887119,0.005839504651368188,-0.005154688870694744,-0.004799773897442621,0.5844218286504449,1.4091591867930715,0.7058586328568027,0.08207949740340593
0.014091346850592192,0.006010925098051457,-0.004916394148538347,-0.00500488371441333,0.5674783075764195,1.338504274781065,0.7546800053684443,0.14262471129614804
0.014257760941648373,0.0061657158045449745,-0.004684251857267732,-0.00516909843076383,0.5367210772272434,1.2631719188065096,0.7871525740297601,0.19600535858232374
0.012347840298272132,0.005040504912151363,-0.006858558028551238,-0.00321342340231064,0.7524986256705019,1.942083174174048,0.2786709656043746,-0.1897601620604322
0.010394036213322917,0.004502276410087403,-0.007710032364668524,-5.439643580190957E-4,0.5573651631889264,1.6883937490839325,-0.4571384096962225,-0.1011888190127463
0.010586590123299386,0.004491094686233157,-0.007648500193292545,-8.004167798402086E-4,0.5719426697672162,1.7078011352110523,-0.3941291469576345,-0.1319437486183935
0.010767030341955905,0.004525920928278957,-0.007621701419581965,-0.0010501302151218674,0.6057857219647237,1.7656649575279453,-0.3362915235705488,-0.15751781561350708
0.010881135347782987,0.004361283975336449,-0.007405443528593692,-0.0011241001678564658,0.5587800867900476,1.5950940893128616,-0.29132953167392744,-0.1666052906311428
0.011050086571073089,0.004390310542473309,-0.007353951181515306,-0.0013377766730514834,0.5774756972000893,1.6264003978033965,-0.24093305708094528,-0.18357768026868418
0.012167776293399693,0.004879449092922503,-0.006923393081660913,-0.0028885869501519197,0.7174765030453044,1.8720590689002694,0.17667621337961162,-0.20892294306362816
0.011962996789993843,0.004792796098459877,-0.007054920261617245,-0.002617939428063608,0.7125744775644889,1.8684872622310678,0.09616980278349178,-0.21806722059937342
0.011297266560786598,0.004634943426255749,-0.007451293224936116,-0.0017736128709742519,0.6755466163580909,1.8716195919961527,-0.14797483852989693,-0.20876012013086306
0.011516002997754274,0.004731080342266946,-0.007388741269377234,-0.0020985982027734024,0.7116974218143389,1.9408064589019018,-0.060151770223640086,-0.22007468972874047
0.011747152357651508,0.004740219037676226,-0.007205450327937772,-0.0023575578615368862,0.6995977373587033,1.8873594394401463,0.016709392315815027,-0.22200037970967637
0.011235666863167543,0.004405372700207262,-0.007265429987059293,-0.0015578710656900623,0.5892130863341358,1.6328844871724202,-0.18477576451552388,-0.1980531428192307
0.0127209369966301,-0.005390818667109289,-0.00666150989976359,0.003914766892214024,0.8101535457076862,2.04613959654638,-0.5240117396174782,-0.10704546261969995
0.012368495201579118,-0.005297705339228763,-0.00705289322662295,0.0035422275825538487,0.85552662700134,2.2159775665271604,-0.41508571704580877,-0.15969748070117343
0.012542417869761558,-0.005294601857641119,-0.006826575558264972,0.0036707392794282584,0.8206546644854199,2.0832447488411803,-0.4448316084710942,-0.14233319334989605
0.011800644279305158,-0.005013811877651313,-0.007422623070877143,0.0026679771917039186,0.8132619889544158,2.1988989056300823,-0.11599244410721883,-0.2206163410645582
0.01192702543320785,-0.00512039758852797,-0.007401224434454642,0.0029134837033970413,0.8548641404594071,2.27438004250783,-0.20146708540395658,-0.21199589819568718
0.012099229627476874,-0.005130675863655348,-0.00722335490072071,0.0031000511544771545,0.8365541866862908,2.1918959806013443,-0.26075798205420814,-0.19985651593917408
0.01224825052565555,-0.0052049188903067955,-0.007118521924974167,0.0033247869651720535,0.8380402533305463,2.1884628661337278,-0.33648984272997745,-0.18183736731863118
0.011527117827596103,-0.004757011670299702,-0.007407357677239197,0.00213192166532208,0.7257844448554068,1.9692195694952928,0.048258237995371024,-0.21972781188742224
0.011475177569459252,-0.004524200205135885,-0.007221450457690018,0.0018988071513649824,0.6364342333443657,1.7197623569050944,0.10436982537130354,-0.21318493747976125
0.011772102942831484,-0.004793654474399862,-0.007235656766643145,0.0024305746482680534,0.7263023697232609,1.9394020901133875,-0.04049381122012923,-0.2212132528780413
0.012810416269897772,-0.00586459670770868,-0.006888437520315742,0.004682593324622342,0.9897115043237888,2.495834957946629,-0.8562988251575229,0.051121273581378336
0.012844353154474792,-0.00567366090266198,-0.0066892695620982745,0.004393341094307065,0.8657374649159612,2.219276011168933,-0.7323200706286798,-0.019747558265095545
0.012874395012363421,-0.005473619018275846,-0.006505425841696937,0.004112629208584019,0.794181257899031,2.0017441418642252,-0.5857800159114367,-0.07366797307071181
0.01293892622972893,-0.005954915005069574,-0.0067359066514367,0.0048994224884764005,0.9266175471294664,2.4453894190625975,-0.9330012102275435,0.10663143750784088
0.012980506883663563,-0.005767828022423881,-0.006541428793570892,0.004602056737973676,0.8646187386463303,2.1735550808849573,-0.8026037308471449,0.02904652384988821
0.013064534716697501,-0.006049224510282093,-0.006576505612095805,0.0051113726175629004,0.8500245386726776,2.3890333447456538,-1.0062502278863397,0.16758462802293336
0.013110452192291415,-0.005869863222091237,-0.00639454392870743,0.004811188456635722,0.8661090590826673,2.129521448303352,-0.872191294112759,0.083332119125389
0.013187119036995118,-0.006147433031857422,-0.006411889256843891,0.005316533593514143,0.7811488625025412,2.327459088460247,-1.0752568875276116,0.2335455156588486
0.013230886536033881,-0.005977530372299321,-0.006252226945089825,0.005018488376406844,0.8694435382216726,2.0888937224468105,-0.9406587015188169,0.14257232380541116
0.013306558565652453,-0.006249443980966237,-0.0062481159619924035,0.005508054859361958,0.9793634653496405,2.2606696093646903,-1.137991125079114,0.3027990023745799
0.013336003931626279,-0.006083549843850072,-0.006121184571880488,0.005212898487230999,0.8453144488731251,2.0533781547201264,-1.0049817838653772,0.2036513399836608
0.008242286799274016,0.005045151353937231,-0.007497506257512919,0.0026508804802123816,0.28421510144495143,1.102361763227073,-1.0076942957376192,0.5687213476729278
0.00901364256096809,0.004787476082714555,-0.007802650802548386,0.001467646543741906,0.3699107421042829,1.415772902770202,-0.8776996785624046,0.26757868168861615
0.008836735775602176,0.004818194792649183,-0.007732049644975619,0.0017259233198285604,0.35344885651792085,1.3313571485400206,-0.9050292719512427,0.3263649700505791
0.008697863607508285,0.004914873342127597,-0.007743812048948337,0.0019753744661215036,0.34368608600521705,1.328024860066212,-0.9614508151222554,0.3939075789583012
0.008367348896189147,0.0049642898214005155,-0.00752972147281081,0.002430462247309896,0.29324321768766026,1.1301126653123388,-0.9736588130521994,0.5040081181856383
0.008526542862889194,0.004907369543820027,-0.007604968353562488,0.0021885976584675444,0.30252695707688276,1.197277701128284,-0.9527016737509387,0.441106152943493
0.006174650556308586,0.006389785071805126,-0.005382141354188773,0.005704384914641586,0.4239913981620315,0.12996638408837888,-0.7828048384992282,1.52214470827221
0.00601096182094729,0.006471375733809143,-0.005119677620585963,0.005792119840743974,0.4296133565322821,0.05696796267309167,-0.6938827061526534,1.5133720383368716
0.0062513616789944965,0.006258343163097001,-0.00549521395864301,0.005506090672436422,0.39695495361745053,0.15777062341859585,-0.7905735626793985,1.4386607434127576
0.006375155431953024,0.006127811570447484,-0.005671772327576995,0.005306224036428214,0.3630014818926281,0.20818091158947202,-0.8226560464124287,1.3710758428250724
0.006526612510225097,0.006055536809072717,-0.0058953484364089636,0.005187588686706298,0.36438640632406183,0.2863530930269653,-0.890087278083597,1.3528851465214349
0.008064492792843572,0.005030571593140504,-0.007305137997425522,0.002830030250326249,0.25483878836156343,0.9533452230520598,-0.967243335219708,0.6050989014806613
0.00787916132959457,0.005108052737776419,-0.007179713231577349,0.003097412186579341,0.25343624331532455,0.8691481624401493,-0.973540361599854,0.6792355827776874
0.006610816375367784,0.005905702446792342,-0.0059762694652428635,0.004940928030005357,0.3310728395041363,0.3076102543324108,-0.8738955384252606,1.2479492327758075
0.00675437494611018,0.005801714338839988,-0.0061548741247979925,0.004749913214959281,0.3023357163765821,0.3723935367283304,-0.9066042520511349,1.1898535642923205
0.006913564611394796,0.005756299660464367,-0.006376668278085048,0.004631537642095622,0.3083149549980347,0.468459477703996,-0.9729838658126122,1.1721028052306945
0.00700434786915464,0.0056194273136008915,-0.0064333933484654665,0.004389340573013302,0.29014450122554974,0.48495991649212206,-0.9456146957191905,1.0739160500753442
0.007722405876421011,0.005195177343069043,-0.007078006682832107,0.0033409083695751644,0.25721241627812813,0.8078189259015723,-0.9846771255325416,0.7513677953051668
0.007613204696386314,0.005317207005270279,-0.007051162872153335,0.0035840718145604715,0.262432813930645,0.7978010681037998,-1.0258970140580441,0.8373517335785067
0.007454231896151291,0.005346753237106732,-0.0068698879275219,0.003745662590788627,0.247676724489853,0.6916400366196592,-0.9863638993434539,0.8749567881795873
0.007288904356209573,0.005418960906370614,-0.006703141844219117,0.003953820015203051,0.2568026702701914,0.6051687864320802,-0.9627159155791273,0.9331870724101466
0.007135708003571752,0.005511188196641613,-0.006554273619408358,0.0041696467706950945,0.2701498713807879,0.5353764904470742,-0.9480390889947259,0.9993397041370956
0.010166211921356253,0.004536121716172873,-0.007780557527752856,-2.337408311931626E-4,0.5329603179669412,1.6721947946662483,-0.5353669718387543,-0.05796754013748779
0.00992023469015109,0.004490026826802287,-0.007735660144460507,1.0954758517678982E-4,0.4780223599586117,1.5441279126879934,-0.5918946618610482,-0.007264732290045981
0.00965085642728672,0.004541474713751235,-0.007761159686491022,4.894613540254181E-4,0.445227004341242,1.4926440741542504,-0.6705818773289173,0.058492561811476225
0.009146448727779265,0.004605458619647981,-0.007669175816585371,0.001198094166357977,0.3679567292184696,1.3089473099688005,-0.7751985816962311,0.19483783107597602
0.009390623435252758,0.004542737944714776,-0.007696398445919119,8.469744602701137E-4,0.39992295942981476,1.3755870669270411,-0.7176877027644829,0.12267890466683307
0.01028888156624597,0.004333874309214223,-0.007549922357156924,-3.7476761252886874E-4,0.4877876890047351,1.492029974069676,-0.45664501942773655,-0.0858399915550296
0.009015553949620447,-0.004783923680325027,-0.007799772491767048,-0.001463454476534114,0.36810512675560775,1.4129719674949286,0.8753823515196751,0.26746648952151425
0.008847023681414747,-0.00478952177950568,-0.007706925507317829,-0.0016939416404692022,0.3413098083301834,1.3086799054693472,0.8882112781096901,0.3178864639027379
0.011292631880204393,-0.004420518512824576,-0.007246706800025009,0.0016317554816206725,0.5921524701103907,1.6399599308718678,0.16941403716494505,-0.20178853006907208
0.011071522129360259,-0.004424734278699261,-0.007377841695751104,0.0013813107191641952,0.5944672316200286,1.6565591943156162,0.2350076262924799,-0.18595795827325629
0.010866068766893056,-0.00431382524673207,-0.007366839739610122,0.0010876564008868636,0.5361426792581887,1.5416619138792955,0.29377469945525575,-0.16400279251986902
0.010167786174158856,-0.004530178093185177,-0.007774795419259435,2.3558306437091155E-4,0.5322216080487244,1.6660003694119587,0.5332447068462526,-0.0581131084646374
0.010610234112366713,-0.00424642435081003,-0.0073924220263229526,7.5769751750656E-4,0.49967490925751573,1.455332035162569,0.359056583617166,-0.1329614618447452
0.01033860875554719,-0.0042349010741178725,-0.007442981967146561,4.227393235743979E-4,0.46944514314703006,1.4000229997383051,0.4257539253252814,-0.09462234445814106
0.009908036556899771,-0.0044918263918590495,-0.007737699451576624,-1.265633447754362E-4,0.4761701965963638,1.5415872415068694,0.5942122337672652,-0.004675565285692456
0.009644116560246122,-0.004542027988960331,-0.007760892725241323,-4.988240448679111E-4,0.44343500387159096,1.4914487893193829,0.6707746162136915,0.05973776643537694
0.009140479242727026,-0.004602242439117292,-0.007662751224445534,-0.0012045731902762165,0.3660208223705089,1.3049070605511446,0.7722861640947373,0.19478487859220936
0.009367229006306281,-0.004543640973996831,-0.007689551159029071,-8.78813720629895E-4,0.39579622877679665,1.3664302790678757,0.7195194217363007,0.1278523050403226
0.008673671060581327,-0.0048194029392391955,-0.007622249305589221,-0.001937825601664571,0.3201049265099339,1.2204151619927213,0.9063183365567921,0.37459794449815526
0.008504375257585928,-0.004870106639766936,-0.0075468237305066285,-0.002185729886652703,0.30493864652933356,1.1481916094033222,0.9286559183254984,0.43588714586957883
0.008014263716568458,-0.005411225499911389,-0.007648338332091625,-0.0032985751343515787,0.17065733720339935,1.2032682059990887,1.2177816108738586,0.8610151002530432
0.00802332890234686,-0.005251566197101217,-0.007481308184295556,-0.0031106466363867223,0.31852901188520827,1.0888365528149924,1.102833795358167,0.7194435283506467
0.007881891053336738,-0.005295260554173083,-0.007362299130996986,-0.003310896423024449,0.30830549508502086,1.0033838308936005,1.0973959351080678,0.7731471855121744
0.007871104159928416,-0.005475864446977091,-0.007539037761227065,-0.0035410166831885193,0.2589157000712571,1.1207272073754893,1.2242557975061772,0.9372662314536827
0.007732164613533447,-0.005357027122154179,-0.007238005541882295,-0.003531794448647247,0.28597119714031777,0.9213940460876054,1.0948578359816699,0.8375755718373851
0.007730047808600201,-0.005544967222482057,-0.007422065837038735,-0.0037800893139472436,0.32708025169240224,1.03957135621611,1.2262848898725032,1.014424052080909
0.008340425540901435,-0.004935671194918866,-0.007475611006451392,-0.002435325011749765,0.2927677857137143,1.0860753040636488,0.9532392639143105,0.5013232535564393
0.008184677435355085,-0.005015258523515697,-0.007410874427990078,-0.002686126371271323,0.28297595575671064,1.034589465205623,0.9808429325513569,0.5713345518247284
0.00806549489116069,-0.005115073100659808,-0.007389420190284657,-0.0029174016254161395,0.27573538264514497,1.0188363911897573,1.0214463848865865,0.6439439819258479
0.00758406606694595,-0.005430635364936798,-0.007113169245502856,-0.003756805148500766,0.27270797795553087,0.8447182589939032,1.0928844638194926,0.9075578584056029
0.007591233601480753,-0.005618465515670955,-0.00729800974527818,-0.004014381937897579,0.3750476728761167,0.9599958430375993,1.223941956301678,1.0919040285374682
0.007454795807560529,-0.0056962881580212045,-0.007166179384540489,-0.00424521435311983,0.4451243445750784,0.8819701216966461,1.2175448249332663,1.1700935973778397
0.007439760129759206,-0.005512772538247736,-0.006986584501524037,-0.003981754730029457,0.26452175552800195,0.7721490519636044,1.0898284092064536,0.9810261465585818
-0.006577264761224861,0.013644843410250553,-0.0060697252314516476,0.00570385528176735,0.0984735755314466,1.774131545815315,-0.9178043164239055,0.2044413835665274
-0.006464466094067266,0.01353553390593274,-0.0058935631680959,0.005885874004581656,0.2933494520191882,1.7051361472022328,-0.9580866273722403,0.260756725042154
-0.006428299697776356,0.013690749907018998,-0.0057830448671515365,0.005598565992497713,0.1509827675399593,1.5734793169406938,-0.8461605916979872,0.1647507815814462
-0.006693441434347548,0.013750556019033765,-0.006254835389784839,0.005500309841289423,0.5132564720502681,1.8449528338286738,-0.8722855182132726,0.14997802073815245
-0.006538365837285747,0.01380646990430865,-0.00593885330147446,0.005403677575644362,0.14369535427762734,1.6250165310310785,-0.8011080949783033,0.11190831705251865
-0.006670557419727051,0.013898278135372172,-0.006130442679073902,0.00523717396958998,0.16216547213246654,1.7047882851965717,-0.769853109323868,0.07199450379586604
-0.006812880963004883,0.01385256696814258,-0.006415769349631479,0.005311836700184986,0.17356188272309328,1.911932776310462,-0.8246982027560713,0.0984218788942417
-0.0067894270866041525,0.014004079029856512,-0.006280300818409904,0.0050358093555150805,0.24510167256812787,1.7558932569105945,-0.719435288923386,0.024665000385187905
-0.006935465283302505,0.01395077548971791,-0.006576497327806167,0.005111296644302827,0.1218399416598367,1.9747386610897737,-0.7721785837639715,0.048905124566208345
-0.006906012252234028,0.014109336490405173,-0.006411862273949278,0.0048276204499352595,0.24102718263239484,1.7961659418434974,-0.6649525387557489,-0.019288675314346828
-0.007061073770271073,0.014045084994930429,-0.006737602319743953,0.004896929121879888,0.31070683462424603,2.0359802651957235,-0.7147080646930076,0.0025385666926593916
-0.007041190044039889,0.014207027812116581,-0.006565018447662087,0.004616928238149806,0.24468806853177102,1.8508825560001603,-0.6115659043759666,-0.05858777638681709
-0.00718958373010223,0.01413540329229132,-0.006887435191315137,0.004683986850580091,0.3088571045049578,2.0935814466467724,-0.6549405282725073,-0.03975163697343018
-0.005141706727759531,0.01248952173655725,-0.0034443842202453957,0.006779767311828173,0.014684528215958571,0.7307824667326165,-0.8474585881544845,0.5592843680006819
-0.004985861352734655,0.012294968143044573,-0.0031130716183450694,0.006882293910144311,0.014633500919338264,0.6331103341434233,-0.8230801562300932,0.6050631243105
-0.004912180380363133,0.012120229806091667,-0.0028850720519179546,0.007009246645799327,0.024598710598387644,0.5735693930231519,-0.8246180654730416,0.6715541730694091
-0.004528230402522341,0.011779467489639116,-0.0022114517169756352,0.0069944972982193205,0.028923572302251576,0.38460079952449827,-0.708542284817257,0.665138065354084
-0.004625959624397384,0.01195823396272904,-0.0024608247090458697,0.006922296144854745,0.020612131685464843,0.4444792958620836,-0.7261172905941479,0.6228902622975888
-0.004732173821943872,0.012088278494859533,-0.0026747672431555744,0.0068882615334563396,0.014870874110341891,0.5010745945818176,-0.7499567241291308,0.6042047620473314
-0.0043987684029447045,0.011340831276212038,-0.0016709188603363392,0.007200710585052151,0.06867537843112931,0.2676336368772056,-0.6843355320803188,0.8029916575005646
-0.004445814712849136,0.011577525856983914,-0.001950201604773115,0.007080437794476264,0.048536516312689036,0.32476486111854647,-0.692572766506072,0.7207295796796253
-0.0043138763085645,0.011766775823149986,-0.0020286346882408624,0.0068256557458290425,0.014940253567123427,0.3316909399062323,-0.6382877263081197,0.5853799619801769
-0.005954915005069574,0.012938926229728932,-0.0048960244253257595,0.006738364804084514,0.16037774439436442,1.3383998679143365,-1.1037879368876595,0.5726382455223584
-0.005864596707708681,0.012810416269897774,-0.004678814479039179,0.006890916371028209,0.06287569578388064,1.2622651784051564,-1.1208722074172583,0.6408042560291157
-0.005783630289274099,0.012965621254318478,-0.004623938890760842,0.006579751826174258,0.05545769077333016,1.1537096143469998,-1.0005210405667608,0.502243575060212
-0.005699107886394624,0.012832332403825695,-0.004428129616745032,0.006730443986501356,0.07451134958275722,1.092182851801538,-1.0189964415644306,0.5661220309862934
-0.005433181124252072,0.012697787115488452,-0.003963977304553692,0.006732341450533349,0.027294888016913103,0.9112702036897239,-0.9282169439744167,0.5520723139949818
-0.005237760515141733,0.01269948753216849,-0.003703381572915426,0.006587341205612683,0.011449110358914315,0.8000848674697442,-0.8281350089498708,0.47390794426038513
-0.005543363795593472,0.012825341481856439,-0.0041931217235939375,0.006630648311689915,0.03812985341344764,0.9861683555563803,-0.933674228040916,0.5102016641964342
-0.006355156589749451,0.013422735238775145,-0.005709496395292235,0.006064494937509467,0.36426125935617454,1.6333717186847923,-0.9947079059180788,0.318867073407096
-0.00630225651674593,0.013574640772604276,-0.00558637385777904,0.005781414581838951,0.08473932897293285,1.4971034738234712,-0.8810696509259234,0.21868655204299856
-0.006049224510282092,0.013064534716697497,-0.00510079606557449,0.006584735289321963,0.029784025311485607,1.4122897225851545,-1.0828356882832892,0.5063918810015444
-0.005881936454304609,0.01309563436780132,-0.00482951169896947,0.006429900958877758,0.07828550317800907,1.2255152691451834,-0.9836108813930468,0.4412998913773684
-0.006249443980966241,0.013306558565652458,-0.005511441710742225,0.00624490758550571,0.22666866790196952,1.5594680046275393,-1.0276183042591398,0.3789066114540738
-0.006187592369122125,0.013476084086150773,-0.005396893749596683,0.005923195729798199,0.07403901985197812,1.4212636318268357,-0.900767145693738,0.2616385044403751
-0.006147433031857423,0.013187119036995123,-0.005307730830498895,0.006418986080573172,0.11298771866110204,1.4859435615273557,-1.0571600301323734,0.44143348328044213
-0.006075097947197482,0.013357107983904387,-0.00520242561230664,0.00608721621910575,0.08110595485158395,1.3497894751506967,-0.9265255040437129,0.31541937401228676
-0.005972367239426951,0.013227702897551019,-0.005012450702874281,0.006259546707686559,0.08822269311715249,1.2846242093568445,-0.9549058516805576,0.37623429340922027
-0.00629026597596899,0.01371899709910778,-0.00553887326486201,0.0055321398845307995,0.11702562878803217,1.4387892071018593,-0.7792257119973642,0.13904730442690294
-0.005011563630733173,0.012699256075195295,-0.003421675438301816,0.006430931419140619,-0.00896864115968394,0.6909011722696564,-0.7309207323811088,0.39769063734872473
-0.005134651256994581,0.012856059001180638,-0.0036565521207798115,0.006318097319293339,-0.006863008813866598,0.7595647689187862,-0.734358122887055,0.35711335680592166
0.004895969474487904,0.013022049047806161,0.003438269973815383,0.005978613193598786,-0.035021130573094576,0.6661675403295103,0.6087105235223068,0.23464706999276377
0.004600929775685432,0.012440234341876409,0.002806902117907349,0.0064367797874625154,-0.024199458398014854,0.507480013427108,0.6419369702744969,0.3980863910398762
0.004657172505892514,0.012762676191837269,0.0030523520605773807,0.006136725589570877,-0.040616124155730675,0.5603255704602641,0.5983826841134032,0.2866865930378046
0.012111660764718313,0.015374408612349802,0.006440162649700202,-0.002524702220339549,0.2905115834848236,0.7745027655951839,-0.8978992848465978,0.5824707551412347
0.011842341929577057,0.01550010624597991,0.006524718754249243,-0.0021794827276962027,0.26996065220383714,0.8448485053224429,-0.8746828106494157,0.49010721615095026
0.01333938416098722,0.015076526009828499,0.005374164676930284,-0.00351582775824038,0.2123903651062147,0.2763796803331093,-0.719288284933275,0.832843732667395
0.01250785626494792,0.015451221884912101,0.005963612433180423,-0.0027212495910029937,0.20954060059511068,0.5392060833304421,-0.7922294183190703,0.6173201352612966
0.01287198385368102,0.015252201410884625,0.005763574612347514,-0.0031425468126464614,0.2660783722079094,0.4329089132106128,-0.7823734040829599,0.7324604487736944
0.011580734537001026,0.01569713151778337,0.006464052835780817,-0.0017909305170659645,0.26564275438511253,0.8624379965164753,-0.8106062372492273,0.3797948103814216
0.011162553874664364,0.015779845290524782,0.0066067010413713,-0.0013219281129047274,0.25055415447112783,0.9825529187283957,-0.7743866175509181,0.27026042938375466
0.010525400971155641,0.015714780042368575,0.006955424397766724,-6.38919263521099E-4,0.2787757490508484,1.2526743067267117,-0.7223794696791082,0.12500151095733417
0.01079723511036571,0.015718599707352735,0.006863062649733456,-9.590449777978221E-4,0.29802664330845147,1.1624906821773375,-0.7603859985060143,0.19065379897146978
0.010215621527719109,0.015861116376300964,0.006781406733963282,-2.5376576596669484E-4,0.26460347469394924,1.2268704346757764,-0.6329573303699699,0.047299654164231174
0.009880922559996468,0.01589416345091501,0.006734883244187498,1.2927770768620943E-4,0.26596366572545277,1.259589509532347,-0.559059564671776,-0.014677391065595546
0.014148328448044664,0.015470865927892059,0.004294656662754742,-0.0032326488135762496,0.1479497382155113,0.02930909865560677,-0.4486152258826728,0.6709725514194248
0.00848831432443858,0.015486593128257873,0.006779895196821423,0.0018608230665983706,0.258613840036413,1.551664230016951,-0.19478460841727102,-0.20836118457200253
0.009538025897864176,0.015928901052243098,0.006634436931254776,5.057962583716417E-4,0.24514181093424087,1.2732686961745914,-0.480700143634366,-0.07164403780318855
0.009046180775158971,0.015616349938999291,0.0069383733276118225,0.0011679375836060938,0.28592255833947094,1.5252266817183722,-0.3640729259033684,-0.1558963747751759
0.008723889356467484,0.015589165894037518,0.006794510804173812,0.0015420471107140561,0.25728775059443326,1.5112653973925099,-0.274430646586352,-0.18777824421792322
0.009201907706667482,0.01587487735728365,0.0066146195696427474,8.86074660125071E-4,0.2382914797576917,1.3194223036393826,-0.40395707858301383,-0.11955518449369136
0.005406736733775547,0.013666040617247594,0.004225564715307009,0.005388381604035945,-0.004486561956081324,0.8859434880831524,0.5501768653845988,0.07310561352375305
0.005553608851248038,0.013778263722522104,0.00442313499254868,0.005280168159591898,0.013766768740800617,0.9458517027186663,0.5438947151132668,0.05001144673920729
0.005830792649179686,0.013915583598448376,0.004794736698078838,0.005150640595312966,0.03927214871026082,1.070440726902808,0.5516152995985523,0.02541125531091284
0.005629243253787328,0.013915500508572546,0.004516878773331875,0.005112873210212199,0.02070399194833596,0.9674507708053326,0.5107396141737002,0.014153931757888377
0.005947829004488408,0.01408496155270333,0.004926333864185861,0.004927466793718359,0.04435002576588268,1.1030348240783612,0.5048787220579217,-0.02032579816971428
0.00615297306188574,0.014171701390874026,0.005192257668137908,0.004815682389622964,0.07192701545554152,1.1968239522067547,0.5019030244249644,-0.0387140969615238
0.005136143600477852,0.01363372613150357,0.0038797053167275064,0.00534374161540145,-0.023147685443074776,0.7692729916999621,0.49499928053336456,0.05314702311207786
0.004813363812762445,0.01340293399803315,0.003461502651436853,0.005500992304956289,-0.04897698848081381,0.647918768682696,0.4860807222141741,0.08944249309187964
0.006261015145583993,0.014389055534607002,0.0052539479304308905,0.004507142509327946,0.06987952669201504,1.1905263364094225,0.42108955048759605,-0.09165977338483783
0.006728912838504117,0.014699116957974831,0.005708476088739304,0.003986515415954534,0.12277508383151016,1.3301211380978364,0.3182733803464672,-0.15722999668317492
0.006486410758765437,0.01459189944466364,0.005453316219716998,0.004195796339255496,0.09098835087146952,1.2423086617040309,0.3553101161843229,-0.133297277594153
0.006815594077459758,0.014925445288634119,0.0056494357513582885,0.003663759081501103,0.11106110511428179,1.2746589658118195,0.22765733452639078,-0.18820116045307692
0.00697959681516312,0.015040799794880974,0.005756901508502802,0.0034541780425017877,0.1381770460264519,1.2955585513817023,0.1819671511654584,-0.2013089647190584
0.008231217673157635,0.015488335952206268,0.00657340428688151,0.0021094287260752134,0.2392083014329989,1.4860462308505562,-0.13002048793908216,-0.21850561121165915
0.007749563574007591,0.01532531153737317,0.006330713347141405,0.0026659042144948496,0.20507715972789267,1.4501167274842832,5.466267842989527E-4,-0.22861948457957335
0.008000133969697537,0.015340050421271654,0.0065612898170848465,0.0024476098081382017,0.24232048190000058,1.5241898329840153,-0.05000783867585927,-0.2277022557927923
0.007063144951117011,0.01522957096144309,0.005687884606811665,0.0031978281699157657,0.12951941950859805,1.2360634205051062,0.11520857882804647,-0.21255533220684805
0.007283228518036577,0.01539429448304993,0.005771657634157827,0.002902741726375725,0.1398209641370207,1.2418029789865812,0.05036680213565919,-0.22098891671624554
0.00753867908242325,0.015485884084184165,0.005938240914940356,0.0026512292663514415,0.16900444199146925,1.2826126926849732,-0.0031718460818328533,-0.22443365353170913
0.004153847081327842,0.009590272255575112,-4.9144742268862E-4,0.007355319708767392,0.28369110649937873,-0.09348177580976781,0.41362867127485964,1.2213178871300363
0.004144004053216019,0.00979919190668293,-2.399440168614124E-4,0.007376784312452028,0.25752511500454306,-0.06240466061379039,0.4541041213884364,1.1788310128426127
0.0043435637637735565,0.010416388403938132,5.418524303182137E-4,0.007545234445951314,0.20819770441764796,0.06013753309034037,0.6044638441067174,1.1536819554950204
0.004248564560545863,0.010240622900093031,3.041667580572412E-4,0.0074770154473558755,0.22090511875223964,0.018168564629763708,0.5531734186008981,1.1429616899629578
0.0041750208499240354,0.010019610878311635,2.6091175018702745E-5,0.007417493851628901,0.2378366689726011,-0.02552897241208418,0.5000872102207193,1.1519656794786426
0.004359498762479559,0.011257544055584122,0.00155688552883889,0.007216803737368132,0.07769272949243623,0.24381943155064612,0.674927586984793,0.8296277580306387
0.004398140987796737,0.011041343664696439,0.001334253527901209,0.00737345617290394,0.11687560970078115,0.20439825095031744,0.6827070202350829,0.9435907431354564
0.004297569615014243,0.010616851504293688,7.810799467962971E-4,0.0074471168499514045,0.16596917223920638,0.09887101055653863,0.6174751767527374,1.0486876486759007
0.004294695882042326,0.01085008532355611,0.0010614796560327545,0.007361088829398287,0.12987146718086018,0.14790725124475104,0.6383299505270381,0.960314086710154
0.004359595089614838,0.01195613405800679,0.002225825812446801,0.006710119509917007,-3.3419963143245887E-4,0.37105443140917527,0.6339509971396595,0.526978041716409
0.004265692243414805,0.01177595214621587,0.001998499169225811,0.0067810508386235676,0.004871078305072948,0.3199287449189025,0.6204041443691439,0.5663846948426211
0.004263755318196465,0.011575851976248922,0.0018173229406347972,0.006925362102188677,0.031658895841539615,0.28507865875373994,0.6322589442012735,0.6472091671469508
0.004362420390490052,0.012214360464422383,0.002425466537813899,0.006487641566343857,-0.026250724866168643,0.40959503467678815,0.6032192670528737,0.4217437595335722
0.004132775705970894,0.01140544583380055,0.001571318782399923,0.0069270122927732785,0.046723134747228556,0.22957844528080096,0.5971261895843546,0.6591364458566459
-0.004564049720918945,0.010513726876871477,-7.239504738808305E-4,0.007754832291984392,0.2346500905046433,0.10252300034420078,-0.6872830834922609,1.2912292058825334
-0.004511748498983391,0.010250539409136797,-3.4923202014348567E-4,0.007751041140462059,0.27008641598090793,0.036792165835565764,-0.6233249413247655,1.3433732919444819
-0.0045420148475463105,0.009997080454895228,3.5129376771154777E-6,0.007799835197678503,0.3207148653783826,-0.01736560970736226,-0.574583721053083,1.449944103734971
-0.004507670415625017,0.00973221560602886,3.7078170390405276E-4,0.007742882122367192,0.3537546294408383,-0.07043329636239638,-0.4978975485048251,1.4804067024331953
-0.004274560666849568,0.01067835276834001,-8.489118897415555E-4,0.007404269737176477,0.15529524362469907,0.1075989272418262,-0.6145620270111065,1.0045164091854926
-0.00417026113444633,0.011174444478421407,-0.0013627541196683584,0.007089625786827306,0.0772010349141231,0.19539177921711,-0.6120800886443413,0.7606275396962182
-0.004023663668398886,0.010883591521717867,-9.896861789951657E-4,0.007094940249034784,0.09090682075516748,0.12266317206266923,-0.5633705620143931,0.7974215244354194
-0.004546955262276415,0.009483913819370984,7.204949438524786E-4,0.0077328951126443,0.3987375423385778,-0.11340866312858933,-0.43269146298268174,1.5580607203120052
-0.004532465758371032,0.009243627339063578,0.0010384558825993603,0.007636040673396709,0.41497309529091136,-0.14710006248572716,-0.359857982700407,1.5613148488110768
-0.004568501212283563,0.009056655994328252,0.0012969107487093765,0.00759012927663037,0.4409981238819079,-0.17044711422575642,-0.3027076506164268,1.5986979462657098
-0.005198530675796427,0.008605047553236286,0.00233494086353474,0.007995355012102967,0.5213554307333067,-0.2112010404489223,-0.0736933872560218,2.313520361783067
-0.005028639737947882,0.008633641725961547,0.0021455029020370536,0.007820703015320249,0.6618953659897491,-0.22770874488925943,-0.10177787093667608,2.072781698632197
-0.005244717217658645,0.00845491564632612,0.0025742719346394864,0.007921582283007371,0.7723776598861596,-0.2129719902434842,0.0045644380906815964,2.325264155718826
-0.005088994885836612,0.008491400423163395,0.0023839913143550713,0.00777006075380392,0.6797354725198033,-0.2312441956361446,-0.033101513547447774,2.105706194220477
-0.005295594968187607,0.008306313695911128,0.0028165781460501482,0.00783853497481493,0.8898501109321807,-0.21050156074623402,0.08448989820792958,2.3285438231289843
-0.005140445120930551,0.008329563894534863,0.002637149208093201,0.007679446406853912,0.635045333695602,-0.23163198621730982,0.04457499814582631,2.1086022365611634
-0.0053511157673393935,0.008159381790995322,0.0030723858495323754,0.007741821175829259,0.6266092753594846,-0.20345559639113456,0.16550821334708773,2.325064065570515
-0.005183313195806631,0.008179286915907354,0.0028609252955235677,0.007576340615665744,0.6512477417205972,-0.22834289685151363,0.11204085667834703,2.0920710332060115
-0.00541122549991139,0.00801426371656846,0.0033120398039576896,0.007642547465208167,0.6462309477677722,-0.1906248402769456,0.24433628837230978,2.31725773900127
-0.005250528258450767,0.008040314068112335,0.0030904565777084,0.007496536719605572,0.692083811838863,-0.21927775699916544,0.18161921396413913,2.1002523614924082
-0.004838515185944187,0.008656542421713105,0.001972642177427595,0.007630695924368983,0.5446492184653788,-0.21519782191386042,-0.15055000305984592,1.8509863908138338
-0.004604360754769936,0.008865915483817167,0.0015563104337441675,0.007524000839963167,0.46401842579075087,-0.1903284161719201,-0.24205420884652762,1.6255798250205318
-0.004629630770367379,0.00868664599287893,0.0017893068437808263,0.007436328175603228,0.4726289867458499,-0.20445953737447997,-0.1863722852315515,1.6292274658138066
-0.005325910579819747,0.007886135763041277,0.0033422256704679037,0.007394138392325952,0.6397121274582777,-0.20401400039330728,0.26016134293128834,2.097841594586264
-0.005475864446977092,0.007871104159928418,0.0035372146793803635,0.007540867991340638,1.0127764470388287,-0.17276969169175505,0.3220885971889126,2.301918612937489
0.0054665714959950444,0.006919654489468118,-0.004204723119390879,0.006220934854749853,0.4645395209255411,-0.12142168488384564,-0.4231927545106951,1.5389239680216156
0.005590640059549644,0.006717997807302076,-0.004447082393445097,0.0060000886886441085,0.43526917732475806,-0.08689720284408244,-0.477468939972907,1.4749942866176529
0.0057698829375453144,0.0065217965893406595,-0.004747497874305172,0.005789402179011278,0.4178922843525602,-0.032444598820096364,-0.5558622558336995,1.432205660201445
0.004215419811235431,0.009211066432346362,-9.551377714250509E-4,0.007305690867712708,0.33218108560402193,-0.14281950251931255,0.33496575034051407,1.3043934649089293
0.004255795753493026,0.009031151142585745,-0.001178015070570188,0.007268597147516921,0.35370929601519063,-0.16267553134021695,0.29419950076556095,1.3393877863209578
0.003973569870583473,0.00925691838515929,-8.193401090583141E-4,0.007100225126186687,0.27642170073945516,-0.13159651990653207,0.32919049309467757,1.1404083616941616
0.0039251297430484096,0.009444139157732357,-6.056997713729572E-4,0.007110837551240636,0.2527658384232779,-0.10975673077721133,0.3596530579483062,1.0915761970745665
0.004312984701571834,0.008859923578272345,-0.0013987195957718527,0.0072361517239376795,0.374770542242393,-0.17979279444930873,0.25296870054042103,1.378417913291715
0.0044253537101572775,0.00870899291559292,-0.0016308538082439705,0.007253119884976884,0.4120702790554013,-0.1949921288466924,0.2108649394629924,1.4511553991120314
0.005137632474755168,0.006864193846725072,-0.0037964560220462226,0.00597540698045282,0.399068552094348,-0.17116286044249432,-0.2787317023982443,1.322682311777334
0.005028827801686596,0.007100321028221827,-0.003558134772232432,0.006203730171909136,0.4234383792770244,-0.1899559688768193,-0.22894518430089641,1.3790528317447437
0.00500376545165261,0.0073059061094442055,-0.0034155744701522537,0.006431494761164634,0.4503082278888372,-0.1992138904445856,-0.2028645905773332,1.460468910444219
0.004658927344223023,0.008126716050960317,-0.00241090886797746,0.007022011385920771,0.46379165933946503,-0.22365113400897915,0.03754179390076925,1.5244375342946588
0.004559330257701679,0.008316342776494243,-0.0021421009207296606,0.007094860328222632,0.44044490379378903,-0.21824229891977992,0.10030542348881769,1.4917753919627506
0.004427791718134721,0.008520953977042786,-0.0018343406046646572,0.007131370948047993,0.4092894222457833,-0.20600574922224305,0.1641089572880989,1.4318310187669752
0.004645528915538964,0.007924924001046536,-0.0025800800434704926,0.006826386116708451,0.4459939315943407,-0.22443253200190003,-0.0022816781817219943,1.4567628856164239
0.004859556402622245,0.007454354601374185,-0.0031579079840352263,0.006503204242692518,0.4346726043704942,-0.21296147429853116,-0.13653215159082285,1.4317631272757207
0.004719215047840476,0.007678599302129025,-0.002850525565471934,0.0066415440512646,0.4361205570451197,-0.22220077616495346,-0.06356837302458057,1.427622791884376
0.015367026588070515,0.015891977964293633,0.003098361626092926,-0.0028225994850012604,0.07354077670388522,-0.12059600129887503,-0.20447165313146257,0.48958564115740716
0.015217397855857628,0.013393613769132957,0.003383896106965489,-0.005222365470307707,0.25887028609671775,-0.17077843332466294,-0.258336830511015,1.2171687346639217
0.015341462470728193,0.012832646152268494,0.003025834085690957,-0.005731534148913724,0.3184428179061323,-0.19852469265730788,-0.16773917574595393,1.3543523999639002
0.015396526715011636,0.013954203318979464,0.0032864801648528784,-0.00452432638399386,0.2080521746775254,-0.15051569129808853,-0.24078185539689612,0.9336855604969602
0.015936339753852734,0.011593568962648008,0.0016402975464032872,-0.006144726235938476,0.29166385777045895,-0.19034835290907592,0.17562632006450038,1.300149485026389
0.015679132483087107,0.011925596897626898,0.002108883889245148,-0.006226752771887309,0.3037027873535965,-0.21177607080238905,0.06920308715290145,1.42191316720575
0.015692014162572147,0.012410951601532244,0.0024452720971095796,-0.00580717598539406,0.2854894251066409,-0.2109286375818993,-0.027617215245604444,1.2910467571100526
0.015914418278452434,0.014596480721490685,0.0028484640311926203,-0.003706676520922162,0.12139389826075107,-0.1696858173461038,-0.14628304652028587,0.6736676154074719
0.0156273449877663,0.009918987471612437,-9.695680400599745E-5,-0.007164096769000416,0.3977594097008119,0.01697521736145152,0.645617205025645,1.5315946299123488
0.015725589174217854,0.010149490081354028,1.8739864436359403E-4,-0.007002181390744633,0.3820377146399386,-0.033103488300182504,0.562294238441097,1.4755626922686889
0.015724263534630172,0.010429308180611146,5.226000598631311E-4,-0.006967268195144516,0.37654622294952494,-0.08417337813620025,0.48576028270479926,1.5146168918861946
0.015678842145097613,0.009684103212720525,-3.8421250242593217E-4,-0.007051101797047804,0.38274075151794357,0.07280496190946197,0.6908192226833972,1.4091306035154127
0.01599831790658881,0.011211899009044478,0.0012602600422993726,-0.006277864014295074,0.29463071941303526,-0.1643178919641111,0.27069005562134235,1.2936756949182107
0.0159023241453426,0.010878722022821717,9.724504678371106E-4,-0.006556968191578222,0.324881049241195,-0.13730393597858478,0.3533817554826818,1.378392875868851
0.01593397078221356,0.010595718866784384,6.579538169791009E-4,-0.006603242785769087,0.35056210988850806,-0.10011881961330968,0.42301395770685646,1.3426980828645454
0.01630970536209942,0.011387115511923429,0.0012630480150232512,-0.005802975053194362,0.2553612630513239,-0.15551887689454827,0.24899050496878453,1.0425904776073471
0.014895376960645444,0.007569118867022658,-0.0032917293837240037,-0.006635132059360788,0.5050927213699737,0.8838832157095592,1.0993380770139447,0.8654202060434376
0.014806976671231452,0.007405603492970664,-0.0035179690864192647,-0.006523151781943765,0.5124991160409604,0.9618323665409169,1.0994376408794657,0.7932143505545618
0.014687561878269383,0.007268525589575946,-0.003764073704900297,-0.006461640125009855,0.5410387171272423,1.053762345604379,1.1194237501580153,0.7534591082828713
0.014610312372283921,0.006957423134389344,-0.0040214798439657815,-0.006092836837528647,0.534412579832365,1.121221811812157,1.0279657261683661,0.5605927445592961
0.01470794342052609,0.007093288474875319,-0.0038255140020471644,-0.006197702289763601,0.5123079489334353,1.0521390853502592,1.0360480266474383,0.6170991892068132
0.01499908142418732,0.007733159076843847,-0.00303951565787217,-0.006710605603824694,0.49001202666672933,0.7961804923935275,1.0808347470140678,0.9208327139959586
0.01531135885285636,0.008553226088045977,-0.0019280378666168784,-0.007094235099103577,0.4495928395147855,0.4533698773743661,0.9936341121499638,1.2378660701793096
0.015205599190970222,0.008358364606639128,-0.002231691261569069,-0.00708832765845339,0.47666711760061914,0.5442988380661485,1.048659013245688,1.2083118923018736
0.01511252384413929,0.007942375580655466,-0.0027337487176880663,-0.006801465455548826,0.47292569334442897,0.696344574941305,1.0584916658188295,0.9926709191971288
0.015272359972454592,0.008148402710071976,-0.0023786397935093686,-0.006794064423547849,0.4317065333779289,0.5806338542915599,0.9962583773478896,1.013362903467188
0.015704621939758884,0.00938550452683744,-7.368174414609266E-4,-0.006936975778770449,0.3693900512254391,0.1449583494132042,0.7393475334548535,1.2843032120745346
0.015598767426674782,0.009130509639220822,-0.0010786263258516994,-0.007002594060325257,0.4049689305882144,0.22360662565920325,0.8134902583598127,1.2760871047718854
0.015653612140895324,0.00884477299911724,-0.001371860793498171,-0.006769211391326457,0.36994959229750307,0.2919021450969909,0.8211809679833285,1.1056735904850223
0.015539077809991001,0.008620968309210868,-0.001686232337795472,-0.006798006576067236,0.41260695624955995,0.374959190341547,0.8784513922526619,1.0814800457978595
0.013039439359171252,0.005448467079439378,-0.006256204243040002,-0.004148462061255708,0.7396345519980927,1.8454611309485627,0.5709129368250448,-0.06903380416018946
0.012809246900327545,0.005301978568301474,-0.00647868485868252,-0.0038440162380915096,0.7450778905650032,1.8928187783675787,0.47531247396642456,-0.12002899259211128
0.012618685649671205,0.0051262478682444455,-0.006601054369879455,-0.0035081114488747065,0.7319566183756437,1.8647485571896338,0.36587715473771704,-0.16142974522742012
0.013726621515895175,0.005655268811543922,-0.00537224032503521,-0.004556746118975791,0.6037725820450036,1.4623833285493255,0.6405778300441519,0.01942953539584272
0.013481184455467017,0.005489729290862302,-0.00566044439457226,-0.004315027796808944,0.6314490513759975,1.5485288767163068,0.5819172096459772,-0.03367343927940152
0.013266563089952438,0.005383153791507186,-0.005908515951916889,-0.004128946052844377,0.6629027121946771,1.6332342488729914,0.5369497363031427,-0.06979274725964738
0.012654811484217758,0.00483722556017861,-0.0063599988733516665,-0.0031897459020460597,0.6303177948703428,1.6037407168052302,0.2554817830668741,-0.1876152889083609
0.014335776662597693,0.0066070720758207345,-0.00452709318592981,-0.005776226640179357,0.5754306659244065,1.297946305961177,0.9843202756679343,0.4098327828323351
0.01449071088242055,0.006776781887614163,-0.004255987046209602,-0.005925216587503682,0.5440988936040965,1.199668284486375,0.9994960256612425,0.47602868575408325
0.014697886173966664,0.006778675626011288,-0.003964065610622354,-0.005775208963752156,0.4849628708891204,1.0516907799177597,0.9105652268613882,0.4305029665991448
0.014462738061196988,0.006323977168374491,-0.004386730233750676,-0.005298362178177471,0.503072092531334,1.1548783811229206,0.7995415696756271,0.24564823845395178
0.014042766952009574,0.005597894739306978,-0.004935029514796934,-0.0044529957221935345,0.516268556392035,1.246087472907772,0.5772695154735884,0.006569216780315809
0.014158058460909655,0.005792862384752137,-0.004807129564314417,-0.0046876517179236755,0.5169566120174307,1.2371231389175172,0.6415466673002425,0.06153124535534771
0.014354504790166828,0.005903456957150224,-0.004554487972892361,-0.004779587665272874,0.48393569411782905,1.1489782210195612,0.6495965117173473,0.08888395821738511
0.014489661572699566,0.00607355556940601,-0.0043732172975256564,-0.00495076407383403,0.46717764777994314,1.1048953345648078,0.6874924877266992,0.13836610398794055
0.012415799593824453,0.0047024862469370755,-0.006526595852287342,-0.002892844109086367,0.62788624968595,1.6037409990695537,0.16958488547505787,-0.20692132736171412
0.010478109924626227,0.004253652602470898,-0.007432783562433314,-5.981479863844294E-4,0.4875852437295043,1.4526510844034908,-0.3944271768782704,-0.11585274623317797
0.010694476018114442,0.004305834421251021,-0.00742240890369842,-8.772153032360466E-4,0.525471577951624,1.5273529133001968,-0.3428005944659978,-0.14414544674920096
0.010864240546758944,0.004181262336484793,-0.007239429154300339,-0.0010295385749412972,0.5023265983612999,1.4349772438982489,-0.28969169161774316,-0.16096772334268922
0.011132858470405588,0.004242237633703226,-0.007171067744635047,-0.0013541228126958372,0.5349469454254551,1.489741863748448,-0.22019246376090154,-0.1853533165091723
0.010997303223024824,0.004239394512996337,-0.007235730539396532,-0.0012033176542289629,0.5336008365055837,1.488206434543267,-0.25600914323854346,-0.1744656280199064
0.012174394193565679,0.004577773153272182,-0.006676642081378449,-0.0025922167725335697,0.6133468197519013,1.5933756695686394,0.08711101036907955,-0.21778751322747433
0.011906764543665465,0.0045714762817902765,-0.0069160808605929405,-0.0023623843050916606,0.6365316044743033,1.6657625433825403,0.02391285972416558,-0.2204203928830501
0.011441046957479904,0.00441286448049715,-0.007141417061501906,-0.0017845119755114786,0.5964404398163351,1.6190199202770386,-0.12493151035403426,-0.20938288418197878
0.011667337446662023,0.004443923347368342,-0.007005332294463355,-0.002035288473775354,0.598384677148221,1.6096845910092907,-0.05876977002329791,-0.21724212793405132
0.011323037806921572,0.004154213693094201,-0.006988342427762227,-0.0015017584122683381,0.5200451476748046,1.4041637383018388,-0.17435778779959868,-0.194631740299913
0.012898957239969146,-0.005267389489082644,-0.006338670251846929,0.003842017559645306,0.7179474449157669,1.8043785584177015,-0.46914743674086606,-0.11755755934675823
0.012742913585978746,-0.005186095022136877,-0.006487854973945739,0.0036567609750239372,0.7231790959715853,1.8416368918203043,-0.41360864196423863,-0.14329344378064826
0.01240362470944789,-0.005121249451813203,-0.006859450950963685,0.003351947459588643,0.7723517413653461,1.9946067429254468,-0.3288636910763401,-0.1771637004267523
0.012596318690425181,-0.005091296163037187,-0.006603967777545195,0.0034507674417318702,0.7245331721637391,1.8503949037894754,-0.348968998026662,-0.1668856561297618
0.012002805431615353,-0.004918818657501821,-0.007130148157072176,0.002780874456022732,0.7544274717531531,1.989366321356515,-0.1463874114225369,-0.21445793853806988
0.0122474285360359,-0.004985295641206307,-0.006927404124970363,0.0030709357716714337,0.7439492694942867,1.942262203299346,-0.2342844454984427,-0.19941226260397601
0.011700293749939977,-0.004527140955803773,-0.007053965794624597,0.002131777122678588,0.6292396454547077,1.6757735429143004,0.03853950347448815,-0.2190791165184727
0.011534488946063083,-0.004251860785579534,-0.006939411601489496,0.0017689487264551285,0.546521460359204,1.4499855313596275,0.11701396341733239,-0.2077099509665737
0.01197060221622205,-0.0045962696621061425,-0.006882552488191233,0.0024422305816198934,0.6403937716920288,1.6666622837025893,-0.04553457971101796,-0.22011689884649152
0.01302200462318099,-0.0055672931941390105,-0.00635180929559014,0.004312123266809052,0.7792806503645626,1.9604307308134936,-0.6484204838721216,-0.03549663765644805
0.013059861636783908,-0.005352927230814101,-0.006173861701612465,0.004023815270104176,0.7023250881446049,1.7581978794305175,-0.5214336505554692,-0.08901311188852584
0.013162188590927193,-0.005674460724813528,-0.006203845211884409,0.004518618721869107,0.7660677744488015,1.9248989098152205,-0.7147126391609734,0.00922371119633438
0.013290336351824791,-0.005793863996823557,-0.006066904009982269,0.0047318659848233115,0.7566708874156115,1.8972678588080552,-0.7854247687838606,0.061337685728876205
0.013399536935283595,-0.005920492987406768,-0.005949319518403873,0.004946855986755657,0.7549014777627675,1.8803260701854383,-0.8597241794537372,0.12021575285033813
0.013422735238775144,-0.0063551565897494505,-0.006071456646291828,0.005702116261945643,0.9259690527530463,2.1861234053727165,-1.196643270807778,0.3759308033189263
0.013458106781544785,-0.006186659810716294,-0.005948666034860023,0.005394602072785093,0.7911025641792282,1.9845509749210002,-1.0585009817356237,0.26654973326178716
0.013479653436251113,-0.006039034353753246,-0.005863298683806399,0.005142830992523353,0.7623223069347381,1.8757588396696085,-0.9311049887839437,0.17990005374829945
0.013535533905932737,-0.006464466094067263,-0.0058883964866874245,0.005891056570397231,0.8301301934169466,2.1078584875288744,-1.250099746247618,0.45217497314170063
0.013568393066636217,-0.006290447414118597,-0.005785747075086437,0.005565848404831133,0.7974020641714996,1.9231965552791717,-1.1063798656712842,0.32856630889446437
0.01364484341025055,-0.00657726476122486,-0.005708209717757197,0.006065773439703509,1.057096406728195,2.0272730139676445,-1.2984114959090283,0.5312298935517173
0.013692125743693512,-0.0064217759600099945,-0.005592668874214884,0.005770858130935211,0.752513728903201,1.8500976254256927,-1.1637819996865915,0.4109912263234263
0.013750556019033765,-0.006693441434347548,-0.005509411951400027,0.006246696229165551,0.8708637545480705,1.9410323730746883,-1.3417548636204835,0.6129919386507252
0.013811333868397738,-0.006525788312351223,-0.005391938965031617,0.005915187244387517,0.7231709708442081,1.7591900033184995,-1.191712645965511,0.4723759416929703
0.008216888376170559,0.004859908358548836,-0.0072877066576838645,0.0025040424649806826,0.2619395914210576,0.9384309015409248,-0.8920944175215811,0.4998817372079572
0.008880945060653195,0.004613430223878459,-0.007539934332048157,0.0015438223342363324,0.3217513938199191,1.165210112058304,-0.7967926951035613,0.2651010895284625
0.008634686232431162,0.0046995674294949795,-0.007469570900945527,0.0019002514903822178,0.2941095995228224,1.0869706808182815,-0.8403233189569794,0.34872684642384166
0.008382785405901648,0.004746732296475118,-0.007322705226667407,0.0022260842186113262,0.2684974669907254,0.9662046429953614,-0.8494606973767368,0.4218489988388527
0.008965132043364417,0.004365058123841347,-0.007335070153455432,0.0013072858554794016,0.2954541807179761,1.015592642706851,-0.6846031305438719,0.19172715207068827
0.006063177707590488,0.0062498540893907275,-0.005200141249030922,0.005461845992506511,0.3785342305898112,0.06747075594472828,-0.6685438292035557,1.35703498284237
0.005860097797476499,0.006306977041488773,-0.004899556218267185,0.0055020843025341895,0.3682643287464907,-0.006402092823097695,-0.5689789211319879,1.3217124591889204
0.00615820506942253,0.006049897051518781,-0.005322782839639211,0.005174750309549978,0.33880005195088797,0.09211281843571521,-0.6663979366485004,1.2406374994918663
0.006373985482460608,0.005895087824238674,-0.005611553347169501,0.004947490846528853,0.31347867298629334,0.16992477403927195,-0.7304859751234074,1.1854028793080762
0.00803525953038713,0.004820029578990625,-0.007078749578671472,0.002648376668825848,0.2304425808987467,0.7946036168210387,-0.8432099285413477,0.5206415914318416
0.007880025267912441,0.004899820907000298,-0.006993222782622962,0.0028717189695942435,0.23089019608500783,0.7415583659080186,-0.8550514846140292,0.5811698613679336
0.00769921932007098,0.004992430576828793,-0.006876837744044072,0.0031256969291226385,0.22272008959177644,0.6732207377764166,-0.86084479631728,0.6516165163749719
0.006552555939829882,0.0056901086194381155,-0.005806710890060647,0.0046265081975202975,0.2772797185278368,0.22451225019004842,-0.7455844825136545,1.07620773766966
0.006780987119224893,0.005579448094580384,-0.006086365858439525,0.0044125909393165,0.26619349783995466,0.3241322607663238,-0.8098459861151605,1.0278220960460522
0.006944463307843596,0.005422027457113306,-0.006231971693341388,0.004133605496615477,0.24641080349007535,0.37607347633398597,-0.8121031037074528,0.9342971774002774
0.007504448644604706,0.005128183105517929,-0.006759256637962222,0.0034334677889505537,0.2270179504466538,0.6132159776870446,-0.8763269424551561,0.742792800377896
0.0072873285108983905,0.0052105743497248905,-0.006550807744736022,0.0036800267640453225,0.22971060065796997,0.5116424306897874,-0.845747577125968,0.803863852214448
0.007107027016558503,0.005307069147462225,-0.006381636047734253,0.0039045259955620636,0.23100376894347738,0.43557703612627113,-0.8248661527721088,0.8658752988119326
0.0073208682191713715,-0.00577835898009388,-0.007027089132298335,-0.004471822724888539,0.5437355582031169,0.8056603516637452,1.2076529250700108,1.2495074064622977
0.007302236975730496,-0.005603393995868473,-0.006861922660603746,-0.004206610450288314,0.25811233224418,0.7055882989665462,1.0868333114486808,1.0583199929307054
0.007180983357139363,-0.0056985193812771825,-0.006750409762209412,-0.0044210165850312655,0.26787526846459636,0.6505004175482649,1.086574753844774,1.137470565871782
0.00718958373010223,-0.0058645967077086796,-0.006886325785640956,-0.004685799654729108,0.4722090714631875,0.7303178341407234,1.1937084753667502,1.3283631913446068
0.00706107377027107,-0.005954915005069573,-0.006741027650463502,-0.004892320453646603,0.26633704741646125,0.6559796579171804,1.1754479743444148,1.4054177869978004
0.007042943567313314,-0.005800186351171606,-0.00660430232639467,-0.0046476630346778515,0.3283946637481178,0.5802802075277946,1.0735950502177822,1.2188833360258158
0.010076562600435556,0.00425358623947906,-0.007486567897800465,-9.762557200706877E-5,0.43515228493266506,1.3620246716640825,-0.49214805812887613,-0.05106212953714822
0.009784351222272758,0.0042152435197199715,-0.00743810500873416,2.663617057592244E-4,0.38224309107224147,1.2407445743223773,-0.5405829743639966,3.513463077251734E-4
0.009489074305812866,0.004232279708892444,-0.007402395534368711,6.322981183854783E-4,0.349946717399342,1.1477477106737408,-0.5908857433282114,0.06019043287595143
0.009232023724723122,0.0042924659717245035,-0.007381454200220864,9.608766505079889E-4,0.32182854143593764,1.086790588723379,-0.6387332901969681,0.12110535969521592
0.010320126478033265,0.004046874315935184,-0.007261412473113005,-3.70434008930145E-4,0.4236761494585896,1.2460445741291253,-0.40068670404961165,-0.09387963631886859
0.008722617640715592,-0.004609680157545566,-0.007436943106482729,-0.0017336496074929362,0.29275907263903567,1.069408919290719,0.794748824908856,0.301749737499916
0.008916778182122071,-0.00459916927932767,-0.007544676415732472,-0.001490693681112189,0.32355305676013674,1.1740755977286097,0.7861366487251712,0.25153591039258766
0.011160960610263355,-0.004135596472511676,-0.007062940786110012,0.001329122733806872,0.5069057716352275,1.382274049578749,0.21260736156628957,-0.18422845993676365
0.010821934133892949,-0.003984142708927188,-0.007077804901775698,9.104540321022548E-4,0.4475750066889525,1.2562704123062292,0.28503886912240844,-0.1516604333767088
0.01004110983941214,-0.004219894638658533,-0.007454066369281587,5.243409642202478E-5,0.4250341673773496,1.311963789048721,0.49176368683924193,-0.04470879685467735
0.010501094469510336,-0.003928981676049504,-0.007121339069028415,5.525160913027239E-4,0.4107562722940095,1.1813275735028907,0.3473936757194958,-0.11596266465787684
0.010208199609381834,-0.003996125397735159,-0.007227359000346811,2.3806899919386247E-4,0.40212658631170434,1.176067237980262,0.4139338220111097,-0.07672374509169173
0.009762194733821498,-0.0041923873874137865,-0.0074126678188713635,-2.904915921495921E-4,0.3761134490089301,1.2040474151321738,0.5378603726958496,0.005142719331512199
0.008996796989032064,-0.004405796123109063,-0.007389783919968064,-0.0012903060458961866,0.307503751375686,1.0555822124449727,0.6988246984162669,0.19415620355884528
0.009456608224814223,-0.004221004086830734,-0.007382471188774084,-6.676800334836024E-4,0.3439437686017271,1.1172426094160086,0.5917058757932492,0.06822860991818645
0.009186536988408406,-0.004312258210648111,-0.007382117051291009,-0.0010227016038791396,0.3218145614060215,1.0730774393897553,0.6497491840651266,0.13628429633051561
0.008535920377246849,-0.0046555373478705045,-0.007352314169505664,-0.0019824577228276506,0.27471981720473737,0.993218904396003,0.81197684496711,0.3582514846834368
0.008361866702803354,-0.0047280331477535685,-0.007286265289979597,-0.002232342027419169,0.2624261927574197,0.9381812757187228,0.8363753016496221,0.42052675875507667
0.00790732270945709,-0.0051139451923585145,-0.007216750331903706,-0.003077039103128157,0.251138830995943,0.894812534403966,0.9848347559368732,0.677874512266234
0.00774264751386506,-0.005161464216502382,-0.007071726505529028,-0.0032836760963271283,0.24748699576684227,0.8019618417091573,0.969808096852938,0.7316085131342484
0.007581599369676025,-0.005232474479432247,-0.006938434567012272,-0.003503615835339855,0.2474921675258568,0.7244289283711983,0.962337411997936,0.793475786630597
0.008188270409740656,-0.004808764680086234,-0.0072121777223939495,-0.00248610769374626,0.24813600436063069,0.8817702492464968,0.8593444928271755,0.48752639465454267
0.007996004653171265,-0.004917269725909736,-0.007127589081682949,-0.002782511983992173,0.2418811762020771,0.8258769279274453,0.8867608106027942,0.569049852716167
0.007428071017397756,-0.005316696393856706,-0.0068114784550306765,-0.0037250636513840615,0.25339450605893715,0.6568807816215133,0.9578557331127356,0.8591829979971709
0.007277203271365346,-0.0054102400836816165,-0.006681091769847768,-0.0039487921034043446,0.261478268420347,0.5927294895954801,0.952525022544826,0.9279885315379034
-0.007171450814764616,0.014298075426914669,-0.006700658572707665,0.0044095068918840455,0.2908003447405198,1.8978936343498816,-0.5552080202362499,-0.09442969141989771
-0.0073208682191713715,0.014221641019906126,-0.007028308438101213,0.0044698189931049286,0.20670036812056938,2.145768371486006,-0.5919761510859275,-0.07852604877518685
-0.007297814201251106,0.014392736294841972,-0.006812038313132687,0.004189683671705573,0.3037547338954907,1.9281398530849387,-0.4928574920698748,-0.12789924862762045
-0.00745479580756053,0.014303711841978798,-0.007166699153377423,0.004244287158237918,0.29686889072831424,2.194137705191253,-0.5250168724809564,-0.11320485162161048
-0.007434144110411075,0.014481263624082905,-0.00692915901720233,0.003966688959553006,0.3057274108015688,1.9631667456152273,-0.42973872756945514,-0.15727363911759382
-0.007591233601480755,0.01438153448432905,-0.007298239999429757,0.004013922479926732,0.37301630982969397,2.2385555405373583,-0.4553231040555131,-0.14324482557270468
-0.007576641445833553,0.01456150348021877,-0.00704900252196852,0.0037442313642989254,0.3121456587342922,2.0011962930722604,-0.3661720818829017,-0.18224663244259795
-0.007730047808600203,0.014455032777517945,-0.007421909540497468,0.003780432411003247,0.4278808046895312,2.2787094662373324,-0.383322852177075,-0.16865663658892652
-0.007721894943098762,0.014633541485347791,-0.007167026054390996,0.0035231560731695017,0.3231062063767152,2.0394060318799667,-0.302033760201132,-0.2028437604319159
-0.00787110415992842,0.01452413555302291,-0.00753758770332291,0.003544216280469952,0.46424591308484664,2.314321581026629,-0.30916449806233703,-0.18950692625995372
-0.007869773771563051,0.014699324911783862,-0.0072811833766271645,0.003299961177913317,0.33797281967705567,2.0757721970516667,-0.2361459813841961,-0.2194116672958948
-0.00801426371656846,0.014588774500088612,-0.007645309451267959,0.0033054173351544642,0.480057437851135,2.3450607510020087,-0.2330664942980758,-0.20578741318526675
-0.006366699042667121,0.013859244390096337,-0.005627615273232315,0.005306213114207655,0.12078472224853698,1.452984731099283,-0.7141148045462301,0.07844257191278438
-0.006509168875156667,0.013977487524037827,-0.005818344074136142,0.005111422505226179,0.14918668760167708,1.5214268929863766,-0.6764056220398763,0.0343543878312343
-0.006660932367449683,0.01403692051142414,-0.006041665434738754,0.005000180407550761,0.17194854226229817,1.6211510489624907,-0.6698955597788837,0.012591842999496113
-0.00674399862661807,0.014172092679879273,-0.0060976185516012785,0.0047627719408938765,0.1697985448582411,1.6179033950724169,-0.595271878370419,-0.03730785560943604
-0.0068840205226529455,0.014294909494209432,-0.0062377420550975065,0.00452769182332076,0.195545733493394,1.6588127417455467,-0.5345484516684352,-0.0785405097555018
-0.007034999174214442,0.014359357173948473,-0.0064253400511738775,0.004371262403303158,0.21898051899023616,1.7369526634315444,-0.5046021116794488,-0.1023010037359334
-0.004854471113572581,0.012491948792556495,-0.0031115481005833064,0.00656064066422736,-0.010980952514949504,0.6027973777639155,-0.7202960110344482,0.4486971724559375
-0.004750829262828219,0.01226514264000609,-0.002836846925426052,0.006725651260944221,-0.0031609412463716653,0.5353564748823939,-0.7266771883980758,0.5216789532740361
-0.004366691207869312,0.011973551458915786,-0.0022471501255298568,0.006701231805139109,8.294240789755287E-4,0.377666468163861,-0.6364052855925385,0.5201029294582017
-0.004536376156603249,0.012164002906572708,-0.002548810605583433,0.006660154534266926,-0.0025161864398783556,0.45152683159726653,-0.6670431307500828,0.4958193400170076
-0.004116582829810985,0.01152930936672466,-0.0016749286265530865,0.006835064811591691,0.02331953411347639,0.24953968688447795,-0.5912413961926394,0.6048876839605769
-0.004083589444269165,0.011895559512014448,-0.001960096992057393,0.006553031330762889,-0.005727189784368987,0.2993424782092516,-0.5582320950343114,0.4623272498380369
-0.005722238750981228,0.0131110745620204,-0.004581995735312542,0.006315736529433021,0.04442451150528875,1.1055189584698528,-0.8902196225503862,0.38198475455504555
-0.005576196916483993,0.013004314712628843,-0.0043239553419982995,0.006390620399895359,0.03222483683296561,1.009649930068594,-0.8694906431092172,0.4043238665674168
-0.005346766202412496,0.012911321267066244,-0.003960018673257313,0.006379559610768664,0.010579352541632439,0.871774861851896,-0.8039694660516147,0.38988950414463913
-0.00613789751217083,0.013655421314516995,-0.005297835110691754,0.005608711638928576,0.09647346639979691,1.333971968879195,-0.7658731017268378,0.15485983982912355
-0.0057927021649509325,0.01325737259718843,-0.004728943315959338,0.006125834369590701,0.0434702809009343,1.145254494784057,-0.8482420506307885,0.3108691316398186
-0.0060059405112762275,0.013540733280714149,-0.005092715494027469,0.005759844555357558,0.07392141583328739,1.2593557313649806,-0.7834739708511197,0.19541135029265888
-0.0058878093279691665,0.013404448682719354,-0.004900175032518433,0.005936078519468354,0.057576337009548555,1.1958538330759545,-0.8116231340758268,0.24801032391601882
-0.006152013458078813,0.013874336917839753,-0.005278087361938797,0.005261222310573564,0.08096074812775307,1.2822691433615498,-0.6447149509557074,0.057212554134728526
-0.004758839888436694,0.012733529467116249,-0.0031500922948768735,0.006228830167339918,-0.03147074693543906,0.5940686802420297,-0.6336463554716588,0.31439900468899135
-0.004941937579461118,0.012923965766395411,-0.0034533621775004425,0.006119570797711545,-0.0229103641624009,0.6795382698675684,-0.6465760091170986,0.27798312360215366
-0.005135235124320182,0.013045818810856195,-0.0037401879748223846,0.006078930459536172,-0.014160477301130186,0.7686265824017587,-0.6746417276194797,0.26639031608825414
0.004467503215379627,0.013054059337617739,0.0029815333944443385,0.005730195927713692,-0.04992156264213533,0.521253259759292,0.4835921972308594,0.1488018864112849
0.0044029012084866575,0.013521243530780122,0.0030474020151535267,0.005229255388886634,-0.06844805177445522,0.5311923579061341,0.39033157702007326,0.035439431887195824
0.004169201273965978,0.012657879879626265,0.0025165927102385644,0.005966365110348529,-0.059440069353188976,0.4133463272970683,0.4857781578611071,0.2197881467969594
0.012101065886542174,0.01587849868642873,0.005853574725915036,-0.002086381517026954,0.2166212954802373,0.5676896095727977,-0.709800065633427,0.433488893837727
0.013059303975349308,0.015921561015946946,0.005020825294005222,-0.0025492766325562566,0.1373554032581532,0.25081984349011227,-0.5847755537044218,0.5389640363069049
0.011471923238664864,0.016196031123371736,0.005895220428896445,-0.0013863694879869706,0.17792342979445464,0.6627512418645419,-0.6515306978263843,0.27832736843862765
0.01068906898476655,0.01618166804458643,0.006232410855894854,-6.970281103376319E-4,0.21134243540866124,0.8948046761890476,-0.6209703662374874,0.12606955593181166
0.009926823400033518,0.016320705634429944,0.006130811884314095,6.319692873304549E-5,0.1729491773436105,0.9693738992777232,-0.5080350070029122,-0.005756723321783687
0.01115455170797061,0.016657460731566688,0.005498634474902564,-9.372222261052021E-4,0.12710037267147323,0.6085892153041335,-0.5535401226428147,0.17391695002579333
0.013810144570052568,0.016684642449989226,0.0039200472337698735,-0.0022084711961770868,0.07294126434241112,0.030837558943628638,-0.3423976091649244,0.37691664364208277
0.015001150592418251,0.017042059543266593,0.002986772257047348,-0.002053912208187544,0.03198502937118805,-0.07428042446950567,-0.2179914327238483,0.3655160822697977
0.01620642459900051,0.017454803763324568,0.002185518186889513,-0.0017872477768061483,0.026843482331337373,-0.11597954316221838,-0.1153187026688451,0.2866741623296564
0.008423171524290288,0.015801257074637313,0.006298386161869607,0.0016990188967599647,0.1903617838058673,1.2969946841010562,-0.22587267766060373,-0.1927935948546449
0.009232333343927696,0.016261986703613424,0.006085329873986202,7.295632527184087E-4,0.18591593129096473,1.0700383727478229,-0.3959752040892039,-0.09891043381098631
0.008840783529415605,0.01594914180045606,0.006352847476181866,0.0012146188847503563,0.2272197511571982,1.2509863331183781,-0.3195205715862086,-0.15385319536822575
0.009385554910933647,0.016844968554964392,0.005403816243163956,4.44460537017829E-4,0.12214749463765509,0.7794731196740217,-0.363215541011756,-0.0727798393122914
0.0053551721794335766,0.013956871928996872,0.004160660682768335,0.005004279477649591,-0.011327740173825441,0.8439009490155698,0.44590413623106123,-0.015346319375329558
0.005667389229911266,0.0141292987868898,0.004536821454398683,0.004835956169284998,0.012102390080155888,0.9548961989999404,0.43781819030479063,-0.04487426706694673
0.005910524934299494,0.014365623872659904,0.004797099000084944,0.004545027139199422,0.04871335230874443,1.0232686112605727,0.3904341765304615,-0.08847420306587779
0.0047786841586889214,0.013957465399428014,0.0034962113669631703,0.004880092474850513,-0.046428778743897094,0.6353764257456879,0.3541884775226779,-0.03344666984624057
0.006092197893526762,0.014753547619840022,0.004862899785662962,0.004058282910323588,0.019076579978387142,1.0153955149476788,0.2714863668022421,-0.15638718465047605
0.006487331708427676,0.0149624153182972,0.00522268207365477,0.003723485395551143,0.08281150129129443,1.109396855028676,0.21332585092301906,-0.18398082198147214
0.006739252573237089,0.015227108846859632,0.005332567861634386,0.003337604259976347,0.10799201895308987,1.121208225663038,0.13505250350960896,-0.20486005911658603
0.007827214893627702,0.015774695853213838,0.0058872298247411225,0.0021929222545656805,0.16246421125790164,1.2100407273822096,-0.1085412284757674,-0.21973187153018417
0.0069139709890871405,0.015583570117377968,0.005230984924047125,0.0029006844723029127,0.07688943442781858,1.0669394533342584,0.034306280477214006,-0.22170355231735936
0.007330624664898538,0.015704729429563438,0.005523045085138726,0.0025712594592915946,0.13589776400586323,1.1294994360274135,-0.032699129599551506,-0.22299347828544466
0.0038714925974414126,0.009653233516988534,-3.712702097858496E-4,0.00710480301650029,0.22168945112310068,-0.0837176012033295,0.3893500713742159,1.0302913177051798
0.003871744974731023,0.009899658277936037,-1.0560778009322337E-4,0.007129877705788895,0.2021050565068994,-0.050578407961043896,0.42749955167857495,0.9886037466610688
0.004075349663543028,0.010442658878835052,5.186334675647014E-4,0.007274771540186302,0.16542086740472797,0.046257496189048015,0.5391558426078776,0.9688453845523483
0.003960564851622743,0.010153701189790773,1.7464900329303894E-4,0.007207844809988358,0.1778765868522593,-0.00915113893331971,0.48036068342215416,0.9840205125750344
0.004078047524744255,0.011096055027934459,0.0012346870653733588,0.0070506922204605655,0.07439261270531629,0.16665319265367243,0.5833640305743918,0.7498681020370241
0.003989154524264449,0.010748125653311638,8.32473382820154E-4,0.007113881790549152,0.10476143759554811,0.09450814408537134,0.5456143452484535,0.8274851766773806
0.0040614743888843065,0.01200003478067067,0.002020566970532718,0.006457286033758429,-0.016382804134087683,0.3086183213664864,0.5398322521955131,0.41576799150089333
0.003972555466842043,0.011664417008917776,0.001695631161405583,0.006634780961198908,-6.962205288537963E-4,0.2440321942090354,0.5402698233503185,0.5018386005663399
0.003950970731916638,0.012332605634141215,0.0021488136432871443,0.006122151366963946,-0.04991641599951891,0.3310953124452866,0.47924802949764994,0.2817393854641484
0.0037074295600885857,0.011401316303833724,0.001324748474971088,0.006596800874275527,0.012307672745357759,0.16463719249257847,0.4849414971087585,0.5064656771376281
-0.004230876153326248,0.01040018441785419,-4.984278746798101E-4,0.0074334828004656095,0.1854156723778065,0.04676577692465563,-0.5691712207040601,1.0709163911610402
-0.00424024667135646,0.010134188833250972,-1.6946561640057356E-4,0.007477172378150493,0.22863117522394896,-0.0035616943554226646,-0.5303988973801738,1.1549502160120466
-0.004280419332928854,0.009849203046891113,1.905707263015232E-4,0.007516697098890981,0.2757209111588439,-0.053900221358595735,-0.48380417302990736,1.2548994574657681
-0.004271982007411265,0.009563420020415101,5.488697023855849E-4,0.00746602615712946,0.3146718452374055,-0.0994866499138153,-0.4197448642102693,1.2985031664113313
-0.003934629072880095,0.010543294982769026,-5.993972389821346E-4,0.007122732209599351,0.1323084321984099,0.05334281893163279,-0.5174322104166375,0.8628581316476404
-0.00370351853915395,0.011209264793058197,-0.0011602294726639586,0.006688675391831411,0.030026615768010967,0.13260562640783366,-0.4821615230484206,0.5614550735497436
-0.003712429419081579,0.010752684179896603,-7.502497559041835E-4,0.006875536273729487,0.08124811577032609,0.065683843900819,-0.4728128426006494,0.6993595626270833
-0.005544967222482056,0.007730047808600203,0.0037851140955302807,0.007419390550450999,0.6537276389696595,-0.15064898263539817,0.4002775259575611,2.278445437578763
-0.005374568167429395,0.00773798670362303,0.003548321009598667,0.0072587053648948885,0.6219198529113869,-0.189309712541922,0.32122259872532405,2.0531560144964502
-0.005618465515670953,0.007591233601480755,0.0040178871326002445,0.0072961780872654765,0.5831306924434748,-0.12335074275370357,0.4751092907293983,2.2522158605687554
-0.005452012376550966,0.0076039169083792135,0.0037674366080989864,0.007155175423048985,0.6676671604815555,-0.16752708616589232,0.3885944077513109,2.04104324397628
-0.0055456807335498145,0.007455644712270327,0.004015431224612002,0.0070327728284632395,0.6166915609170188,-0.13685675975288436,0.4658295628240859,2.0238151666970805
-0.005696288158021204,0.00745479580756053,0.004232547361275288,0.007173717400888085,0.9391753540425202,-0.09103709140271919,0.5474742474490544,2.2196623779575204
-0.005778358980093877,0.007320868219171371,0.004465840075781835,0.007030693062050023,0.6324464616531941,-0.05454410458472956,0.6189752981981629,2.178853003935744
-0.005611495020356486,0.007311979593307759,0.004212652338266543,0.00687913299156108,0.5867761867920885,-0.11058306692313068,0.5206883587352625,1.9671107619054078
-0.005864596707708679,0.007189583730102231,0.004687946962395283,0.006884828404962208,0.4825142511740241,-0.013732799670624123,0.6864342227410334,2.1356556823493453
-0.005697526788631575,0.007187329848324316,0.004415587896846222,0.006756784386857231,0.623789046884033,-0.07759311265523866,0.5807845302532043,1.9378444238935015
-0.0042662880294246025,0.009322469533485742,8.420220160493879E-4,0.007394034944437002,0.33034002016121633,-0.13192647478109884,-0.3635102723305921,1.32053152043241
-0.0043333699200450645,0.009087911922028048,0.001147747013960792,0.007367473015573903,0.3663825137584386,-0.15998067960784312,-0.30981121902153225,1.3822959761589149
-0.004426197515453629,0.008928095713745523,0.0013814050592514092,0.007379996336474959,0.4054468942001909,-0.17819973990409727,-0.26764113214213614,1.4568683783548544
-0.004908415752925354,0.008504047769220355,0.00221694993751166,0.007586523629922739,0.5618541417153519,-0.22400535597241134,-0.08555304365101564,1.8927915558264645
-0.005008934902005602,0.008374056027272795,0.0024608022802926903,0.007580730976723109,0.602851773330355,-0.22890254381482528,-0.015930755816702565,1.967413046451659
-0.0050074784741289124,0.008206538427801571,0.0026533742769121083,0.0074227294403414615,0.589837931591564,-0.22811087773720987,0.03555447485172213,1.9021467169980728
-0.005064612398293131,0.008036710245776128,0.00289352383346313,0.007307163127177469,0.5805906176410115,-0.22373640948526127,0.10200994250377594,1.888800292931551
-0.005182409299847746,0.007915036211086598,0.0031449781269608174,0.007288258495113569,0.6106504460466503,-0.2147753046756175,0.18188759280939615,1.9538130493466823
-0.004691260487973757,0.008503046528670968,0.0020460656088445513,0.007365409506750881,0.49230210906070765,-0.21595546047810288,-0.12480679364890447,1.65611315986479
-0.00440251590782391,0.008744601542039326,0.0015776362242623202,0.0072532127495495815,0.4042937276586063,-0.19208889045779987,-0.22134305735902138,1.425709338875403
-0.004448212015634621,0.008526072989542886,0.0018433243542195726,0.007152778766986753,0.4146733837172913,-0.2066825033226869,-0.1646100662327978,1.436103932144093
-0.005199158658999126,0.007748485531872693,0.0033215717366777034,0.007110528919194476,0.5912460056567519,-0.20493123578930753,0.2259023892134099,1.8758216817669837
0.005308665688933199,0.006652780379637512,-0.004084277951248856,0.005786889760109954,0.3766244598181974,-0.14111708658420508,-0.3446621046209659,1.2933551548416522
0.005527898226434843,0.006506813105756292,-0.004408347820423018,0.005680525608915092,0.3839886584746202,-0.09715988954756088,-0.42948880119700766,1.3056852105272705
0.0056046152112746855,0.0062599536175304655,-0.004545696070118837,0.005372612284629559,0.3386361251119175,-0.07865302208549713,-0.4382287350829492,1.1907591801255482
0.0039997092404760615,0.009061132715243201,-0.0010340651319721928,0.007050860582627427,0.29633741331947056,-0.15170287870453059,0.29262140359000194,1.1683057669290042
0.004040206628473458,0.008865108797734392,-0.00125215705695933,0.006996910993749745,0.31017810186964473,-0.16948195516816852,0.2554057111053943,1.1964065891018854
0.003740988295332693,0.009300287543849928,-7.034404750133667E-4,0.006914950465885916,0.23457756437882643,-0.12256467786183564,0.318986978894265,1.0045419540802463
0.003776710151923001,0.009126788661917821,-8.835082514801575E-4,0.006888263210653804,0.24715562540565675,-0.1393853085249821,0.29387767410800836,1.0365063968021548
0.003618635063362378,0.009466092592812706,-5.133889265444652E-4,0.006856759999221182,0.19853338335547785,-0.10418436203953386,0.3331221312247869,0.9222817271247582
0.004138605626528681,0.008620550377317458,-0.0015468559906528082,0.006946196659389245,0.3452114977091671,-0.19002746446887692,0.20459456500945294,1.2500818563004656
0.004944285526454118,0.006557357588223225,-0.0036670813997587565,0.005525350161507902,0.3203512915185726,-0.18228264740995856,-0.22002346684274054,1.110891221759853
0.00478289667098445,0.006854563057786734,-0.0033844702261405443,0.005793186707019588,0.3435368309512428,-0.20105993871034822,-0.16674494362291073,1.1672769890536214
0.0047535514838863285,0.00719236403986379,-0.003196443772775864,0.006148624264627613,0.3859609661497903,-0.21054672523607945,-0.1348440346311238,1.2755053934847693
0.004390045856947195,0.008057581100778664,-0.002241368461934913,0.006742781458909966,0.39029825743703234,-0.21950289405264467,0.07015617724963386,1.328258216105473
0.004201594441180586,0.00831604836469276,-0.0018727486513436507,0.006796759315198859,0.3525169689383451,-0.20696273935022377,0.14162086767845392,1.2606692844054217
0.004357844521351659,0.007732992991794001,-0.002464742559383153,0.006440130601321675,0.36757854770351234,-0.22216806947891385,0.019757352300398368,1.243505824818806
0.004490009855261011,0.007415064879034815,-0.0027992987559587617,0.00622412611350711,0.3573370181329785,-0.22116375764905363,-0.04784610283432512,1.2253413751928603
0.014588774500088612,-0.008014263716568458,-0.003318898998287028,0.007639531228602967,0.9373211316147606,1.0174697747432435,-1.4591969378259166,1.5065311873096772
0.014648884232660605,-0.008159381790995318,-0.003071293821347258,0.0077422097655774754,0.75998319682622,0.9238799796527862,-1.438778528749508,1.5944209187225047
0.014760524919728358,-0.00802476077690746,-0.0030667752295938356,0.007396286622680528,0.5463658714222505,0.8446161881086788,-1.3152220102883316,1.361935858846415
0.01452413555302291,-0.007871104159928416,-0.003545237377390899,0.007537183460148973,0.6453676078807296,1.1095031625622018,-1.4737916589171185,1.4181512043524591
0.014679192356469854,-0.007885550069629923,-0.0033111734964014453,0.007330534660293825,0.5723669008150969,0.94026888335109,-1.345179953638006,1.3019991331123661
0.014455032777517944,-0.007730047808600201,-0.0037777597716165136,0.0074231709756055544,0.6089372662096868,1.2020107954298145,-1.481915104506254,1.327610392939649
0.014611878349147449,-0.007732664858472792,-0.003543383702426944,0.007210104024089065,0.632696138107227,1.0269891945570855,-1.35177582376191,1.2095158051672728
0.016847790228288917,0.015345887251965173,0.0021754925226398496,-0.00285055790040077,0.06863824533416966,-0.16074742604130143,-0.062109094875912534,0.4429439624154136
0.01786824512389523,0.016390498067522918,0.0015711259568715788,-0.002001241330794798,0.04576963009381824,-0.13514162883687708,-0.024333123806453312,0.2854237383702412
0.017441868860844062,0.019085177524684145,0.0013074689666526757,-9.89060136863799E-4,-0.012069170509690247,-0.10092592133055957,-0.06079496645597321,0.18539514261165976
0.01617932607377311,0.01320956566909982,0.002400354646123377,-0.004699318745266387,0.17771579211532312,-0.20195236343130146,-0.0278264314743619,0.8726879814966237
0.016320462695254626,0.011999085408564899,0.0017094176762244755,-0.00544635269415464,0.22072704906036186,-0.18742624301151808,0.1431209535286613,0.9901390086503528
0.017387984569736618,0.013797926806871329,0.0017367121619855923,-0.00353718846524155,0.11220104328915685,-0.17177604950065664,0.03871518874475322,0.4996948816573848
0.01591724174521034,0.009884448795942026,-1.193292755395496E-4,-0.006696640019089925,0.3269641161720002,0.023062426984829517,0.588204565941077,1.240989306469764
0.016044445292354863,0.010256922080764876,2.848187199504928E-4,-0.006503274748487861,0.29316933904168846,-0.045292405520087065,0.49471614062324915,1.2214969531351816
0.01598579483922649,0.009545663242465566,-4.8692432385308076E-4,-0.006548910634166891,0.3415149743511963,0.08919447462663163,0.6287165276240316,1.1050269716178807
0.01643458283482061,0.010772166446882944,7.034182746208563E-4,-0.005875780334620778,0.26056908197928447,-0.09580410694899878,0.3581971070907782,0.9634904772479135
0.016857895513357566,0.011362914807563481,0.0010167606867991848,-0.0052058169509128305,0.18811953391973402,-0.1388075351721865,0.24217118626581965,0.8187024049987114
0.014976460515349309,0.007400335367911681,-0.0033040503494409052,-0.006331454110099595,0.4765376116066696,0.8584043232278618,0.9986449551281913,0.7027360448651938
0.015079344837589496,0.007546082547760927,-0.0030827171722438537,-0.006394248801204527,0.4469024807690717,0.7849854434252621,0.9860773174220119,0.7461788582004351
0.014938825371654333,0.007179611543114622,-0.003476272668831632,-0.00609445239096032,0.45024589830013534,0.900783606566547,0.9464320995191758,0.5772165414728482
0.014827927388560064,0.006948246258289572,-0.0037295351593198615,-0.0058977204808223225,0.4736796054902612,0.9722791243516796,0.9181142298356836,0.4862157036258706
0.015267884103047559,0.007653027971505822,-0.002797592025202768,-0.006297352312958357,0.41820388928573454,0.6768702599604893,0.9129112195166584,0.7139633745943453
0.015551940657240438,0.008322146001073087,-0.0019695373161347338,-0.006559062961851018,0.3662379205858951,0.4441815370099343,0.8629840023120324,0.9049798099433788
0.015466701456582159,0.00791455722308004,-0.00240409291576267,-0.00631989739071803,0.39434169894427673,0.5526253719282344,0.8629894756734174,0.7536297763120622
0.01607146413177804,0.009081730493443536,-9.217472574255799E-4,-0.00628597275526223,0.2762780822145066,0.17955996775666952,0.6579735053212875,0.8938248743778223
0.01592914972309658,0.008563457634304902,-0.0014965719777194368,-0.006218390853770349,0.33555934256239056,0.3061364489449692,0.7229617828835534,0.7989948321079784
0.012685482987484379,0.004518360323449505,-0.0061307744069513575,-0.0028666869265413903,0.5486357526435434,1.3748906382773673,0.15960891628993987,-0.2029751343838353
0.013140279941912405,0.005187888114311736,-0.005979199313040755,-0.0038346541581024715,0.6364754568520415,1.5867508763028668,0.44097092586374,-0.11736052145026125
0.012923091544588023,0.0049731000329475035,-0.006131915064752886,-0.003485708794281559,0.6217573266850526,1.5681593814679629,0.338324688468746,-0.16006244333392497
0.01383245189034862,0.005346863406991807,-0.0051549177472179,-0.004146602496664491,0.5209138810658316,1.2749446751893696,0.4929790916791058,-0.05899006976749317
0.014147100188008101,0.005399050601047508,-0.004775082013207093,-0.004189914616919991,0.4729691526291081,1.1245527452204203,0.48372830191155824,-0.0420277294946438
0.013451400876891527,0.005178672044336927,-0.0055824576035342416,-0.0039014226017007616,0.5743421849217397,1.4082840627665565,0.44151161718957876,-0.10347533858570802
0.012947678847120732,0.004661982170935923,-0.005935731918493173,-0.0031433420739175634,0.5477183637297599,1.364433101806938,0.2323215103071102,-0.1855941196732516
0.014673603016491819,0.006497575719640389,-0.0040727865152912065,-0.005414281381534477,0.4662071691912115,1.0425534203459321,0.8035740548495226,0.29463225570957224
0.01488687721007698,0.006713351130122966,-0.0037373006369619917,-0.00555113921194144,0.42617510341842635,0.937884786394083,0.811750416029609,0.35450926630978113
0.014732981967116641,0.006141480792051103,-0.004058776481028529,-0.004927303970014576,0.42274213692373935,0.9830058938106081,0.6512895127599618,0.1371578230015503
0.01438423576085129,0.005607053862100783,-0.004508218427769546,-0.004399223914521675,0.4506153634453459,1.059075084074555,0.5285838675855193,0.003696251003921923
0.014640322103369,0.0058331471249092595,-0.0042003791862498426,-0.004595603710589984,0.418530372012965,0.9811967084212635,0.5649915687652854,0.0526056634808994
0.012414323239664082,0.004322261089880767,-0.006274851853467882,-0.002518923764821584,0.5278038728187994,1.3367942430385558,0.07185488947202014,-0.2147307688770966
0.010690093884695032,0.003977927018064824,-0.007116478470543898,-7.666898347724963E-4,0.43712903364286143,1.2518120016561054,-0.31460927470074146,-0.13986548311259148
0.011058194107023099,0.0040218707010739015,-0.007012463543996559,-0.001167826357489441,0.4694509393662306,1.3063210727900743,-0.2389250297907302,-0.17293390962637029
0.01201153034840352,0.004175466931790699,-0.0065268590415046,-0.002117998727632278,0.5159230213128588,1.3376621638716892,-0.021189388051070204,-0.217290710692722
0.011606970069587401,0.004107653373790397,-0.006772239272958465,-0.0017372995702282402,0.5163352651084566,1.3447046882753477,-0.1101925602679671,-0.20647505989900014
0.011362277682551231,0.0038614989135024856,-0.006729831774287369,-0.0013743740659024923,0.4462618247234956,1.2011190754710759,-0.1700018654874399,-0.18944453425151236
0.013086986913510441,-0.005124149879331177,-0.006015292619063512,0.0037350240152670337,0.6346331456192785,1.573921738009002,-0.408731422064969,-0.1308941479619401
0.01290968996897302,-0.005076171982756152,-0.006209299563113327,0.003602940785850558,0.6589675660013161,1.6440128247887624,-0.37563791282387,-0.14854746615260375
0.012767989380191233,-0.004945506380343311,-0.006300503938187,0.003376808097594311,0.64599785595379,1.6217172494353227,-0.3049397144093196,-0.1733035807637958
0.01248959392275935,-0.004845692036936196,-0.0065515438837598855,0.0030968829066819786,0.6596308339472943,1.6809516560607816,-0.22786362101118168,-0.19642741324751964
0.012241066999260359,-0.004690418947024477,-0.006699448642294113,0.00275483346328045,0.6430084264282058,1.6553781850429743,-0.13230966164623695,-0.21285890670001026
0.01145352355823945,-0.0038547810764728886,-0.0066728608067159615,0.0014482090834204515,0.44896806157753827,1.1804492762960204,0.15234598575169536,-0.19203501511676843
0.011890093616554694,-0.004288776025513057,-0.0067061805617217515,0.002112190783769899,0.5537972489616635,1.4220245583467832,0.028882025701632005,-0.21626430294611207
0.011757650956115352,-0.004009700233099071,-0.0065942592493356475,0.0017964796173111776,0.48193915257596115,1.2537575248381245,0.08564724837493996,-0.20767211280633893
0.012205673926113774,-0.004346372000365294,-0.0064813063651017674,0.0024031008084390622,0.5501838693150227,1.3917062054871818,-0.044776715229248726,-0.21639144171657634
0.013215019012741837,-0.005459661151344134,-0.006016230326512362,0.004220742255458417,0.691253348502063,1.7217890161123197,-0.579705901550093,-0.05360366714261785
0.013263505038205484,-0.005224857408448798,-0.005839524247448358,0.003918631137875549,0.6196160470065156,1.5312388359108373,-0.45834882460439846,-0.10391341554089085
0.01335905470088112,-0.005586979738036017,-0.005870550444041275,0.0044338627211176545,0.6831371249179726,1.6967835374829576,-0.6451383570858596,-0.009850169335433236
0.013482740998809703,-0.0057329758959009484,-0.005747861949660592,0.004663513177015871,0.6837080228112647,1.6878488167542154,-0.719966080120298,0.04416132484899327
0.013578625216730929,-0.005895693476049367,-0.005658149914682783,0.00491347469416652,0.6939946314434592,1.700268082093487,-0.8083309266260663,0.11156645682119824
0.013635296450327492,-0.0061023266818601655,-0.005626497180082387,0.005238000659056045,0.7213012182632096,1.7578131132541714,-0.9352572365110827,0.21035445252652912
0.013711073166283408,-0.006269748755051621,-0.005536881036414516,0.005502918200907137,0.7377039000466454,1.7657094575090284,-1.035965479443336,0.305427706172009
0.01385256696814258,-0.006812880963004882,-0.005306042916682847,0.006420342166366115,0.7746637430779949,1.8544832206777329,-1.380117250596056,0.6973210725438111
0.013920772348179287,-0.00664729395664859,-0.005198556984736809,0.006078573851294077,0.7279398011203488,1.6793884026563346,-1.2271198559726455,0.5466268809052114
0.013873620578662732,-0.006346474294089597,-0.0052760811781336495,0.005586671760619299,0.6955111485343575,1.637958906003776,-1.0299062874983136,0.3377415359646457
0.013986085415221653,-0.0064684792723079905,-0.005094499196174483,0.005744189116450496,0.6749725237984942,1.5707555063300005,-1.06587967251391,0.401588463515884
0.014381534484329049,-0.007591233601480754,-0.004020149589263773,0.007294784383399314,0.933221902902531,1.298930624677281,-1.4851078354608178,1.2362417147004565
0.014546995128482499,-0.007586363886238215,-0.0037569108446759143,0.007080814907387192,0.60471356437672,1.1050855874093217,-1.3489922891917585,1.1184042639372107
0.01445744762045882,-0.007454688710553561,-0.003988562991258955,0.00698674881768756,0.6069939153828319,1.2010642965789275,-1.3607292719244632,1.0514006176100603
0.0143037118419788,-0.00745479580756053,-0.004240918488575224,0.007168815090960371,0.7644939341244209,1.3942502267418935,-1.4832208432969818,1.1462762718233663
0.013950775489717909,-0.006935465283302504,-0.005097659536718983,0.006587139407352022,0.6413540819449759,1.7661174196250482,-1.4131994342632195,0.7847275173476679
0.014021539014270676,-0.006777233880870045,-0.005007642128046149,0.006247928576761384,0.7337123636449413,1.6041642543966577,-1.262790969700766,0.6274964300793272
0.014045084994930427,-0.007061073770271072,-0.004893488443397084,0.006740260812283989,0.7579636101536095,1.676925953157238,-1.43968865873114,0.8733754103223882
0.014106536540751863,-0.006909947413160947,-0.004830417800052045,0.006419370496337256,0.7341715200316424,1.5394234509741793,-1.2999851996736937,0.7138869377824887
0.014375824488580966,-0.00731926340808636,-0.004203704732355272,0.006862226974839232,0.6811498646701245,1.288424138434893,-1.3561283848039498,0.9691784340027141
0.014221641019906124,-0.007320868219171371,-0.004457367881097788,0.007036179434493062,0.5891491624650579,1.4876355863056399,-1.474528643534699,1.0549633052554417
0.01413540329229132,-0.00718958373010223,-0.004684090439364607,0.006887312416819744,0.8744544674974515,1.5838687850117787,-1.4598445081442852,0.9631647023408721
0.014203455223397388,-0.007048491167136225,-0.004619730913124349,0.0065790692939539765,0.6749222450669281,1.452961957168254,-1.3254912368939744,0.8026043511608058
0.014300192018367415,-0.007177904464601435,-0.0044027689134163404,0.006708381088327266,0.6730453084554596,1.3621676313007747,-1.3352359888119902,0.8771403432187114
0.02055081204763472,0.021112783973581295,2.7086700245995145E-4,-2.3890215987445724E-4,-0.013044067915040593,-0.054062998837286595,-0.007471385787561122,0.06291524960498986
0.025,0.018733575722169347,0,0,0.15519208661060757,-0.004042668655175524,0.028439815737333018,-8.610902268907173E-4
0.025,0.025,0,0,-4.202138087678147E-4,0.010777387653361128,0.0013996726633674667,-0.010585281293447716
0.008160726610618353,0.004603586677955615,-0.007001209825596167,0.0023311824320817287,0.22113629961972725,0.7422942938903445,-0.7551485215636592,0.4174560054459598
0.00867685629437766,0.004398725215795433,-0.007202923076417545,0.001650272924947493,0.25655606868182396,0.894069534288544,-0.700933047229349,0.259331294583462
0.008390519457111471,0.004445671947630735,-0.007047841256650805,0.0019803756276318713,0.22960132347639925,0.777147073338459,-0.7086973496287036,0.3277489263965365
0.00880878756224926,0.004150385848751012,-0.007053400654258428,0.0013665739366667438,0.24527055993599922,0.8116287099524604,-0.608175797975314,0.1823788405046578
0.009040955726856656,0.004125126337651189,-0.007143995611708627,0.0011087893401323962,0.2654910242552478,0.8929904888361101,-0.5942147512634102,0.135586436507886
0.00585183933986418,0.006031898925207339,-0.004885405135425655,0.005113421159245527,0.31066742790293445,-0.022132848464210035,-0.5080328697091242,1.1360677363708847
0.006035232851799933,0.005752673480089188,-0.005103946482268228,0.004750650732411474,0.2719284402389373,0.019630476861965614,-0.5302360961794622,1.021783654634712
0.006268831893940446,0.005552411873272111,-0.005370516669295257,0.0044750361800097215,0.24121621434096016,0.08230059754935311,-0.5751481957606672,0.9484828956540444
0.007887562135630926,0.004662260560751565,-0.006801631986353403,0.002628317625113248,0.19704515350247112,0.6220529803911007,-0.7399617385403183,0.482869946501419
0.007714456498947473,0.0047855803945138775,-0.006726611289555264,0.0028908916529085888,0.20327001005229545,0.5837059128784204,-0.7609925504328359,0.5543537838284036
0.007495568989795235,0.004832938956632619,-0.006529064838263717,0.0030995880220819633,0.18479288366497373,0.4823693376940133,-0.7307693526811468,0.5995686429255652
0.006526035989531402,0.005405922448582953,-0.005661707388271104,0.004239892495220893,0.22515887967987577,0.16220126334429644,-0.6326423245486951,0.8970800915495424
0.006747615577890926,0.005335482600018868,-0.005922248522610609,0.004088944122273802,0.22549807610402023,0.251365564161058,-0.69631593958221,0.8733995185074288
0.006891094260660854,0.005179549390375853,-0.0060298684626829665,0.0038364581669188165,0.20317483835515024,0.2845346800040835,-0.6919007118081373,0.7951695343629747
0.0072634680107170725,0.004937597480514249,-0.006338442690719673,0.0033633599640599363,0.19194030972999673,0.39907540264951874,-0.7138277556269396,0.6659487501272565
0.007094632244552477,0.005100059667850444,-0.006237809475485876,0.0036469301301125237,0.2046733723081931,0.3633398734153668,-0.7284739259744867,0.7518890757355174
0.006935465283302502,-0.0060492245102820915,-0.006577097027151139,-0.005110588767359187,0.6008908890496328,0.5823312700408342,1.1523315995511771,1.485110280770055
0.006909295643316126,-0.005884552319072493,-0.006441574286972834,-0.004835326556202959,0.3275144280639903,0.5071416526424165,1.045588527059042,1.2772662828318124
0.006795188073906055,-0.005990088405596143,-0.006308558561591558,-0.00504069101577308,0.3421855595713134,0.4537372294377277,1.033137957624451,1.3559423597903304
0.006812880963004882,-0.006147433031857423,-0.0064196977803671245,-0.005307090433179081,0.3831650787177281,0.5109238394512321,1.1254126842189986,1.5617659606725398
0.0071355109209808275,-0.005522781687289888,-0.006562025250845649,-0.004186555938311171,0.27746290134576285,0.5402969713725864,0.9547274523706166,1.0067880632518131
0.007040611191504066,-0.005648110342188201,-0.00650509814180156,-0.004415604462511666,0.29301840670730855,0.5213213247443053,0.9798528075513875,1.095540708613929
0.006880001330076809,-0.0057012990733050165,-0.006295570910157813,-0.004559241237346947,0.2890723151154067,0.4255999890273852,0.9238866310486994,1.126524307809233
0.009979569724554011,0.0038993767490298216,-0.0071486626803419035,1.8839910660083543E-5,0.34727012519016826,1.0593711900210516,-0.435413743469143,-0.047442765191009734
0.00958980957806621,0.0038747168380044543,-0.007089069627240444,4.406591168591285E-4,0.3056386403011972,0.934017422387151,-0.4796293945464151,0.012021030203995487
0.009248609191205072,0.003964230051890962,-0.007079034076505075,8.267644227569836E-4,0.27998968011076575,0.873222040745344,-0.5319444072024159,0.07726362219199252
0.010368815485645676,0.0035631261487262715,-0.0068380893168550885,-3.514270625482011E-4,0.339684567814238,0.9139832046355343,-0.31968875108508826,-0.10031226341500069
0.008567742431666045,-0.004414717947357554,-0.007145247314991324,-0.0017770832185944076,0.25079992291244996,0.8422228853744355,0.7033414794983933,0.28719293778717564
0.008797842075322013,-0.0043738336381703175,-0.007251628778004326,-0.0015013514457359863,0.26681185941147384,0.9303111384499543,0.6906758853377796,0.2312464317877199
0.01110539418891915,-0.0037002962494922984,-0.006730988861877541,0.001070615632142252,0.4078797531599407,1.0853141697579598,0.21498902579937776,-0.16699636015204733
0.010709403040087922,-0.0035873614189693226,-0.006783006003009012,6.756888976718134E-4,0.36462916649739946,0.9913962637355339,0.27420237967133304,-0.1331500956740068
0.00993281087689508,-0.003852761331066035,-0.007104001139980395,-6.848432202928639E-5,0.3355199771649069,1.0093217375147197,0.433507719066907,-0.03894634147559611
0.01026487569687152,-0.0035771196853294756,-0.006858190200589789,2.5697401120405595E-4,0.32887576040437455,0.9200664597718367,0.33871837198480614,-0.08845217660519834
0.009573344838745633,-0.0038196818831496325,-0.007037251623956998,-4.4699288229635724E-4,0.290054147738574,0.8896371435836482,0.4688097367300914,0.01418000363531186
0.008942110136839994,-0.0041403930353885,-0.007110887794389772,-0.0012219619742345198,0.26299703494435267,0.8501452254249608,0.6015679380772219,0.15950305709755477
0.009205930138821691,-0.003914685057210618,-0.007021051338624335,-8.535677939726806E-4,0.2700314726792679,0.8237726735096381,0.5205958540487668,0.08172496807926559
0.008385141852368664,-0.004490230629455326,-0.007082502509467562,-0.0020189379986824203,0.23146455308682148,0.7932945297576212,0.725775804423035,0.34345893618675
0.008216869225856138,-0.00460735765759779,-0.007051854169513938,-0.002280011257594528,0.23108298866796986,0.769564868477523,0.7609056546305741,0.4100009020271342
0.007769366992628583,-0.004950250973736231,-0.00691837574880992,-0.0030219849579708117,0.22608066141239933,0.6971384196058091,0.8551219421637487,0.6210299477782765
0.007582908404944257,-0.005019252926691426,-0.006766111005592356,-0.00324754085855019,0.21994884398782796,0.6131997812808619,0.8422233005062815,0.6783737644231601
0.007418218170110823,-0.005108390591970074,-0.0066396653000809795,-0.0034697988683003024,0.22279515429133537,0.5505747069584682,0.8380549046822968,0.7402389746414201
0.008010770615448429,-0.004634719491096762,-0.006893877061633982,-0.002495796714466292,0.20659867962410683,0.668769808240789,0.7456361719308521,0.45531301961285814
0.007797765153298238,-0.004707056487035048,-0.006749112075194461,-0.0027458283714017315,0.2047969684826291,0.5876081897374816,0.7413682545421386,0.5144142927159429
0.007258915076378444,-0.005197695240181675,-0.006506190360869627,-0.0036801683496071025,0.22415930072165455,0.4870005874132018,0.828392774583561,0.8002233168394338
0.007089685250713937,-0.005302452428979639,-0.0063565043171121055,-0.00390700728296941,0.2309312741186242,0.42207495837174674,0.816130481573312,0.8666124800974288
0.006355156589749449,-0.006577264761224861,-0.005708136614118617,-0.006065795039433021,0.38760578797535755,0.24621386517205768,0.9711868324687991,1.8490813205629426
0.006464466094067262,-0.006464466094067266,-0.0058912537751555525,-0.00588822554422197,0.4799886696022246,0.3084473468490899,1.0159500126317549,1.782019178058394
0.006304670901760167,-0.006424400767086372,-0.005600380573829882,-0.005788592165139929,0.47609197543506204,0.20178725178281276,0.8894862304285597,1.6142957416970913
0.006693441434347547,-0.00624944398096624,-0.00625348869745512,-0.005501734913867669,0.2754799579253399,0.44130650474579775,1.0936003618422165,1.6351279180213047
0.00666136959951516,-0.006095246446365704,-0.006129985941879108,-0.00524074729249823,0.41329772560125727,0.382441345346956,0.9997221045525898,1.4241055453684839
0.006534352324622246,-0.006186558406397164,-0.005947348355307196,-0.0054041905044148126,0.3973187026820406,0.3144278796131523,0.9576631909517496,1.4718278992644616
0.006577264761224859,-0.0063551565897494505,-0.006067439618078791,-0.005706297886572572,0.6541763571560879,0.3734131199376927,1.0565169037189444,1.7105268707096333
0.006430578845695216,-0.006302691462857524,-0.005798520417876107,-0.005598003018117953,0.4093025857161204,0.26573652617655386,0.9346355723166476,1.5489093438963877
0.018733575722169347,0.025,0,0,-0.16780437259345024,-7.194644994911744E-4,-0.025482723286779127,-5.866548205227197E-5
-0.007137175344203809,0.014473512436779037,-0.0064809675640670255,0.00414880688171395,0.22237783111789722,1.7354507433873252,-0.43611172856070285,-0.13457612136784583
-0.007267978206565656,0.0145786238591252,-0.006573832233533944,0.003922723092810976,0.23903613175141905,1.7534789451797401,-0.3718451760332276,-0.16182855513266806
-0.007415061060864268,0.014670728355292269,-0.0066872000258547575,0.003700400015357548,0.25774059685212064,1.783565173221081,-0.31110706453890596,-0.18411546897702077
-0.007565971622155211,0.014748567312564256,-0.006806000467640694,0.0034876338512456677,0.276668833404868,1.8186486008889717,-0.2537476887408236,-0.20163725778164757
-0.0077167616705560264,0.014814180951136617,-0.006924665082831659,0.0032828889958824788,0.2949512998787698,1.8557220961262508,-0.19857515979573262,-0.21515651515649228
-0.008020216295571264,0.014760936870677253,-0.00738850941524133,0.003071742039444651,0.35342769423489356,2.107525294226999,-0.16757549134560754,-0.23200466110077247
-0.008159381790995322,0.014648884232660607,-0.007745754913662198,0.003062609261315547,0.5027339150088862,2.3710299155542645,-0.15505885205847347,-0.21741238874839441
-0.007873887349062098,0.014875339315310014,-0.00704263091058283,0.003069846715123111,0.31180325437350875,1.8922101619569496,-0.14015372090737624,-0.2259157728879346
-0.008172396497860413,0.014816853058584179,-0.007490003338304346,0.0028417871705821323,0.35908994525374704,2.135378477646658,-0.09765948364140135,-0.2401490719979986
-0.008306313695911128,0.014704405031812395,-0.007839367709133297,0.002814661477237857,0.6311106175608538,2.3931488528560063,-0.07476533260375488,-0.2243018310273209
-0.008330497690244784,0.014860414845997672,-0.007600960982689542,0.0026106633201752644,0.38432699778171925,2.1704020375681172,-0.027127224566664245,-0.24335558255796305
-0.008454915646326118,0.014755282782341355,-0.007920400539706227,0.002577954943705011,0.4109277550714811,2.408471174616592,0.0054333178544020005,-0.2272390645691221
-0.008605047553236286,0.014801469324203571,-0.00799590106106083,0.002332852544245263,0.33741087592929847,2.4166117735591492,0.0858016037295939,-0.22540645965266884
-0.008494285295770414,0.014920588518277551,-0.007673949405424484,0.0023477113550047558,0.4388162385802444,2.1732534283597924,0.054836346823802805,-0.2429308502861238
-0.00863554103378752,0.01497730622876253,-0.0077127001040964704,0.0021135150059004948,0.427663110717391,2.1589438169191215,0.125042922993889,-0.23851997804635072
-0.008756573701192635,0.014842921746160495,-0.008066862106982806,0.0020738845661685767,0.4826590343884953,2.4192599601015807,0.16801304757211108,-0.21735057570146807
-0.008789845911427027,0.015019328263890743,-0.007771616094476199,0.0018729068017375604,0.41649683640331586,2.158901768509212,0.19753227791907177,-0.2292294061950411
-0.00890933457005921,0.014879595159429935,-0.008128782030218875,0.0018162526152296094,0.5340358642748608,2.416721836876507,0.24969898710241423,-0.2039047967166799
-0.006310904520549585,0.014063036931329518,-0.005465128210369658,0.004978180713516433,0.10053526878080167,1.3336178291277851,-0.5801190539159777,-0.004518294308534828
-0.006528801399207188,0.014199753085201511,-0.005739105141814414,0.004753439127730868,0.13183093666154108,1.4340756682110276,-0.5437795628517231,-0.045850269525521896
-0.006689141287811476,0.014386518343606734,-0.005871228228873143,0.0044396995547261895,0.14743078874185997,1.4587135665169677,-0.46217159644690614,-0.0980714907560153
-0.006926631039084677,0.014518608803432885,-0.006126124095808529,0.004170525670377363,0.1810473950645378,1.5490712689400747,-0.40667058021602276,-0.1343110440548605
-0.004510249818614397,0.01247513890874739,-0.0027391829569569444,0.006340583834997768,-0.026569474935315446,0.482812715231459,-0.6067183605813912,0.3567856900927771
-0.0042323618172062415,0.012223875686545857,-0.0023184066066710978,0.006392051467701591,-0.033620229110222284,0.37935673438639667,-0.5669179736013062,0.38410949159168156
-0.003702325452665237,0.011737276932271619,-0.0015782144916500092,0.006398024879522902,-0.026191363985323467,0.20493756197778049,-0.4627096632286703,0.39908073571547237
-0.003849326961345126,0.012136251081998397,-0.0019532082859053082,0.00621345987065498,-0.033671514335626804,0.27975462168729615,-0.4664333299807927,0.3153045737053587
-0.005574891227152746,0.013231777537398818,-0.004395480774890764,0.006058024574144332,0.02126413845644073,1.0026126166704843,-0.769237153010708,0.27586798793801875
-0.005350365367264003,0.013147196011375007,-0.004057510424209671,0.006061898613850927,-0.0010749893766558863,0.8786954148658211,-0.7195876764734505,0.269597500538044
-0.005959201035347784,0.013754303565189994,-0.005003401822001082,0.005414045103489528,0.05545594781421292,1.180501245886517,-0.6552238852198808,0.0912403642636501
-0.005679283583368541,0.013436505049067514,-0.004585665580971288,0.005805340741093888,0.029659415790880436,1.0499871238579723,-0.7188696536119928,0.19764455025216343
-0.005799478388083546,0.013604999847661127,-0.0047721793841285975,0.005597717376731287,0.031091529856293407,1.1044016234889151,-0.6800067855553915,0.13701038407134972
-0.006080487952925786,0.01414308977236476,-0.005094717886424683,0.004854779387582795,0.061368613079208496,1.159471038314017,-0.5008374843387654,-0.033460520987716035
-0.005906880622217772,0.014000394638968704,-0.004885273557908639,0.005044229035475845,0.036329246292375654,1.0937004496082017,-0.5308221327293733,0.0023728449379516454
-0.004713926926378486,0.012981701857890238,-0.003216994799981029,0.005929016524162847,-0.042736271915001414,0.5942046508497034,-0.5645961664503869,0.21567766038226205
-0.004520727675436835,0.012828879912063901,-0.0029435147490301378,0.005988718168328497,-0.0442093034280562,0.5196077700478359,-0.5469450154793496,0.23777033369435796
-0.004897859742051296,0.013186906740458845,-0.003501748633994543,0.00578647405270288,-0.034675285522729686,0.6680443247520143,-0.5620244248237305,0.17210951980712627
-0.005139811254755585,0.013248577199349729,-0.003813514691901841,0.005826006083341775,-0.02102756118099223,0.7728105263159186,-0.6130202454785451,0.18455154455636436
0.004175248969617629,0.013897978528022117,0.0028863446108401344,0.0047923852868163395,-0.05911858212315594,0.4898726075860015,0.2932227054006502,-0.04583200024947718
0.003769483121097512,0.013305913276864976,0.0023985785022498656,0.005216547090317968,-0.09994433879141897,0.3742179891538374,0.32453912588796546,0.03210241868815803
0.0036534938082539744,0.012634556737694067,0.002072777864218314,0.0057218372918444145,-0.057214356581365824,0.29896984713425623,0.3812552408555242,0.1605848106835261
0.011963009292574333,0.0171584452633064,0.004672915789863564,-0.0012325317676169293,0.05888758979720903,0.268653137665043,-0.42934261268985,0.20441861870964909
0.010534866254431821,0.017308657310547818,0.004907237845379058,-3.622232541904702E-4,0.09405788052358123,0.4750087462497973,-0.40149384102047087,0.05970149336397789
0.014420231112574346,0.018787289360224495,0.002536455513783209,-0.0011546653231049684,-0.00665491641047288,-0.06563014233975763,-0.16816430756716308,0.20285074110604204
0.016389040864147192,0.02199662688416145,8.407699025676365E-4,-2.982961968433211E-4,-0.09693577617291589,-0.05565424867897154,-0.0729325183976861,0.09182620953589776
0.0084187116544294,0.016555689070484714,0.0054116163590133695,0.001261278890086941,0.12420268759867069,0.9059134257117185,-0.2536413945933884,-0.15985238037425323
0.009101558547887356,0.017764198399068412,0.004421595344994083,4.572741685133105E-4,0.06491549462112413,0.5451556203444775,-0.29972448703450644,-0.06549028857551599
0.005315862636218725,0.014615098622179204,0.004014290997998496,0.004223872353335087,0.009603920820265519,0.7549100189733158,0.25037540224852967,-0.1334065043788271
0.0044174719079696535,0.014422045621786232,0.0031249874762319255,0.004351170062112819,-0.08291620379233991,0.5553701214683722,0.23689737544355854,-0.11323951948102898
0.00609135804461386,0.015591758097766303,0.004424239059356205,0.003166399664707043,0.02259553998696602,0.8323992322917768,0.07367344148835007,-0.20778708034323953
0.007120600885682156,0.016318108332329995,0.004829258346699907,0.0021763939395057492,0.07546255198067843,0.8617274575132969,-0.08195426767125831,-0.20692302962337367
0.003513949842214438,0.009719679996089269,-2.579164618444168E-4,0.006815799953132084,0.16472505500683676,-0.07694042202225852,0.35451510391855284,0.8446365611027274
0.0036012867330558257,0.010066776604809535,6.811860677209974E-5,0.0068994576560531765,0.1493893715537267,-0.03360897420387391,0.40313481974966636,0.8144298686994871
0.003596434150314614,0.01046742560384136,4.482641457001987E-4,0.006853390451267052,0.09502791926831923,0.019674329859374107,0.43734664811121243,0.7226990414925065
0.003605463818242387,0.010979638598346301,9.217221054151686E-4,0.006714902402580688,0.051382113685140667,0.09079735966862389,0.4596625896090332,0.594588423277603
0.003459332673362346,0.01197940357117455,0.001578122625850244,0.00609457049911467,-0.055040840428049784,0.2037083778652478,0.40175962846148666,0.2832317985244987
0.00326876365323184,0.011352636058492956,0.0010704685658296724,0.006321317037464498,0.0032120444870727414,0.11112559006264319,0.391153661494354,0.4070016922259271
-0.0038976970344255938,0.010231199563139996,-2.5243335810247106E-4,0.007141993556817369,0.15486390337242106,2.976319382850708E-4,-0.4786882400381715,0.9292300795414313
-0.004050268377340862,0.00996690265825754,3.628741220520869E-5,0.007294894505348005,0.22344511785363932,-0.03836575579648667,-0.46747523295372917,1.0818531522720587
-0.004070333678293211,0.009701410708498986,3.4796563104804785E-4,0.007293048965016908,0.24641919085530856,-0.07804749925946282,-0.42548398263175835,1.1453276509617012
-0.003933788008680841,0.009436564642914098,6.148658419168673E-4,0.007116361115464632,0.25874079259311283,-0.11253189348636837,-0.3610587493388953,1.1020117307445327
-0.0032872547189193475,0.011440430616239882,-0.0011460505106864402,0.0062896005477208455,0.0016259060657266699,0.11425179679348141,-0.3868562554283927,0.3843398615387661
-0.003534663987661092,0.010389770430095075,-3.7033531548456296E-4,0.006816804458922563,0.11014305196012515,0.0012771457913682107,-0.4140183975216471,0.7232350593127093
-0.0032516215024938192,0.010789637744572056,-6.406575049474019E-4,0.006517721547630251,0.028564038708837836,0.036743451446330344,-0.3831899324303858,0.5306520596810373
-0.005805694620388287,0.007052193300847051,0.004651978278623203,0.0066201255951572465,0.5618942567044013,-0.03262481531921257,0.6524774821693899,1.9094501291911026
-0.005954915005069572,0.007061073770271074,0.004887689480872594,0.006744454276427991,0.9203793545015234,0.03141381827245015,0.749751223262748,2.0872495576358268
-0.0060492245102820915,0.006935465283302503,0.005106684125670865,0.0065800010700763295,0.558191525867464,0.08040562144899802,0.8114237317971812,2.030978542284079
-0.005884345539506613,0.006912015095173927,0.0048348608834853845,0.006443461435767001,0.5227549571726263,0.002778261016571412,0.6971087090979303,1.8375353387063142
-0.006147433031857422,0.006812880963004881,0.0053112076237083845,0.006416197397815435,0.5403445770075068,0.132678186969295,0.8684108974922142,1.9738876303947344
-0.005983265553820966,0.00679343389199673,0.005029790565030994,0.006301004460732839,0.5413957655886764,0.04717600703879655,0.7507629939758154,1.7951270199651985
-0.006249443980966237,0.006693441434347548,0.005504425268313531,0.006251173283885796,0.7043558377254543,0.18838948295873273,0.9212886773225679,1.9124014674773189
-0.006096426645834163,0.006664149170838749,0.005241835862942656,0.006134464735364596,0.48722994501942735,0.101382300280918,0.8079549768376141,1.7419798994260203
-0.005271451936535131,0.007581993976424626,0.0035511966840465156,0.006969284896752506,0.5707858251801062,-0.18838045007516976,0.288615038018516,1.844154884002586
-0.005393806537857902,0.0074725224963848955,0.0037935438488428857,0.00692973638302837,0.5854772830078129,-0.1649769159625122,0.36942364754781887,1.8875139112996702
-0.005430024290661805,0.007304146036324408,0.003958417596005467,0.006730423301029814,0.5588341067134904,-0.14720759851785156,0.404772540703596,1.7983106760588925
-0.005521091171180641,0.007149092936195607,0.004176439366494846,0.0065777304158363,0.5331416675663284,-0.11916929800919358,0.46284169856548774,1.7582090811313318
-0.005656631152200358,0.007053472741897964,0.004421409754402551,0.006527636609592212,0.5408155619706733,-0.07971551452463513,0.5468962732687597,1.789827023749072
-0.003979167219762997,0.00911937945712264,9.669790832855856E-4,0.00705542972466863,0.2830458658174526,-0.14700919429320589,-0.30576270417393786,1.154531261665852
-0.004168384345950692,0.008876052637081825,0.0013044536197180199,0.0071124236770844585,0.34274379721836074,-0.17433388678358255,-0.260022343564084,1.2733980903310114
-0.004797383968243219,0.008299212021932987,0.0023586775131804838,0.007301594491873465,0.51877833200738,-0.2243958437065867,-0.04819979843202659,1.7071111355020858
-0.0048517024353199965,0.008041636306771134,0.0026728877185354205,0.0071138145861338415,0.5115506049239144,-0.22503503273667838,0.03104960382619597,1.6700158961203366
-0.004987928309827038,0.007822897932785965,0.003015835723400361,0.007008319220221845,0.5285511693612231,-0.21840478423576884,0.12223987306088312,1.7031074674127389
-0.0045054893028018735,0.008295690984392482,0.0021192241270674493,0.0070317450223429225,0.43051987691425425,-0.21739241545738539,-0.10180797328815523,1.4404465220000209
-0.004138310044767203,0.008584826435169631,0.0015823821666908812,0.00692363700810687,0.33542554476306624,-0.19330385292192231,-0.20059020543206688,1.2465006504142835
-0.004275332794859285,0.00835839866379937,0.001885524736814723,0.006884824208680586,0.3726895233434256,-0.2087250643586392,-0.14503035787682894,1.304944556337978
-0.005063608799218731,0.00757332121406985,0.0033059769574891283,0.006789703235669958,0.5095028841589003,-0.2047304819740641,0.19525133873390943,1.6441886055000607
0.005230560096866281,0.006283555221609058,-0.004066044235301144,0.005297435882589792,0.30877037726091944,-0.1462275307628176,-0.3016459614683735,1.0858419551599956
0.005387410874434239,0.005908679779753077,-0.0042911926093156735,0.004881664969441952,0.2679132688348264,-0.1210111794297072,-0.3266170547682982,0.9680825337595884
0.004731314863386438,0.006219180189238509,-0.0035099062917200233,0.005079709548683215,0.26662974863350936,-0.19221647564893043,-0.16612899357406122,0.9384283297519908
0.003726847338319069,0.008933909447857,-0.0010428971833139442,0.006773579076566532,0.2585507872172283,-0.15412020531855838,0.2604393102630555,1.0204045789341
0.0038090408324478117,0.008684598164739064,-0.0013049537993976618,0.006719230976072517,0.2746078168085735,-0.17363831143100947,0.2227473531623167,1.0623319714382606
0.0034703684609567425,0.009155755584503938,-7.539263116778349E-4,0.006659872917494869,0.20059160291342273,-0.1311426305514196,0.2794166332652437,0.8935663671517869
0.0031898814411805746,0.00952345975771221,-3.82045404943079E-4,0.006550106859810222,0.1500923993841742,-0.09746503198245073,0.29710477062660773,0.7658642126664851
0.0037532673537350805,0.008388226843147937,-0.0015170367789549193,0.00651355263268777,0.2811351120282915,-0.18826032632391224,0.17649163219203276,1.0284252901972517
0.004476954291368802,0.006592391927398811,-0.0031505430312741543,0.005386873537975957,0.2810764582501326,-0.2100714943841031,-0.10341174976698768,0.980983490087629
0.004297755984869765,0.006984502921415163,-0.002829259862372119,0.005702850017179324,0.29558451967725813,-0.21882106154324113,-0.04708646427408469,1.0276671139059415
0.003917049661687253,0.007928462419684128,-0.001967949335782815,0.006313070972619435,0.299091187547842,-0.20941266008580042,0.10369821352569607,1.0606507236315126
0.004002264826871571,0.007435350370111793,-0.002340623938801731,0.005968125232749242,0.29100597466747563,-0.21789947551994074,0.03535443309105674,1.0248426490232847
0.014704405031812397,-0.008306313695911128,-0.002818833580425583,0.007837668933270089,0.6189129712549379,0.8333011861552605,-1.4141705480328115,1.6822161333803773
0.014828039014325846,-0.0081749077715344,-0.0028251172249247666,0.007477351343310218,0.5639570519859216,0.7565309472879184,-1.289315764063726,1.4351630432498232
0.014953942322077883,-0.008033490137570981,-0.0028248486186893385,0.007124043572875647,0.5273082490099558,0.7444783631859463,-1.1761250604320745,1.1947689341439356
0.014864320730656869,-0.007880971516524591,-0.0030764300209772423,0.007066928584988904,0.5463009460175546,0.8326157181425912,-1.2073350452543867,1.143553716491194
0.014746548962212187,-0.007760246127175386,-0.0033346341449937257,0.007069843093418886,0.5698650699623882,0.9329074491756073,-1.2590867810684545,1.1312149361791308
0.014729958356324608,-0.007594250355267608,-0.0034901805348582456,0.006866527752613683,0.5555550222122242,0.9802404701376514,-1.2185445282719114,0.9983717682369669
0.02074038683864774,0.01686132371047283,5.575816168541307E-4,-0.0010804734696785551,0.07112400937171369,-0.09577239069167719,0.030217727647454392,0.14446904737013563
0.018941408882997467,0.014763270402439934,0.0011173903297292183,-0.0023427928500700736,0.06524048827687158,-0.13345497475678272,0.04712989762376712,0.2823095614210698
0.0175869963983033,0.01210430273901597,0.0011285116557005984,-0.004244639563725355,0.11608312887922831,-0.14511645452950564,0.17049135579725735,0.5440691129736818
0.018857967556604457,0.012768054057216385,8.864432674001464E-4,-0.003104776052330531,0.08956015544694253,-0.11531228605549795,0.12190280675802456,0.31965376027533865
0.016557587002387745,0.00969888628487268,-2.3688741974330703E-4,-0.005805282524295321,0.22277959214068585,0.03666897311900547,0.4917441376312471,0.783969521352307
0.01763184861489186,0.010554268218817317,3.353422293640973E-4,-0.004609896840214136,0.13975966031402842,-0.0577247036402282,0.2890647674875209,0.48875373998632105
0.015265243261369429,0.0073056954603163615,-0.003021202287827533,-0.0059201555489968236,0.39220993380537733,0.7262356658655277,0.8374415740119432,0.5282634144636543
0.015158492498580764,0.006902294454763182,-0.003345551020614112,-0.005564577249390085,0.39622814583977756,0.8009356607223195,0.7777957899085449,0.3827136711749239
0.015568202411719047,0.007555519973592665,-0.0025590191779040605,-0.0058696211359590186,0.327654562249275,0.5866609565853459,0.7794860477275056,0.5451425602807745
0.016060645709841417,0.007863721962423634,-0.001951896076854871,-0.005590622587210709,0.29645833322469084,0.40273026494982955,0.6450114559318548,0.48228235681650894
0.01669815788883326,0.008647406040561047,-0.001049881532874473,-0.005348718235434429,0.20806353824261872,0.18080104172918307,0.5190572290842045,0.5167270864864414
0.014374778699948021,0.0052732878681692385,-0.004493337614582673,-0.004011247771999536,0.4122745448999098,1.0040019025283307,0.4268475916736019,-0.06528611741848721
0.014090829440001472,0.005182694798742573,-0.004808278763651557,-0.003936756319614624,0.45952199707986613,1.0927498018707305,0.4158491472518172,-0.08375183682074493
0.01295187321036348,0.004402299000124321,-0.005800485628588887,-0.002874032398910771,0.501635680486126,1.226746378906457,0.1640693117621379,-0.19831191620886776
0.012744441874583507,0.004183287113780655,-0.005890949687276489,-0.002572345174964373,0.4683400873016749,1.1830519052527244,0.09886796047970217,-0.20854142397532197
0.013351939801138466,0.00484195650643245,-0.00556965972520051,-0.0034787177891282416,0.5259006106712266,1.2926738638776845,0.31761296883024864,-0.15357103770173394
0.01381594941532528,0.0049149699616746305,-0.005065174012676117,-0.003631972530335433,0.4636367183773095,1.126444661892662,0.3454711759482503,-0.12795719608198472
0.013266987420798276,0.0044755512686187075,-0.005512971359905831,-0.003063067235365857,0.45907038421255775,1.1606109357043077,0.20826242145518417,-0.18489853234867248
0.015164588216085528,0.006363866899129633,-0.0035064371229700133,-0.004953388308809829,0.34339569282603033,0.7941535654917055,0.6116517301006025,0.16055262992164535
0.015002001946630397,0.005882485774575821,-0.0037851100133585516,-0.004504295900069039,0.3738105022283329,0.831727076542888,0.5213092023634155,0.053124402311252907
0.014845265254062386,0.00535334747878921,-0.00398035723660779,-0.003992904556895295,0.3485179460124113,0.8339518868893014,0.4010412296808395,-0.05527532542878622
0.0125601746696753,0.003759941972222225,-0.00583854537290584,-0.0021173249873753393,0.4335803922071047,1.004945069546313,0.016780393773709077,-0.20692080892120895
0.011046694632663568,0.0034728686005117046,-0.006590678651558387,-9.238378580749046E-4,0.3830266292675079,0.9380747242549744,-0.2107578475788478,-0.1582167104493668
0.011776491796560507,0.003550888199042223,-0.006278080193447217,-0.001515567367479025,0.38639966312150215,0.9824804999228459,-0.11163035316576134,-0.19407572219862085
0.012412241681881125,0.003038684104579991,-0.0056046156428400645,-0.0015264029959883847,0.3484010714175407,0.7689767896683144,-0.043304064579481896,-0.195060434767966
0.01330744195681955,-0.004968928477739664,-0.005672220939188152,0.0036126625427418575,0.5573854657478156,1.353759169965689,-0.3559399670865781,-0.13917617624782788
0.013044882535265917,-0.004851068528800066,-0.005924597730656101,0.0033906808676198025,0.5756705199211233,1.4122549061759433,-0.29840490079652265,-0.16636498171188632
0.012824067462171363,-0.004628563337248604,-0.006050228935973467,0.003050258186769175,0.5496402399750098,1.3722002650438865,-0.20782945136227135,-0.1923605680802317
0.012530550554574112,-0.004457728497737659,-0.006250229892357752,0.0027192530397630366,0.5500577916074297,1.3711140744264514,-0.12376923527718854,-0.20890872570591315
0.013335741605844852,-0.004740352858071664,-0.0055449782000201115,0.0033562701535700306,0.5078808729962166,1.2331472161060757,-0.2795214402994929,-0.1643000833446608
0.011446904665181862,-0.0034527619030703125,-0.006394649315217865,0.0012220608595791091,0.39487352378863183,0.9667757184129538,0.15320973700993154,-0.17779396613795365
0.011829764050009016,-0.0036267518362649805,-0.006283548754657407,0.0015952305043303216,0.40551462374521724,1.03652665287532,0.09616007793843111,-0.19594559770965478
0.012097557694993625,-0.003984526238407632,-0.0063275877148500055,0.0020263433800220523,0.47936703982383605,1.1952961793909367,0.027807772863774626,-0.2124347508700187
0.012504172475077804,-0.004060512631402801,-0.006038396230520788,0.0023369790004541522,0.46987097108663495,1.1648555409721857,-0.042816705575416975,-0.21282006420240304
0.013425079607073856,-0.005350908154511921,-0.005681979889168256,0.004119227549828402,0.611996353957613,1.5031702835080096,-0.5144389718098604,-0.07034770370838365
0.013486641102303333,-0.005092569556951784,-0.005504060100779916,0.0038001815884884595,0.540360125937199,1.3267734680832632,-0.4050592016315548,-0.1132547349659976
0.01357971228378486,-0.005509782964898661,-0.005531015612380177,0.004352754249424953,0.6037029414101017,1.4862015316366988,-0.5815047731101938,-0.026153071612433493
0.01368945672405253,-0.005690957766350585,-0.005433387193047319,0.0046082040296781665,0.6137496049624321,1.500486973820082,-0.6628552007438793,0.030164290797092985
0.013785066755661138,-0.005888373171024492,-0.00534379646053584,0.004888306722515902,0.6252077107622246,1.519746892670297,-0.7570760436672286,0.10335989711790895
0.013881107983616331,-0.0060997716138058485,-0.005236232524589567,0.005191094867873196,0.6382960821843949,1.5280329761512692,-0.8579625475623668,0.19340399741806827
0.014102552854785148,-0.006605939844430055,-0.004895269255886028,0.005911736698423906,0.6540921063429536,1.4971425036160662,-1.1021962624405452,0.47432664447039213
0.014042708427569417,-0.0062659599368834204,-0.005002018282300739,0.005399595670256198,0.6188622681735705,1.4492239028177096,-0.9061901003811927,0.26499932737866994
0.014157455450986465,-0.006406584054304828,-0.004824000489820132,0.005567988154668847,0.6037809886783925,1.3926712504758838,-0.9459055381020357,0.32791247639652027
0.014635689520678409,-0.007432240272152185,-0.0037381619843166428,0.006749584807991697,0.5827650692711913,1.0712045679873425,-1.2235439987862404,0.92087763558398
0.014512748216489766,-0.007329986043449982,-0.003983832182271193,0.0067338295765441885,0.610069876675874,1.1757356697125003,-1.263691772050045,0.9032215555946207
0.014196029884047279,-0.006751875824673296,-0.0047194209287594775,0.006093031502904928,0.6378142919178807,1.438187083185637,-1.1464682034604818,0.5580148819547336
0.014241584046638403,-0.006915760500075874,-0.004602566330181103,0.006327355180004367,0.6508337433860376,1.4151507961717016,-1.2199427845021837,0.6714644642409114
0.014482124096352125,-0.007167850537792605,-0.004118348043771002,0.006518306444401612,0.5926550651711473,1.2134260837599171,-1.2066225683458007,0.7785201116851513
0.014387331316760791,-0.007013647013879256,-0.004334940625934792,0.0063653488354021405,0.6180412622026926,1.2928723926799923,-1.1870832583200253,0.695091464160901
0.025,0.014410572767669348,0,0,0.20513629651411883,-0.0076508821921171,0.08361963938899869,0.02441911319683619
-0.006693441434347548,-0.006249443980966237,0.0062414390777090255,-0.005515631622061527,0.6579136933359823,0.43924712965798873,-1.0927165210577083,1.6337441310154615
-0.0066480570167162046,-0.0060804445700453095,0.006104017350500237,-0.005217786110215352,0.33774904789469024,0.37133961412114164,-0.9842549931099064,1.4029607777635373
-0.006812880963004881,-0.006147433031857422,0.006413660234853381,-0.0053142133430141535,0.5382878570429811,0.5072660095276523,-1.1242392154508478,1.5575921067110823
-0.006577264761224861,-0.006355156589749449,0.0060728706221654235,-0.00570066628314534,0.4164183432190389,0.37307337492945125,-1.056980246424948,1.7059024311414361
-0.006545478149372308,-0.006192215458918757,0.00596726540251568,-0.005413557240733926,0.3825663260454908,0.3230728054439211,-0.9669223529821814,1.4819619391982768
-0.006464466094067266,-0.006464466094067262,0.005889274527131865,-0.005889992981027566,0.4958960197113084,0.3083295027831232,-1.0159293493335915,1.7767663563662934
-0.006423184163870311,-0.00629938808254921,0.0057849341738775,-0.0055923301006172155,0.4381920413556988,0.2596053998548369,-0.9269108372344582,1.541893262383178
-0.0063551565897494505,-0.006577264761224859,0.005696804798467191,-0.006076462492809065,0.7113278625182741,0.24607131862325762,-0.9702505127504929,1.8467195782885157
-0.006312112713807302,-0.00640949290325048,0.005611787056691069,-0.0057646210887031596,0.423451288522954,0.20545454015490136,-0.8897428506724113,1.601417594780196
0.007903081523626381,0.0044366371761560015,-0.006639588597436319,0.002407623672424296,0.18461969393032004,0.5256230557314995,-0.6483484669048413,0.40752941219077454
0.008112250977203991,0.0042468303363667435,-0.006669534622677707,0.00208129276139808,0.18536298705877008,0.5422832066973252,-0.6035618304284963,0.32230998894328794
0.00848019971490641,0.0040571224439953915,-0.00678241084255088,0.0016285996370377918,0.19569197520040266,0.6159272742613903,-0.5674320959848308,0.22314209081876737
0.008880794031741161,0.003805897122471698,-0.00679890485426239,0.0011258874292237261,0.2197619279593457,0.6512119749929054,-0.4977334526195599,0.12021238732432772
0.00564728485241313,0.00561279778157485,-0.00459598660641955,0.00455655584992733,0.22767599820256826,-0.07880958551929196,-0.37354130751083897,0.8900477432575915
0.005909771673216641,0.0053728303735573356,-0.0048789125178467264,0.004271810571413417,0.20746202494204513,-0.030387270523167555,-0.4179535496223464,0.8245960028967829
0.00621502975330376,0.005197530202915734,-0.005203537655145986,0.004035080929887612,0.19423697354992406,0.03670140719441902,-0.4767201742128396,0.7778731694001361
0.007610140954134877,0.004527753400392375,-0.006433341878117624,0.002707232592191691,0.16740572231335424,0.42341863008242736,-0.6333230413729193,0.47404737902479843
0.007247770545278688,0.004615206982601446,-0.006124069538010522,0.0030174319973750824,0.15811516462966305,0.29659977947771216,-0.5909136078528013,0.5398052286876026
0.006591195652998498,0.005080553301272506,-0.0056150813195667655,0.0038156751357627397,0.18800753527733935,0.13844929643709455,-0.5592468683828978,0.743380751501274
0.006922070588104821,0.004850464436981217,-0.005897634606711154,0.0034310778524797017,0.17145654584563527,0.21971518657960049,-0.5858342095776287,0.6463243759417258
0.006741101835027004,-0.005811600569010536,-0.006138849083681363,-0.004769620996450946,0.31565863439692676,0.3662636010057463,0.9042197369147936,1.1955978331726735
0.00664972628660164,-0.005954091622613055,-0.00605707456270429,-0.005011523438425754,0.3397275824075176,0.3420617807033274,0.9197939668620819,1.2960647104463696
0.006922345479431756,-0.005473973891744215,-0.006230961484699934,-0.0042144664802145826,0.253705943969924,0.37749477967391387,0.8275790253153763,0.9700789232851853
0.006686855821690019,-0.00559286529448666,-0.005959149467725367,-0.004459217276399919,0.2674724935847595,0.2767999554205834,0.77276279713233,1.0302988726709115
0.009754189705423542,0.0034469934452645732,-0.006758560137216692,2.1967892508070906E-4,0.26036604536684865,0.7347457415248249,-0.37039293761596453,-0.03076652436351057
0.009258401884021147,0.0035251160794365615,-0.006721707764081971,6.810283051061017E-4,0.23281588711248594,0.6460482951596811,-0.41719761573520614,0.03633122180652814
0.010599099144978396,0.002938000660160885,-0.00635791708425143,-4.4305167230148637E-4,0.2588069313033864,0.6965445365429885,-0.22882857031832077,-0.12239144847884793
0.010018900502482872,0.003030956528369662,-0.006472584347393067,-1.6139613082579576E-5,0.2647620224743107,0.6378673030035695,-0.28652550602692345,-0.07292197943027988
0.008371436001256082,-0.004272235125839497,-0.00688404160404583,-0.001871428226623523,0.20991219730841362,0.6693428221534677,0.638903389831611,0.29203323815143906
0.008593496643087067,-0.004086790785264112,-0.006875939833637343,-0.001541056071035432,0.21270224670363616,0.6792500946726304,0.5847481393578692,0.2133019593896499
0.011039644020962686,-0.0031871363321535704,-0.006395046831133912,8.234207438126987E-4,0.3084061548159332,0.8255393771565421,0.20016145401879418,-0.1496224208248718
0.010538849402276118,-0.0031751472720868046,-0.006520812697518874,4.340888617080519E-4,0.30377683410738804,0.7699191030254046,0.2538040554331369,-0.11465343124605523
0.009723536597027018,-0.0033634773395998423,-0.006689319535092212,-2.3862397962036807E-4,0.25516915173032856,0.7050475615567907,0.3577002136602443,-0.03128737088647692
0.010074523028638184,-0.003038481330996132,-0.00647844476288738,6.320840680106966E-5,0.2522608435624769,0.6539608831478685,0.28159625666191485,-0.07555801607974981
0.009208157582950464,-0.0033194320364353467,-0.006556591864837056,-6.626330969015414E-4,0.2025694162156493,0.5647445571802073,0.37838608458672746,0.027907719232370516
0.008868823061171432,-0.0036753410908113857,-0.0066934726443179686,-0.0010762191124816243,0.200526727875575,0.6021356448645171,0.46776316929339395,0.10724180394456022
0.008117212269045378,-0.004344024593443511,-0.006749479159184544,-0.0021530026987349013,0.1906774826646069,0.5857497558266714,0.6433390025257316,0.3515836277016602
0.007261433033764583,-0.005003517019272152,-0.006378638516276984,-0.003441475960333315,0.20116816477280636,0.41592426957937195,0.7376939272370135,0.6966629048042933
0.007589524913448347,-0.004782491242768486,-0.006592885586515373,-0.0029812068000890832,0.19237976145485983,0.5067049635837799,0.7298420453628758,0.570892425332418
0.007395754203256878,-0.004880138147087013,-0.006450859137460946,-0.0032184418608266763,0.19382596232176771,0.443259313415131,0.7238051067885906,0.630951469515241
0.00780722281093146,-0.004399499455215553,-0.0065266501533101,-0.0024488734907725895,0.17608947603529987,0.47222972930225976,0.624508027881692,0.41202276427090473
0.007613700934161353,-0.004558108033483516,-0.006456847470628008,-0.0027360493418859965,0.1778456817946519,0.4398051185756972,0.6490753763912254,0.487550061899351
0.007078180643061611,-0.005044245278551582,-0.006185272790552841,-0.0035870444602113193,0.19338561075977825,0.3335724593885239,0.6968650198162748,0.7238466474327564
0.006853271853369107,-0.005157257474720102,-0.005971423225491916,-0.0038240446784072314,0.20094202919193896,0.2567489601328887,0.6659495959887147,0.7811008263359458
0.0061900095656217445,-0.006526454818765012,-0.005409940699173914,-0.005934886049598623,0.48870781586382644,0.14506036959136062,0.8401954776572161,1.655579395741446
0.006249443980966237,-0.006693441434347548,-0.005510859081926066,-0.006245424025676843,0.5159496848348122,0.18665269038061796,0.9209480487412877,1.9137129978321337
0.006078493752434677,-0.006645591093326199,-0.0052148243591296,-0.006097657282509401,0.4898248594634878,0.09246328087450749,0.7917762934720959,1.7083758559982243
0.006147433031857422,-0.006812880963004881,-0.005307122105072666,-0.006419473621100585,0.6416822478590504,0.1309103322977319,0.8668800440516313,1.9757097662262408
0.006138920977394212,-0.0063531577339264195,-0.0053241052444381294,-0.005638171473747462,0.402409151321331,0.10887433911250421,0.746940632117855,1.4760917138812415
0.006277785953731862,-0.0062772451429431615,-0.005540940419969795,-0.005539810889154135,0.4008104163307216,0.17302488935550447,0.8149938416591264,1.4670185534834952
0.006500387839116571,-0.006013797219049243,-0.005840743469393061,-0.0051229519936590385,0.3411025253758994,0.2607907827202162,0.8542062069814259,1.3123022061637448
0.006355990308671036,-0.006129433602856695,-0.005641291386444419,-0.00530915841452173,0.3706262931544974,0.19797894072878505,0.8115529127425144,1.3671768964318074
0.0060492245102820915,-0.006935465283302503,-0.005099103655978211,-0.006586075080279081,0.7816483490093544,0.07888762462838593,0.809487378273764,2.0353262890193036
0.005975284153350583,-0.006776412334685296,-0.005021280432025971,-0.006270201292427572,0.49411035080364846,0.045141825423745174,0.7442868122927077,1.7694973630391164
0.005954915005069572,-0.007061073770271074,-0.004896657366248645,-0.006737990632466812,0.6309959023056493,0.030454380183189134,0.7492378915660125,2.0892691383891835
0.005886510631955618,-0.00691207129219234,-0.0048372919921844835,-0.00644518305662167,0.5242154586152,0.004920293729620794,0.6997545704820415,1.8372957918425261
0.014410572767669334,0.025,0,0,-0.20276353639332487,0.026086385251467194,-0.0909666569313312,0.00437247991711368
-0.007082629414973032,0.014670098852003306,-0.006218979016666591,0.0038866989784939825,0.19280210138541956,1.5577729178566073,-0.3299868617250961,-0.16694205035244902
-0.007240110735048852,0.014784153485253472,-0.006325859911716872,0.0036493359093700433,0.20659849612023376,1.5794632486228621,-0.2683842013969884,-0.18896056489413351
-0.007403657680010645,0.0148719321699603,-0.006449650623507964,0.00343581907305403,0.22366290964815425,1.6129261574274552,-0.21460895187477255,-0.2047279896211263
-0.007560374109542987,0.014941041362096945,-0.0065703196894928454,0.0032417480473398287,0.24009713525281953,1.6477712919929905,-0.1654160169919098,-0.21600783931625497
-0.007708045405822862,0.01498812944363612,-0.00669382077471473,0.003072802686136449,0.2595152526827229,1.6877600870114187,-0.12301248127077095,-0.22342284962701484
-0.008031391338324092,0.014936835786604395,-0.007145099780435721,0.002847528491571799,0.32827506117326427,1.9186605930074716,-0.07708136341431891,-0.23337746580870108
-0.007879412739554456,0.015048556059874589,-0.006816181152876668,0.0028599732913547967,0.2735450307818132,1.7210653313002842,-0.06576584746407198,-0.23005887381264675
-0.00952952844693864,0.014977816440745884,-0.0082919667856298,7.87675570017157E-4,0.45602682245132625,2.3573976054696044,0.5694527414620653,-0.10002150075435849
-0.009373420771600327,0.014960584488801502,-0.008264305861673047,0.0010388427084484385,0.6409920383562846,2.3802018734253707,0.49178114466983186,-0.1324595406443052
-0.00944434247924451,0.015108611640713195,-0.007998179572501667,8.704585215745173E-4,0.44947179303332324,2.147441132503566,0.49913817747723327,-0.14041062550786487
-0.008949474454411065,0.015053504122170552,-0.007831262871442797,0.0016272086521239655,0.42105048742412393,2.159084129921028,0.27210876905164255,-0.21494202920480923
-0.009063168625695952,0.014911450597951643,-0.008182027365586295,0.0015588292675927217,0.5308312668060248,2.4086196563791216,0.33055705046042183,-0.18535361020119825
-0.009217916319918092,0.014938455742167744,-0.008228234955426154,0.0012933341456793982,0.708112668767403,2.3967296023156313,0.41195478177841965,-0.16105511393005625
-0.00927674862412782,0.015094582148397068,-0.007951868426038637,0.0011287345696938131,0.40455110893308094,2.1583266016561584,0.42196956985337314,-0.17081718766969486
-0.009112808554170801,0.015084290775042515,-0.007881693806190677,0.0013748981326429314,0.40994989039799007,2.151034925242598,0.3477068328730604,-0.19535502385424897
-0.008186492631063856,0.01498978886266102,-0.007242009253103519,0.002629846968931902,0.34131270846330847,1.9429838387550162,-0.014872605933825495,-0.23710514102153055
-0.008371682826089523,0.01499794624451453,-0.007423946753896564,0.0024164480968945647,0.36556344425223597,2.02092651453145,0.043280838053113876,-0.23775101388293113
-0.008506542115933678,0.015112681540332282,-0.0073692420933329445,0.0021501391816929577,0.34625771456987325,1.940780557518817,0.12389779150477011,-0.22969090152799884
-0.008660951951076617,0.015166853049112104,-0.007413841432987458,0.0019183757832677527,0.36034978161000314,1.9291855335765684,0.18947377112553584,-0.21984020778747435
-0.008827201312298815,0.015195803873395523,-0.007492972491251624,0.0016887163813310436,0.3730292534032473,1.9396808240031975,0.2535084945499179,-0.20709154137959032
-0.009593849270073052,0.015129811734173092,-0.00800762718865348,6.339575513606221E-4,0.46488720973745773,2.114903826604113,0.5643100156102127,-0.11014174821609544
-0.009686089839949742,0.014990136311907442,-0.008312544163725694,5.263058489282349E-4,0.48092611535736246,2.3273383149160822,0.6460701912424566,-0.06196037158076873
-0.006251130900931919,0.014318122325592151,-0.005270536068971778,0.004603567517854328,0.07437179772791047,1.2056712308260609,-0.4468757504594065,-0.07802152544203372
-0.006042290523488543,0.014348832282862854,-0.00497141853803325,0.004570180041649455,0.05047654167782182,1.0874143870078343,-0.40990060587912736,-0.0856562256923723
-0.006419569209217675,0.014488431528873661,-0.005421423501812889,0.004346746331887035,0.092927218063773,1.241408721093313,-0.3883730198536146,-0.11740860531717677
-0.006631826930088311,0.014645314470043639,-0.005616023770003627,0.004085889263237767,0.11776024022086994,1.2956387949031642,-0.3344694932350822,-0.1487878214888282
-0.006853619202886076,0.014777155888109097,-0.005815693123107067,0.0038373341953175043,0.1428618090981829,1.3575694022961808,-0.28104209934695046,-0.17504481368933658
-0.003989987268092553,0.012749366860141192,-0.0023958543061356045,0.005792538472358235,-0.0675833555101269,0.3760177785056162,-0.4300815530956217,0.1676820879069647
-0.003246835187514205,0.012254419684610154,-0.00158519680022013,0.005801412445876856,-0.06595824762285486,0.19823076833542316,-0.3420504588657614,0.1829421283505566
-0.005326408912615218,0.013484725849574958,-0.00410375163894769,0.005602727238688533,-0.01549028111097342,0.8547130670384766,-0.5906578318820414,0.12346805622169134
-0.005696512764454849,0.013870108213015885,-0.004611354543057863,0.00519253259252054,0.01885927266192766,1.0014312600058881,-0.540020280515921,0.030910749247033516
-0.0055710992185058865,0.013647397537753734,-0.00444530888301603,0.005467921255940423,0.0062834163777334045,0.9648758305290717,-0.5959243093725994,0.09344974252324104
-0.005857233743741205,0.014258203015115439,-0.004755432898043797,0.004687569123448975,0.034596278182883945,1.0171073340440688,-0.41852134702199156,-0.07001957954273387
-0.0056792839838766,0.01412472966781616,-0.00455070302923343,0.004848774430052315,0.0042565502578680485,0.9575140845228154,-0.43889691640910194,-0.04481004172184308
-0.004450269746506493,0.013235227403416771,-0.003026867465552304,0.005533517162083885,-0.049693310451388424,0.5197332300901795,-0.44287283487601936,0.09775720256565633
-0.004897244740302041,0.01351076765401699,-0.003580045351090425,0.005408436380511846,-0.036858497452607365,0.6679223154779361,-0.4693706415883137,0.06349777943384312
0.003458824568082278,0.014304942068829329,0.0022929593087739277,0.004297613443978943,-0.07316278890675654,0.37903369096885725,0.16508315518441893,-0.11992824391669456
0.0026578635730375747,0.012870029577980117,0.0014337300876027057,0.005170169535834541,-0.08880327541800402,0.17820280306270272,0.20934697554903423,0.014600075326533542
0.002462403872861003,0.014327109475787279,0.0015425926717582586,0.004134255781072854,-0.09199209356005868,0.28854854851582656,0.1260509732134844,-0.10785650255389338
0.010888695618976249,0.019144643224191717,0.0033374387230195477,-2.846373576633387E-4,0.010536382835908438,0.15675578049934133,-0.23605868484827838,0.0297097964790791
0.012500943852501325,0.02193630378804113,0.0015270229717994491,-2.130658056073966E-4,-0.05549716323775814,0.003322268613729327,-0.12892620634771187,0.0530328444472073
0.007594739193441529,0.017756424320247575,0.003964869167839564,0.0011517733281740784,0.05526834134538492,0.5802416240745573,-0.18666629222232967,-0.1376686264358834
0.00858343462173797,0.019157423082357794,0.0032436739422167897,4.264263115491797E-4,0.04422430011657054,0.29427888039480166,-0.1860103738803295,-0.06716607796729006
0.004248550945099909,0.015676554801348525,0.002800726782197977,0.0032539620080659884,-0.04185986118638023,0.5204967401036545,0.07531197849791714,-0.18402666834224032
0.005733644632155869,0.01725299192936161,0.0032972805220828666,0.0019689674587193974,0.01687163541945706,0.5894934640658983,-0.06993700132759116,-0.18331020530587963
0.0030637398463963118,0.010093417956390238,7.23033033568026E-5,0.006499060589642066,0.08907471830665191,-0.043946635442329844,0.3278550667661108,0.6347749171727105
0.002992953740036912,0.010812273468651101,5.948132326927079E-4,0.006347162397296202,0.02546370505255893,0.02468088315411729,0.3431189099868828,0.4771602732350715
0.002543579920507062,0.011615438150778307,9.02888915160856E-4,0.005817245821002633,-0.040561926824960716,0.0687760491487648,0.26163520749121427,0.22035507241775867
0.002646823652327138,0.009579183409823241,-2.641728455906541E-4,0.006227017097632239,0.09325089878104603,-0.09593382746718658,0.25064281686387635,0.6250197718175328
-0.0036367527251195924,0.00981225324550296,1.8328406208839522E-4,0.006922408008612991,0.16937951354505418,-0.06531753443209198,-0.38135326635373396,0.8784140605792584
-0.0035547745822015983,0.009215471242002723,7.297878494414172E-4,0.006743566626085758,0.21012309142500848,-0.12552864270653905,-0.29478277305302275,0.9274744065003383
0.0011506732870614157,0.012080673836580458,4.6242743698897377E-4,0.005196893333160989,-0.09142987202612489,0.024582510469814706,0.09816884721835646,0.06381472048578102
-0.002271039874226408,0.011355822130096975,-6.716730434739896E-4,0.005806223398414938,-0.04496820107691059,0.022589225037621945,-0.2347447204729789,0.2321982139070267
-0.0027748541719658766,0.01020955286468981,-1.4761819036663234E-4,0.006313067787492126,0.06411607118890024,-0.04877731576400612,-0.29377627689269964,0.5345094536523648
-0.005704711645753884,0.006887677024648111,0.004561407402210063,0.006307403355937671,0.5099644776829731,-0.05774602410597995,0.5671269763467385,1.6872725010344196
-0.006355156589749449,0.006577264761224861,0.00570458090490341,0.00606900690483179,0.45719912817734,0.247724348403117,0.9711456837269475,1.8456958301850435
-0.006194987907159792,0.006537179270330516,0.005418341066956256,0.005953437819516836,0.4663855517310704,0.14769295681298103,0.8466414211302561,1.672158205266886
-0.006464466094067262,0.006464466094067266,0.005891807012041472,0.0058875971943266716,0.43620800701144335,0.3097478382111655,1.0161492243852674,1.7780765945115142
-0.0063070083074089475,0.0064281281283032655,0.005604768334809038,0.005794630605900548,0.4721841001656168,0.2029288882498124,0.8924868641132851,1.6215230564943128
-0.0058082619017248765,0.0067422472999780925,0.0047635891072833015,0.006137328441749999,0.47804747631406036,-0.020306151266379482,0.6159520039123837,1.634510157239853
-0.0059495119420742305,0.006652180419289672,0.005002952366289097,0.006057823815747397,0.47638598236743646,0.03413591315051124,0.6955346501344293,1.6430562816627972
-0.006014661310224686,0.006498253165543606,0.005124423493285065,0.0058366275770983765,0.44273425342849976,0.05902092453691634,0.7048371921290703,1.544135013760731
-0.00521278533040337,0.007364044464704116,0.003634398621016714,0.0066486461827984355,0.5105842761420077,-0.18200483420536223,0.28434833560493566,1.6480478898167463
-0.005316399640918046,0.0071223855118407765,0.003909574830562945,0.0064070749765051645,0.4801163295809851,-0.15624419439496104,0.3486725915428439,1.5762285975120713
-0.005482169293554392,0.006927947213143196,0.004223726932734051,0.006241561240326474,0.4699322656339842,-0.11714878894039014,0.43430867154183167,1.5604508028744262
-0.0037425461265500493,0.008731392994164365,0.0012313381289829736,0.006693534318254887,0.26533200601155005,-0.16893867300269963,-0.22920431480239095,1.0359202697190595
-0.004571035081409575,0.008063106869806626,0.002392103067721953,0.006892116873429769,0.43023387530015283,-0.2233704027542752,-0.03998876341897555,1.4345943550082136
-0.004677638678758721,0.007814763043008464,0.0027029301354805518,0.006745590873566487,0.4387794212484661,-0.22434919763409497,0.02959535957471276,1.4368173081946767
-0.004804439953553664,0.007586420887664059,0.003007112811700846,0.006607894692398637,0.4407019180948048,-0.21841151359227914,0.10245269162596804,1.4442273335308824
-0.004249530212597525,0.008080902575690161,0.0021076392343811787,0.006656306698789875,0.36426343141691836,-0.21666804120228747,-0.09468556039130553,1.2509864081079975
-0.0038890582673574967,0.008257168990711597,0.0017065239798109443,0.006524695548753788,0.29942377078231136,-0.19752049551665424,-0.1524993834847018,1.0842802211376652
-0.004905888605994059,0.0073360844909676395,0.003284998054021601,0.006402775144290706,0.43437492099126634,-0.2073148054745764,0.1660709474442931,1.4070809922513015
0.004291981335038836,0.006232502963198668,-0.003058419992940365,0.004967910898068278,0.24250877412181274,-0.20628651910405543,-0.09141167251315284,0.8678266244150146
0.0050994015997205015,0.005438058086670308,-0.003970477705034313,0.004313193050561656,0.19610854710499825,-0.1554448591589284,-0.22346095311285838,0.7681508804393524
0.004890764146466655,0.00582581504592644,-0.0037336517592842958,0.004696315679328894,0.22960260046661737,-0.17558177863497823,-0.1956854134786993,0.8494025727998705
0.004451727267594506,0.005877219277779892,-0.0032788386766105988,0.004658848268558328,0.20958704898115504,-0.19729341986998458,-0.1219248898407393,0.8165558718711065
0.003341276487136193,0.008691629380271841,-0.0010723638522551723,0.006393202808872194,0.21162277039431052,-0.1617325259609436,0.21601591462344322,0.8819567218356408
0.0028103365707656605,0.009148533916681216,-5.729572673495259E-4,0.006231544066191231,0.13112536875439226,-0.12522816308313764,0.23364205865323465,0.7135141482632282
0.003219779536130181,0.008060763268554691,-0.0014229162962552052,0.005995242684225262,0.2065045880166516,-0.18659230747655528,0.1460290011006998,0.861768422355324
0.003931090661662646,0.006502651847421349,-0.0026548410227886393,0.005110128489403878,0.22844933287778704,-0.2123217064350873,-0.03306267890544362,0.8609483300063179
0.0035714670145090676,0.006963952350725996,-0.0021959317981229674,0.005379214700792999,0.22751809375354884,-0.21121159250372842,0.029758439351199175,0.8628078446446757
0.0033268258095244907,0.007543428058593106,-0.001762860002855841,0.005714642982375933,0.22174814040228275,-0.2012845480402501,0.09069073341625954,0.8628575260895474
-0.006767411014895819,-0.00597009014471057,0.006255171786717415,-0.005014455166727432,0.33330408385598914,0.4290413148571394,-1.0052675471050405,1.326970153531918
-0.006935465283302503,-0.0060492245102820915,0.006580621034515722,-0.005106000032644368,0.43286113191342207,0.5777407963129778,-1.15219390153006,1.4813169745649388
-0.0068971159555120684,-0.005867865085280278,0.0064133738875830565,-0.0048129181962561505,0.330480488026667,0.4941199496409167,-1.0284211494770454,1.256246188110782
-0.007061073770271074,-0.005954915005069572,0.006740091453943667,-0.00489357838230896,0.3574112836978635,0.6506603805338357,-1.1761651874528112,1.4048585962762068
0.014755282782341356,-0.008454915646326116,-0.002567825021453453,0.00792357878296796,0.5629562642351446,0.7457787861057342,-1.3845900218874938,1.7690150483955354
0.014877908551680537,-0.008327493505437836,-0.002594864467485183,0.0075720216385068975,0.5778931518560634,0.6786984510420715,-1.268120811054824,1.5190827600322432
0.014801469324203573,-0.008605047553236283,-0.002321385064311646,0.007999359764898559,0.6045581748481256,0.6611800087999566,-1.3493093655314634,1.8528102393368833
0.014915870914107319,-0.008475968352719595,-0.0023750126592629547,0.007665318980459394,0.5844440428505412,0.6082273360640927,-1.2472299572006798,1.6049244806493903
0.014842921746160493,-0.008756573701192634,-0.002079953324950555,0.008065445166843732,0.8417026946345253,0.5783932018785346,-1.3083268716818046,1.9337423575355828
0.01496019926753249,-0.008646293501339745,-0.002114743123358668,0.00775276646634305,0.5435668009530062,0.5245595163381372,-1.212961642288352,1.6968489769912678
0.014879595159429932,-0.008909334570059206,-0.0018184278333598914,0.008128244197728158,0.6640533233043329,0.495928170097457,-1.2616411220712842,2.0126738092289536
0.01501675269142953,-0.008802385839131139,-0.0018581274488968628,0.007787445379229649,0.5301596594029202,0.44176109531519275,-1.1621672783323076,1.7509456602141922
0.015,-0.01,8.387791444599483E-6,0.008329238472723018,0.5230530184000053,0.03212839738832105,-0.8189825445041884,2.4721699003543955
0.015142615935866627,-0.009919718081769509,-1.253842105096919E-4,0.008038982585904646,0.5905640227566024,0.011425086258545672,-0.7796524257570788,2.2015731796325837
0.01499753324023817,-0.009842960155646504,-2.505502518868882E-4,0.008325380466530552,0.4388722928141842,0.08423911153804076,-0.892553494652471,2.4178876265467424
0.014911450597951648,-0.00906316862569595,-0.0015560865407445073,0.008182537087243136,0.562914754330698,0.41748393695775654,-1.2110781041381815,2.0900799341474814
0.015054981567286074,-0.008966008512843964,-0.0016039386447845928,0.007840970206377173,0.5546341714315836,0.36680847873391736,-1.1156752862439554,1.8214658113787203
0.014938455742167742,-0.009217916319918088,-0.0012968308635498947,0.008227713860193933,0.5231138118196283,0.34328104160419176,-1.1560908171601558,2.164450274900219
0.015078351764348097,-0.0091272686614436,-0.0013586204328967357,0.007901853123769053,0.5710445939589684,0.2997313675214086,-1.0712366230765393,1.8989692603834822
0.0149605844888015,-0.009373420771600324,-0.001045141714596882,0.008263517275745366,0.6708380875142552,0.2737325126619469,-1.0968584781524486,2.2337341308375693
0.015093240537319782,-0.009284763935373683,-0.0011180890604273758,0.007958910723058295,0.5681540910641605,0.2377049783963392,-1.0251789666428264,1.9768415400429264
0.015155112383281242,-0.009768718426746757,-3.5863174439104397E-4,0.007998700746728371,0.559575229317192,0.05615531081211255,-0.8350740124211348,2.128708029509742
0.014990136311907444,-0.009686089839949744,-5.22721784515229E-4,0.00831266953115522,0.6393241953862921,0.1433473700769937,-0.9642910053705114,2.3586907970458095
0.01514430006615867,-0.009603344997922697,-6.148697121773527E-4,0.007983809491032183,0.5209560360198545,0.11233041161517825,-0.9005215482955985,2.074240733354317
0.014977816440745884,-0.009529528446938641,-7.91867536932017E-4,0.008291533059116975,0.8063753909433675,0.20729343309303747,-1.0329197804091,2.29740928769363
0.015114628855344953,-0.009440996363404572,-8.73217610527548E-4,0.007986963733191717,0.5218419064601257,0.17506436829045305,-0.9681403454262408,2.0359331557944915
0.015022569634313554,-0.008198006779280157,-0.0025822595571829373,0.007206116085121961,0.5127956502397691,0.664385773708538,-1.1536584365732565,1.2651765876220227
0.015174118981249974,-0.0080475318130242,-0.002570829172280299,0.00683054806204325,0.4569383728557567,0.6377860875725377,-1.0338197797844233,1.0194853846497625
0.015082349384431717,-0.007860871114813137,-0.002835737170707597,0.006751801722788955,0.4711583773532548,0.7237954000275649,-1.0563987482444903,0.9548573644643102
0.014951669640942992,-0.007661957171660619,-0.0031511345342684553,0.006682490952339539,0.49650523024200893,0.8315993776754292,-1.0889697308784851,0.8981369794614932
0.014861235755319833,-0.007414721364139516,-0.0034402997704075515,0.006474177331967221,0.5044227751855018,0.9214528930247102,-1.067263959057022,0.7708608386104799
0.021374299910287255,0.01285135574838991,3.1580157913798946E-4,-0.0017521861842616192,0.0970511557200724,-0.06903017542590663,0.09677794081176486,0.13740291753163333
0.019476265928286114,0.011129151418407611,3.4245626593713374E-4,-0.0030929849978938175,0.06659928569955752,-0.062252373691441105,0.16852747283924455,0.21833375922528778
0.01769562821319336,0.008843209131693553,-6.100490803667558E-4,-0.0044333252964608,0.12095766536950507,0.09402312183688488,0.35521802099725147,0.27921926658399027
0.019076021608861977,0.009350359214080717,-1.81952816067127E-4,-0.0033918138366282775,0.08628310605975043,0.025429266538988072,0.232638136289393,0.16951721190988164
0.01586749354373825,0.006902995437605929,-0.002614777569627438,-0.004987761023127834,0.2768140849780493,0.5403996735444215,0.5618180259083237,0.21911757228697365
0.017063355903879182,0.007547923614125888,-0.0015050960624615752,-0.004456320222441507,0.16487248911655353,0.2610884808082868,0.4098744717668872,0.190936097866808
0.014406895099221573,0.004821268051338804,-0.0044122469459681605,-0.003523972683696246,0.36320861711857116,0.8828249739902276,0.30372355570848636,-0.12537404466426227
0.013271106340589554,0.003980630666448598,-0.0053157351711935015,-0.0025890715808549922,0.3873515804218974,0.9620273004624627,0.11404559642424895,-0.19890783507239937
0.01381233890477916,0.004490887999152244,-0.004959595311846036,-0.003172824865341261,0.43028933753913057,0.9767190642722529,0.23148693480791982,-0.16509216097574686
0.015641226204125135,0.005694402837155439,-0.003158898695450513,-0.004034694292211917,0.24586033098345134,0.6162839234796635,0.39217547377258793,-0.013922156757579433
0.015127768129433138,0.004772500435791455,-0.00371728826212927,-0.0033495025510026457,0.29636838693756845,0.6833943176450203,0.28515453691838827,-0.10596926293856238
0.013291087406044805,0.0030683757000326464,-0.005009966285705194,-0.0018353491185709586,0.3008707499045396,0.7130589313976415,0.02119123751926272,-0.1980981529936796
0.011425530921380822,0.0024145808768445283,-0.005831814706388522,-7.560263940763738E-4,0.2671175273636359,0.5926418734139004,-0.12374270185614575,-0.15859781319045682
0.012934939641703603,0.002021384653683909,-0.004969253842571111,-0.0010705339013036502,0.25200608164058647,0.58893453849761,-0.032403149515874086,-0.18071855170826776
0.013524021613392667,-0.004810494085820375,-0.005361149238064153,0.0034753887224401943,0.500000973635257,1.18357223938475,-0.30252375318867486,-0.1524120667492965
0.013194210522318325,-0.004478574062823812,-0.005588002433186656,0.003034699459803313,0.49275239846207414,1.169130869263831,-0.19995435940232298,-0.1871293272759493
0.012918623704755872,-0.004211591378003901,-0.005737846501829844,0.0026742703530660463,0.46198337757946234,1.1389256142773017,-0.12046369586022547,-0.2036096172494821
0.013500695068023837,-0.004556385807274288,-0.005297621009914552,0.003195702607952558,0.45841215070957997,1.1064875725432657,-0.23744859432610038,-0.17168800632308448
0.011806197507779007,-0.002894844020967825,-0.005890495500311435,0.001151035984231302,0.33579827492178244,0.7442763056944148,0.11054606058382356,-0.17516402447025084
0.012367167734128277,-0.003574653120842887,-0.0058850416839040754,0.0018748311947773837,0.40421409205261755,0.9736041669951369,0.02483029874649337,-0.20194366545176998
0.012887566989810237,-0.003797678966668068,-0.0055776991864096934,0.0022886221923196404,0.40961237311617393,0.9785198093633325,-0.05562114934826139,-0.2030402038872639
0.013680038981257088,-0.005234445857233375,-0.005312205139132297,0.003999400307215839,0.5309360344891144,1.289519466450409,-0.4567066897004965,-0.08057002219033078
0.013720703561777866,-0.004965360490042233,-0.00518407016991817,0.0036787241252231734,0.48330682437963207,1.1592255429244827,-0.34826461891959876,-0.12939758302107754
0.013848183484888829,-0.005461055026156584,-0.005158970105217535,0.004292690671533411,0.5280589901704834,1.2877340043707048,-0.5363158934867095,-0.028974787144029786
0.013903309486936582,-0.005690468010671255,-0.005136580563735664,0.004593677710619194,0.5660585359692918,1.3522733545276844,-0.6331129219266897,0.03209733082168989
0.014044224415668348,-0.005844240996099798,-0.004964698737569997,0.004783334373817563,0.543549690246324,1.3153027634477807,-0.6809053010949219,0.07879032693248998
0.014104321601088723,-0.00606692925169483,-0.0049010331630381255,0.0050819694879858275,0.5697009277960579,1.3452727903624662,-0.7810689168784436,0.16533116895376715
0.014289516718222602,-0.006579665632115628,-0.004604111143010839,0.005762801077130174,0.5901535473604539,1.3202434963552558,-0.9894366436198522,0.40869977119175654
0.01425332025409598,-0.006207849034493981,-0.004689299782235096,0.005232749570648975,0.5429171719669804,1.2772063085973606,-0.810116670052497,0.21394258978713002
0.014333808210671931,-0.00638802898996888,-0.004562909814833598,0.005454179768456585,0.5495221286372741,1.258623836430477,-0.8728718274633203,0.2903332976592476
0.014705752046994931,-0.007213431273264223,-0.003768699044570439,0.006365164721944274,0.5323687436091372,1.0416008847350389,-1.0835977473914238,0.7012440861435004
0.014431214712459495,-0.006766014189741802,-0.0043498206749570745,0.005951326110529947,0.5744612241110313,1.233903757352494,-1.0229324295975806,0.49194621238318875
0.014610931538092302,-0.00695284682236311,-0.004024099006040952,0.006084512301276321,0.534896559654582,1.1125193901805472,-1.0224932277194705,0.5578374796466812
0.025,0.010729293840437144,0,0,0.08281180029473259,-6.558982591674386E-5,0.12027145109312841,0.056784801138204756
-0.006588773286029782,-0.005895301331631589,0.00593864745074884,-0.004927916728095033,0.33132876271979783,0.29176818427862755,-0.8550026489672632,1.234194741331809
-0.0064790719360449354,-0.006027417203022423,0.005810869032081253,-0.005146002409464578,0.35676126525524304,0.252754852836375,-0.8471221280060995,1.3150489941531907
-0.0064002176314213845,-0.006150974190448727,0.005716892552567689,-0.005344295983116146,0.3775284578027011,0.22693715753033744,-0.848399630681094,1.397179203809036
-0.00624944398096624,-0.006693441434347547,0.005511702780530762,-0.0062448387364729165,0.4370783327463312,0.18687748754026348,-0.9217021065686059,1.911887100361584
-0.006201059120781391,-0.006545971615279193,0.005427356143124912,-0.005970051693764495,0.47864089784152936,0.15126670594651412,-0.8514407082435979,1.6832820350232165
-0.0062395656333287365,-0.00622402325886059,0.005472140578696718,-0.005448838620684293,0.38356451621838017,0.14733099550730808,-0.7696344457446244,1.403533307728696
-0.0061588818750495135,-0.006392216444399923,0.005356957936693799,-0.005704554275480954,0.42414061334614644,0.12118554704351062,-0.7714080414338959,1.515348612325632
0.0077447268984325275,0.0041427549042641326,-0.006297362138015314,0.0022691087800877437,0.14755671228127978,0.3656969287178598,-0.5303296842412212,0.34584491092774505
0.008032589919520055,0.003794396866408484,-0.006294393699685719,0.001808311172907835,0.15290032788680552,0.36715866506799316,-0.46509848517404956,0.23769743127644882
0.008455316818957637,0.0036198808418097766,-0.006446267426282193,0.0013871307557089788,0.16163663031451195,0.4470265463652673,-0.44592615935812974,0.15734098573216332
0.008750788799412176,0.0032033570060670384,-0.006317725800285306,9.685471213410624E-4,0.1621896239242803,0.4028889175023976,-0.3579934268016966,0.0717192736766153
0.005472194411391287,0.005166930628990695,-0.004353049588466866,0.004042982950180494,0.17774957574214376,-0.11505809811669292,-0.28049798343308247,0.7194047035934371
0.005819901436770531,0.004954569441159708,-0.0046963680335753875,0.003800955971768077,0.16428813793632666,-0.06809178176925544,-0.331355398703518,0.6719365423707816
0.006164852062534859,0.004766930163243307,-0.005024699848735146,0.003554932383657193,0.15559715635632254,-0.009938317970334303,-0.38019062772721585,0.62036766104281
0.007304863862213519,0.0041737952357813555,-0.005931462672583854,0.0025558976988577366,0.1260151510979024,0.22349381426954026,-0.4759194129542123,0.39886582270848564
0.006893915697684272,0.004352236408142438,-0.005629609324493176,0.002915852648501482,0.12900979794954168,0.13271312816670625,-0.44857640146072325,0.47549457338715323
0.006504360182536294,0.004555946895742318,-0.005316570153133328,0.003253967563479433,0.13392932568649155,0.051411060905257176,-0.4140851087130783,0.5517116439056186
0.006509827938459033,-0.00579563823705648,-0.0057827008262873745,-0.004788158102846885,0.3001451214447884,0.2240832620827682,0.7669192201005995,1.1441826585878214
0.0066350907312286425,-0.0053007947580727644,-0.005761691282511735,-0.00407761346884851,0.2173039255890921,0.18943792124969852,0.6386941364460124,0.8481957420706848
0.006432766198297537,-0.005473886279627506,-0.005563454941493,-0.004349578038558413,0.23727766887586346,0.13451092007723656,0.6162916354677653,0.9235182971222399
0.00937837808796402,0.002817293205556005,-0.006277206462679076,4.142719320460857E-4,0.1835779736236827,0.4430985079804731,-0.283668161886476,-0.0211186964154074
0.010143328477422138,0.00219737437975254,-0.006015208560036391,-6.87450757981627E-5,0.19579305407487158,0.4295922334613043,-0.17629253060908814,-0.09660761642948319
0.008197074941097083,-0.003985306220907954,-0.0065397348002496775,-0.0018176965505019994,0.17086642262662932,0.48842449497855006,0.5317948805057472,0.25302687027497445
0.00841083640764762,-0.0036687168720083508,-0.006455360691251588,-0.0014518163671513086,0.16876116313653716,0.4589712118632085,0.4581233952961611,0.16934761746831992
0.010645780155426941,-0.002350556042175724,-0.006027518259562762,3.5731525933668535E-4,0.23181837231611538,0.5213307720692956,0.17299633504943787,-0.11934354240720481
0.009661309241673193,-0.0026335143733280404,-0.006217546877981202,-2.068530692611297E-4,0.19493529527780362,0.4450753268046399,0.24828153517793836,-0.04705049058738368
0.010446022177416104,0.0010640388217246608,-0.005632919792140211,-1.0918368048189253E-4,0.18220596224779784,0.32734030945093356,-0.08097264047339729,-0.11053195921799767
0.008951826695167706,-0.0026440180940172624,-0.006079646479511015,-6.424259509846108E-4,0.15955520302588136,0.323588337197264,0.26443290610697523,0.014834463357775805
0.008502740047170552,-0.0031007167732332456,-0.006147565483501631,-0.0010894250662273942,0.1443650128609665,0.32187705837229613,0.3348922712490298,0.0916563215869919
0.0078011397139601405,-0.004040372395936694,-0.006279438157428696,-0.002147733115551499,0.1439488804615597,0.36498618193544047,0.5114110593819579,0.31638072287378805
0.00715188268584699,-0.004783333406128281,-0.006117573701297989,-0.003249618644246711,0.1770764727144258,0.30286517082502934,0.6274472251777148,0.6113502833835556
0.007370558011426279,-0.004583843695691654,-0.006231408462250469,-0.0029163244622655298,0.15952137904980188,0.3427989731322388,0.6113850724706947,0.5224402988289615
0.007480426778219021,-0.004241762811823395,-0.006126938497765913,-0.0025241345339015488,0.14968900290636192,0.30172316611900724,0.5231073325349095,0.4012945308988575
0.006853895958296602,-0.004821216102027647,-0.005806391511879409,-0.003425137466784855,0.16449786669793665,0.1976601515181048,0.5659861321505857,0.640106778425016
0.006580697217522107,-0.004964411134058661,-0.00555655848662892,-0.003681543703711315,0.17199700877958732,0.12295172953410093,0.529623178832166,0.6987326306584957
0.006013285467851104,-0.0064648002064164175,-0.005124467883979632,-0.005783232265594219,0.4276603196979731,0.05821286035763037,0.6952594454849347,1.512763657796267
0.005895176612555174,-0.006599271931363208,-0.00492646329009245,-0.0059531420404773635,0.45299324657229095,0.013102808063856095,0.6480782293997106,1.5637738851420908
0.005954641786730604,-0.006263781169197377,-0.005038534816399226,-0.0054618771285728646,0.3720195172715048,0.02723188645815149,0.6110872167773654,1.3239272171204168
0.0061275959312772875,-0.006136561950761482,-0.005289143382451507,-0.005301052834357062,0.3545087838713054,0.08698428995896725,0.6747042204042176,1.2943619068250516
0.006291060576830304,-0.005921814999006364,-0.0054960531937829635,-0.004990057038441263,0.31580107314057765,0.13677872968045368,0.697727326684135,1.1870347767843492
0.005864596707708679,-0.007189583730102231,-0.004685548880142832,-0.006886317916966633,0.5636737471140717,-0.0142365256868854,0.6853788508980078,2.1372210752530743
0.0057852181429745905,-0.007047352343796883,-0.0046223185710917375,-0.006600030744203886,0.5843814771906729,-0.03991548575070914,0.6386823322029135,1.8842776465597446
0.005794243633658091,-0.0067527445285317554,-0.004739028608772637,-0.0061473419535566995,0.4846761205722152,-0.024259324458947577,0.6090385077674362,1.6322550544060423
0.005742457877493023,-0.006905873985015781,-0.00461217153337021,-0.006355314309350521,0.5160016797262839,-0.045925369674340764,0.5937156637804166,1.726781566329543
0.005691420901002461,-0.007168008124915547,-0.004418027071340307,-0.0067234837441109635,0.573651548687547,-0.07757068911628819,0.5787706454173086,1.9126286299880555
0.005778358980093877,-0.007320868219171371,-0.004457418076871384,-0.007036184760854392,0.8568714742204793,-0.05506390352045661,0.6166732518459688,2.1829090302000864
0.005696288158021204,-0.00745479580756053,-0.004241826503321748,-0.007168279226215209,0.6581826291339096,-0.09137333156625521,0.546616927298775,2.22164474570871
0.005614944711517626,-0.007313981114723412,-0.004215834155668816,-0.006884607618065363,0.5886370939458508,-0.10891002766626849,0.5236524886164985,1.9708595590574236
0.005544967222482056,-0.007730047808600203,-0.0037782053709942334,-0.0074230239975269,0.8407315981389565,-0.15012671516688744,0.39813375462089734,2.283358007905564
0.005618465515670953,-0.007591233601480755,-0.004013452313711773,-0.007298508950220662,0.7238702944655259,-0.12323295104704589,0.47355988809786226,2.254935304037255
0.005444530354010702,-0.007597959635465994,-0.0037636206851586057,-0.007141020528167007,0.6123244683702457,-0.16784832681033188,0.38711519658988264,2.0250313352736007
0.005521462755679459,-0.007461850897905801,-0.003977784266122806,-0.007021326483379018,0.629527457631916,-0.14318260249704992,0.4504876887493641,2.0001301761632138
0.010729293840437248,0.025,0,0,-0.03793920134634748,0.0588930662132827,-0.12674004121646965,0.005310287539852634
-0.009753948577697156,0.015144918897708642,-0.00801463458429953,3.8290602468009203E-4,0.4570016075836017,2.0800001856963637,0.6318747372191679,-0.07364196299857945
-0.009842960155646504,0.01499753324023817,-0.008325074662189492,2.6082297850787034E-4,0.551132584878945,2.292489343861066,0.7209182252173146,-0.01855335120063285
-0.009917735745480964,0.015149687812941908,-0.0080244674893754,1.283719446716916E-4,0.43771382626457184,2.046913295394234,0.6996347279788746,-0.031626329741839154
-0.01,0.015,-0.00832928478480914,-6.782108440253163E-6,0.7073709009898069,2.254139588610608,0.7943053426846047,0.030165192761575577
-0.010077397853049593,0.015137423733162923,-0.008048512213909688,-1.2127973964126428E-4,0.4499518183599512,2.0259913879469402,0.7671738646152767,0.015050700327345984
-0.010157039844353498,0.01499753324023817,-0.008325353267313705,-2.5833081170308113E-4,0.48961658815573433,2.2108782053853413,0.8639987562482824,0.08170665023867864
-0.010313910160050264,0.014990136311907444,-0.008313383867383162,-5.139362598172887E-4,0.39209087691825206,2.161241032126044,0.9298231977473422,0.13691748521320965
-0.010242334940995287,0.015137137723703967,-0.008031407971398093,-3.792189904875386E-4,0.4910340401679097,1.974931525220988,0.8295445673435328,0.06592721656953753
-0.01040014881822172,0.01514124636535592,-0.00798995829601079,-6.222085016119372E-4,0.4779990442208569,1.9115583938665661,0.8818391386914745,0.11593582286662794
-0.010470471553061363,0.014977816440745884,-0.008292518268147095,-7.802124909164638E-4,0.499485453664217,2.1062520848752935,0.9925637029639205,0.19763757755983843
-0.007039234027748733,0.014907147094025254,-0.005947339364423987,0.003590701889896687,0.15913020754872986,1.3884503403834287,-0.22281187652847387,-0.1958497551067352
-0.007229294028116687,0.015008951460630632,-0.006089033774416484,0.003367389640680569,0.17878789181470311,1.426062786780652,-0.17195536362503838,-0.20992671093368429
-0.007408286144864061,0.015080738517176276,-0.0062302248944193376,0.0031749221533196276,0.19506430560170596,1.4692315523419788,-0.1278037934050986,-0.2195026145858627
-0.0075589028855668474,0.01514331044625174,-0.006336122642527228,0.0030024163601572273,0.20926433522381108,1.4993532135847516,-0.08690799055533928,-0.2257606080132695
-0.007738555075381701,0.015138099488985327,-0.0065437614999294905,0.0028758036084908143,0.23514251396350333,1.582920667826818,-0.06031869012515308,-0.2293549037660064
-0.008055942516832454,0.015129540552519298,-0.0068993813636628884,0.0026107146206645632,0.28673075509307067,1.7264319873308154,0.00323280883709233,-0.2329890081178276
-0.007871721407681843,0.015224130863912146,-0.006580436208585822,0.0026751381970297893,0.24212332556173294,1.5751512729647104,-0.010480812118146348,-0.23092712810837862
-0.009361634306098878,0.015220088961979088,-0.007756477861575808,9.478831650498712E-4,0.4098499442067978,1.9893353940861083,0.4640313295931794,-0.14293824487770182
-0.009493605886487578,0.015263997968734495,-0.007724917916536996,7.420738890496289E-4,0.39982238658711927,1.9335742350583252,0.5161605217650621,-0.115645291291512
-0.009013586116251674,0.01523916830186623,-0.007542477898481147,0.00141828135649248,0.37953321829061065,1.923399133282748,0.32919636595104557,-0.18648779220529607
-0.009197473624972205,0.015277467131723942,-0.00757761280740272,0.0011506199533920889,0.3869837288821448,1.90179365003573,0.4013472697173571,-0.16155277660581505
-0.008280764775543945,0.015222048978303888,-0.006991595155984457,0.0022968290552962214,0.2956647551905552,1.7299326147825609,0.08746259712031833,-0.22999810004457705
-0.008505455770004174,0.015325254379586626,-0.007035531769910391,0.0019680238256537673,0.3019826388856854,1.7051038999595882,0.17291132532293266,-0.21807492960745764
-0.008701125563008486,0.015370744008704912,-0.0071153971020169625,0.0017145533904296664,0.31358165974382896,1.7114252428558123,0.23888647913574076,-0.2043703832946049
-0.008885566379248401,0.015354179390735186,-0.007267151739398353,0.0015080301322970345,0.33532712371260376,1.7675726361682487,0.29583834569506695,-0.1907563265428615
-0.009655580390120688,0.015293389145228896,-0.007714947955175915,5.007780383330583E-4,0.40022877242801386,1.8882681045596559,0.5762476808064815,-0.08123229640822578
-0.006148146321501841,0.01458130733195952,-0.005012858410783346,0.00425809271322511,0.06173458172400583,1.0725926559580314,-0.3321024865770938,-0.12925377709588828
-0.005883472317414608,0.014486516096933985,-0.004717563690250219,0.004397698034852581,0.02357590102938693,0.9810132975553414,-0.3437682181466539,-0.1122089843800415
-0.006326007673662305,0.014821447295093746,-0.005112632442066069,0.003929004370202765,0.06599795942890758,1.0893157691657862,-0.261918756415312,-0.16406836546849865
-0.006811687499343182,0.015020649605615005,-0.0055712652349964795,0.00354517272652946,0.12561196016385714,1.2255405896512344,-0.1942338659499471,-0.19501776542659516
-0.006621403865099896,0.014904650687894302,-0.005423497595249822,0.0037540139434205826,0.09079439821816257,1.1888198640791954,-0.2363375008405924,-0.18047673404323172
-0.003558737907266289,0.01328670477437536,-0.0022242638103082695,0.005158608166317685,-0.09291064981382152,0.33448906461643935,-0.2981738337160398,0.018385908588984423
-0.002287421138667647,0.013109833352772788,-0.0012635934308756738,0.004923947465890823,-0.10046157600082806,0.17284010311386713,-0.17212267365670894,-0.01693978603872741
-6.871953895836089E-4,0.01271883166702626,-3.1949850707514325E-4,0.004866363891730323,-0.08644152987292593,0.07125934217658399,-0.04705858426650763,-0.02755388248679552
-0.005260397220431527,0.01397136613144018,-0.004039550691731801,0.0049739812015589255,-0.038001467032101645,0.7849184175826691,-0.41211580456144153,-0.029572867286100066
-0.0055509870625239256,0.014445655631746171,-0.004326746638902077,0.004436888545989359,0.011480466861381405,0.8475524524457984,-0.3206805651327422,-0.1053364998602102
-0.004394359781245816,0.01391869618254868,-0.003094025989714536,0.004818248009906962,-0.05333001059275184,0.5291511225447448,-0.30562081526263113,-0.050407130842735536
0.002480749586892663,0.01563496320001606,0.001537026032332399,0.003227959211232024,-0.058089027666774394,0.3807140379094993,0.05253280075583568,-0.16763647765440817
9.041658411174498E-4,0.014257391732190091,5.340756824886232E-4,0.004020021319687833,-0.09834843716763543,0.20132791407159822,0.03701243222889702,-0.12891058277864206
0.00873907982383047,0.021624213258353432,0.0018325685416056901,1.1654916816467798E-4,0.03175415898694298,0.09823950422598869,-0.11538261159927564,-0.03646644765451409
0.006610484818756423,0.01949013510788292,0.0025637643687459245,7.890591696206847E-4,0.03475358215156705,0.3148907024774046,-0.11744348781756685,-0.11404168198028652
0.0033753838455800166,0.01725000012006321,0.001867888322015309,0.0022126547761955827,0.0016436514565451243,0.4730976284921257,-0.005812298786478893,-0.172124799343329
0.004682075036089655,0.018823382384265615,0.002113151671792501,0.0013089628129716382,0.039907543041954006,0.3912307924765059,-0.06592055605492575,-0.14311289546766073
-0.006789703249636108,0.005995072308036847,0.006302269929136732,0.005049117677641158,0.33117180619500747,0.451166630856967,1.0321327139810104,1.3602634751258644
-0.006812880963004882,0.006147433031857423,0.006419690970867776,0.0053070742647858314,0.3470690608517042,0.510537548724384,1.1250672554327343,1.5582096927041664
-0.006935465283302502,0.0060492245102820915,0.006574445382732078,0.005113974992393351,0.688548459446079,0.5809166521381499,1.1518742127403392,1.482642607157732
-0.006429078181150828,0.006314171064081366,0.005798238380016086,0.005616463267180835,0.40938621539359504,0.2657338335493317,0.9379012241800179,1.5622733438954002
-0.006577264761224859,0.0063551565897494505,0.006066406903381025,0.00570744220289509,0.6855035217134738,0.3740752428001241,1.0562285909001032,1.7071890423768765
-0.006693441434347547,0.00624944398096624,0.006249916741901391,0.005505762019452475,0.3826681004601687,0.4414848412188806,1.0930766641490122,1.6320484570334628
-0.006535884223143604,0.00619401257366506,0.005952766374671061,0.005415453919441533,0.38240200446762057,0.3162557401654866,0.9619154504904109,1.4821433567416624
-0.006655470406123479,0.006097369815100203,0.006121658684332176,0.005244128730337209,0.40005431604584346,0.3784267520489908,0.9968271811078945,1.4255652958961234
0.0018797410515292551,0.01036508444405744,1.5007643618838157E-4,0.005868689765121312,0.0033845108561018013,-0.06277679752885966,0.18381857509898022,0.3434347152103276
0.002114465760085032,0.009260486957384776,-3.450710393229427E-4,0.005914793583870636,0.09735465670513474,-0.11582875388988208,0.17801323309725545,0.537772798741484
-0.0028407255455780763,0.009432374961554888,3.9664174902095793E-4,0.00631038512132383,0.10279003238042543,-0.1092973416944676,-0.25428334221434673,0.6664630305599105
-0.0031208550188307725,0.008827760346007723,8.829187109158986E-4,0.0063117621091229505,0.18965016393852635,-0.1491019891080502,-0.21979226324509651,0.8036096854548853
-3.819028272133643E-4,0.010673154272606282,-4.9907481308185705E-5,0.005503998737305677,-0.044800335887767426,-0.07521199907683085,-0.03498967258300766,0.2071959447772305
-0.001751252102630227,0.009859260532802524,6.021848337521172E-5,0.005842463321503121,0.03764408286195898,-0.08880478597631915,-0.16523760232171417,0.4175083852875461
-0.0056026258251245424,0.00669244205452621,0.0044714908325586425,0.005970002169838908,0.43309243397870917,-0.08019285204392988,0.4860580213590768,1.4682413898774167
-0.006141359007264387,0.006364436523806688,0.0053283628272268865,0.005656262613666792,0.41105469623118124,0.10977802706739732,0.7517450114585734,1.4886960039010342
-0.006278457306763372,0.006283922607979754,0.005542527448863248,0.0055506318938181925,0.4055683894358003,0.17290826838485115,0.8172599002536372,1.4750422209765375
-0.005791696684299163,0.0065145341806936916,0.004781563719893918,0.005787065270223597,0.4160682657370071,-0.02479773373672186,0.5676962237633972,1.4394048113930658
-0.005937770843931038,0.006299115610130669,0.005013921753753565,0.005510308642738447,0.37663859459955923,0.02062508141254144,0.6087511904162451,1.3465816047956987
-0.005005220907399389,0.007094540937573484,0.0035337788379298097,0.006183173488072257,0.40813234591619524,-0.19270912381688918,0.21982494003924327,1.355614808621873
-0.005170154729647644,0.006872346070635341,0.003833380323704102,0.006001420088078312,0.4015842641146616,-0.16838414042337368,0.2887414246954561,1.3339817249082124
-0.005352048802589434,0.006666949141095842,0.00413584515028599,0.005824494506737586,0.3873649273654121,-0.13495105100078056,0.3616059021204854,1.3147378182093001
-0.003199709644049601,0.008199116218251867,0.00133102444309233,0.00606363148064227,0.19878187585654764,-0.18147740251736602,-0.1588605069835046,0.8492233303180965
-0.004307067595296224,0.007766821788826964,0.0023980165212140804,0.006433875662204768,0.3503514781355635,-0.22213833148149123,-0.03498106569035025,1.220662678918764
-0.00465207222750668,0.00738059677644585,0.0029828685859575113,0.006287811919726177,0.3788659376810237,-0.21877974598664665,0.08725821957763351,1.2873756516563735
-0.004538194268506014,0.007591027368261824,0.0027319535339109143,0.006427229003907076,0.3915660457141523,-0.2226276641368284,0.03571599459760452,1.2949129330239928
-0.003949198233860696,0.007744228156603927,0.002114604716086654,0.006191110316433567,0.29610150588936013,-0.21267098477961896,-0.0699430061019128,1.059522470813821
-0.0035360029552956524,0.007815749386649584,0.0017652528985057478,0.006007916218392106,0.24105435850069137,-0.20217474514798184,-0.10887021457936645,0.9339380501684535
-0.0046653488528755685,0.007080713097701959,0.0031562953753041974,0.005980712366204997,0.36069200783481087,-0.21239223924219955,0.12027871477502992,1.1949224937370417
0.004883361233661013,0.004934221090356026,-0.003738089684077187,0.0037885518398508,0.160754337274667,-0.1670941308027185,-0.16746349840866584,0.64757395808558
0.003821182043612584,0.005873963903259415,-0.002690737226043981,0.0045194155406196495,0.1935472401240665,-0.20591577941537806,-0.04771055751630698,0.7604797111540186
0.004410780881127217,0.005378078602808246,-0.0032833733796795222,0.004169854061320068,0.18069103183598936,-0.19251097768756442,-0.11434977376611286,0.7139323873973282
0.0023213923365093545,0.008396968172683428,-8.131611330490456E-4,0.005737983766478236,0.12161511398031224,-0.15328904431443166,0.15041797537836085,0.6538727517031876
0.002630515814201614,0.007703986637569277,-0.0012490437187096417,0.005517384609134739,0.17530829443781815,-0.17951607862594246,0.11326259867951768,0.7314884663008363
0.00312720330057682,0.006368597018530041,-0.0020156790767337676,0.004761694243039384,0.18448743700905057,-0.2041791904739323,0.021973731439844962,0.7528982425083957
0.002682000196790093,0.006997650925324276,-0.0015303985127554348,0.005094982088097662,0.16417493616059775,-0.19319234043898825,0.06999617797543183,0.7409748293913574
-0.007189583730102231,-0.005864596707708679,0.006892201982556644,-0.004676881058959531,0.30907794015732626,0.7259669313714849,-1.195877149793865,1.3278056655663342
-0.007032762724404436,-0.005774106844558347,0.006572724163763983,-0.004612192473412082,0.32685629033905933,0.5645457407994926,-1.051507350482353,1.1890394894180376
-0.006719874289809041,-0.005778447210853851,0.0060914847948546,-0.004723266008764691,0.3071238564246268,0.344401545513857,-0.8749364621335382,1.166318831596792
-0.006863705919609776,-0.0056782771853532,0.006258480591255027,-0.004530841874200448,0.2884756941210964,0.4086382321463646,-0.9030659104689142,1.1080157471431562
-0.006522394223456212,-0.005683350212678417,0.0057610890722748715,-0.004622048738289898,0.27571128251398597,0.2106101814041507,-0.7296575245299057,1.0662762488267157
-0.007320868219171371,-0.005778358980093877,0.007038870599974797,-0.004453306525082117,0.15015909672008892,0.8036622191868662,-1.211217226391166,1.2500419072893627
-0.007169695652345243,-0.005689091210149395,0.006726887470564344,-0.004413743454116128,0.3324503333174584,0.6373971484230868,-1.0724162691725898,1.1248413479277346
-0.007311105399043539,-0.005621249716235477,0.006887692301774139,-0.004226754789374239,0.32677095637256276,0.7195523094578345,-1.0987814075007016,1.07173005528589
-0.00745479580756053,-0.005696288158021204,0.007169594239238274,-0.0042397032936490105,0.3815134556997168,0.8819509978742864,-1.221220943258069,1.1736366181741928
-0.007591233601480755,-0.005618465515670953,0.0072974705692864005,-0.004015312802686724,0.4293348503290897,0.9615732662084505,-1.2267378121924029,1.0944650263360853
-0.007461266888219312,-0.005530453428817419,0.0070302119493658955,-0.003990687373945936,0.27481869306760015,0.798209722156134,-1.107199795607469,0.9920957733616814
0.01513300911614629,-0.010079999899604238,1.2571119426374997E-4,0.00805756383609868,0.5677056453597591,-0.034533346752335915,-0.7127099302358487,2.263592921504507
0.01499753324023817,-0.010157039844353498,2.6627186701217E-4,0.008324972392142162,0.5983494263469378,-0.01569029783927658,-0.7408175037040841,2.5204048353347437
0.015124331899636015,-0.010243671918114114,3.831636848292146E-4,0.008056896861136349,0.5740656750564351,-0.07716097668873778,-0.6403553321445906,2.312419973895293
0.014990136311907442,-0.010313910160050259,5.295112827880166E-4,0.008312405092543919,0.5001698882183173,-0.05956413780100056,-0.6582878646185526,2.5639850200614855
0.015105369381333944,-0.01040417757506099,6.382889896947164E-4,0.008057449413151783,0.5845474002780574,-0.11380161142548705,-0.5672390869173122,2.3646774553465133
0.014977816440745884,-0.010470471553061363,7.832483416618332E-4,0.008292365969565604,0.6717864129392214,-0.09759639622006468,-0.5740835886570818,2.6018852612863665
0.015091555432132983,-0.010560231037466087,8.843405156067212E-4,0.00803287444265408,0.5340618683767491,-0.14654544655870763,-0.48989259634323884,2.3963038614157237
0.014960584488801503,-0.010626579228399678,0.0010380370563291337,0.00826425605393653,0.8089651688895364,-0.13094480432444724,-0.48769735714653933,2.6325246055081393
0.015080164585080666,-0.010722953181309926,0.0011365423490240238,0.007984326422789434,0.5492814860998937,-0.1758010103007268,-0.40815798200931314,2.4107310510463793
0.014938455742167744,-0.010782083680081914,0.0013049111154727043,0.008226324166361427,0.5776322620571557,-0.15981089262774875,-0.3985702521393268,2.6591013892158415
0.015050019073263489,-0.010882050691473131,0.0013892772962197828,0.007953105013141332,0.5814651349174002,-0.19823266857488522,-0.3276940396125681,2.441460902488728
0.014911450597951648,-0.010936831374304052,0.0015593499620206867,0.008182004712022373,0.6623530842198302,-0.18211000265833469,-0.3096715168494928,2.681353106773786
0.014455032777517945,-0.0122699521913998,0.003774660539763294,0.007424755394048438,0.8409336553828434,-0.13039813541614353,0.4999872482102716,2.614565529340624
0.01460739069783848,-0.012267236545305432,0.0035546704015409106,0.007224834893247733,0.5438596536029365,-0.1712981155955262,0.4245902708514309,2.388038051697811
0.01452413555302291,-0.012128895840071584,0.003543471644710044,0.007537991494531336,0.7453903466885191,-0.1584626593050308,0.4135789807805064,2.6464175104377574
0.01506655356413843,-0.008360650379485976,-0.0023610656893511828,0.007306012927049713,0.502951294874893,0.5944957498670408,-1.1390051256834075,1.3503545531173595
0.01505487629356898,-0.008531579344729496,-0.0021736790495503026,0.007487552865108468,0.5232817012022074,0.5400406661469033,-1.151911964055774,1.4937815438188784
0.015150386021953406,-0.008680338213150672,-0.0019087709207178238,0.007458061703321822,0.5047173082137532,0.4573068141517533,-1.0881492250114542,1.4986821330109603
0.015209953583525145,-0.008859967754735841,-0.0016370715378777499,0.007493111720687839,0.4937478844691184,0.3797278011405381,-1.039130663361654,1.5522954250279641
0.015253470443570508,-0.01001253391172556,1.8784006035772087E-5,0.007830625327523577,0.5014604646587055,-0.007970695127148006,-0.7145406331997621,2.0588325716739964
0.015303815077641223,-0.009867401404797664,-1.91961326932799E-4,0.007729837183559859,0.48220379959304954,0.03376981202068636,-0.7544237585446735,1.9407860306362121
0.015228512318625782,-0.009347351956998418,-9.642455074206594E-4,0.007735783852677822,0.5032882237891128,0.20313696655234,-0.9421055874601143,1.8208640871031008
0.01523536283336329,-0.00903690811590718,-0.0013895726033214763,0.007564283725827964,0.4888624107104553,0.3124587344925663,-1.0021326529230077,1.6337414598469182
0.015238910054630626,-0.009201629538877097,-0.001163822026521809,0.0076492534896091145,0.48911676224749207,0.25377041659453675,-0.9704951605762576,1.7259670331370962
0.015312439001205736,-0.009698039013396362,-4.3531674107029605E-4,0.007689531486419846,0.4868830518863812,0.08340048456896172,-0.8074399879539692,1.8674262631499359
0.015306145117262547,-0.009496137133163144,-7.243080334113326E-4,0.007648962426330126,0.487093689007391,0.146676059665414,-0.8684922856404366,1.7895251199113438
0.015234855372408682,-0.008243967068627539,-0.0023217228183685583,0.006939825070890107,0.45245128324275674,0.5624072748809543,-1.0214848773458025,1.1060985052726242
0.01500807007961965,-0.007187020279544025,-0.0033868664993186135,0.006033915807893888,0.4428208333890737,0.8517157868643371,-0.9119340743366884,0.5567891018807072
0.015419190633612757,-0.008063642334712653,-0.0023172401573041796,0.0065171986903694995,0.3922393046185844,0.5325711850338194,-0.8984307756847684,0.8580312521385344
0.015353716494630123,-0.00784404298050485,-0.0025618650211584,0.006390103186359061,0.39656609472346144,0.6001226202559388,-0.9001548947572741,0.772805261221548
0.015271887698786008,-0.007619443375781518,-0.0028143868679015374,0.006254688594924353,0.40421525065023295,0.6719507004573092,-0.8983730973722442,0.6888008539292826
0.015136468098956768,-0.007399259144577262,-0.00311125789844506,0.006157683045131572,0.43151933072811305,0.7646251999926785,-0.9115473523828547,0.626000843935531
0.021555385550700034,0.009103876147640678,-7.569451909945585E-5,-0.0018925598610916197,0.017619591208812447,0.007660314918169825,0.13476089791797494,0.05473438576742866
0.01902097973723852,0.007121291153844422,-8.175024768128578E-4,-0.002965841175568367,0.05200597472528961,0.13591023176741993,0.21422816312300896,0.016428498409331815
0.017037230330430288,0.005908917958626744,-0.002035229806378259,-0.003503270359234111,0.14527898646572068,0.35391877442970276,0.2786421865328914,-0.033743958520500716
0.014543653806296363,0.0037311879418067692,-0.004137396558568853,-0.0025034472558722195,0.2807714945125151,0.6633395514779546,0.13407778044011234,-0.17760534207619225
0.01623266921787063,0.004210988008218763,-0.002842924995410367,-0.002644392666449712,0.17089220866512356,0.4674833466813179,0.17553776327850726,-0.13749167891893485
0.014194085652334076,0.0023444902432888793,-0.0042065740158472855,-0.0014555943242762547,0.23983635823099733,0.5755264795966302,0.028755877669276973,-0.1826485300583786
0.012199219582271437,3.9437862046250887E-4,-0.005075355362133059,-1.6803734521227432E-4,0.21363076383837143,0.4077251948737799,-0.012176037645109262,-0.15384769201177748
0.01068365895188402,-6.683360199168674E-4,-0.0055366181666633195,9.56502601216448E-5,0.1697618099465443,0.3197954241588477,0.04490424249036964,-0.1249652934997466
0.012323303854898998,-0.001621500844401013,-0.0051920581299072,7.31157006630466E-4,0.2455690130188495,0.5147147083439498,0.051460954744826655,-0.1681620361692591
0.01435601981592106,9.583824280540798E-4,-0.003970890762723931,-5.716727431592299E-4,0.20641710349071404,0.4488246796292506,0.007004431485561342,-0.1701254325970121
0.013851391619560042,-0.0046045346481647,-0.004945127383254321,0.003294293264995089,0.4313531791566642,1.0142688476074204,-0.26511152523401776,-0.154147528993009
0.013570176619107897,-0.00405801595720404,-0.005071842592212107,0.0027135489269276003,0.3950022662427396,0.9368190465893537,-0.14870219772334,-0.18915913019156316
0.013077694415981337,-0.0030836217458867113,-0.0051731204061281205,0.0017924258220352789,0.3146939781972437,0.7595644266795639,-0.0017997555614739924,-0.19993462206377102
0.014061799949082812,-0.0050847043856560165,-0.004817209357462242,0.003826506341391151,0.4344977384287749,1.0529981994965338,-0.3748503919996269,-0.10456511515864177
0.014169707890522375,-0.005559458602334466,-0.004767838226435234,0.004381844429612244,0.48632787184935794,1.1420773242175242,-0.5405061011434263,-0.0019671357863092973
0.014395157879460965,-0.005906301828865009,-0.004497005623969688,0.004769613640060656,0.4638858004055778,1.1034952837721903,-0.6328095607738554,0.0850246438371861
0.014536209747152681,-0.006488352012765212,-0.004261686320549913,0.005483237144743654,0.5084328864007911,1.1317441009624682,-0.845365381791379,0.30596603450039744
0.014458684544060588,-0.006241144237086769,-0.004403712058019326,0.005187835901262802,0.5051909489248134,1.1436497333708424,-0.7672825916997961,0.2110322759030324
0.014884811711163237,-0.00690866216587063,-0.003670650354983304,0.005794395718044261,0.4572587770081776,0.933837611294776,-0.8739427461455186,0.44192402261128816
0.01477435534482325,-0.0066474757536301434,-0.0039040773202140403,0.005541308329696221,0.4562936023712411,0.9961747372300048,-0.8238495999032819,0.3378222478374175
0.013981386228482584,-0.0023139711016621706,-0.004348137190223618,0.0014070799259913922,0.2512176307678874,0.5597566012602684,-0.02023485747174663,-0.1816107962943385
0.025,0.007110403506374492,0,0,-0.11872969715765073,0.005981026477690614,0.1161961785406475,0.04855034957219687
0.014381534484329045,-0.012408766398519247,0.004018639735469481,0.007295616574635227,0.47822895249842096,-0.09718628184406562,0.5852000930571609,2.576825778744599
0.014549676917645318,-0.01240993947203243,0.003755728395569625,0.007091903654763578,0.5614724501629856,-0.14642724337398397,0.4929194583198894,2.3375649476608165
0.014460272179321105,-0.012543117175627847,0.00398760677582798,0.006994354336436067,0.5847255043811143,-0.11148842080712063,0.5733713974484353,2.3228337746370684
0.0143037118419788,-0.012545204192439473,0.0042374496573537035,0.00717086276293213,0.7257003848547519,-0.05870731156951154,0.6654831206094676,2.536755078208948
-0.006147433031857423,-0.006812880963004882,0.005307117749112869,-0.0064195907911301165,0.6922007375745647,0.13010019760887323,-0.8676037623094656,1.9758724013973383
-0.006089563971336518,-0.006657081650961865,0.005231368133139107,-0.006121021042440501,0.5029802834156777,0.09784451054863642,-0.800021107414108,1.726734842346753
-0.0060492245102820915,-0.006935465283302502,0.005108986417210435,-0.006578480852122878,0.5507276503632582,0.07660535561792935,-0.8101255355987619,2.0343197860172593
-0.0059947992200136005,-0.0067828535190520905,0.005050640744003857,-0.006289607904893615,0.5211799323417171,0.054333040383838065,-0.7571937872647706,1.7886764860387265
-0.00577835898009388,-0.0073208682191713715,0.004464523030637459,-0.007031661184639976,0.6799160465068752,-0.058913237483187435,-0.6160396223027047,2.176981336919564
-0.005678076549693716,-0.007165884881394296,0.004398098113897859,-0.006711499341860243,0.5860776523835965,-0.08065203035048096,-0.5696720644116456,1.895900139984626
-0.0058645967077086796,-0.00718958373010223,0.004687035998838655,-0.006885323989266462,0.5879948542961865,-0.018499921876241086,-0.6840150950591326,2.133806257060467
-0.005778225255291921,-0.007033442167967815,0.004617425209953268,-0.006574297970646335,0.5874799996876487,-0.04082218953160519,-0.6327865271821419,1.861774490579662
-0.005954915005069573,-0.00706107377027107,0.004904759769316847,-0.0067320562120578645,0.46919897328013915,0.026963405840042618,-0.7493899733838575,2.086176886973769
-0.005882508104647211,-0.006917872808798369,0.0048282638937090705,-0.0064521379253407105,0.5838629501725228,0.0029422905514026113,-0.6951548037739435,1.837200576814493
-0.006392574931407119,-0.005831363611834969,0.0056212166540861785,-0.004852232078904284,0.30205667119526763,0.1721740036123657,-0.7199780525548873,1.1454846728952852
-0.0062974514802624955,-0.0060143610873933245,0.005525424602883934,-0.005127465878138334,0.33776597866850816,0.15164930238236443,-0.7324579242201247,1.2556149988030327
-0.0060226380062776514,-0.00648859699163068,0.005138020736966834,-0.00582298246362075,0.4325990814186373,0.06291938812509194,-0.7071582889333201,1.535638323814556
-0.006100665689899404,-0.00605650661529791,0.005239868570808609,-0.005178331763574692,0.3318818602136329,0.06892272144897804,-0.6385209337668488,1.230201708792327
-0.00599498328057514,-0.006259295924921614,0.005098002217574514,-0.0054629972577795154,0.37568924885591637,0.040350450554109456,-0.6319810218306664,1.3379677832202561
-0.0056962881580212045,-0.007454795807560529,0.004238009389396336,-0.0071704498941553745,0.7496966048189914,-0.09440731384792113,-0.5457471797878112,2.215337404645272
-0.005586970407384849,-0.007305519713535637,0.004180555612533019,-0.006851375679912039,0.5888005523435096,-0.11533026064430034,-0.5067992955573991,1.9334446694505771
-0.005618465515670955,-0.007591233601480753,0.004006190996919616,-0.007302492826675325,0.8426710414298566,-0.1251914424685619,-0.4730534224121931,2.249453240391947
-0.005505678139737084,-0.007448400576789083,0.003966006746939165,-0.00698964718461715,0.5899378998591159,-0.14480359222747075,-0.4442341547017397,1.9716240625580508
-0.005544967222482057,-0.007730047808600201,0.003771252118520096,-0.007426694322106191,0.9629770394164504,-0.15154139261682412,-0.3980603136044048,2.2798349866327
-0.005437450444831835,-0.007593270045142688,0.0037582095735350187,-0.00712865902594123,0.588648002505867,-0.16864940711585638,-0.383575102600557,2.013435747659848
-0.005475864446977091,-0.007871104159928416,0.003546214972712233,-0.007536822865692149,0.7556981957487215,-0.17401566156408377,-0.32160108930947623,2.302337398311977
-0.005385859526044222,-0.007734510890978184,0.003564602333109026,-0.007265087353659616,0.6162787638542805,-0.18654357995251147,-0.3270569934586231,2.060665152222834
-0.005411225499911389,-0.008014263716568458,0.0033168981897313,-0.007640437064615767,0.5807845291463173,-0.19243221485472217,-0.24378093762827927,2.3162516432807343
-0.0053147020614375574,-0.00788586284150429,0.0033282776639417424,-0.007382959394138866,0.6835977542927151,-0.20533384505438382,-0.2533999590539877,2.0807110331823044
-0.0053511157673393935,-0.008159381790995318,0.0030728904943296705,-0.007741693759086755,0.6623211931847636,-0.20525976753437936,-0.16389295425079808,2.3234386252638712
-0.0052380054486688005,-0.0080250642635753,0.003092862994251228,-0.007467600687859952,0.6794927554726967,-0.21946751789033006,-0.18112635570132832,2.0734696446782315
0.007505434153896346,0.0036771164104798353,-0.0058374301275764115,0.002035266201754846,0.1135461141351685,0.18774377230096598,-0.3883907950812349,0.275687951573732
0.008019016941066645,0.003147571085386635,-0.005913250793834751,0.0014016157423783562,0.12325958754327351,0.21912275149911858,-0.32364906259701726,0.14293759174871676
0.008542338573624802,0.002596338784479047,-0.005911692741584656,8.462298112195367E-4,0.1253468270925281,0.2543516008382067,-0.2586940568674473,0.04367959608250454
0.005360359612150855,0.004655259163949866,-0.004178310046964568,0.0035196648590161543,0.14189492976014398,-0.12985750743703342,-0.22275049246874493,0.5957609234280707
0.005797201108025779,0.004567936114301311,-0.004594510752512194,0.00340171181439971,0.1415704708683337,-0.07958894424483878,-0.2865671999153893,0.5754621140588648
0.006059500943494178,0.004238988625718388,-0.004778492966098591,0.0030392363334398593,0.11246359721422074,-0.05186072657296368,-0.29260092115652064,0.4955882143392671
0.006890246473005715,0.0037971426223246674,-0.005392115227674326,0.0024058118422308015,0.09649464617748238,0.06558158325613962,-0.3439410224372832,0.3540109486868975
0.006502750171760606,0.004119657167414191,-0.00516027935733212,0.0028240648698061623,0.11617958636563556,0.01637902689166017,-0.34175765068829334,0.44713829985787273
0.004713608965442736,0.004259983809733722,-0.0035425940655899094,0.0031652468762162975,0.12114640170864228,-0.16995750293231882,-0.12795525122122442,0.5430686879377838
0.0062277098531880746,-0.0056392226780246045,-0.0053383154735345524,-0.004594179830100417,0.25894911590200137,0.07450290128387642,0.5795108514482948,0.9894511919794017
0.006334607817061325,-0.005142374473799442,-0.005330130157151186,-0.003950588086783399,0.19196461799405798,0.06683310755254702,0.5026173435296376,0.765525980869016
0.0061826002355386735,-0.005366525933753091,-0.005209504289363714,-0.0042454920923772526,0.2174526922197239,0.04164845452128189,0.5046753625292714,0.8523146701885175
0.008945666172387703,0.0016795477968800038,-0.005684173221582896,3.8101439447283487E-4,0.1166586784577117,0.18783580293829158,-0.1457492333799181,-0.02649557016569678
0.007888671252090222,-0.003500156800309484,-0.0060233145568537256,-0.0016973297539910788,0.1199723835605441,0.2544121554682206,0.3861013368903819,0.2082080957152286
0.009363631677635646,-0.001590259189147469,-0.005744032515969223,-2.1743107164623744E-4,0.1364063646817469,0.24767817181778579,0.13855098108140743,-0.05968907869347057
0.009123996263654996,9.388251403583195E-5,-0.00547505666592878,1.4896289389351406E-5,0.11499646859247471,0.1448538721874386,-0.010694366288916651,-0.05933958504779293
0.008249145515402751,-0.002180639357331774,-0.005615285908770932,-8.085731177807882E-4,0.10746811931898581,0.1376057288786918,0.19395761680301196,0.04743573430248723
0.007804752031277425,-0.0028049325135211384,-0.005638812426582327,-0.0013062136292290951,0.09473779536047792,0.1355377733844471,0.2621593878613808,0.1331135351051835
0.0073162339271757235,-0.0038055529709825724,-0.005752092589132215,-0.0022361413230592322,0.11881990455944669,0.16529899285903468,0.3978310889975449,0.32093773045962887
0.006958130113008847,-0.004352252146188052,-0.005689553525713132,-0.0028901216087439782,0.13123135462034743,0.14711866569745838,0.45749403542737227,0.4713839878868685
0.006582251034182804,-0.004614875958963559,-0.00541945694938778,-0.003294943374483248,0.14597043460674966,0.07781559589418784,0.4403390249477949,0.5665884693032579
0.006223176224430818,-0.00475133688488141,-0.005084219376664474,-0.0035274938231487467,0.14943444664471703,0.0035524989314380593,0.38986375967920767,0.6148810697022803
0.0058224558251077805,-0.0064005323392099115,-0.004839352063373402,-0.005628793431869296,0.3878823998574412,-0.016217019041384954,0.5641462866715988,1.366520472543974
0.005687141962453003,-0.0065554313148577445,-0.004622988033531414,-0.005808059738704339,0.4090374101950777,-0.057213172250238246,0.5139684689017817,1.412791889360782
0.0057695551629282655,-0.006205332251449705,-0.004773876745371049,-0.005337288101320577,0.3420206723045999,-0.03937741108264862,0.5008302698219352,1.213176240654101
0.005856037355824978,-0.006022302533420326,-0.00489074272670915,-0.005101408579947299,0.3149627333681046,-0.02067074361906873,0.5078212347894014,1.130046749072349
0.006023289880997278,-0.005814794605478705,-0.005097830602447386,-0.004834047250137503,0.27681916384944416,0.019575821926445035,0.5372900246586361,1.0507012448043105
0.005606699390738257,-0.0069967081578995475,-0.004373313993380374,-0.006411963997050193,0.5120213788299773,-0.09003960498103634,0.5112004199088457,1.70180270361902
0.005578651042067744,-0.006767220860416399,-0.004416048875754661,-0.006064878067287471,0.44977910760018414,-0.08948892436758771,0.47702577922236117,1.502687321624608
0.005475864446977092,-0.007871104159928418,-0.003547301340523577,-0.007536097830887589,0.7078371761755841,-0.17233960579344573,0.3218159599384259,2.304967756714087
0.005377135560020511,-0.0077453852626355795,-0.003544537327892424,-0.007270658930284457,0.639958338525379,-0.1891855714855798,0.32046475552460235,2.0590256827239695
0.00541122549991139,-0.00801426371656846,-0.003303242137100133,-0.007646289434598178,0.8905597226046233,-0.18967858982566732,0.24272769741291886,2.321582892136858
0.005255567785996024,-0.008029782907381494,-0.0031078440062077867,-0.007490407047390652,0.6493777618717517,-0.21799445805147502,0.18792566804458868,2.098280445481468
0.0053511157673393935,-0.008159381790995322,-0.0030705388150552722,-0.007742736611294993,0.6791594052988889,-0.20252589410968339,0.16383803995484925,2.330150523108452
0.0053083273728855756,-0.007882224369460619,-0.0033258816138030793,-0.007373072260534074,0.6398533642942931,-0.2063160501836183,0.25351018008860704,2.0709584953858315
0.0055108806739453745,-0.0071390266472522185,-0.004166859343482542,-0.006556787286491548,0.5328532948297355,-0.12099534086774133,0.45615584796066155,1.7387822666645174
0.005461644647632631,-0.007320144402316131,-0.003991267797632864,-0.0067756892065484785,0.5705833463184696,-0.1422559713619119,0.42123781882006106,1.832805853447431
0.0052916303105495985,-0.00761647499952386,-0.003548027341599337,-0.007029998974699808,0.590337014986138,-0.18843963718239579,0.2937623315038016,1.8807169138958166
0.00531121645801425,-0.0074391842766572324,-0.003709020584592867,-0.006818810098690105,0.5537748190075992,-0.1743084028169142,0.3264373138683192,1.7807998346585447
0.007110403506374536,0.025,0,0,0.1558263522218422,0.04428049746104479,-0.10973592519937865,-0.0023179903018824516
-0.009827452177374433,0.015308983004310326,-0.00771477829822492,2.4983516141711504E-4,0.40367699342097246,1.8484611451239343,0.6380035609551054,-0.0418232775008292
-0.010004592834504238,0.015309319697877405,-0.007724628855780072,-7.582940709286288E-6,0.4069277930225445,1.815756454073285,0.7007834214734089,0.0021477619327532633
-0.010162250181389164,0.015271507705606636,-0.007787259298848144,-2.4034953459232852E-4,0.4157199870317784,1.8224725338589878,0.7633431864830844,0.045223776918885066
-0.01030986787176037,0.015305217790673202,-0.007703297761435726,-4.502563102778228E-4,0.3991946229551158,1.7358826217737635,0.8005849365496384,0.08891734489338211
-0.011090665429940793,0.014879595159429932,-0.008129581227466268,-0.001812771131559232,0.43559774425841274,1.8563010648928902,1.206972445392123,0.4783212437209599
-0.01093683137430405,0.014911450597951645,-0.008180922338796654,-0.0015653862650812714,0.6520728687517814,1.9240952741047066,1.1597871708635707,0.4044130591377327
-0.011047325196289101,0.015026809901555045,-0.00788650554449634,-0.001642630619287283,0.474249045953349,1.7089003704935906,1.099788674435256,0.37692660222316715
-0.010782083680081914,0.014938455742167742,-0.008225184002642298,-0.0013126212239314235,0.7291878529875492,1.988093441963812,1.1078769255704923,0.3322906349686784
-0.010877183991648425,0.015065866679164937,-0.007925972968970034,-0.0013723149048012406,0.4288762334326735,1.7694471132738305,1.0464240725311462,0.3006601269305507
-0.010626579228399676,0.0149605844888015,-0.0082629782131608,-0.001047788659561052,0.620511500063322,2.0484237224130726,1.0518193583114928,0.26286719092705757
-0.010725768630552546,0.015104854499275495,-0.007936035467501405,-0.0011280691519034612,0.43240511860294,1.806974517780553,0.9919530769466879,0.23527506222508365
-0.010565520779188967,0.015130743278184955,-0.007956505469633791,-8.77079248667923E-4,0.45216172937367,1.8541103342292995,0.9368358724684528,0.17336197514378504
-0.010496678192749373,0.01530896440628532,-0.007650382594000798,-7.160439992216183E-4,0.401400641598941,1.664356060418885,0.8509646722601126,0.1461022266285148
-0.01240876639851925,0.014381534484329047,-0.00730544207031562,-0.004000987471012935,0.34890493557186497,1.1371258119427676,1.418195812269209,1.2520942314978107
-0.0122699521913998,0.014455032777517944,-0.007423574775179097,-0.003777416195215408,0.5059148715198187,1.2218374730941304,1.4163506385751399,1.164651680508809
-0.012411369885155892,0.014544231326062366,-0.007095744223679396,-0.0037651617599979595,0.5154457476034552,1.0423356141959255,1.298808734568495,1.0743621768860565
-0.012128895840071584,0.01452413555302291,-0.0075352909295767845,-0.0035490350407836823,0.6611026257776855,1.3065079822849701,1.4081857133175084,1.0744548657761344
-0.012254556577949665,0.014618673420283466,-0.007228024049929088,-0.003527797496197771,0.4692673344564195,1.131842916473782,1.2981959980385354,0.9868162725672828
-0.011985736283431542,0.014588774500088612,-0.0076464560211193695,-0.003302674654117979,0.43696141148276046,1.3906910966045214,1.3944451206465855,0.9829207188348524
-0.012119472437234187,0.014690704606557067,-0.007317068682563633,-0.0033055223620424706,0.46939764815277035,1.197276362515513,1.2843536268100022,0.904538953485431
-0.011840618209004684,0.014648884232660605,-0.007744450798045682,-0.0030660401913355935,0.5602777874034984,1.4730442436906246,1.3760053256622304,0.8952897794907994
-0.011971645029901355,0.014743533037021545,-0.007433142876456195,-0.003088459675154722,0.490438451832909,1.2811699580529892,1.2787412207785123,0.8321507866327874
-0.01124342629880737,0.014842921746160493,-0.008066271269195457,-0.002076331968745395,0.6953672006558488,1.7844819827035474,1.250905804952037,0.5580426306993183
-0.011202976877598235,0.015001749061885417,-0.007814954025986852,-0.0018790743392022087,0.45983208563160766,1.6346745233163358,1.134345397199307,0.4419594253391462
-0.011351231442974202,0.014953355265686398,-0.007772344507143896,-0.0021198741517820725,0.4536523255626192,1.5820272658636325,1.1758104451393352,0.5153021716549926
-0.01139495244676372,0.014801469324203571,-0.007999024482798062,-0.0023222109685596334,0.5302651605105683,1.7103162333804498,1.2896912479357179,0.6388130519005356
-0.011693686304088876,0.014704405031812392,-0.007834751838214138,-0.0028270120514851207,0.710020588265578,1.5533993378605386,1.3519525038154165,0.8079660774425079
-0.011813679299485699,0.014805744209747413,-0.007532203000236152,-0.0028415904212899822,0.4467663037335878,1.3629263238011136,1.259489317307752,0.7465236312849809
-0.011545084353673888,0.014755282782341356,-0.007923468719896522,-0.0025678268356202102,0.4101317669147226,1.6333847593654152,1.3228201024516175,0.7206068467934165
-0.011514749901359287,0.014908231021836433,-0.007693354166116159,-0.0023740774308456513,0.4929880222297564,1.5053804742841101,1.2091596897112564,0.5940988972741886
-0.011665493955794373,0.014871539528241412,-0.007597216996238161,-0.0025964255496660174,0.4621178131894918,1.4241266339929946,1.2283758747070876,0.6622869435258378
-0.007017539700509516,0.015182364668202697,-0.005678683561055861,0.0032693626961525705,0.13342920625969265,1.242124750559144,-0.1339363540838133,-0.2095808224328509
-0.0072653485486359635,0.015228877817125282,-0.005914506191591524,0.0030907746893876174,0.15099837736120952,1.3189559071582742,-0.0969213421288145,-0.21832521495118282
-0.007435176262539581,0.015288299338805655,-0.006041779420095368,0.002923122947490382,0.18348991879085552,1.3529899753945216,-0.060065475050142494,-0.22317759486860828
-0.007664919307858418,0.015410306483827685,-0.006146234730473733,0.0026450462926789495,0.18280082483893237,1.3668570440229462,0.0038592058477182087,-0.2264316247765221
-0.007993146882546355,0.015396706345492372,-0.0064800028529764355,0.002400734678609382,0.22545030472511354,1.488207217521299,0.060883636460510655,-0.22776198306119375
-0.0093652783415077,0.015388425856190557,-0.00745549832128786,8.756233888234419E-4,0.35744947675065686,1.7807501971760598,0.463371003284003,-0.12824161873782944
-0.009535894563766146,0.015443827160446197,-0.007414676348671759,6.29430470890265E-4,0.3524154547865877,1.716436906348209,0.5184276129145601,-0.09574039163432074
-0.009034726981748743,0.015446919301241903,-0.007203196038699387,0.0012716114359817632,0.3194505021025628,1.695324151050558,0.35264549069101153,-0.1693619920992008
-0.009219646136079207,0.015487546477565612,-0.007226553283242637,0.0010228655599960645,0.3257177313565355,1.6689553068508816,0.4134528396522198,-0.1432278785982088
-0.008254019714833496,0.015541018438830458,-0.006521555147209472,0.0020430711702245454,0.23235066498703527,1.4590198683194646,0.1483476536579055,-0.21644974335408948
-0.00855051233897845,0.015589213415540296,-0.006681073188784278,0.0017208286686724165,0.2546404231578448,1.4877546146721092,0.22679776288068812,-0.20010281099166424
-0.008840157093121428,0.015583121477700568,-0.006877094475293459,0.0014193519526410454,0.27696447879604263,1.5408652578187156,0.30415793806257524,-0.17920173761170516
-0.009722339265234749,0.015470095635086684,-0.007409704927852416,3.7379425950296056E-4,0.35112419010293516,1.670378423402427,0.5782649397305598,-0.057504276384370744
-0.009605701198805425,0.015602242912769407,-0.007161290116782212,4.997299018885224E-4,0.31268750727518474,1.543793085814303,0.5268623150763451,-0.07441429652028275
-0.005829557350546579,0.014941847584524576,-0.004472627944143198,0.0038687021577823552,0.008863977730815485,0.8823055078631087,-0.20775066090991018,-0.17051747575762669
-0.006523751077677609,0.015344035535346169,-0.005018344490615224,0.003282818278658783,0.07967543174032511,1.0097451222611327,-0.11031944529691894,-0.20611098937220024
-0.0015412489723241486,0.01453474054666401,-9.351653367243168E-4,0.003901131886109656,-0.09719442161138457,0.2466133519551277,-0.06388834191362235,-0.13265087241399434
-0.003311353472291885,0.014678696654144832,-0.0021726671247832736,0.0039801638057623415,-0.07618379321210351,0.3906457218039196,-0.13507360400753535,-0.14218886895216346
-0.004887331261513765,0.01482856985876167,-0.0035218448958625717,0.004002428757472371,-0.04246415378466755,0.6415058213121828,-0.19271348950489967,-0.15346306688447817
0.0011455666637836754,0.01675535357979908,6.474392881826866E-4,0.0025174009713619353,-0.028949805803505955,0.39980469876458985,0.008031888285813929,-0.16756879537309308
-5.538382078891085E-4,0.016088589920083635,-3.266082990518914E-4,0.0028988425658343,-0.041266285734167685,0.36114029061590397,-0.008535541635318068,-0.16649781855433268
0.004879201464255853,0.021633180771810454,0.0012272602278693909,3.8548503114703723E-4,0.11683651630249305,0.1431373513007931,-0.06035103979639984,-0.0859375576696759
0.002394992890698175,0.01946280516649964,9.731048808952018E-4,0.0011606661922267997,0.057289416038366785,0.3322984639262456,-0.02964319951070207,-0.13781332476807526
-0.00706107377027107,0.005954915005069573,0.006741299126962272,0.004891669710861081,0.3010567758777548,0.6545476289535237,1.1755914803976182,1.4031626738380572
-0.006904862386382018,0.005878805467582114,0.00643201031611024,0.004826315904258809,0.3102521628844988,0.502713067102876,1.0398218596128226,1.270755931774759
-0.00718958373010223,0.0058645967077086796,0.006895246336885677,0.004672614456086072,0.12430218380407904,0.7297138141589103,1.195136911304271,1.326928772281991
-0.0070339418754224205,0.005795665933345538,0.006587134213945023,0.004644609242414783,0.365373262607543,0.5722469079913437,1.0654757970730724,1.2123199025519718
-0.00718539509314137,0.0057151704091863344,0.006768156068090655,0.004443754731118201,0.3074353078798238,0.6613507491996525,1.0982907812770195,1.1533549913663403
-0.0073208682191713715,0.00577835898009388,0.007028655505641163,0.004469425971726597,0.5940477418654521,0.8056546930826333,1.2087122357514304,1.2505434232852282
-0.007454795807560529,0.0056962881580212045,0.007170286510681982,0.004238272296943102,0.2562799554106983,0.8838584002611652,1.2183303164935682,1.1697321968833891
-0.007591233601480753,0.005618465515670955,0.007296124305193978,0.00401778692079444,0.4940539228311174,0.9616430239174155,1.2236936297743408,1.0923915314151833
-0.007450090969450932,0.00554249473453348,0.0070251929811945,0.0040149766578267305,0.28313108254726244,0.7953781945290462,1.1130749091520318,1.0069737926463158
-0.007314520549930044,0.0056150028840000355,0.00688872574534793,0.004215037833760075,0.2827936377576687,0.7202686601947904,1.0993047586707592,1.0696970225969664
-0.006745391319852894,0.005814393030190872,0.006146862179208589,0.004772583713978539,0.32067165844309,0.36888516965626333,0.9083459590726212,1.2005843053217122
-0.006650745525586987,0.005957715601436971,0.006059899040036937,0.0050170468673919,0.3443642742427285,0.3426588721937195,0.9222608972707633,1.3014602578562944
-0.006366385313005391,0.006134457559677873,0.005658552956355746,0.005317505173709015,0.37765930918427676,0.20319588493528773,0.8197401231663918,1.3763943915080914
-0.00649594854638115,0.00601396624373448,0.005833780259402031,0.005123269196886721,0.3445261426684511,0.257189800162327,0.8511957334910348,1.312796564273972
9.63984800452413E-4,0.008890980614940947,-2.223193882122738E-4,0.005495298008378094,0.058370174992578454,-0.13884663224982738,0.07705147844960615,0.4837446291318929
-0.0022665191957745357,0.00856044631406477,7.213661388386648E-4,0.005775720539977234,0.1185171229296351,-0.14984731273428117,-0.15606613431897184,0.6366597059465483
-7.658350183174566E-4,0.008812977976989975,1.9224932488233641E-4,0.00543988598395203,0.06059255643202282,-0.1377404875140109,-0.059140225734217476,0.463921279060622
-0.0054929803448151475,0.00642152685482341,0.004376772842457545,0.005554294996427295,0.3621498736049746,-0.10436845421028414,0.40620630865519924,1.2374878740572404
-0.006129280773608429,0.006144924353505776,0.005292660159298635,0.005313654655859846,0.35674917623680474,0.08734777306853003,0.6775365854932638,1.3034915764175798
-0.005637367031341947,0.00620279535204319,0.004594045339155985,0.0053033598133078825,0.32370762826332117,-0.07253492578456143,0.4438137643022406,1.1658533178485515
-0.005829935584821185,0.006021497663416174,0.004854968517581315,0.005095688122917773,0.3060654980313658,-0.025986050021471526,0.49848349645876894,1.1210730802919608
-0.004818868969091841,0.006760387601343497,0.003460814149670854,0.0057020309036851504,0.33043717085979485,-0.19786701953286337,0.17775707427422563,1.1437554914358425
-0.005092805650190828,0.006620117824590584,0.0038228420979409053,0.005656558859803528,0.35399637918409504,-0.16840585734709956,0.2669544774344028,1.1894359929969698
-0.005240479286512221,0.0064292908426789135,0.004051724160304731,0.005477883028444499,0.32739654877136876,-0.1468988636717051,0.3120375490312019,1.1558233630747958
-0.0026519554251275093,0.007698499364298553,0.0012631696900985436,0.00552392131693263,0.17916783160094152,-0.18115788071527972,-0.10972347512783313,0.7336681728395916
-0.0031726590703980203,0.007609901392152865,0.0016281761503030533,0.0056881915423065135,0.21244232925386025,-0.19635901028686947,-0.10187245162563541,0.8371039369656623
-0.004251761243465951,0.007310747847146329,0.0026295291227276525,0.005989513794406745,0.32035767115673214,-0.22052332532415098,0.01549582136602884,1.0943552576732982
-0.0035615488626699783,0.0072634393084599624,0.0020659303915561804,0.00561203923906032,0.24335094599289878,-0.21030455823497993,-0.056009278423871926,0.8866843150054283
-0.004383927413545287,0.006680987466326427,0.0030303110497774816,0.005442014586338689,0.27966168284039017,-0.21166843913347846,0.08783878631518617,0.99443418920059
-0.007730047808600201,0.005544967222482057,0.007420830181698295,0.0037823485746484183,0.3848264765807223,1.0409241973112469,1.2249816378570195,1.0135261510277929
-0.007587020626184382,0.00545569519693085,0.007139328487252683,0.0037864701398752387,0.25089168277252577,0.8622476418614814,1.1107192607535081,0.9273690432211622
-0.007871104159928416,0.005475864446977091,0.00753927139138236,0.0035406438568699405,0.18615331597826698,1.1218222555630106,1.222495400461438,0.9359701680757299
-0.007726519878521793,0.005382179510399705,0.007254353425064843,0.0035675289709406204,0.2964075676357809,0.9328076683169398,1.1109119687134204,0.8585747507835562
-0.008014263716568458,0.005411225499911389,0.007641985419879473,0.003313098047343249,0.5146290339447508,1.2029389916647146,1.215611344998678,0.8609838713683672
-0.007888590571217973,0.005319629183129847,0.007393546314115714,0.003332176403749037,0.2817238311123372,1.0269646006769733,1.117065235039606,0.7905350499272475
-0.008159381790995318,0.0053511157673393935,0.00774604930144123,0.003061698922501246,0.2529591336150835,1.2856279785232607,1.2040893219466193,0.7837960380385883
-0.008032075669999158,0.005244086531406569,0.007483925994722122,0.0030926917735684266,0.2831941788263712,1.091325469185897,1.1012745277451221,0.7140323795246809
-0.008306313695911127,0.005295594968187608,0.007838154623144022,0.002817899840905994,0.28624979344065454,1.368221939235738,1.1888929060109106,0.710457786537883
-0.0081803853937702,0.005194507371418568,0.007590703587447688,0.0028715148934672645,0.32957310936762,1.1740997483507234,1.0965510892716386,0.6525448999339157
-0.008454915646326116,0.005244717217658646,0.007919861104520514,0.002579165308705527,0.5433521685745589,1.45031691665595,1.1689004308445614,0.6381393016244777
-0.008343899288793947,0.005142322583730135,0.007696346358154547,0.0026220869787990514,0.30719298691867686,1.2645921965897087,1.084611621067493,0.5830611792846399
0.0030130744785031747,0.005702869396823263,-0.002044729104649691,0.004219228410105138,0.16751700063141003,-0.20209308497312345,0.0035955197728444383,0.7028991220605552
0.004088090076672894,0.004576573571473604,-0.003012347577322188,0.0034201850594317604,0.1338841394731085,-0.19150830808390065,-0.07993470216208587,0.6016070587087213
0.003492404943879132,0.005041719127105528,-0.0024986605008442335,0.0037582360792959295,0.14772207740132212,-0.2012141449404081,-0.03572726865593858,0.6578670330332724
0.0016099621418025237,0.007402448670551948,-7.914989659353327E-4,0.0050504434877705244,0.12820533692711863,-0.17229827877176015,0.07534747074553687,0.6460782172893316
0.002215046593082112,0.006100983608047943,-0.0014000579503717211,0.0043672500128223235,0.15739888609844968,-0.19152420909262655,0.039244741419049746,0.691262149623772
-0.007014175417026906,-0.005588590324248969,0.006428983094729882,-0.004340226593964561,0.27512249247411097,0.48063394001463616,-0.933198896688424,1.0525502647769438
-0.006677028791433201,-0.005573604286742847,0.005936429663386589,-0.004433780789056443,0.26244158903398285,0.2679113769077944,-0.7593077975141397,1.0126781268625693
-0.006839138549753275,-0.005485290093692173,0.006121006555433204,-0.004261106626559965,0.2503631376101407,0.3353315809365472,-0.7953503832816121,0.9687266340309112
-0.006283309558880516,-0.005574807756022749,0.0053961005835026785,-0.004502562292110817,0.24721666537922485,0.0892969963896829,-0.5862746028600379,0.9623224109058403
-0.0064709253621172995,-0.005446734111122629,0.005604309973673248,-0.004305610965376411,0.23360933701867617,0.14675785445953327,-0.624344570936067,0.9139932181076184
-0.007730047808600203,-0.005544967222482056,0.007424251533439288,-0.003775810873814569,0.19455119924840578,1.0425110108822777,-1.2281821305110976,1.0148111246666143
-0.00759509017032249,-0.005449032964677899,0.007143550532029085,-0.00377230344685114,0.2899299292967124,0.8628408121056683,-1.1066205775541234,0.9195142824112467
-0.007739153305349741,-0.005388921518463182,0.007275715439349537,-0.0035650295178011548,0.3018276090718104,0.9456722469776064,-1.1166113393210038,0.8599733492876115
-0.007871104159928418,-0.005475864446977092,0.007535673794503654,-0.0035483912553566067,0.39875551013352023,1.1230320718694728,-1.2252056718733784,0.9386547290035442
-0.007166716582144958,-0.00550216241521108,0.006592531242460161,-0.0041409537306072676,0.26075563257640816,0.5545175819803813,-0.9582370408854678,0.9938472839010347
-0.007328312619400432,-0.005473921495759239,0.006798866284454866,-0.004004968996419083,0.2699441919067241,0.6611510268232251,-1.0135046802883805,0.9676905774479835
-0.007438334239981567,-0.005344187322886481,0.006846592982037871,-0.0037543343251796786,0.25780670532940975,0.6794937989162332,-0.9801988267932032,0.8757037867934957
-0.00801426371656846,-0.00541122549991139,0.007642051996427086,-0.003312797206368343,0.4658295831543224,1.204445854120875,-1.2179871693522695,0.8616508154339645
-0.007894967737777817,-0.005311481605911982,0.007392902581881538,-0.003316609645084649,0.2634990900513787,1.0255530762072758,-1.11059948321266,0.7809143409213659
-0.008159381790995322,-0.0053511157673393935,0.007746141428999664,-0.0030615724973026086,0.24077941491477703,1.2866494348276085,-1.2065811485802893,0.7848266120055101
-0.008030148338306979,-0.005242428677114284,0.007479833320316472,-0.0030937170100948414,0.2866993938945328,1.0876774271021306,-1.0972003526220941,0.710907190528045
-0.008176525356810687,-0.005195170490544772,0.007587995848995094,-0.0028761751611568113,0.31654427353460773,1.1712687755930313,-1.094204953611501,0.6517042395608666
-0.008306313695911128,-0.005295594968187607,0.00783673683064243,-0.002822025757398918,0.3693871187373902,1.3683422810722383,-1.191304258873957,0.7119850752130653
-0.008334891715346753,-0.005138786418485898,0.00768516518900507,-0.0026284566317809274,0.2822233278989817,1.2550743958631445,-1.0795262850752911,0.5810607257853163
-0.00845491564632612,-0.005244717217658645,0.00791817048361458,-0.0025845419789280026,0.6124125731584845,1.4494212625598442,-1.1713432094297593,0.6396607438222812
0.01502007854608904,-0.011039540970542414,0.0016373587652466469,0.007905672540228349,0.5330066243869956,-0.21627321551742937,-0.2434036260568684,2.4599518788588153
0.014879595159429937,-0.011090665429940796,0.0018072216823834676,0.008130808846447544,0.884256453204566,-0.19889241785067321,-0.22033407239387812,2.6960618662435785
0.014842921746160495,-0.01124342629880737,0.002069463923486351,0.008067964861291136,0.6649521307698185,-0.21091502515632507,-0.1286213967074704,2.7054844037607206
0.014999250673842009,-0.011200845842902901,0.0018798666810433378,0.007822835770150043,0.5383144252173824,-0.23016791272738843,-0.15924827852426238,2.44894659747359
0.014801469324203571,-0.01139495244676372,0.002321815995939216,0.007998994079943046,0.7135482509915149,-0.21675611358853739,-0.037776081371630334,2.710926649777273
0.014958673145693447,-0.011358950519249376,0.002126318506012231,0.00775849975465067,0.5657787893745966,-0.2376579718665048,-0.07472352064160605,2.4557306459107107
0.01467625001632953,-0.012109497346784138,0.0033146979047540136,0.007349464953729341,0.5944056383638666,-0.19631682694127228,0.33977534879293975,2.424215230649589
0.014588774500088612,-0.011985736283431544,0.003313679618809884,0.007641708091396686,0.5149988762179518,-0.18171927551894182,0.32616893788258894,2.6712137928433735
0.014648884232660607,-0.011840618209004684,0.003063215260080078,0.007745473438095719,0.7903784597558642,-0.1989478098234174,0.2354443250839201,2.6914918272464408
0.014750636553136812,-0.011966989016677814,0.003075720327300507,0.007430017224970471,0.57652346103509,-0.2156808889699446,0.256625425837905,2.426138722606734
0.014800089391947394,-0.01182043248997646,0.002856670622092237,0.007534070639131036,0.5743065333447639,-0.2277043290723486,0.1800526939951318,2.45400053172742
0.014704405031812397,-0.011693686304088879,0.002825665449018145,0.007835296478175912,0.5710079771746842,-0.2109265624623834,0.1451122384710372,2.7042479094682492
0.01475528278234136,-0.011545084353673888,0.002576682004596845,0.007920586596015737,0.6166504837880473,-0.21695377223071807,0.053899345918968146,2.7105371129379665
0.014915831598813887,-0.011519362795248499,0.002372544841703034,0.007679039016897453,0.5610430732212909,-0.24001928717220697,0.012385822645170562,2.4503505913579553
0.014863717560782199,-0.0116656578919622,0.002605745014247107,0.0076108342343783235,0.5972907110098631,-0.23695102439503476,0.09218503130794581,2.4527319392540554
0.015270013183894612,-0.010161782296837486,2.3973589521654673E-4,0.007792519421341613,0.49869156192716496,-0.04613881842780863,-0.6518000659299902,2.070528946373645
0.015249475064497295,-0.010345233120166766,5.14238447479735E-4,0.0078020089361511445,0.5008480647323913,-0.08994993864566096,-0.578528516551765,2.1319454643150304
0.015198825289117663,-0.010491566226072122,7.434118475096982E-4,0.007857298029393061,0.5240413318496742,-0.12344196799973603,-0.5182734242096023,2.222213868384448
0.015226572407718249,-0.010645638460892434,9.575194421843673E-4,0.007750869239283084,0.5143818114183977,-0.14900476777919167,-0.4475000864773873,2.183845091539163
0.015213749245031303,-0.010832266281185578,0.0012275766872698833,0.007687470140758201,0.5047739531775733,-0.17691661919901314,-0.36431185896797585,2.192517838233679
0.015136215723260543,-0.0109786286614149,0.001474874905443819,0.007740799288000375,0.5299324354210421,-0.19943364339897546,-0.2918015512522462,2.2868058037172894
0.014732615455696844,-0.012401270729928757,0.0034920251206731977,0.0068872411441129175,0.5103494503263789,-0.17245245392873712,0.3772022004369668,2.13958145438596
0.014752758747446859,-0.012234353760047464,0.0033292265661703504,0.007084521065412072,0.5309322768192176,-0.18999949545980144,0.3301643139750338,2.236793286312719
0.015415165773530205,-0.008945254167282176,-0.001398285665083693,0.007204358643510193,0.4338482411158946,0.3051169134205724,-0.9176576369478636,1.3733985849838761
0.01528781423328985,-0.008470052880255105,-0.0020383260093802895,0.007064214806319287,0.4510793388972275,0.48092987975668067,-1.0045442736494252,1.2093733281882812
0.015387861913267097,-0.008730740115294075,-0.0016687679880326627,0.0071098931543695796,0.42884772743170035,0.37630344156433365,-0.9470010441963241,1.2752613367062093
0.015417898904303786,-0.010033767875618906,4.869436906631374E-5,0.007528451041521758,0.4531006156581475,-0.011128127367947967,-0.6640087755814293,1.8290447620310952
0.015454776923627794,-0.009826558874541312,-2.3453054349408558E-4,0.00745245312434958,0.4415966427605573,0.041548363518089805,-0.7195311655830993,1.723675218415056
0.015391902373595237,-0.009321160171540102,-9.324734593359171E-4,0.007432477492227017,0.45286561065620606,0.1935362023678254,-0.8726277980080842,1.598667469533356
0.015418996859812479,-0.009130295711287057,-0.0011672324040975374,0.0072995520979792184,0.4397736730501775,0.24761359931878468,-0.8935193767036652,1.4727533589090116
0.015480943018833364,-0.00963434220474491,-4.8823319247768697E-4,0.007374947428098092,0.43082570587478614,0.09339674082263393,-0.7641960197046327,1.6233342622883196
0.015505382998491479,-0.009463458543756128,-7.056045357297264E-4,0.007288002696314409,0.4195051493342511,0.13931513079708963,-0.7962179653246272,1.528394553893412
0.015600459449286067,-0.009056872046814912,-0.0011662025473408895,0.006966781745313119,0.39298455476548544,0.23706792459163678,-0.816427976665264,1.238592858312393
0.01550556159499324,-0.008312142740050241,-0.0020173666318917837,0.0066164520786406,0.3855229169840739,0.44758436392265294,-0.877145198732144,0.9402502610692606
0.01562960221858045,-0.008118907179728067,-0.0020876785548886332,0.0062937702201568205,0.348579842357709,0.4601375880332407,-0.8184682596667582,0.7748067355383644
0.015252398079585778,-0.007176555675071892,-0.0031052807393547733,0.005788485074775739,0.38722609894978627,0.7390826206523782,-0.811230294164648,0.4742739444382214
0.015143223414516944,-0.0069551958231758625,-0.0033364460402615565,0.005633285978502635,0.4069416561200921,0.801224712627149,-0.7926424396863372,0.4029275041161927
0.01561207088848128,-0.007869611650934975,-0.002299792467401607,0.006103918716409649,0.34652282055123546,0.5096715879698829,-0.799661474457921,0.6695471071982907
0.01556399374692718,-0.007605615776872874,-0.002528506656666598,0.005915557045590678,0.34158549302174207,0.5678851885358127,-0.7820928066740666,0.5698580793828104
0.015469514010069782,-0.0073306564222873315,-0.00279172129612425,0.005743283962377699,0.34737338206231566,0.6384411545634188,-0.7679706756156297,0.47931534375514545
0.021938049030708007,0.005435543330248158,-3.0376992839316726E-4,-0.0012380838245823072,-0.081513773292664,0.08797995442021685,0.10625426393038932,-0.037235435282334965
0.01876896599024369,0.0036607673793183633,-0.0014121103392541765,-0.0016675213828140716,0.024760444690469473,0.2509302011173818,0.10625247503685466,-0.11554782293248277
0.016053079182061385,0.00220239650086064,-0.002961817228886737,-0.001322403878562957,0.15040334158279145,0.4237806440364777,0.055613672876030196,-0.1654371005061457
0.014432645464115507,-8.442158330332478E-4,-0.003916224726780749,5.0223904064622E-4,0.19975210992930897,0.47715099267203037,-0.004876903923013391,-0.1732607021913901
0.01597089660429652,2.720166888565789E-4,-0.002976207043762889,-1.6009862054983503E-4,0.1388867312145708,0.39833839378911,0.004214377403517446,-0.16319442426822653
0.014345789378833627,-0.004384423302544755,-0.004403695248661493,0.003097019012572675,0.33428151631791175,0.8358449020058608,-0.22748344935214973,-0.15667281599076258
0.014537119769994881,-0.0033928514343087796,-0.0041095837305132705,0.0022293337647720703,0.2697116987944461,0.6339087449740218,-0.10142679649901028,-0.18328889865671957
0.014765572127096713,-0.005369981366558133,-0.004063672033414608,0.0040240738786269095,0.3736715895212171,0.8498920672229807,-0.4045157273983819,-0.05700480940545067
0.014828065006728805,-0.0061874386164643275,-0.003942767591843845,0.004933045548205673,0.4211216056165589,0.927023754637861,-0.6439829387722519,0.14579358347652357
0.015151010061857513,-0.006607297666718307,-0.0034571454583016245,0.0052268820130917165,0.3816915017316078,0.8059375773837819,-0.6843316790761175,0.24624696464337856
0.015536167637422198,-0.0026276656506811014,-0.0033138848947022177,0.0016376179011246925,0.18320456670029353,0.48412722976660144,-0.0695297305786469,-0.17130763776978572
0.025,0.003548999430447187,0,0,-0.2818938619155394,2.5715762742294177E-4,0.06642239793158257,0.010800966720875174
0.014221641019906124,-0.012679131780828632,0.004456639341198665,0.007036576931290602,0.822971217242785,-0.015725638261368323,0.7434175258551347,2.4889426906266614
0.014380433133151588,-0.012687168904898245,0.004205157924671501,0.006854626358363743,0.5224035402594801,-0.07287026605527268,0.6480461716893654,2.272647552758839
0.014639540562307577,-0.012559595197608393,0.0037357050261560124,0.006773524200996513,0.4998602400169218,-0.1438405515104224,0.45791145326561455,2.119393946287492
0.014518568156511487,-0.01266581854917051,0.003979952789074543,0.006747280498851623,0.5212588529428274,-0.10923322871619257,0.5479211993296172,2.1555335909537328
0.013797497494953674,-0.013451191999008886,0.005417921103468829,0.005960070518540445,0.5119106278387778,0.2408844766138026,1.0258129064122272,1.947806061399828
0.013750556019033763,-0.013306558565652453,0.005511578487098428,0.006244970763937871,0.5157713400753343,0.26759011168635555,1.0835630294524008,2.1841042091720637
0.013644843410250553,-0.013422735238775142,0.00569608861651634,0.006077059001154152,0.8326669636519993,0.33541939048994623,1.1382062458597588,2.1113276437724178
0.01413540329229132,-0.012810416269897769,0.004686334790169075,0.00688570696617662,0.528313971595038,0.032211398566225936,0.8195612445371717,2.435599320719164
0.014309737679468304,-0.0128239833387431,0.0043932012057720515,0.0067035376410774445,0.5342314317460155,-0.03615465732977668,0.7083313165203492,2.2099480213292417
0.014045084994930427,-0.01293892622972893,0.004899094857010027,0.006736177131490769,0.558450248610537,0.0846381010779907,0.8909769975389884,2.3807354338522084
0.014212548744100807,-0.01294828715234593,0.00460771024039252,0.0065826457459728606,0.5708013671329938,0.011091594691995063,0.7795376359389478,2.1765493846309845
0.013852566968142575,-0.013187119036995118,0.005312466481679383,0.006415026344736334,0.5395862623766551,0.2029594831125543,1.0237129744184588,2.2525368532857417
0.01391333299736834,-0.013331843538134484,0.005211762143142864,0.006120384704507143,0.5554885975945445,0.17420904737097673,0.9651503074628361,2.0053608616764564
0.013950775489717909,-0.0130645347166975,0.005100319842691207,0.006585055347841875,0.7958946893274604,0.141431869943868,0.9584303131599924,2.3198417139443643
0.014017229474677666,-0.013217904741266684,0.005017794264754225,0.006262145519013537,0.5233163956404524,0.11693720887392829,0.90632306703594,2.0544211930811476
0.014107657660904441,-0.01308139010961198,0.0048302334781897644,0.006437730950725826,0.5267655299954073,0.06671457568017626,0.8523492662127374,2.128639063103421
0.01353553390593274,-0.013535533905932737,0.005893351688338942,0.005885848928444695,0.4919307434679698,0.40745979253205816,1.1899086734158626,2.032502100613882
0.013697868021464039,-0.013579745086794865,0.005582493817125206,0.005764697599466857,0.5033173605871415,0.2980119616714791,1.0644756833979494,1.860947359837411
0.013422735238775142,-0.01364484341025055,0.006074487844157644,0.00569895969332911,0.5071224643573766,0.481614796221889,1.2359081221918722,1.9545864248284548
0.013581201840711302,-0.013682702169922352,0.00576701847505015,0.005607296869640358,0.5433267020282195,0.3661348431985576,1.1137476431184912,1.804069505136079
0.013187119036995118,-0.013852566968142578,0.006419879708535405,0.005306588172383425,0.49808639073788186,0.6373949813668454,1.3124348602278775,1.7861470501573045
0.013064534716697497,-0.013950775489717907,0.006582342030702573,0.0051038455464576405,0.5544503779345605,0.7178175932339791,1.3430980202886904,1.701229955414621
0.013217007055813438,-0.014006947538392905,0.006270764931678771,0.005033654676869898,0.5179162108316583,0.5813983424840342,1.2209969734575579,1.5722471975678518
0.013450036478941912,-0.01379613767146139,0.005963615012910872,0.005419219376253621,0.4942152832128856,0.44566802946171385,1.1629304370258682,1.7319623711178964
0.013306558565652457,-0.013750556019033765,0.006241944212898019,0.005514938145045258,0.8268663804904707,0.5579672088359496,1.2762349096994663,1.8730093952160611
0.013341916570443504,-0.01391342672748277,0.006104352421112634,0.005211421943152664,0.4846928575665396,0.5063142806058053,1.1857865400875136,1.6397801252694089
-0.00547719290880399,-0.007146610284940785,0.0041151715478734896,-0.0065443830930046595,0.5261290897823181,-0.12721288587852822,-0.4357504146971268,1.7160741487083142
-0.00590405479351225,-0.006617609037391484,0.004936902982445732,-0.005985379771187103,0.4583619406735702,0.016659170285437935,-0.6576916836877822,1.5831577328389184
-0.005847586826885236,-0.006778521341933009,0.0048145544403473415,-0.006212515296587399,0.4948240268590709,-0.0059064145308739685,-0.6476070472761315,1.6871089246433442
-0.005581528722228036,-0.006998480176792479,0.004335315561394679,-0.006399687101152852,0.5071505418791924,-0.09574815590181636,-0.4954445741516675,1.6835423873616424
-0.005706303296920022,-0.006867012149057334,0.004571035654309876,-0.006276162174215452,0.4878733238387328,-0.056272651151718374,-0.5639252561413457,1.6671656818611538
-0.006105526019235363,-0.005799539430063113,0.005206828185701301,-0.004814776951561721,0.28140658812945846,0.046419201334028166,-0.5696521955921598,1.0591912380232424
-0.005813099806620981,-0.00642856581798455,0.004822843607119796,-0.005667031472133713,0.39452987455020966,-0.02052835557697352,-0.5629865207673102,1.3833476977091232
-0.005865802036095288,-0.005985313375250908,0.004901814323922047,-0.005052316854857473,0.3021505950738745,-0.016769023567176997,-0.5076684857053877,1.1114157116194312
-0.005747291132240923,-0.0062127572336325605,0.004742486094932849,-0.0053422391977093866,0.3450563894983884,-0.04393845290485741,-0.4932897650364108,1.210383576195296
-0.005385361894630397,-0.007296167051517755,0.0039028261699438804,-0.00668546490411212,0.543244751948937,-0.15332443068861082,-0.37837505345148315,1.7485917816156935
-0.005309321976895435,-0.0074493309171749485,0.0036996398391682408,-0.0068303354707760005,0.5622907757085972,-0.17432180645086867,-0.3252525190328615,1.787389745000681
-0.0052595252889908045,-0.007604948911078731,0.0035173486947638432,-0.006987908794027989,0.58299337845949,-0.1902221167513252,-0.2803203846261735,1.8429819247525872
-0.005251260451581908,-0.007766870920007266,0.00336759549853896,-0.007179417590344274,0.607288091663796,-0.20106383642656378,-0.24781264623974075,1.9357965024518307
-0.005295594968187608,-0.008306313695911127,0.002825100707098913,-0.007835515453243035,0.709663055292061,-0.21238398056838323,-0.08396053232794849,2.324412928821047
-0.005169012852668562,-0.008173724789647091,0.0028520962002813607,-0.007556016485802722,0.6622408110982737,-0.22882564574302036,-0.10836463247163587,2.0695542255708532
-0.005134257136804314,-0.007883069122735672,0.003122066661889776,-0.007206105880936549,0.5776694741832978,-0.21456528967235153,-0.16833473487933057,1.878993350283156
-0.00504730337079393,-0.00803378523482781,0.002877651168957712,-0.0072873219970988916,0.5749380025453829,-0.22261834174658943,-0.0975577198881904,1.8632064805350932
0.007109729665300793,0.0030343406922110094,-0.005271684685003198,0.0017294505601150917,0.08610689638987723,0.03498283888615306,-0.24833604504584342,0.2191750616300219
0.007736920656754711,0.0021075669962512546,-0.005350479144325903,9.589851389356822E-4,0.083416783066542,0.06310081146496217,-0.17502730458257257,0.08360387669383441
0.0054601780444156,0.004027252998375734,-0.004181047815564332,0.0029267214306796996,0.11103848521261771,-0.1243473315963365,-0.19297654977973597,0.475200508639834
0.006158196924977408,0.003541156040627129,-0.0046922142154472305,0.0023957309192006028,0.08946121898049494,-0.06602534676800371,-0.22486608619149995,0.3597876527922761
0.00391382654380386,0.0037203450507584403,-0.002851588919775629,0.002709649319061503,0.11446308736262874,-0.19016415404941642,-0.05852206724030134,0.5361312274194879
0.004621040360273039,0.0035026562760541308,-0.003407056489318236,0.002531283593811977,0.10535156973918888,-0.17384735789306754,-0.09453929766435243,0.4697622253974229
0.005926714289005619,-0.0054626760132254855,-0.004915499203935837,-0.004379980311068613,0.21886718132521857,-0.021865251607400247,0.4403919409083192,0.8684061485137727
0.005936640244646428,-0.005049409038951624,-0.004844921707103913,-0.0038959098845617922,0.1767229998373265,-0.04210898978893558,0.37047118416533664,0.7050445464292323
0.0076102295445869324,8.822828318045416E-4,-0.005043998872643147,3.972827726230281E-4,0.06970074976037288,6.273229592516754E-4,-0.06771506799843753,0.048266931497522585
0.0071879217506472665,-0.0030954999284150335,-0.005356209962058892,-0.001750762847884689,0.08883655961477323,0.055379733950683734,0.26541246557402215,0.22122249849832532
0.007768193530747135,-8.23082023780261E-4,-0.005107424570168562,-3.487655749109145E-4,0.06950578991526936,0.01705273590199614,0.06147236015407559,0.029730900604489546
0.007195281591076331,-0.002147649708316156,-0.005071206219366257,-0.0011334754592200664,0.06887301769722394,8.487130254930239E-4,0.16045094199650897,0.1319100204983972
0.006635401515213535,-0.0036031888815233138,-0.00510401748456493,-0.0023313914434173553,0.09833547972767907,7.840935464012115E-4,0.28196813385375025,0.3392847064242039
0.00629401051275727,-0.004176384805575139,-0.0049814413215271474,-0.002931939190048568,0.1168475868309046,-0.018445895244724935,0.318632530777938,0.4708396692284644
0.005887959728865648,-0.004544859339034028,-0.004681492214033536,-0.003368282011486038,0.13299100969555744,-0.06621851341164026,0.29869028664451075,0.5662173507379172
0.00559683495816165,-0.006307745851905051,-0.004531704602122597,-0.0054334169407129354,0.34223442213101096,-0.08344563127208525,0.43687729862508246,1.213352896273111
0.005435478177017391,-0.006505064568571858,-0.004286044906195212,-0.005645258342652026,0.364988729353458,-0.11792280542777343,0.38725410209008043,1.2631427490644433
0.005576403387094796,-0.006014845440464081,-0.004521339409541831,-0.005045374133483604,0.29149708652013423,-0.08659315702101839,0.4005973173127925,1.060214233317837
0.005678081201249125,-0.00569292997801417,-0.004639509318852924,-0.004656600793340041,0.24389806004203066,-0.06936622530008564,0.3975848085410086,0.9347514328359577
0.005389694107668884,-0.006930353442318887,-0.004095560590415659,-0.006192925825057836,0.4514682943756001,-0.1368507567289616,0.3835844182854282,1.4936117965885247
0.005324223826671787,-0.006694289199303505,-0.0040917041057873,-0.005848240358424078,0.3955119385482151,-0.1408186711138291,0.3511895715055678,1.321717966842929
0.005295594968187607,-0.008306313695911128,-0.0028300582084256364,-0.007833724136547614,0.5983929981981416,-0.21033316379835187,0.08492261389419292,2.3303460469590775
0.005186207343644856,-0.008186854673349722,-0.002854741443156964,-0.007587206991449199,0.689298576427498,-0.22819724770196645,0.10894461845474952,2.0962120336460015
0.00512170475577827,-0.008323808592415743,-0.0026265541598131863,-0.007654815652806042,0.6624869150135054,-0.23324586402065225,0.04058928259483718,2.079575361651291
0.005244717217658645,-0.00845491564632612,-0.0025760688344580638,-0.007920778957659958,0.7174474057254151,-0.2122303859031939,0.004649591597444605,2.3243377460695647
0.005119284627553752,-0.008060669765260505,-0.002925303752495693,-0.007386754727987487,0.6065811723120201,-0.22352577727114825,0.1172990828211767,1.954709152144946
0.005200786066541929,-0.007737607286916599,-0.003333664058316859,-0.007098710172357004,0.583056310314884,-0.20432040121043146,0.22691255205215208,1.863992205256962
0.005129200792831926,-0.007895055105199522,-0.003104817924476904,-0.007215765297531145,0.5884861630783887,-0.21660881414391372,0.16279511931105953,1.8801507330095928
0.005245007231561866,-0.00717104279747217,-0.003790575887255774,-0.006424099922791796,0.4756406846436309,-0.16955392223643212,0.3120211024549731,1.5488821757565727
0.005123244265973588,-0.007559432200737589,-0.0033861354065325036,-0.006819639293662396,0.5250373482810478,-0.20037220195601604,0.22167215506916857,1.6846308681206026
0.005090672036520998,-0.007347163258370053,-0.0034937057762710402,-0.0065403960112916295,0.475828233618557,-0.19376032038026633,0.2336353597814917,1.542069214958692
0.0035489994304471924,0.025,0,0,0.2814507173825251,0.008510072432250363,-0.061479846433587206,-0.004944448308793574
-0.012553491956507257,0.014489284443119031,-0.0069477173218954824,-0.003952063910838772,0.5109965687841688,0.9522114436331562,1.2829194822358403,1.1382995550358312
-0.012545204192439477,0.0143037118419788,-0.007174017766984717,-0.004231747164061154,0.4086660270747792,1.0508904482037609,1.4131981323815934,1.3404753130675553
-0.009910516251208805,0.015486486837018415,-0.007402322988188965,1.1890130749759777E-4,0.350927319350229,1.625557104546538,0.6350849438005364,-0.01580568020562507
-0.010170127153471629,0.015473959946032841,-0.007419856919959666,-2.317974771047447E-4,0.35702627510835055,1.584595265076216,0.7119328181121636,0.04633084020792234
-0.010384047038036616,0.015500522583351934,-0.007340950797485263,-5.136189806590267E-4,0.3503571088094965,1.495877000236174,0.758042462855681,0.10188315140794586
-0.011157195735670852,0.015173894549660956,-0.007553248397839119,-0.0016883163705714648,0.4095985190744798,1.4837237492068882,1.034754035083652,0.3870326727527069
-0.010991260818199372,0.015156840107083753,-0.007693420277020452,-0.001478080928196726,0.4304204263135151,1.5978177023445148,1.0213437094519433,0.33064198866774575
-0.010849760583627108,0.015251146172645553,-0.007608630896797425,-0.001231097557277133,0.4144303510160003,1.5715700993017112,0.9528045226955467,0.26674141050988137
-0.010673360933398946,0.015291140217737823,-0.007619501629883258,-9.694950537178599E-4,0.4042141781196488,1.6105248034199382,0.9001066427929217,0.20390202499219653
-0.010595359948389026,0.015482867056407274,-0.0073140432252619195,-7.945856641272763E-4,0.3478969362357864,1.437994114711705,0.8102062532909976,0.16288547514693505
-0.012543110842930506,0.01467205755207725,-0.006760749449235176,-0.003678417178030878,0.4079634718009138,0.8623954808849948,1.1703718098470535,1.0186029298955537
-0.012383694075038646,0.014687470629967076,-0.006963954769892424,-0.003540497951980298,0.43288914930820976,0.9806962031174443,1.214501676677671,0.978541559220268
-0.012264480176870173,0.014802355368288209,-0.006981384101924885,-0.0032906041477575696,0.41976913609989347,1.0046367296534922,1.1770259081078829,0.8854049710498169
-0.012106099446616777,0.014881034312273972,-0.007077301701696363,-0.00305166856704013,0.40972439233349295,1.0732791751271848,1.1643269406232404,0.8042160763147947
-0.01192992333088209,0.014882210816997192,-0.007284452065775307,-0.0028788602187272082,0.43467093605852114,1.206696440086767,1.1939135101188019,0.7521551518151736
-0.011328017161907093,0.015133917748819664,-0.00749024472726425,-0.0019372843840761752,0.4168742761754382,1.4175984151964955,1.0696381514064985,0.4568516369201298
-0.011468876987241531,0.015047174771416396,-0.007511067211409683,-0.0021854663471050284,0.4276399800044709,1.4055970432545262,1.1233998113959387,0.5320914681716615
-0.011790943307603195,0.014986899272021943,-0.007286575811234034,-0.002616081077173595,0.42067151579884715,1.2280096116467139,1.1462455527110256,0.6635830448642145
-0.011625397128259345,0.015045238581076942,-0.0073669508060731645,-0.002372063124104314,0.4109194219921591,1.2963867500542978,1.1221667232749724,0.5877962710241961
-0.007235923021534918,0.015584526496473836,-0.0055503707886386915,0.002732443482058137,0.13304755815763536,1.1328584377213666,-0.004578717872127474,-0.22039063108430554
-0.007843037728920301,0.01575174240555147,-0.005922253980962306,0.0022057774427064925,0.1700104691477541,1.1987049081180066,0.10867874578727976,-0.21202271764986394
-0.009372862300440746,0.01564481144466714,-0.007027135165979693,7.747309104769607E-4,0.29858589996223056,1.5101203619243508,0.4555803510809292,-0.11092865125668662
-0.009127889431726634,0.015680108654004515,-0.006877819974609186,0.0010475945982849873,0.27160912352413485,1.476554571435406,0.3878050195516409,-0.1418259998442524
-0.008312716150552107,0.015878749566334945,-0.006129129650162358,0.0017365488340296655,0.2080361092155911,1.2170737583873608,0.20657556688285186,-0.19074018792275937
-0.008682544019336451,0.015845083931569155,-0.0064051273189906725,0.0014298576587273692,0.20678196633273416,1.2924457580367628,0.2813908788103595,-0.170975561225418
-0.008965932363076662,0.01586368222510514,-0.006528837530718682,0.0011349611948998771,0.24753126730095892,1.3052641304104715,0.34736605510053714,-0.14528139022475128
-0.009775297590288005,0.01567958761533451,-0.00706221563774618,2.7470671904895617E-4,0.3001402159505581,1.4536779611933233,0.5638693988709432,-0.040103735527152025
-0.009582780453181708,0.015764520021538046,-0.006892743158710549,4.928354127456205E-4,0.277850484051453,1.40111586543523,0.5043378029145472,-0.0716475719454204
-0.01281041626989777,0.01413540329229132,-0.00688586131808932,-0.004686336248003693,0.6546003496552905,0.8826264346724108,1.3888039249448443,1.5218444466368777
-0.012679131780828632,0.014221641019906124,-0.007028088953775299,-0.0044700552764430496,0.7381470939915443,0.9653226991447057,1.4033720988290195,1.4324335303823326
-0.012838668557935203,0.01431349774718519,-0.0066780163794881815,-0.004393721727158535,0.44528406774051404,0.7938527459697823,1.2663809635986405,1.3091122397245936
-0.012704122015850805,0.014420375001452088,-0.006789328761089341,-0.004152691017419893,0.4635207012852926,0.8602469549517279,1.2643230116675552,1.2095082136659359
-0.013064534716697497,0.013950775489717907,-0.006577097358153305,-0.005110631829655488,0.7351281727800553,0.7193684947031548,1.3443954698456475,1.7004868269040279
-0.01293892622972893,0.014045084994930427,-0.006734703955118854,-0.004901044822258511,0.6871825516666424,0.8003640085276528,1.3690559014234538,1.6113607077811274
-0.013100966728290758,0.014111644139902688,-0.006403885558258237,-0.0048275612657681715,0.45336170293901334,0.6471862773932043,1.2381640376802363,1.4866492284258237
-0.012974812870327352,0.014213498986736503,-0.006540272078820258,-0.004615399284319578,0.46401584954898484,0.7171991142215958,1.2538094914046531,1.4000830027691489
-0.013187119036995118,0.013852566968142578,-0.006417571672356422,-0.00530952454737403,0.5596576101860217,0.6399412529577319,1.3146550635612853,1.7868283347521554
-0.013222409591665601,0.014004242783289492,-0.006263898221444602,-0.005038641970564455,0.4858254081887085,0.5774218093743229,1.2189024833042161,1.5770678056001588
-0.013339804517017911,0.013910524140605746,-0.006109549126824087,-0.0052162558041109796,0.49494877218757233,0.5071458734520341,1.1879199798208777,1.6467600245687566
-0.013306558565652457,0.013750556019033765,-0.006244405039488682,-0.005512186180194128,0.7312170944171017,0.5606043231766834,1.2787471949060931,1.873362322456502
-0.013455599835782034,0.013795906292133401,-0.005954009637309615,-0.005419652199015092,0.5030701608167031,0.4411029523220423,1.1590945957141214,1.7325949854422553
-0.013422735238775142,0.01364484341025055,-0.00607403970272997,-0.005699383359784029,0.5375566678976231,0.48394846163692035,1.2383766195336605,1.955889590264447
-0.005589844607276609,0.015827487788959024,-0.0038685793240610246,0.003033651150072244,8.465111465878788E-4,0.7146995205330634,-0.05928471327845298,-0.19828047675603003
-0.006657095149132496,0.01621009753360485,-0.0045420065734798456,0.002436700688315982,0.06469763285950438,0.8316999570950934,0.03728774433425533,-0.2097577561749455
-0.002281587606021068,0.016687564364079064,-0.0013087200751657378,0.002561199700320343,-0.018517398318755516,0.4257939867017168,-0.0036600392007522693,-0.17330171046810505
-0.004227295541066384,0.016391654037436847,-0.0026189211104681175,0.0027269635165241934,-0.026690309624844238,0.5284853425116868,-0.01486578931586305,-0.1870809116648973
-6.174964165005179E-4,0.01868034848780935,-2.8534866841473707E-4,0.0015212588204546271,0.03970143861893549,0.3848795167591349,0.0030408201940143047,-0.15021005233039
0.0010683747435945164,0.02203172948567155,2.5221055603023867E-4,3.580468946045448E-4,0.16506290408418164,0.12773497537034506,-0.011189975196429338,-0.08830386220859131
-0.014588774500088612,0.011985736283431544,-0.003309376236283346,-0.007643532978576082,0.5848784461513711,-0.18090274049564184,0.3261050761930338,2.67032196793566
-0.01452413555302291,0.012128895840071584,-0.003543311161256441,-0.007537942050358851,0.7533504766227118,-0.15810819453997757,0.4134889109344659,2.6451527884506234
-0.01468351944161852,0.012109925244690232,-0.0033069795944683515,-0.007338643402659384,0.5618124430633703,-0.19708809334877067,0.33637051269906953,2.4134208800010772
-0.007450488524432776,0.0053936530855941455,0.006902562827872279,0.00381068102323991,0.2660078610346024,0.7111912732106854,1.0133127297516968,0.9058098386265614
-0.0068842314480828575,0.005697565730044426,0.006299863968895006,0.004552370699545962,0.2903353747833764,0.4261418834323362,0.9243498768941593,1.1267782693580537
-0.007045902480930281,0.00565971325771237,0.006519941830680416,0.004431128265712548,0.28952254323133075,0.527094579532091,0.9889650734362437,1.1076528988247965
-0.007150018629144892,0.005528792329487561,0.006587013024744647,0.004188127700514782,0.2740380561135333,0.5509393576176547,0.9649131519279607,1.0128866586145644
-0.007305007015029538,0.005445752827195367,0.006745858736678185,0.003980454538635277,0.26730142052755995,0.6272410693716556,0.9852379107130803,0.9511505339574097
-0.006705331644433637,0.005600787793313066,0.005989199863749454,0.0044651771654846935,0.2670575854941238,0.28884354822134334,0.7848018867637161,1.0374627716649136
-0.006517799710163529,0.0057910136255353555,0.005793120397169261,0.004779799623582197,0.29798442573402445,0.2269313556123753,0.7686644550190708,1.1423478473360582
-0.006290383644244529,0.005922703315261876,0.005495145751515594,0.0049911610357722186,0.3156599474025268,0.13728382200112435,0.698114805201255,1.1881836109817856
-1.3713274083963657E-5,0.00730590772132558,1.0936746610272694E-5,0.004825429603679272,0.10704888844732073,-0.16794387439924144,-0.001759164348415519,0.6026528603312366
-0.0016545924861015417,0.007301613688528633,8.352129436178748E-4,0.0050052860593697525,0.13198851692671296,-0.17551014891096742,-0.07256596871486647,0.6527059487661436
-0.005280174138490257,0.0061390478061149716,0.004143936888579163,0.005135600832709201,0.29371175505086783,-0.13714627073535576,0.31162907240413446,1.0411466085981267
-0.0060194202313152935,0.005825808337818294,0.005093294695609609,0.004848502629433662,0.2810617006735489,0.02377530119369582,0.5419078231344435,1.0547940901422486
-0.005505096516818235,0.005901127201860194,0.0044336980675777635,0.004889739506351264,0.2647227636681521,-0.10158084091910176,0.3633094391321641,0.9899616171306808
-0.005746015227478378,0.005757143809163723,0.00472742642332297,0.004739899659635809,0.25935608132868737,-0.05473794557377768,0.425434940675382,0.9704703830474861
-0.004863310738500182,0.006294666510986104,0.0036378565761969986,0.005199386999512562,0.28287981800936973,-0.18531831229787954,0.1960925247544649,0.9977282872787134
-0.002840307122421961,0.006892179270878449,0.0016698171787070078,0.005074403751868785,0.17537510615249866,-0.19823869188487883,-0.06061998819284069,0.7532320186449468
-0.003730379794827671,0.006651385631229301,0.0024358219305916744,0.005176818503651352,0.21849904555890418,-0.21398604869789953,0.003663118334172169,0.8451481214906096
-0.004149429570145942,0.006108373023321886,0.002949069346019025,0.004809665287194326,0.22230580885592469,-0.20852068975850155,0.071415813357784,0.8173807014001316
-0.007564073815243228,0.005252156718371677,0.006932477312416114,0.0035412249804204583,0.2503937816775919,0.7183678728735793,0.9665915750207394,0.8071639535439851
-0.007756000076819863,0.005229546643358592,0.00714859604437173,0.0033524064474783886,0.2646844402947229,0.8550636391175601,1.0166979870288946,0.7665257746605494
-0.007892154323901833,0.0051278126778529646,0.007212711129351565,0.0031072409959185606,0.2617088703112697,0.8942578765125074,0.9909431447668124,0.688090684037021
-0.008057678223541156,0.005060228688787246,0.007326902853754306,0.0028675341970293418,0.2643577749220744,0.9725162003835308,0.9861124869469328,0.6214791155009897
-0.008222440608999737,0.0050589233204888055,0.0074918110795474694,0.0026866351681545685,0.2857373988549279,1.0970954653802985,1.014152145666696,0.581517855177059
-0.008605047553236283,0.005198530675796427,0.00800007951113582,0.002318398631530406,0.2433400956699824,1.5333117481706344,1.1441865438647658,0.5650291373235408
-0.008493353060942507,0.005081744278857509,0.007765398095213538,0.0023765047303128464,0.3322970491207482,1.3296631668100785,1.0583620462461318,0.5121746107329463
-0.008646714982454732,0.005049104613449003,0.007853512817458027,0.002144579550736311,0.3722500309360284,1.417726214901739,1.0430011141059516,0.4541878042819562
-0.008756573701192635,0.005157078253839507,0.008066863328590844,0.0020745946324071257,0.491166716184454,1.6148114105457847,1.1162171078108125,0.49700539009440897
-0.008909334570059206,0.005120404840570064,0.008126062772202585,0.0018287685064227721,0.6921044200581207,1.6939633513930354,1.0833888823963096,0.42980046554245827
-0.008800258180345485,0.005005898580175501,0.007916940578428537,0.001899165805728439,0.33315474859758765,1.4927104278937156,1.0133129260320064,0.3886810768069974
-0.008356273318557742,0.004955091873112188,0.007509671464159124,0.002435050314212459,0.29174635371122287,1.1142531792197845,0.967667964415181,0.5047806806391816
0.002331131423228711,0.005019318024157766,-0.0016002895540981317,0.003614587259659387,0.1352095457693,-0.1953513350437294,0.009376078460408306,0.6742065843754538
0.003114557892123407,0.004125093748079666,-0.002229839056313004,0.0029970319431373398,0.12674102969037337,-0.1964267598594934,-0.022971502435711683,0.6078233083495141
8.613048953413382E-4,0.0056280762468300626,-5.499715238323319E-4,0.003901575800950053,0.1313207926634935,-0.18445256218518452,0.01707342895865827,0.6942510205013629
-0.00701149681106303,-0.005386712218397418,0.006302814005028434,-0.0040576237726321325,0.2459528095563208,0.40862094158627266,-0.8257450040641799,0.9132145460479624
-0.005964282424372709,-0.00541573325203221,0.004953040120780611,-0.004321285503682898,0.21153210147578072,-0.01820011482146812,-0.4392487075416471,0.847625019128512
-0.0066452182897381975,-0.00536881245789195,0.005803591965513892,-0.004163049120300925,0.22792088216075487,0.2099752425934999,-0.6684884939972497,0.8864989129059925
-0.00683791851005287,-0.005302314145244321,0.0060247409911114306,-0.004014838425802235,0.2241643637914182,0.2848430187221421,-0.716622812208769,0.8586996931886229
-0.006229992880816324,-0.005260940291419124,0.005239583722212748,-0.004108467462199103,0.20013965428882743,0.04273481460043838,-0.4913636874076904,0.803767906842598
-0.006464249931871137,-0.005215567753020083,0.0055119984359512,-0.004012135196614885,0.2041496708709029,0.11422285754199957,-0.5562984990794012,0.7981255766970017
-0.007599526337803166,-0.005269556578240191,0.006992432723417197,-0.0035349936931707323,0.24827176223666528,0.7592459063630209,-0.9924559184257723,0.812558457560575
-0.007765938204282211,-0.005245188114739084,0.0071752742388508945,-0.0033619271944174633,0.26478543357556117,0.8734749581509373,-1.0295116186017876,0.7716154009393066
-0.007214744240319936,-0.005285866053631138,0.006509610197269352,-0.0038200164394885027,0.23759520192806094,0.4968141322871968,-0.8581807238268793,0.8516040097252002
-0.007423424188311515,-0.005137415793926469,0.006668136138999606,-0.0035020608630121383,0.22587846169886297,0.5672324810120228,-0.8564195850117146,0.7563301272083134
-0.00788717270992191,-0.005128157248831509,0.007207248511001864,-0.0031124314424490402,0.2625095269587554,0.8902458677253297,-0.989489565204889,0.6879635097268305
-0.008478596932199408,-0.005072882442396819,0.007744186112574366,-0.002386542526512004,0.28955793814118597,1.31222297417677,-1.0498291568252867,0.5086648454951782
-0.008605047553236286,-0.005198530675796427,0.007997201788892992,-0.0023278588159697123,0.49243704201611954,1.5309130213225528,-1.1470233288698795,0.5669995837973129
-0.008048578717767674,-0.005057421450146655,0.007314604094323401,-0.0028737213651537797,0.26037735207187723,0.9622280227907428,-0.9818815162543509,0.6211236310651821
-0.008217211320691642,-0.005054238586766163,0.007482136969327995,-0.0026878132619892344,0.28900788371194064,1.088636379350379,-1.0085405964236913,0.5784400901142093
-0.008346107909629126,-0.004955523571664105,0.007501048196528381,-0.002446842836122076,0.29742947473090614,1.1058054512842694,-0.9652301367082409,0.5058210536785279
0.01515845073681061,-0.011144438953303026,0.0016841275554339652,0.007592234979359891,0.5162779895956983,-0.2119220496958061,-0.2213502098856884,2.219631529184951
0.015127505002091427,-0.0113297982728737,0.0019459604855282114,0.0075031597677228485,0.5087632715140632,-0.2233601631859475,-0.13732239868917526,2.2112155384366594
0.01505372252599561,-0.01146968655164164,0.002181145443799901,0.007502956674723853,0.5240895231974402,-0.23068598533600912,-0.05902551177476793,2.265944604050336
0.01485287387742022,-0.012104433681516058,0.0030853817408031114,0.00711864094679436,0.5123511547732954,-0.20817751791914815,0.2434809175725793,2.2040828777168286
0.014917966625816615,-0.011938682230864103,0.00284636339357903,0.007226004968143607,0.5194850403689025,-0.22109621775890007,0.16444902025427963,2.2229058234884977
0.014938855517502847,-0.01179377967104806,0.0026705856995121024,0.0073575060635933266,0.5283051251699046,-0.22834798211419996,0.10740676438109473,2.27658676251901
0.015052668122675632,-0.011650333267127952,0.0023938148877243035,0.007334119925588136,0.5025332689089582,-0.23014797093777586,0.009774084088365694,2.190640514342227
0.015419246005779862,-0.010267297292416948,3.7211198921312943E-4,0.007507651755092887,0.4520565637160096,-0.06526611696954397,-0.5809434137874535,1.8741758132567268
0.015376951534829942,-0.010503604542045445,7.065379234586178E-4,0.007530769516688685,0.459728333553485,-0.11407658372932217,-0.49848776466547307,1.9587619103293792
0.015390367767741983,-0.010756783975071783,0.001041028547358199,0.007415698738740677,0.45468695248982477,-0.15360919972698064,-0.3978141773084938,1.9437851045789607
0.015347783961144987,-0.011015447973557215,0.0013963893308107903,0.0073569494344627034,0.45580526778853864,-0.18799148442163396,-0.2965380033084513,1.9802978686926553
0.014859479947834042,-0.012551113922243638,0.003431469596951489,0.006544999799739684,0.44722541894792806,-0.1750462982606453,0.33027266745336,1.8998335783598856
0.014933121046590524,-0.012306393386586179,0.0031599902894697833,0.006768413572970084,0.46710731741416456,-0.1993351837681471,0.2493434014471925,1.9811913126852014
0.01563869670205171,-0.008857765559258698,-0.0013680629909171912,0.006801181803404589,0.3735028705938421,0.2822737775252595,-0.8146714633971675,1.108691031129163
0.01562543324294755,-0.008571663152649763,-0.0016753222373307559,0.0066420987607535694,0.37057906494434034,0.3534664196434086,-0.829216960175832,0.9896702847969613
0.015570468105306625,-0.010171936993800309,2.268061702473745E-4,0.007254207228174134,0.4081870969000172,-0.038516691763113675,-0.5843829940657582,1.659217351239061
0.015615162377857685,-0.009969740794809678,-3.467640856553097E-5,0.007185152814595661,0.39108333943945,0.006603821234870935,-0.6373138273837187,1.5623528635798036
0.015598403161924956,-0.00975606195388035,-3.0969921087776916E-4,0.007196524105745497,0.4073655831903772,0.05702465404838368,-0.6961168902907389,1.522360998289369
0.015653365684227115,-0.009288215748832901,-8.716877855921197E-4,0.0069842131344609246,0.3820030302888962,0.16849702709977496,-0.7672075883486328,1.2905412315537248
0.015694487183798365,-0.009577504230336289,-5.121357582874782E-4,0.007004773281535988,0.37007952276607,0.09455692046848148,-0.7057713036395263,1.3562822211585142
0.01587607222680884,-0.009062829047413727,-0.0010325089301256938,0.006553195757019087,0.3312977749826611,0.19925994901470676,-0.7175657398996447,1.0286953955554898
0.01584279057841062,-0.008363487629097091,-0.0017184098969931954,0.0062033281318969935,0.3149496975378931,0.3585864380054729,-0.7499866804787781,0.7682579397078814
0.015841295312757964,-0.008002912305561927,-0.002014048875733448,0.00594580408942329,0.31941989188792064,0.4232603862226035,-0.7288004422965868,0.6299148184107549
0.015563369212576752,-0.006892233461748677,-0.002911940610475402,0.00522258400390828,0.31164043931467483,0.6432369651848174,-0.6469297444195217,0.28031876967627706
0.015922594170707613,-0.007661141300281941,-0.0021767051145539615,0.005589713795853762,0.2666223741540152,0.4580765225311038,-0.6639145042068786,0.4558635183876067
0.01574301189082188,-0.007312114675814177,-0.0025407615433185654,0.005462673495316483,0.32479050824350236,0.5496261889131668,-0.6675249634491717,0.3823554820124195
0.02181142981101829,0.001970895991720067,-4.132421995413828E-4,-4.961077483941488E-4,-0.13445395320446438,0.12259255320816909,0.041825531829101044,-0.08398511329226414
0.018334046775966284,5.064502671653073E-4,-0.0016998054677801932,-2.4357721570372667E-4,0.02757051598503938,0.28337653374035027,0.013650513697111896,-0.14182714500119264
0.01667869178341835,-0.0014629299187638848,-0.002576109364698922,8.330070864600347E-4,0.11360476230076462,0.37727655307507235,-0.037836341337099406,-0.15834195592165157
0.015644983716132033,-0.004415521984599094,-0.003277571558194536,0.0029352636867594037,0.22614168940661702,0.5638087615151041,-0.20841172305336558,-0.1373778173956037
0.015712235681336114,-0.006052780179420205,-0.0030512680737575276,0.004321495328648458,0.26958051877462763,0.6019442209741358,-0.4449897244326023,0.04071887854090158
0.017233127553051168,-0.0036060672820254335,-0.002221610460427511,0.0020088522756252845,0.09989151293763902,0.3571767692468551,-0.12337023214666275,-0.13449875506253892
0.025,-6.938893903907228E-18,0,0,-0.33212445140085506,-7.818152347081635E-4,1.2747746641327825E-4,-0.008254177580137918
0.014489322857338106,-0.01282434460144723,0.004111533314407933,0.006537828553487839,0.5013227544937834,-0.08629722750565107,0.578534442077932,2.0502031101064464
0.014704068964020458,-0.012770879223888115,0.0037725471791574287,0.006410499033054786,0.4496649716764943,-0.13534247679801625,0.4412303356380333,1.891301068699452
0.014981215457305855,-0.012732119543416172,0.003388438473623298,0.006190138506917803,0.3925382039313879,-0.17767582967006043,0.29533589163664,1.6803305151917078
0.01386787238577012,-0.013622882650939859,0.005281945970411961,0.005640201432551977,0.47481759176415445,0.20038725523863307,0.9268283524368904,1.7484748331518218
0.013946150093314931,-0.013473765562540574,0.005159019295369426,0.005861341647880899,0.48851378249773364,0.16096257472304,0.9074256853830944,1.8496134626297196
0.014392952181035763,-0.012976013881920823,0.004328371731011763,0.006389714970095724,0.48454187331345383,-0.04659951840606951,0.6455795657147151,2.0041339699112175
0.014256031384890316,-0.013081168976452482,0.004582598035501211,0.006330983907019439,0.5037981477849165,0.007010827650950619,0.7372975381581515,2.017906785978609
0.01407957461488209,-0.01339055099401263,0.004933282850484117,0.005935818845628889,0.4734053706573203,0.09561826709258099,0.8270959587575294,1.8520861715197874
0.014199469117050657,-0.013251990052148395,0.004717687439342099,0.0060934459971169344,0.4826296153746226,0.03983810648072273,0.7629994248032713,1.903273750075975
0.011545084353673888,-0.014755282782341356,0.007922456993027809,0.002570951113507496,0.5179254937000087,1.6316183467209608,1.322163034535843,0.7183946321901976
0.011660677973549527,-0.014883004937129301,0.007585020672134833,0.0025800441271287464,0.4666183136344238,1.416767241440658,1.2208328241624642,0.6551719160516464
0.011693686304088876,-0.014704405031812392,0.007836804501495067,0.0028214105235644534,0.5582275051330131,1.5521039619579147,1.3502119842124316,0.8036406708678595
0.011811196587439053,-0.014828147167542204,0.007502344985455511,0.0028145308176034793,0.4623863588874621,1.3457706774382772,1.2452097088653213,0.7331732621973677
0.011840618209004684,-0.014648884232660605,0.007744121832921302,0.0030666811723321897,0.5524961931394182,1.4709970172864353,1.3727784099800464,0.8900753879777571
0.012128895840071584,-0.01452413555302291,0.007532089907916904,0.003555856133877508,0.7463799001792538,1.305865984386488,1.4031449902421738,1.0688213367892825
0.012254100225224433,-0.014617045066033195,0.007230636760404142,0.0035295682428759145,0.43238798382865223,1.1323387057363148,1.3012935365156917,0.9908453902155688
0.0122699521913998,-0.014455032777517944,0.007418807275865958,0.0037867528555890428,0.6902370005703165,1.2226906847547903,1.4113139852261554,1.1598757124557757
0.01196434567110164,-0.014767627483006753,0.00740816016932782,0.0030520481674992067,0.4592983246734282,1.269951208579618,1.2650408009027727,0.8149621380285884
0.011985736283431542,-0.014588774500088612,0.007642806435509633,0.0033110104701068285,0.5913918956077205,1.3885865295557906,1.3901155037344284,0.9781292492132098
0.012117221761857836,-0.01469832485554161,0.007309668683847733,0.003293594752709296,0.44078207800372554,1.193857594238213,1.2816959308608176,0.900955512737812
0.012403711514710166,-0.014531447841623713,0.0071219040242473395,0.003777054593808345,0.48891114398090757,1.0543131184871342,1.3113071668422016,1.0866357122089745
0.01240876639851925,-0.014381534484329047,0.007301745391112575,0.004007629472646681,0.39996175027301795,1.1385474061882719,1.4139346985884902,1.249549587070652
0.012545204192439477,-0.0143037118419788,0.007166900135051164,0.0042439982017385,0.7242052579569603,1.0526131720701457,1.4109243827309357,1.342995002247763
0.012548633739364354,-0.014465309876739087,0.006981560767460099,0.003983891453210202,0.47701628112046723,0.9671739151261377,1.3011617880966886,1.159291038825285
0.012681029506558073,-0.014375197085557507,0.006870225496596337,0.00420913765034663,0.4723783928950059,0.8985816841048248,1.3025570027688362,1.2485127206230084
0.012679131780828632,-0.014221641019906124,0.007034757872114441,0.004459688717044111,0.48743469147111346,0.9681395107552518,1.4026015090369894,1.4334967804114804
0.01281041626989777,-0.01413540329229132,0.0068914690707989265,0.004677872806611731,0.4834401999982056,0.8835508124732684,1.387978051875133,1.5227297552550194
0.01282492792826698,-0.01429137604874034,0.0067192443880392735,0.004422392406030536,0.5133259310311855,0.8113902839672863,1.2856265376284395,1.3293686850985367
0.01293892622972893,-0.014045084994930427,0.006735479405716671,0.0048998817434367644,0.7199655296328752,0.7995614430216341,1.3680028521800656,1.6137218640542705
0.013081961708962904,-0.01410803983458866,0.006437525241171441,0.004828971113586919,0.4784789983838646,0.6632961224286912,1.2510212692343294,1.4904453074617565
0.012960151727436475,-0.014208964094264843,0.006567438947261997,0.004617928753883278,0.4804105785660077,0.7304870424852806,1.2640135741191096,1.4024106804343575
0.01374992553421357,-0.013756069247087896,0.005458012317359162,0.005448343476791997,0.45585498150889064,0.25865577975098214,0.9681703414202271,1.674984983271506
0.013593145390888614,-0.013824520311482076,0.005704181810304234,0.005359019139826646,0.47428545102587194,0.34651056135374547,1.0506831778646155,1.6643622913020586
0.01321780116605324,-0.014147680003405544,0.006182408182152693,0.0047958005065603295,0.4598169710219285,0.5482201069632262,1.1473914811178902,1.4467746985860506
0.01337676577114274,-0.014094772390274355,0.005951520848005668,0.0049063343223039605,0.44156271457114454,0.4484491759383881,1.077686887139986,1.4722154701864094
0.013513831719784083,-0.013975540579180712,0.005781488284402465,0.005109821748858722,0.4554293631693777,0.3793073371717663,1.0443496123353775,1.5483560325192356
0.013943913210356238,-0.013822049615293605,0.005130278528033923,0.00529429461999319,0.40913679054814284,0.1575181396365066,0.8230359139968452,1.5383846558860157
0.01139495244676372,-0.014801469324203571,0.00800099218834294,0.0023153167125130334,0.39626109635869017,1.7098019650762548,1.2889294445599488,0.6349791471327092
0.011508355902734342,-0.014929269482690508,0.007666713919666356,0.0023462397532604904,0.4850930074381065,1.4893056040557686,1.1947701740947005,0.5813735492969924
0.01124342629880737,-0.014842921746160493,0.008068230665085985,0.002069306590527462,0.5188622169849679,1.784063458647518,1.250809721913009,0.5557836686133193
0.011360945734098805,-0.01495761906476733,0.007757035031353505,0.002129410869596876,0.498808549900658,1.5686684963314794,1.1732616645682352,0.5179377127993295
0.011090665429940793,-0.014879595159429932,0.00812692015589463,0.0018249177739989738,0.7350534263690959,1.8547758552439493,1.2071326778803155,0.47789169103174983
0.011193895305296834,-0.014996987884275371,0.007830434784195121,0.001870646740785962,0.453566054958183,1.6458531168564112,1.135922953761624,0.44109129535569563
0.01093683137430405,-0.014911450597951645,0.008181170367721657,0.001563089492653582,0.596750000658135,1.9222769690089185,1.1585806460117192,0.4012771662772338
0.011045062749210112,-0.015044568755192047,0.007857745005441041,0.0016273498310174544,0.4430242184792848,1.6912802424681506,1.088783276190432,0.36945604898304213
-0.005244717217658646,-0.008454915646326116,0.0025738939868829424,-0.007921579789737955,0.7540963300247706,-0.21397132482603567,-0.004478440643003474,2.319425063258022
-0.005107989964926639,-0.008327379375704881,0.002609356702082663,-0.007643265241121619,0.6430053513539423,-0.23333677985788145,-0.03571588601011779,2.065395333193861
-0.005198530675796427,-0.008605047553236283,0.0023182737203619255,-0.00800012137655703,0.8297783357069209,-0.21018047553337382,0.07460478969002068,2.3093390823702826
-0.00505637174594688,-0.00848442915287095,0.002366199741906498,-0.007728956356606634,0.6179109342854039,-0.23294619176555612,0.03641601712618598,2.061270582884777
-0.0052645092192189075,-0.007138798825551207,0.003832534303357184,-0.006394249971212701,0.47232373814390644,-0.16474648631609332,-0.32252473619173094,1.5439347803469694
-0.005366276605312568,-0.006974605978993919,0.004044986894775054,-0.006239472610562385,0.4605643819813086,-0.1407539595010947,-0.3761398266103097,1.5109988581458749
-0.005669464940498546,-0.006643401134964181,0.004578760297353601,-0.005927961007562522,0.4296277316462068,-0.06357382415585124,-0.5150265129920749,1.466343994939525
-0.005482168706666217,-0.0068028467415110795,0.0042685823890056505,-0.006067652761747884,0.44050248589451685,-0.11221677365508516,-0.42980062014957277,1.4715140985848036
-0.0057135758838753265,-0.005653867780832728,0.0046801068563340565,-0.004610529857112571,0.244711114232582,-0.06698938223182127,-0.3979020565006908,0.9196213605213802
-0.005537307911985884,-0.0063410920341003705,0.004448259371685167,-0.005460416860483202,0.3408561486187917,-0.09536654833613499,-0.4165201206755558,1.2120456026308022
-0.0054801348136645925,-0.0059795977593869835,0.004401956653526899,-0.00498372304613912,0.278670180131464,-0.10685530884213822,-0.36076357261033337,1.0178361378388372
-0.005168444258194726,-0.007288329161449984,0.0036261516396277906,-0.006521132219685456,0.4813877543042197,-0.18367825035632,-0.26961247386395865,1.5638374802945199
-0.005099418449241055,-0.007466271483942601,0.0034256364743130816,-0.006689510445361878,0.502356400868104,-0.19815834754463305,-0.2221190035509344,1.6104900979297494
-0.005047561927514009,-0.007676627475117302,0.003205759845110835,-0.0068950002510638425,0.5224858560404081,-0.21088903037070228,-0.17044681300492234,1.6787813964469298
-0.0049723395252709475,-0.008189985975344984,0.002637395196857391,-0.0073709664067777006,0.5704130733732793,-0.22605194031216322,-0.02993199024544656,1.850407024009021
-0.004910666148865239,-0.007854567958971832,0.002904791568049864,-0.006975195164432797,0.5085890994889165,-0.221504190636613,-0.0886459552880704,1.64264731214259
-0.00483451928111342,-0.00803439918218505,0.002662290416632391,-0.007090376793969055,0.5107556327189299,-0.22506705863932344,-0.02687648291623664,1.6461170648993384
0.006355041344894554,0.0019362199701845294,-0.004496949201624541,0.001180644941483232,0.05632620432353193,-0.08893383438638014,-0.1110413337091972,0.19297175781345777
0.0052337764347131135,0.0027782808642282278,-0.003814335022952342,0.0019263008604042953,0.07953400909676146,-0.14960210417343725,-0.1041863910085765,0.3564465581685372
0.002999923607721805,0.0029188522573740504,-0.002137096199643144,0.00208483397569496,0.10357402620216781,-0.1902753220817001,-0.023978349916748173,0.562466841851117
0.004008980147629055,0.0026862140842653028,-0.002883970723164961,0.001910568672519104,0.0881058828382718,-0.18154569008296195,-0.05415120526236299,0.4683061414874769
0.005562043571366279,-0.0052431349746084495,-0.004460445262025342,-0.0041274523201686045,0.18858137503635433,-0.10160750302914752,0.3061892852443519,0.7472457639073594
0.005488697826242483,-0.00467796288350061,-0.004307136943503293,-0.0035368165551120175,0.1422686075608731,-0.11536127533031115,0.24582799046470827,0.6015363487149427
0.0061839300080064885,1.5372608223242776E-4,-0.004241026939878813,9.465356256318034E-5,0.05160924986466498,-0.10828585975134448,-0.007642083433610179,0.16122987359483434
0.006321684538207756,-0.0026340879705826015,-0.0046049840788231515,-0.0016648012213692509,0.0701020361057893,-0.07415282948944703,0.16064823789511637,0.24753105939929146
0.006184840641488727,-0.0014228175193342987,-0.004319526722322574,-8.755033810260456E-4,0.05659264454815607,-0.10355540702724815,0.07463076107627875,0.18797981215082363
0.005862985580512893,-0.0034167083450631786,-0.004413663169385246,-0.00234820504474411,0.08943410073719793,-0.10250307819122284,0.18515561233125277,0.36870715738279886
0.0056108642984835835,-0.004101835061493505,-0.004330844787294268,-0.002977255044238523,0.11145485861634934,-0.11111973585867028,0.21892539323119906,0.4920860801230011
0.005289975234368666,-0.006165269196877002,-0.004156407177575782,-0.005170180081653608,0.29128716516278225,-0.13493664064842778,0.31877989778265975,1.0590651884100204
0.005139076595944744,-0.006444029666581521,-0.003926015202850307,-0.0054631351194442445,0.32815643133255884,-0.1597813115541504,0.28088587353578903,1.1354200899044857
0.005222889964876618,-0.005683521605935481,-0.004106308551075376,-0.004595883388960613,0.22781361347932916,-0.14283102974890458,0.26391931709322286,0.8509921105537507
0.0050720425133170734,-0.006812643254582241,-0.0037362190332651253,-0.005880572585574654,0.37332365398615025,-0.17810997866967512,0.255423224508871,1.267719247594188
0.005068125179849759,-0.00847932210785284,-0.0023823464615671166,-0.007737539533897019,0.6286973088120654,-0.2333891556713045,-0.031760955908939646,2.073379431614278
0.005198530675796427,-0.008605047553236286,-0.002319672318871879,-0.007999643574637567,0.8064581047220333,-0.20861285329838322,-0.07488461329603735,2.3131139613128266
0.0051570782538395065,-0.008756573701192634,-0.002061781240143615,-0.008070062215771811,0.905127816917755,-0.19985113757475412,-0.15363576729318684,2.297512142781513
0.005026819415342575,-0.008641655969797568,-0.0021346987062293744,-0.007824640618661413,0.5969345130184099,-0.22818259443926228,-0.10485140716353807,2.071727899683687
0.005120404840570064,-0.008909334570059206,-0.0018116249147001908,-0.00812997992979819,0.8261648042417097,-0.18672331857834668,-0.2310341419847293,2.2760442116643294
0.005001149674823198,-0.008800335398290966,-0.0018972270398224667,-0.007910665465850286,0.5753907280181129,-0.21795108325710646,-0.17490537659030922,2.0757080010868916
0.005088549402048354,-0.00906316862569595,-0.0015665196676836856,-0.008180668045830794,0.542566347909413,-0.16989634617232388,-0.3060775472793459,2.24737052215018
0.004971821226641526,-0.008968134985388657,-0.0016381614174007097,-0.007983753833284172,0.6076900000932097,-0.2024596871314264,-0.25020072292886303,2.062738782489912
0.005002351108739008,-0.008177415822204338,-0.0026806107718674904,-0.007389245805681908,0.5724645540948572,-0.2273218239613444,0.04290946088025393,1.8792126188867255
0.00493309759625768,-0.008338040037015155,-0.0024354017361835796,-0.0074696883075406765,0.5681344945810126,-0.2271427003673029,-0.0252948215364989,1.8638208351274421
0.005061544257832261,-0.00921791631991809,-0.0013010154318382687,-0.00822698187361196,0.7339716514278111,-0.1472411022559051,-0.38047352795665623,2.213848404676158
0.004930126067174,-0.009124880024235789,-0.0013835515655577963,-0.008021938768838733,0.5755450440394653,-0.18508356379255939,-0.31679595102040553,2.0205022796996275
0.004911192011114078,-0.009275683841556904,-0.0011477755710846934,-0.008068256651814315,0.536064173588776,-0.16374583869697276,-0.3792257129259526,1.996813120765868
0.005039415511198498,-0.009373420771600327,-0.001044087125832463,-0.008263580260738817,0.6482845115194641,-0.1205251979251016,-0.45198584842269635,2.174912169705283
0.004903793840746524,-0.007970034051359366,-0.002792497379245542,-0.007089150851567536,0.522984263090704,-0.22392710506076047,0.06405361600388991,1.6867081828818231
0.004974944173708011,-0.007726929225194423,-0.003083857952173187,-0.006892247076243876,0.5048006618759505,-0.21639228679642755,0.1360136094831803,1.644387437982757
0.004927932956712158,-0.007115942879393675,-0.0034325794382078644,-0.006164679295800646,0.40619166298584647,-0.1999073898838948,0.19192482327585347,1.3330001614858176
0.004844782122247741,-0.007449539007990237,-0.0031445143315464467,-0.006488576754649449,0.4372592358844699,-0.21394596972671126,0.13246088344815585,1.4199315453701937
6.938893903907228E-18,0.025,0,0,0.3200064643131665,-0.004976943258747788,1.8708672543589077E-4,-0.004922748186472268
-0.012708758077087072,0.014614440071443682,-0.006586345471914601,-0.0038645558533256575,0.41222235396813994,0.7652145836526348,1.1421317148400243,1.0783748238705348
-0.012689198285881066,0.014824799000151328,-0.006399991615345406,-0.0035639046214343563,0.36442210301327466,0.6883624574106776,1.0352165648659601,0.9444437288199382
-0.009992127275781948,0.015769419769655468,-0.006931773656958581,7.047386432840709E-6,0.2732520129183529,1.3342343573568247,0.602674821142558,0.005151615980737929
-0.010277520645548162,0.01573423102070084,-0.006970555145389318,-3.3974655792682907E-4,0.2992101768645384,1.3029748188675372,0.6720087581353072,0.06817912288238369
-0.010487531335449008,0.01565666421628983,-0.00705535804192438,-6.093365776173471E-4,0.3075176656893718,1.3119871001411334,0.7337209904375684,0.12213622348345507
-0.011292386724741171,0.015330925177245224,-0.007199495632031366,-0.0017438962562296826,0.3625757192607708,1.2530714591881322,0.9634855919788922,0.3968753980535333
-0.011046823020921413,0.01537592742346592,-0.007287300119957362,-0.0014179804609444247,0.36192483820894067,1.3425990472598601,0.924129396515317,0.31210996699678334
-0.010807077465886659,0.015468265893628352,-0.007257679994217504,-0.0010708475130301678,0.3467132894669284,1.3678426113963367,0.8542321826919846,0.22656244377966714
-0.010705024504160401,0.01571519880434981,-0.006898705204905736,-8.518122872407342E-4,0.29075128031297764,1.1921942016291178,0.7534376119776557,0.17421849204624543
-0.012472207202078256,0.01488188667362645,-0.006620100559317956,-0.003349482155598563,0.3749446478618807,0.8022927229714253,1.0697701860522555,0.8820695160862729
-0.01225582941904737,0.01502560261110266,-0.006714156695466038,-0.003009784937075269,0.35651756871273804,0.8696673338642659,1.0460999029591098,0.7693845587243812
-0.012003677993257751,0.015103533901681029,-0.006895257627406811,-0.0027043603502322554,0.36860924219942565,0.9890280385607166,1.0490832512811468,0.6754551349371931
-0.011526964303799478,0.015234017766568379,-0.007165796715289981,-0.0020889023699022097,0.37192686056882757,1.195840264335154,1.0165064007418412,0.4947776994212453
-0.011776966128030537,0.015215575561933897,-0.00696858311133382,-0.0023713453008092247,0.35080924660674784,1.0566401197418218,1.0154673489847055,0.5740514894025347
-0.011455556334452126,0.015472334840758547,-0.006866264857342139,-0.0018231568046698714,0.3141228483362593,1.056959291726779,0.9037801698042236,0.41056662045619313
-0.007748043464725282,0.016373859861662274,-0.0052092310324544444,0.001803979974229118,0.0927457689892249,0.9578163278583096,0.1671429323220511,-0.19426952937853853
-0.009311562756413863,0.01603144779552663,-0.006423197790640039,7.24584294173495E-4,0.19920319878187126,1.196813715245072,0.42509989789199976,-0.09756715453071425
-0.008743402150953605,0.0163106529731648,-0.005829005007243768,0.0011322180452248787,0.17125929536532677,1.0344265604146523,0.3151645883137156,-0.13919023798192695
-0.009726010226763546,0.01598067335848041,-0.006585238987073728,2.922767379263357E-4,0.2542232408947686,1.198658847368981,0.5139904855942125,-0.03821026512613331
-0.013000387826938053,0.014373457298490627,-0.006368248636652568,-0.0043670016117551246,0.4418405618002871,0.6423445631422576,1.146620517997865,1.2693510076058514
-0.012895707245877448,0.014526769277895066,-0.0063963474885123175,-0.004089595334211487,0.41503707708604104,0.6649078204371722,1.1127853655193893,1.152960111915424
-0.014045084994930427,0.01293892622972893,-0.004887152894104384,-0.006744679370811525,0.8389485898611982,0.08627675453164844,0.8919220084639452,2.3787244421718774
-0.014206058830602296,0.012962967295830272,-0.0046247938988866555,-0.0065656190005906724,0.4967771121927,0.014252441404695176,0.7836875741640142,2.17032539853188
-0.01413540329229132,0.012810416269897769,-0.004675059452381703,-0.006893589725741581,0.7996453459842625,0.034390414716693095,0.8202141327229656,2.436313064255434
-0.013245869099961274,0.01415332506972794,-0.006132473124088125,-0.004791667193003785,0.45908652765410124,0.5248985893084124,1.1266290063377586,1.4378728448676805
-0.013159247861363894,0.014302937515013865,-0.006172042337472515,-0.004529823403662993,0.43384891774610146,0.5477246092344307,1.0999223705679873,1.3208395686245937
-0.013377269969157462,0.014079989250277274,-0.005958397249631218,-0.004931132686096801,0.45290256225153197,0.44942476770384393,1.082714127515093,1.4834546689708308
-0.013950775489717909,0.0130645347166975,-0.005108565737310162,-0.006578470301471588,0.5458875709575932,0.14281511542370898,0.9610849393398521,2.3166824542198357
-0.014128814562345006,0.013100022323892119,-0.00480015705969909,-0.006393723302242713,0.5162782608881952,0.05725471686858479,0.8351324161415984,2.0937109183136706
-0.013852566968142575,0.013187119036995118,-0.005316347796806603,-0.006411941031386227,0.47160230349055005,0.20375773077953085,1.025884984498285,2.253790684118547
-0.014024922004771482,0.013219634536144878,-0.005004244497525631,-0.00625670892077653,0.5540707585077732,0.11202131151326922,0.8989490696423257,2.0484722590942464
-0.013750556019033763,0.013306558565652453,-0.005510363770114699,-0.006246075372531691,0.5925570458223517,0.2687733955326063,1.0856156609274763,2.186779894891075
-0.01391283977439403,0.01333339142736266,-0.005212901230089619,-0.006118834787223412,0.5621534309560766,0.17335593036607608,0.9637060662604066,2.0052876222135034
-0.01353553390593274,0.013535533905932737,-0.005891953285891736,-0.005887284614822594,0.5512472832686323,0.40961472539271887,1.1924968603686796,2.035236992494859
-0.013582577923452174,0.013684543624662385,-0.005764495657824934,-0.005604347830284685,0.5372524062927676,0.36451882213063275,1.1118429332920554,1.803175484494577
-0.013693945879738063,0.01358094406867891,-0.0055893032090188885,-0.005764703380608934,0.5185532892464201,0.2993804332841817,1.0660188969609388,1.8631931435111262
-0.013644843410250553,0.013422735238775142,-0.005699124474244703,-0.006074220085037178,0.717947049707523,0.33736171063376136,1.1409530064476436,2.1135081822799857
-0.01379810302570505,0.013458897330815945,-0.0054164512122121256,-0.005947564491943541,0.5173448405662827,0.24010313882931147,1.0229823150606345,1.9393458688381318
-0.013513611515803176,0.013977323829722207,-0.0057810911212175485,-0.005107396855621369,0.45654517665810485,0.3778246818842348,1.0425525145866963,1.54621581707835
-0.013604798547272933,0.013828370450659863,-0.005683342103688439,-0.005351916052434543,0.4747151085926208,0.3375879539733246,1.0400307041052028,1.656906257907058
-0.0142908156217683,0.012818094356645788,-0.004420892060863845,-0.006731220007897546,0.5476896044269117,-0.03176958536015983,0.7184896206144461,2.2394918812587896
-0.014221641019906124,0.012679131780828632,-0.004465179866240189,-0.007031307932995677,0.5586086059067839,-0.013714586057834087,0.7454128420247402,2.4880938418601546
-0.014353696771323355,0.012947046376365706,-0.00437975102118411,-0.006470226389198747,0.5068903727688469,-0.036025428639151404,0.674957397957918,2.0604796238495844
-0.014381628492155211,0.01268685114004101,-0.004203856268248266,-0.006855447388991851,0.5563527972237229,-0.07478373816602298,0.6458605846730802,2.275356399466716
-0.0143037118419788,0.012545204192439473,-0.0042393903377745895,-0.007169636318438973,0.6819060338238999,-0.05772119459209917,0.6657522423111855,2.5354099547961195
-0.014381534484329045,0.012408766398519247,-0.004014699983208159,-0.007297820819909821,0.6106772768594233,-0.096634654433345,0.5839483310438278,2.576818527195663
-0.0144634767949927,0.01254387373012697,-0.003984687906897911,-0.006990372678319115,0.5484857852390413,-0.11225252815321425,0.5727280998380246,2.3201261166159957
-0.005644018122437833,0.017298431211640482,-0.0032226928146692102,0.001945202791849957,0.02394277628077487,0.5795814862392521,0.06954077898211387,-0.17793001560446117
-0.007162204508572916,0.017184237066273773,-0.004169315473263253,0.0016065694992104488,0.0580415332619499,0.6833090614703103,0.14957409766437718,-0.16571852154324518
-0.004028668587916605,0.01885903551700421,-0.0018122069076387313,0.0013429437589868817,0.03884396995127077,0.38998303754857094,0.050915075074927096,-0.14832071394210009
-0.002083717175787335,0.022001470608130767,-4.924753142839499E-4,3.6139716655447053E-4,0.15477376624399897,0.12733833915703008,0.025466361880646982,-0.08755643340333889
-0.014801469324203571,0.01139495244676372,-0.002324430032191979,-0.007998350331494533,0.6767355125770621,-0.21712232995002542,-0.038739368504690654,2.7181161027370244
-0.014957126742407694,0.01135975404352102,-0.0021282395590264806,-0.007759599560970151,0.5894131747706904,-0.23670652153573177,-0.07514648565513858,2.451415177835021
-0.014842921746160495,0.01124342629880737,-0.002077871084147651,-0.00806592845131008,0.5448216356501212,-0.21228608784689817,-0.130071046805405,2.713717969205039
-0.015005528308110984,0.011210122365243083,-0.0018858004778870092,-0.007804300719358959,0.5908019288561118,-0.2301141973210261,-0.1566339129823031,2.4296256810134467
-0.014879595159429937,0.011090665429940796,-0.0018231369656083682,-0.008127243944975455,0.567443186235123,-0.201404889908682,-0.22163456713261975,2.7022709560218026
-0.014455032777517945,0.0122699521913998,-0.003781960631133866,-0.007421061476911228,0.6523263927260223,-0.13017312198304584,0.4998001309975784,2.613267250145696
-0.01454983303941737,0.012394551932277622,-0.003745475199029779,-0.007113904976253901,0.5629476967752652,-0.1480836301191468,0.48933779184323384,2.3521811185040544
-0.01462201749343696,0.012255562541605416,-0.003525538639073851,-0.007222668664834641,0.5355041145772468,-0.17468051555152764,0.4140141058261135,2.3782387157195006
-0.014648884232660607,0.011840618209004684,-0.0030599809254699497,-0.007746851232939923,0.8630874310596578,-0.19824812429554714,0.2351065767682968,2.691904670668322
-0.014751557086770964,0.011965813017795894,-0.0030747072857597135,-0.007429066953227156,0.5505156729576272,-0.21566096393387282,0.25437550213419663,2.424717969232782
-0.014799214138979524,0.011809281430470202,-0.0028460814913314554,-0.007546974037864495,0.5647634704207171,-0.22742812021198808,0.17464688050988708,2.460457734573812
-0.014704405031812397,0.011693686304088879,-0.002828806762855821,-0.007834216559324461,0.4721456628499821,-0.21074062864421858,0.14539283328476044,2.7059985352244644
-0.014766809860758855,0.012226270910778943,-0.003304338675411011,-0.007076677666775702,0.5172846259927674,-0.19265982971908815,0.31529322935044446,2.218353064564719
-0.014855525634540562,0.012101383112773619,-0.003079778492207008,-0.0071180654493105885,0.5103999315733821,-0.2091708166142657,0.23617445004978296,2.1950545898518556
-0.01475528278234136,0.011545084353673888,-0.0025735118587302827,-0.00792165082682437,0.7285995022834388,-0.21673977869718816,0.053219224750184944,2.714909153889144
-0.014870964871143706,0.01165233724325263,-0.0025831764564035326,-0.007612346541259889,0.5847192734209227,-0.23688186943025677,0.08221933463115001,2.4445254955040494
-0.014914412547151031,0.01150879438228853,-0.0023615982808044902,-0.007690447486006482,0.554187071072897,-0.23888578713975897,0.00633849339673745,2.4519275401205793
-0.011693686304088874,0.005295594968187607,0.007834991424392814,-0.0028263233000522313,0.8966812645147181,2.670466865160004,-0.15793678660624783,-0.20002916757186576
-0.011840618209004684,0.005351115767339394,0.007743235788169121,-0.003069279397752846,0.9597914654922794,2.675107888418719,-0.24821432731082263,-0.18789617743083123
-0.011806687604898825,0.005183469597496323,0.007590650527164109,-0.0028449909670316825,0.9271191682844911,2.4269315967071,-0.18780848261560698,-0.21934918199522632
-0.011545084353673888,0.005244717217658645,0.007924856689279107,-0.002563868944266904,1.2581641650481483,2.661827868168605,-0.06487226156034531,-0.20531436755079321
-0.0115137135279591,0.00509298626100973,0.007770327826028768,-0.00239496966178112,0.861530712434191,2.4280712984014188,-0.030340620208843736,-0.22961178066736562
-0.01139495244676372,0.005198530675796427,0.007997856359017466,-0.0023265180210344637,0.9143797507632762,2.6447041715452064,0.025121304745449474,-0.2058105303786113
-0.011669198931524924,0.005122231028556701,0.00766159739777478,-0.002619582724598103,0.868630186807135,2.406854178652394,-0.10946410595090238,-0.22795936031470676
-0.007333160521326084,0.0052593257839800255,0.006644741074693755,0.0037139044200953856,0.23835803789610985,0.5621938877061692,0.8893346162991972,0.8325191957728889
-0.006932226894782035,0.005479589688834863,0.006248070760539091,0.004218760329171793,0.2565372376420785,0.38624717499931316,0.8350819851802617,0.9739376505136776
-0.007131762895892501,0.005335248145576961,0.006433242451005236,0.0039296111479181885,0.23684330204721274,0.4605650412343039,0.8498482716138244,0.8860294424886178
-0.0074046882999403325,0.005038345817532687,0.006571808100969312,0.0033948661422956096,0.21180323824140354,0.5148725030677578,0.8012225606244686,0.7055794929396191
-0.006662223917514088,0.005308043157613793,0.005799398063664518,0.004078507928338274,0.21535496218831307,0.20769589898911858,0.6551551140475623,0.8541699341698363
-0.006432426063484505,0.0054560189357201585,0.005556794750977558,0.004324966399539492,0.22868640726170533,0.1354680977013045,0.6142124833280702,0.9145580331426499
-0.006213467290993381,0.005626049771299474,0.0053157468351054645,0.004577010687048234,0.2545293634369019,0.07258538427321376,0.5743870891780906,0.979992085796681
-7.736321746857461E-4,0.005790900224286493,4.884775641307289E-4,0.003997496134275544,0.1281638645604257,-0.1833087880847812,-0.016812222402458204,0.6872146892988166
-0.0021218154533927547,0.005841644712478276,0.001377895097525241,0.004176320941956983,0.14873366723985956,-0.19246557536932973,-0.02933975150131746,0.6870344614044522
-0.005075698877132553,0.005814474307921661,0.003937299518049105,0.004717222670563292,0.2384851326535957,-0.15833539623904289,0.23883806592477316,0.8867651540546123
-0.005877706319125778,0.005495157441386804,0.004859540370362832,0.004420446430749232,0.22571330809791282,-0.03419730534461873,0.42788816720360406,0.8743990282688384
-0.005465671429979822,0.005505210541251915,0.004374781109689422,0.004417402051249176,0.21492826867474107,-0.11013723410972122,0.31340996435508656,0.8339752996449314
-0.004565664684477608,0.005703409235898642,0.0034107366935409397,0.004511180820992521,0.20488945478345255,-0.18993003424419494,0.1392128653739166,0.7843113923486406
-0.0033155945332680953,0.005838770378459772,0.002270816420232059,0.004387624528755738,0.17803244007167002,-0.20496782407177871,0.007528403929701799,0.7243000793388684
-0.004037700256256816,0.0054810189170310716,0.002931885056962677,0.004212543388796357,0.18089979304363224,-0.2019439033877653,0.0757531557079113,0.719773882837526
-0.007685697597792711,0.005022908604436183,0.006886061821216449,0.003170859144842973,0.22774795539552484,0.6798506805471467,0.8723828796995783,0.6674901601844381
-0.007919546392184647,0.004909449631957399,0.007042130031331151,0.002845904938108991,0.23305054901576508,0.7699458803643998,0.8664412447787306,0.5792161830191677
-0.008156436072050102,0.00485527126685069,0.007226439578139858,0.0025625165428737814,0.2552279921079618,0.8953681431327148,0.880816905998058,0.5116905591209032
-0.009063168625695948,0.005088549402048353,0.008180488182206149,0.0015667462943750026,0.5829689144314723,1.7731724395406776,1.046272190447971,0.3631924379212941
-0.008952148959205377,0.004953177066889118,0.007954759658909688,0.0016480950588943593,0.35848955645942177,1.5493603077557772,0.9725216081899187,0.32146259484907175
-0.00853495476523403,0.004909762406796931,0.007613469215492295,0.0021799250322472445,0.3054358331777562,1.2047736653798278,0.9547347129194445,0.44072040730524037
-0.008694779818238775,0.004920980778825013,0.007747854584853953,0.0019838915386310814,0.34213919148987043,1.3296376212300896,0.9649355509335071,0.3976960059983217
-0.008826125309109511,0.004827464229327407,0.007735003286744944,0.0017455855195297606,0.3560726665932084,1.3318577423759823,0.9103090680473239,0.3326804554740694
-0.008381972065627661,0.004746833684666424,0.007321638851718242,0.0022265700389635414,0.2674645638330149,0.9669567909068227,0.8507024453510464,0.42423309370426354
-0.009217916319918088,0.00506154425783226,0.008227007491784342,0.0013005477377726117,0.4777169644243194,1.8531142525390065,1.0057693854395773,0.2994155564828201
-0.009114781932614053,0.004913345930564605,0.007997963395179756,0.0013892473493658153,0.4130298709117683,1.618007795688569,0.9317551077840979,0.2578837570786545
-0.009373420771600324,0.005039415511198499,0.008264667769577537,0.0010355694094762757,0.3880234309457724,1.9328406487157086,0.9611149187043172,0.23881474360529398
-0.009279551235342801,0.004891062726000494,0.008047305875942741,0.0011333758798847398,0.47417023423076204,1.6981278796217667,0.8932495211683404,0.20089765609092905
-0.009529528446938641,0.005022183559254116,0.008292412959005763,7.833100141585284E-4,0.6084873222521786,2.0096153904493894,0.9125080787787129,0.18260911714341152
-0.009437462751036902,0.004885446685770199,0.008097948118840473,8.894307936121084E-4,0.5116787223058464,1.7862190096122632,0.8573812671520802,0.15125645278151922
-0.009842960155646504,0.0050024667597618295,0.008325313336709442,2.5484322194006744E-4,0.5666619063630192,2.1557490640486425,0.7997249117458051,0.07550926647421648
-0.01,0.005,0.008329398805345889,-8.662612816626455E-6,0.4988958648614588,2.225336832199726,0.737844578460363,0.028156573758621666
-0.009907887297460767,0.00485949418201027,0.008154668281357753,1.4550050770535756E-4,0.6304057519213887,1.9930893153351754,0.7079118791899703,0.008162173099350682
-0.009686089839949744,0.0050098636880925584,0.008312705224360725,5.242339181137438E-4,0.6771296676547901,2.08334203988096,0.858459581272934,0.12790092828844132
-0.009596726483379068,0.004869213220249251,0.008122669221445637,6.370467968850765E-4,0.5110891455304762,1.8563263932953789,0.8086214571046356,0.09849906477573507
-0.009755320853373257,0.004854896527966511,0.00813537530680499,3.8530175754839343E-4,0.5588916914064351,1.9188248650211832,0.7562148826785409,0.049454966842462124
-0.010080517503275918,0.004874062574782253,0.008171757548832514,-1.2905211556664517E-4,0.6276219345109082,2.0809772053113083,0.6495833718633995,-0.03506816505344639
-0.010157039844353498,0.0050024667597618295,0.008325538731308105,-2.5192418917438064E-4,1.0087770972656886,2.290425848045228,0.6717413189491191,-0.01484774255074299
0.0014853503997345723,0.0036297139441190843,-0.0010388689965248482,0.002560694785947302,0.1198952725187985,-0.18953159869253863,0.003159760174182874,0.6753302691099624
-1.4765472034268553E-4,0.003942886354319422,1.020708918095973E-4,0.0027500833591389585,0.12055188808303496,-0.1868228378568906,-0.001893222136399768,0.7248373830382752
-0.005550893197921688,-0.005212730747196563,0.004444667041518784,-0.004093866084556043,0.18935315804572508,-0.09999324236695017,-0.30502487949031676,0.7373833120570136
-0.006966136102600999,-0.005127311214388123,0.006095371297046622,-0.0037413265467212526,0.2074479275725376,0.3031936666381061,-0.6946129069359214,0.7676380639176691
-0.005901030808987908,-0.004990757967176994,0.0047940488475627105,-0.003832855183626569,0.1659925487117049,-0.04912625718282953,-0.3576534455615381,0.6874233796756849
-0.0066631510847211745,-0.0050460955622650475,0.005686739051771124,-0.0037539827691393897,0.18900915887653838,0.16080631580350616,-0.5721977371395539,0.7291026005453832
-0.006296159198668376,-0.004922040909140076,0.005214829977234027,-0.003701257192305698,0.17274015165630052,0.03350195525885244,-0.4412048567351204,0.6751811945690874
-0.008909334570059206,-0.005120404840570064,0.008130104030819913,-0.0018108839586106153,0.3452140545676403,1.697397033036791,-1.088157534943251,0.43103943643030873
-0.008756573701192634,-0.0051570782538395065,0.008069952920311173,-0.002061916424568725,0.24654995037911007,1.6141328542766578,-1.1193936027368059,0.49672135668048306
-0.00879992920477523,-0.004994861146440444,0.007904760534968797,-0.0018928594625779729,0.41025288950985184,1.480819491804201,-1.0052282882873753,0.38277256457695147
-0.008634145871579216,-0.005019742154638351,0.007812215420147764,-0.0021388901231567943,0.34880401221148416,1.3827700283832878,-1.0223999850372711,0.4406379287804692
-0.00906316862569595,-0.005088549402048354,0.008181236183825009,-0.0015634147004734015,0.5947560606831358,1.7785767088173097,-1.0516081865196278,0.36678448818650683
-0.008962046725663326,-0.004967498945133913,0.007976606810524233,-0.0016433443786277667,0.40130759829021384,1.5693917005957152,-0.9779586823063854,0.3229286425662657
-0.007673611049249822,-0.005058167473233509,0.006902356731290247,-0.0032215407276438425,0.23265485772745192,0.6915498100443458,-0.8903822410709648,0.6884088813966018
-0.007178600151015675,-0.004965020324344819,0.006257640375758939,-0.0034424884974533164,0.1900489265367489,0.36075767178713614,-0.6970258496838183,0.6821469892996915
-0.007421103528536649,-0.004843962975309896,0.006455133833211353,-0.0031618251734583393,0.18918163818372802,0.44227837610457515,-0.7137957385211032,0.6109000363114642
-0.007888175642667474,-0.004908357927344662,0.007009432639762682,-0.0028738565575114343,0.23149646856337022,0.7506716622889843,-0.8622391445574181,0.5859067729901026
-0.008499862134509923,-0.0048810481291031846,0.007554461768583521,-0.0022002520273978568,0.3043859804276244,1.1534931668348498,-0.9343900058961259,0.43949545980299026
-0.008150658640685706,-0.0048483112909751035,0.007214876659928906,-0.0025615235220659695,0.24835701663313153,0.8848402362501933,-0.8783616820188129,0.5123221123081912
-0.00833861104141007,-0.004742279514357467,0.007281099635995763,-0.0022694472788459437,0.25696682974759955,0.9350031392568613,-0.8452920786215451,0.43311853003841244
-0.00921791631991809,-0.005061544257832261,0.0082275140426083,-0.0012979774885310714,0.3940875879181365,1.8589159057514422,-1.0096575830296182,0.30255132666753515
-0.00911650359704313,-0.00493016393149961,0.008018431012679635,-0.0013957982087689236,0.42665422558376814,1.6349042465142716,-0.9389102420923415,0.2620592601737028
-0.009373420771600327,-0.005039415511198498,0.008263325054734214,-0.0010462262274961527,0.6132708179844836,1.937967557078549,-0.9645807504388246,0.24277769895458867
-0.009280851541732242,-0.004913949715699959,0.008073656912672518,-0.0011408411852327754,0.47918735840137944,1.7223799581135333,-0.9039918564853383,0.2071544892098113
-0.00952952844693864,-0.005022183559254116,0.008291992862558675,-7.863706797255538E-4,0.6516932044383574,2.015132303219615,-0.9147821639876673,0.1845125647305522
-0.009450554802359214,-0.004887976842900523,0.008105031927554242,-8.709835219442333E-4,0.47762697183938235,1.7959662479155016,-0.8536780207220186,0.1463471398548067
-0.009686089839949744,-0.0050098636880925584,0.008313190314083571,-5.169352345508319E-4,0.49084555218147924,2.0902253642317596,-0.8604058636503753,0.12881401602815465
-0.009600480925739702,-0.00486847497104491,0.008123126729735324,-6.322908576184209E-4,0.5319250732138681,1.8552852919967149,-0.8065365609487091,0.09678087711340035
-0.00975565241633655,-0.0048698661115822335,0.008152294611550393,-3.8797088934018484E-4,0.5795564135284188,1.9355230824683127,-0.7618495824666134,0.05234523772591254
-0.009842960155646504,-0.0050024667597618295,0.008325153084140237,-2.631315257841106E-4,0.7145111320669225,2.162318165532215,-0.8031116691618045,0.07837102354468893
0.01531474644280334,-0.01130014882917949,0.0017671974543369776,0.007224975772539934,0.44671392115356084,-0.21207640918266438,-0.1845262229438329,1.970759920627127
0.015211747248484018,-0.011510340444166252,0.002089650920123418,0.007219142678448348,0.4702930073066261,-0.22502042872656225,-0.08931901492943588,2.040136787257023
0.015056815934194777,-0.01207645845761591,0.0028212782289044652,0.00688077248705258,0.4565751985802759,-0.21883699646575014,0.13804978890748412,1.9771356620567822
0.015082064396789226,-0.01185821434073422,0.002585497207360831,0.007080696577479396,0.48262103307837717,-0.2263652396193467,0.06702972181885565,2.0560662435684165
0.015233676275197944,-0.011707989575398637,0.0022846227409225664,0.007011080365118455,0.4416821776468086,-0.2269925036307885,-0.028620713991650625,1.9442538711193145
0.015597289722832414,-0.010397152255454666,5.125306564976915E-4,0.0071775000244366114,0.400161520752447,-0.08270482664166323,-0.5085495291265255,1.6605337611147044
0.01554855887969486,-0.010624779063083272,8.121041623948638E-4,0.007198752064321226,0.41114291218130683,-0.12208790257285865,-0.4385417147812797,1.7323464572402103
0.01558423654678535,-0.010877951432803406,0.001106494826214962,0.007042544489083606,0.3980487996397659,-0.15477504009744594,-0.3554872376228679,1.6908821330072776
0.015556226708045615,-0.011200757956151705,0.001494237051328262,0.006916787601808884,0.38463140678997026,-0.18769982530759474,-0.24717078293142505,1.686868284694132
0.015113297054231957,-0.012491716477685716,0.003081865419417108,0.006340764105302426,0.38763002095059046,-0.20223192628111072,0.20279156117610556,1.6984763084395424
0.015182342590665438,-0.012262747078150636,0.0028371218680833237,0.0065190858103036774,0.41654219389673236,-0.21430393576539464,0.13282043390314086,1.746716188381209
0.015215454652080667,-0.012692618022095918,0.0030899295942643135,0.006006785356532779,0.3521614978444032,-0.19626505004999448,0.20439788464951306,1.524082245397357
0.016091767540753782,-0.008697615808607013,-0.0012806126567947891,0.006084317775413357,0.2855127754815574,0.2484411222919527,-0.672728593379336,0.7693660287577574
0.01580274351575938,-0.010191726750701343,2.3129485458689536E-4,0.006872064945176532,0.34766183218690494,-0.03985208072869562,-0.5445196884819413,1.4037448910692414
0.015844622594975006,-0.009840189247219236,-1.8090759991629634E-4,0.006809634697344878,0.3464827344822084,0.025453691559721475,-0.6115797619950012,1.3003517210730313
0.016084205644338274,-0.00948275768358421,-5.28818045130471E-4,0.006394174157261199,0.2902185586522834,0.08823330853349698,-0.6052820420996028,1.0137872951702966
0.016294519366915367,-0.009142622638168871,-7.921653054384434E-4,0.0060094155274300586,0.24995221427004752,0.1415400255201773,-0.5932306428230476,0.7999501716646246
0.0164299604793372,-0.00806010840475711,-0.001575950962616717,0.005331982549387929,0.24173166029347223,0.29784362909938045,-0.5490884026204563,0.4083845348859341
0.01633273879116281,-0.007060407389090271,-0.002170083724414603,0.004758104340188565,0.2092530467014946,0.4203371275607256,-0.48726376389575415,0.18793952576404246
0.02182751706919178,-0.0013263844568586027,-4.1167551344758693E-4,3.3379757354642204E-4,-0.14369366766373462,0.12477082540091007,-0.029140879257829645,-0.08838338419416349
0.019282546237513663,-0.0026181879580629962,-0.0012397940534595632,0.0011023910087212196,-0.0036815904999873395,0.23426355430860465,-0.07049125140798877,-0.11814591284223032
0.017285904721592544,-0.005735862743257027,-0.0019415058131833382,0.0032755734503426147,0.11869601498457419,0.32788271977591005,-0.2573163019560591,-0.04303206174887492
0.0188967470529704,-0.0048333053982584605,-0.0012657652123061198,0.0021520448318694367,0.03542028847543976,0.22209600244467217,-0.14388329830780117,-0.08201111334428082
0.025,-0.0035489994304471924,0,0,-0.27858293895616065,4.455770716907555E-4,-0.06544093417339379,0.009604743896113656
0.014628942680595503,-0.01298172915175308,0.003979140405236086,0.006183356426479782,0.4307599435053007,-0.10438638080342268,0.4967001072208525,1.7997261559808588
0.014920695374729148,-0.012963184261166537,0.0035802412876459965,0.005956872233554505,0.3671254375910384,-0.15627612038661134,0.34598070144256493,1.5904463224699352
0.01515363711709081,-0.012873774830766132,0.0032575807756857035,0.005858844626852441,0.33014811933297156,-0.18437537329928952,0.2476615100742019,1.4851492450001689
0.014097223246064296,-0.013607415478998072,0.004910498909858073,0.005578063805138193,0.4218520054609422,0.09062207508901944,0.7725982101944294,1.6468821136487402
0.014455070388944058,-0.013222564618084385,0.004314569647344561,0.005968201892079536,0.4234090663905828,-0.04689884855257476,0.5966656826170863,1.7462207422009561
0.014289373489883017,-0.013460224519498333,0.004607813558782494,0.00571350773917651,0.4108270521896817,0.015255331488885937,0.6768405989859049,1.6645259624771478
0.01162480232396601,-0.015069667136448653,0.007330859485974285,0.0023484717569032224,0.40637156505296373,1.2745707265826576,1.1058366140811182,0.577970708207268
0.011778981599669077,-0.01501370450977158,0.007260499851602467,0.002574770749586792,0.4084417059373489,1.2124782389864996,1.1285533218140584,0.6481207814100682
0.011928869767220532,-0.014951256810872584,0.007187970538150437,0.002798576554989095,0.412368686493857,1.1521148978193831,1.1486047830903672,0.7195918452794116
0.012383084888998221,-0.014677037156297881,0.006977487753852085,0.0035538750199623033,0.4405874496955876,0.9845450026778699,1.2192428095695642,0.9835718279208944
0.012268682675417095,-0.01480259098465439,0.006975855309709347,0.003293518801521612,0.42242881995395015,0.9978493541975245,1.172871921665102,0.884463999347023
0.012102432704847784,-0.014890380539164636,0.0070693556474441055,0.0030367858897476364,0.41149874581944673,1.0650534083147913,1.1559826275796612,0.7973346929203483
0.012546873714753638,-0.01465266440583246,0.00677719632764892,0.003707959828944335,0.41887123332448456,0.8682331914029714,1.1800810372786525,1.0311379312135107
0.012700048122617234,-0.014561926863965208,0.006652360273147293,0.003936732682801521,0.430719330417993,0.7950176135160348,1.1770394152344859,1.1137703063520261
0.012813684339457457,-0.014427911653806486,0.006611398073704119,0.004200538295514668,0.4486140044176311,0.764316242705915,1.2063467194367141,1.2215226526471288
0.012980304702138321,-0.014390378819855427,0.0063861947889521315,0.004333417337508915,0.4273379574590525,0.6513714514617667,1.1484821270209304,1.2590843491119774
0.013124373525623954,-0.014283501575182876,0.006241802450243169,0.0045521286913304026,0.4425337411794423,0.5802667977627002,1.1313723937536055,1.3408493761413816
0.013741034012046783,-0.013982408861682456,0.00541052691379988,0.005081691451492951,0.4065583044926134,0.24608622876217237,0.8994432608580151,1.479187551699122
0.013344140979610869,-0.014313263846109823,0.005877673487336561,0.004555043872397431,0.3959548368752662,0.4244521757065597,0.9988429062313012,1.2997061908218959
0.01357290448462539,-0.014188342745773394,0.005592839289118775,0.0047688675182298405,0.386696044862524,0.3139968315490898,0.9262457376442205,1.3591086769144842
0.014157745357966812,-0.013868222900524625,0.004799506640246976,0.005160633007574067,0.3576617961113814,0.07009804806290279,0.694596024643209,1.4203862850892413
0.014043118239382719,-0.01408092526718939,0.004929185610395098,0.004882906495783403,0.337226702238763,0.1071637276741783,0.7119754652699307,1.3138783030928354
0.010782083680081914,-0.014938455742167742,0.008227174350974548,0.0012995188623696453,0.49914295058015873,1.9878437758750949,1.1067844954810901,0.3287269944945208
0.01088423109889472,-0.01507842850821009,0.007899470524859632,0.0013753233142677881,0.46456544664793403,1.7495362574628872,1.0416417817851558,0.30075879837668745
0.010626579228399676,-0.0149605844888015,0.008264337888915734,0.0010382294801767355,0.43819312802689075,2.05030471864825,1.051170381549172,0.2603712988173153
0.010470471553061363,-0.014977816440745884,0.008292084346995838,7.87248867628269E-4,0.6158314839268878,2.1071652022538476,0.991896101321898,0.19680576098542577
0.010565963580039755,-0.015108840835628802,0.007997134174284786,8.859043816498497E-4,0.47989105980272084,1.8790745392075847,0.9482415641293386,0.18078504031915035
0.010722860156617635,-0.015098805877874303,0.007948420908619457,0.0011270381913111875,0.4835196286238979,1.8134754201451913,0.9950440452512924,0.2379391064495703
0.009759670572526524,-0.015124297686519681,0.008054579653623621,-3.7838210294635454E-4,0.4592660359933148,2.107146030968428,0.6383816369119656,-0.06963495022757304
0.009842960155646504,-0.01499753324023817,0.008324955758590852,-2.717572465399113E-4,0.3305975764457157,2.2937143243857205,0.7216881031460046,-0.020352262405978223
0.009686089839949742,-0.014990136311907442,0.008313395648731391,-5.149465481508361E-4,0.7787592206771204,2.3278175115861592,0.647428424282953,-0.06172083441818146
0.01,-0.015,0.008329206184287254,-8.9482296045076E-6,0.4314643694091507,2.253083247492493,0.7928097850974246,0.026039308022622745
0.009931251856489368,-0.015146206840022393,0.008031520069348473,-1.0742999611784407E-4,0.5055077888613805,2.046889926427499,0.7058189038802872,-0.026205536644231028
0.010313910160050264,-0.014990136311907444,0.008311986625740482,5.356044209686618E-4,0.8136365568028618,2.1582322284387088,0.9285972854397079,0.13616983306972133
0.010404834346578747,-0.015128177071521493,0.008013708343471893,6.3248319804546E-4,0.4239112302393959,1.9260097041780517,0.8890966472511082,0.12129328434679447
0.010080315266492982,-0.015158025628990041,0.008009143177649945,1.243417616657661E-4,0.478207558141504,1.9964955252769296,0.7618439772905631,0.01485333245644019
0.010157039844353498,-0.01499753324023817,0.008325095291574162,2.574780687085929E-4,0.45974395413887076,2.206718412318786,0.8611374151779402,0.07779945050534114
0.01024477374311232,-0.01516173300804728,0.00798459129824111,3.781312705600373E-4,0.4350199383221876,1.9422309171893026,0.8216162099539587,0.06432322089298657
0.011462641245579656,-0.015107417917621841,0.007421038237053729,0.0021243900280238665,0.4052195991778093,1.3513751979993103,1.0868559415706054,0.5112140583696765
0.011305123012515026,-0.015091414142025587,0.007580372446758901,0.0019429113609195782,0.42998755639876907,1.470815152007107,1.0902182004880399,0.4599340674961362
0.011168192897630318,-0.015177200577260892,0.007540695590941184,0.0017012196718853634,0.4193633719731746,1.4705135229193351,1.0325107060021266,0.39002269295151737
0.010996627054265124,-0.015224268018752965,0.007573217607259724,0.0014444538582708115,0.4141833299001049,1.5196508343728226,0.9875387966669334,0.321203649161995
-0.005157078253839507,-0.008756573701192635,0.002061537040158195,-0.008070198691970393,0.9100599827799932,-0.20138205104971416,0.1532024503051433,2.2947038250124434
-0.0050190394992618795,-0.008641863261488416,0.0021286545056436123,-0.007816140337322787,0.5907996778586165,-0.22762729106350174,0.10636345603679744,2.0624128445305128
-0.005120404840570064,-0.008909334570059206,0.0018139435905235176,-0.008129536645633742,0.7795971474849721,-0.18846358930785145,0.23032566151738254,2.273402257944371
-0.004996044604883618,-0.00879603583730952,0.0018994560454929541,-0.007902242932565707,0.5850468267868044,-0.21771741142479928,0.17422661862723623,2.0688585631529937
-0.005088549402048353,-0.009063168625695948,0.00157044675125236,-0.008179985319678819,0.48928979424154045,-0.1720467141120053,0.3047276671766232,2.243870221085444
-0.004964762311736239,-0.008960277875659537,0.0016440547352303627,-0.007971619068227154,0.6197872264398091,-0.20270159667080176,0.247959564884751,2.0534785466783343
-0.00506154425783226,-0.009217916319918088,0.0013065481810561554,-0.008226092329686333,0.6178190592460406,-0.14960612624195785,0.37818651033728384,2.2082638645902133
-0.004917268907067933,-0.009115678348533243,0.0013899124810171429,-0.008003078216744494,0.5926901206614303,-0.1856007382033322,0.31433773280411653,2.0048557769873203
-0.004907640022852321,-0.008354613925451221,0.0023937336934751583,-0.007457816688060742,0.5634971034410602,-0.22536271515098474,0.03743840342063664,1.8394315617280406
-0.004858244683983695,-0.008522451987475465,0.002154032170698931,-0.007548056650211369,0.559021624251418,-0.22078845320961651,0.10158656958655969,1.8353166498573807
-0.005039415511198499,-0.009373420771600324,0.0010404648910944069,-0.008263936692481278,0.6904320091228101,-0.1222017525232048,0.4490150145123783,2.1688205461253665
-0.004886328660241554,-0.009279176119980732,0.0011319150911237887,-0.008042222429599863,0.5391243951094293,-0.16320752819699044,0.38100796564349143,1.9670663843686287
-0.005022183559254116,-0.009529528446938641,7.73208691214665E-4,-0.008293317692202897,0.8010866764419954,-0.09016115450737029,0.5176829103068405,2.1264531980761165
-0.004870196430416731,-0.009441944150670943,8.785160964555264E-4,-0.008083111443945233,0.48671383741470925,-0.13632668400578707,0.4459201778540191,1.9356342116895735
-0.0050098636880925584,-0.009686089839949744,5.183131288662E-4,-0.008313217702036088,0.6482833891475419,-0.05482255763442597,0.5830338819886146,2.0793043467305092
-0.0048725303757974295,-0.009594951519548475,6.417219560989414E-4,-0.008127237425514619,0.4605635135505706,-0.10615796433966672,0.507579740879576,1.9168844921014612
-0.0050024667597618295,-0.009842960155646504,2.642612150470045E-4,-0.008325060973299868,0.4437893220418097,-0.016519576330605655,0.6448937036911337,2.027077836281639
-0.004867799479136479,-0.009760755924340052,3.7969501088444004E-4,-0.008151802477742625,0.47028525713618313,-0.07001822617502333,0.5707181148134578,1.875931724978832
-0.005028799510790079,-0.007094498211555144,0.0035620493793787427,-0.006195931965060624,0.41280103424031817,-0.19131727702382959,-0.22651498118006527,1.3757952503487765
-0.005177193864532251,-0.006977315906732751,0.0037983991821337825,-0.006136294147374786,0.42382631162708007,-0.17096218533346402,-0.2888223077485023,1.3975112103597604
-0.005215066210426007,-0.006783583938435207,0.00392193853684214,-0.005912188442941905,0.4001912124412769,-0.15998824855787075,-0.30609804735795304,1.3147381803586928
-0.005354148851244488,-0.006549878313286125,0.004169161825167613,-0.0056730782110360955,0.37013675201870866,-0.13366047303614573,-0.3554685777465379,1.2554335018184
-0.005232722693863945,-0.005487588189324481,0.004115254288037999,-0.0043785880712317185,0.2020519265175281,-0.14064808985597096,-0.2543752095783592,0.7911191755475898
-0.005107830603422045,-0.005010606550622581,0.0039608428093791575,-0.003872169743813605,0.1708628668842232,-0.1512639137760645,-0.20432846995311804,0.6654689049088082
-0.005159707927645776,-0.006232351945347818,0.003989421910200971,-0.005216417520984601,0.2957298866603489,-0.15345396808092818,-0.2794010914064143,1.0478920848914421
-0.004937337341405554,-0.005819187795909869,0.0037848921091236227,-0.004697336766306195,0.2346206059229244,-0.17124345325527537,-0.20527467095715848,0.8519871325384676
-0.0049232360699985175,-0.007284906331844402,0.003334796641618156,-0.006355526329744651,0.4300897153210603,-0.20524598721045884,-0.17557989378957115,1.4028925636416147
-0.004888415617746831,-0.007493485675800202,0.003163128976499214,-0.0065668653020051855,0.45178615505554154,-0.21320364890783142,-0.14010735564016216,1.4704020510013671
-0.004759284918229576,-0.0076579988419724215,0.0029073241132212707,-0.006649671655421509,0.4429085269816149,-0.22166173635697992,-0.0770437496684543,1.450756492995608
-0.0047667581771486415,-0.008215897836446521,0.002419202162763999,-0.007197668339780242,0.5010049248851319,-0.2246994021279767,0.036025511988762464,1.6447288781301295
-0.0046515252264616065,-0.007865759757692832,0.0026357276232933744,-0.00677523986168537,0.4394931429033326,-0.22486490872692402,-0.014327729971772467,1.449070361032265
-0.004648785813988574,-0.008073071051308937,0.0024519952246958247,-0.006965134965118766,0.45651432064818,-0.22445716593078507,0.02805582735842672,1.507690134280312
0.004564032356492859,0.0010473444262555436,-0.003206502508375501,7.198077599633233E-4,0.06654622089660199,-0.17052028149759563,-0.026434065064849462,0.3415512215296947
0.0020750290000676025,0.002092631653243008,-0.0014607222659508354,0.0014751303081993509,0.10108257507574665,-0.1895538230967806,-0.005455963189384939,0.6120824017715256
0.0031849739610471696,0.0018602749817169736,-0.002249622924353648,0.001317521331485594,0.08751335288823747,-0.18771430921312335,-0.016871986611754125,0.5061547549021258
0.005115858331797691,-0.004320472115601663,-0.003909948952180041,-0.003215499816521094,0.12931304514430295,-0.1485868887292469,0.17581678576336288,0.5477408286576556
0.004976464248520468,-0.0049281778785703,-0.003827856014245558,-0.0037874012411274827,0.15741988703244103,-0.16056626822985517,0.1819232017461083,0.6495318893180219
0.004619405136495676,-6.967554212040497E-4,-0.003235396521582497,-4.7787094433778557E-4,0.06244635539044285,-0.16826724413896732,0.01710676830622324,0.32988440328814655
0.005081532167061147,-0.0024455278730506048,-0.0036679295634349522,-0.0016885575678065154,0.07305930689512898,-0.155964606780466,0.08454628500132692,0.34490664152665956
0.005004115203764799,-0.003643276834994989,-0.003740160014947607,-0.0026298065771573134,0.09547102261995394,-0.15745034358643337,0.12985272058638456,0.45511498213633944
0.0049324798933555285,-0.0060479452143782555,-0.0037566118584074185,-0.004947486546979899,0.25506607872319703,-0.1737590170355533,0.2112784476536881,0.9212109593555978
0.004771954710163321,-0.006428382333765709,-0.0035088489306633933,-0.0053195045820368415,0.2880264333520491,-0.1915474951950393,0.17572060899015604,1.0066777575230328
0.004637258478381537,-0.00548020994398656,-0.003497422745093303,-0.004300622047698859,0.19159841972594427,-0.18576176829405647,0.14666131308391425,0.7505232040114861
0.004636393422535059,-0.006779001962213077,-0.003254943768254408,-0.005646008642604052,0.316054547813035,-0.20589525104175768,0.13347961811114464,1.080589074366655
0.004883477375156074,-0.0085124981368151,-0.0021864662900581756,-0.007566781620573493,0.5646672516972934,-0.22293789089084923,-0.09251998745782931,1.8627135588648491
0.004856091715778353,-0.008693978217235146,-0.0019379674445090759,-0.007676121872818698,0.563064892667298,-0.21496313449472018,-0.159025025012538,1.875651424553343
0.004871721565870487,-0.008856713658090315,-0.0017325667203479916,-0.0078032917211852985,0.5660865976755607,-0.20547696981095148,-0.21570464289552435,1.9226827246708278
0.004781376693062674,-0.008998548261546143,-0.0014852950254049585,-0.007787764762972008,0.517156844814917,-0.18781222463460098,-0.2773001472845798,1.8305647429614258
0.004794685237525836,-0.008173359458628569,-0.002488128206039221,-0.007185792391862795,0.5042006751411026,-0.22495302632947276,-0.015801054630182557,1.6588657809399232
0.004728191877902893,-0.00836183992267168,-0.002232365180788563,-0.007287696882400273,0.4984405557205032,-0.22090920974396325,-0.08014089071771023,1.652396556995351
0.005022183559254116,-0.00952952844693864,-7.89364290425647E-4,-0.008291727305143685,0.4666813765362023,-0.09036768455182302,-0.519806028370058,2.1307844294965665
0.004890625046004068,-0.009443604745494275,-8.821197929686188E-4,-0.008105707619834734,0.5430989294853962,-0.1353531361010538,-0.44798092354503943,1.9581310702276673
0.004865137690061971,-0.009594622139137721,-6.404295450051491E-4,-0.008118282860329938,0.48667743443629913,-0.10779204678057415,-0.5039255517965465,1.905415340971192
0.0050098636880925584,-0.009686089839949744,-5.167608422587346E-4,-0.008313239112429968,0.737340894772711,-0.05428393768780262,-0.5871310838397197,2.082924673927662
0.004868557103540217,-0.009753484831441419,-3.912329778747998E-4,-0.008151284165302574,0.45730697873708787,-0.07281890458509079,-0.565119154769501,1.8771036808095793
0.0050024667597618295,-0.009842960155646504,-2.6655569318861553E-4,-0.008325159312728725,0.45353335528688926,-0.016130336778769513,-0.6501372131984477,2.0310746486103257
0.004759842394000251,-0.009178178943096587,-0.0012236699572069352,-0.007854696412928408,0.5056382566044321,-0.16669965208396473,-0.34292585660501373,1.8131205464041236
0.004790628697383399,-0.009342939079788495,-9.98942853736863E-4,-0.007957080177958313,0.4986402383121266,-0.14552892467731515,-0.40360283380735595,1.8439954893740258
0.004653294330712399,-0.008008546986011052,-0.0025156122977244098,-0.006910456047477151,0.45109138995932574,-0.22483662222984108,-0.013895333842544494,1.4881799674762697
0.00464668080581097,-0.007749232569363863,-0.0027240717136854707,-0.0066581962802822765,0.4250971644169387,-0.22377787959710085,0.03331085432418676,1.3983113237516183
0.004548899063609458,-0.007137079609943723,-0.003009128130936092,-0.005978933734485417,0.34290012087278193,-0.21583522966577237,0.08925110568051631,1.1601670204035397
0.0044759878805449155,-0.007439647256885948,-0.0027688219674820197,-0.0062401457233740645,0.3688669550663186,-0.22079794123197277,0.042229394498424076,1.2176936692842992
0.005,-0.01,-1.2994940880130132E-5,-0.008329331210175392,0.2805865584817191,0.024659096089658262,-0.708627169302854,1.974362190798324
0.004856681372779727,-0.009923358588282605,-1.209577016663241E-4,-0.008153676148615502,0.47090149800114994,-0.033486528229606675,-0.6230533586941679,1.8162489354816207
0.004836762245898277,-0.01007352622403837,1.1620274576676358E-4,-0.00813189826121176,0.4281222819587985,0.0015783175982654815,-0.6660733564519307,1.7444728185198677
0.0050024667597618295,-0.010157039844353498,2.5373951614041806E-4,-0.00832538177121229,0.3531751932192934,0.07066618250527634,-0.7645704812478161,1.912960522115932
0.0048313185968503715,-0.010237675294593117,3.729706130439114E-4,-0.00811169519896734,0.36872419633137893,0.04370725165246551,-0.7124610500427883,1.6773120039922762
0.0050098636880925584,-0.010313910160050264,5.201346926182861E-4,-0.008313041268208551,0.3921131808600904,0.12019659907563168,-0.816721891904843,1.8494381473813029
0.004838384056361552,-0.010403441802438122,6.312276166457257E-4,-0.008090468644735026,0.3184409173254052,0.0901688622465154,-0.7581179625250728,1.6147400796414668
0.005022183559254116,-0.010470471553061363,7.841828668289887E-4,-0.008292356498170613,0.3987851408684117,0.17263882553977905,-0.8649062843133418,1.7840556196561623
0.004855138138181359,-0.010567477374559112,8.875984156718554E-4,-0.0080652831897157,0.27703771354919193,0.14000501754795416,-0.8017277969319724,1.5546137408597145
0.005039415511198498,-0.010626579228399678,0.0010455713731176862,-0.008263495648660255,0.37845553903269363,0.22765910006291512,-0.909197599584343,1.7169915727266443
0.00506154425783226,-0.010782083680081916,0.0013046156363711592,-0.00822657507567445,0.33939979729972675,0.2849963489044129,-0.9495969129150356,1.6483571147005247
0.004878546488042842,-0.010729319999025787,0.0011414274846106179,-0.008033155906199574,0.24288847876531983,0.19252712137233893,-0.8422671946445303,1.494270085493348
0.005088549402048356,-0.010936831374304052,0.0015623729749251688,-0.008181514001636647,0.3049915070893254,0.3445313338564411,-0.9861023437560891,1.5783075243545508
0.0049064631574450915,-0.010889747602217038,0.0013930630694352593,-0.00799181258072578,0.21223796596552605,0.2472722509286506,-0.879005944648931,1.4316679839690056
0.005120404840570065,-0.011090665429940798,0.0018187738240640862,-0.008128300715010386,0.26756125357063204,0.40605551354465136,-1.0186199957136561,1.5071216331322563
0.004939368878695831,-0.011049615961013,0.0016437461543247229,-0.00794158847531695,0.18352846108901952,0.30441815066056427,-0.912239332472199,1.367155191318474
0.005157078253839507,-0.011243426298807372,0.0020769769302394214,-0.008066124632973315,0.3028302836801136,0.4700743443665128,-1.0475575866553728,1.4353758020408112
0.004976802213436204,-0.011210352194301318,0.0018949940234171266,-0.007881049080358872,0.14906183614228355,0.3639427126499389,-0.9415393343235557,1.299626931395305
-0.005,-0.01,-6.441407337815071E-6,-0.008329227990064261,0.64216273603321,0.027007838148478767,0.7049747193300867,1.9715470486232727
-0.004855388550143819,-0.009921258416569748,1.2468182574701606E-4,-0.008152594584049905,0.4223760096789619,-0.03372457079817447,0.6244249151815048,1.817814042525128
-0.0050024667597618295,-0.010157039844353498,-2.641454360400872E-4,-0.008325165275092564,0.5458253403352991,0.0731186025735141,0.7613480257823021,1.9133783604153958
-0.004866022855374039,-0.010078793064320373,-1.246854906981115E-4,-0.008164495062684463,0.3697992265475501,0.0077555772577145785,0.6793192459332557,1.777809393576218
-0.005244717217658645,-0.011545084353673888,-0.0025818730577737577,-0.007919080876873867,0.34091067233723016,0.6056317451875675,1.0969230122297655,1.2905681051451539
-0.005295594968187607,-0.011693686304088874,-0.002817723000933254,-0.007838326252752131,0.07808449908998519,0.6739486650575376,1.1157935551409437,1.2183786009625657
-0.005141023505661865,-0.011660577603137582,-0.0026262804099851794,-0.007693840549349931,0.08811029750426419,0.5580881326888011,1.019739792803186,1.1239687650113235
-0.003548999430447187,0.025,0,0,0.28277772847038884,0.012707432939079591,0.0628345107907781,-0.005050674128244173
-0.012867264066390651,0.014753966073663445,-0.006230360429435392,-0.003753696337654987,0.3568801377922255,0.6025222583869594,1.0100333649041107,1.0042514500802289
-0.012845768825392536,0.014946732676447711,-0.006080199323050919,-0.0034918753583626757,0.3177986669263657,0.554033211338569,0.9321493546571522,0.8943213656921387
-0.0126981063449222,0.015079753166746436,-0.006133046115761904,-0.0032504628379018065,0.3073611520939344,0.5922332132759034,0.9193825710799371,0.8134721450284016
-0.010128632112138984,0.016094688936134045,-0.00643600128482994,-1.3857418352719328E-4,0.21627009012474321,1.0809244954387476,0.574877783960213,0.031961867650697647
-0.010482186251492154,0.015937006027529368,-0.006619481600734652,-5.382151404943031E-4,0.24421983150293222,1.094234460366132,0.6599318421907726,0.1090970110151106
-0.01125614395510221,0.015604033252786725,-0.0068067538480048595,-0.00152282057668709,0.3002514617207322,1.0577380769406985,0.8442233689314174,0.33020641507007925
-0.010976789216353906,0.015694709808220113,-0.0068224113813677495,-0.0011684327367756991,0.28178212433962807,1.1084026328222951,0.7920686778373289,0.2449325616345596
-0.010815933162551812,0.01596291670100054,-0.0064910932841235865,-8.922925336052607E-4,0.2584174303138376,0.9909476176581566,0.6919377331154395,0.17754339213168183
-0.012490993985849156,0.015231298465491622,-0.0062134234595474245,-0.002949327130289473,0.2852618145034423,0.647993977637524,0.9040069053502996,0.7162546509701141
-0.012214071408203785,0.015268754208212186,-0.006464411318224786,-0.0027101761139228814,0.30703965231545316,0.7771539664597684,0.9395541679544515,0.6560569452170528
-0.01201360499735022,0.015436635507586977,-0.006454961915802602,-0.0023844765639023263,0.2854402135153538,0.8009658882265028,0.8931325963837057,0.5546125882234244
-0.011699896854056556,0.01548850340956401,-0.0066545673471178944,-0.0020571997175144866,0.29779927794108246,0.922106111423858,0.8941581979524776,0.4715216711672133
-0.011506407648397277,0.01570690403957304,-0.006501049006176107,-0.001709337544215098,0.25066638623394233,0.894889778927249,0.8161942693199802,0.3738049391627195
-0.008542110274190221,0.01755489196877108,-0.0044833064179308985,8.101208980325034E-4,0.07338587257792901,0.6166779772291351,0.2569295711518089,-0.10546271942581445
-0.00963913218604178,0.016623812501133373,-0.00571617194396678,3.044423463892986E-4,0.13891968112038788,0.8818975877140252,0.43607707288487607,-0.038884815886572444
-0.013128346371512807,0.014519734445151356,-0.006058560330655531,-0.004190576927534643,0.37998988674105666,0.5118038358731213,1.0131803027035466,1.1618482069298304
-0.013023002599252376,0.014692955445449069,-0.006070948102084142,-0.0039060390665853423,0.34880586299246796,0.5271179713896655,0.9801758310664253,1.0500914148938076
-0.014328765954642783,0.013104663944599405,-0.004475711206851188,-0.006241508269810839,0.4821332476059874,-0.014061774033889154,0.6872115747404725,1.938780294697828
-0.01336978761588406,0.014268723646153295,-0.005864141904822981,-0.004627317938312899,0.4010472894695974,0.41974734501538796,1.005646279859645,1.3304615108816238
-0.013353379726098525,0.014493213145310421,-0.005750502943910728,-0.0042879038202469424,0.35293815969974734,0.3850069455592402,0.921851010121382,1.168338767924254
-0.013576856382632634,0.014162705973551725,-0.005597875131622778,-0.004808926856600164,0.3925296092771297,0.31565956237514303,0.9340991598163545,1.378534201423311
-0.014215116446417738,0.013256383321752226,-0.004694792163023941,-0.006078283310113799,0.4725731896062418,0.035870249423391294,0.7528507227015794,1.8870819465524835
-0.0140932805500106,0.013373415632700886,-0.00491034801395434,-0.0059588757935605955,0.46766925843673895,0.08989896741369953,0.8216284185148789,1.8596788957506423
-0.013940150797238732,0.013465860371065475,-0.005170287124768625,-0.005878423614487011,0.49148491830685453,0.16297651134273464,0.9128033209693172,1.86016337446732
-0.013749219866910054,0.013751247663789044,-0.00546081113878549,-0.0054577223625684275,0.45981100155159177,0.2583476257454523,0.9693459131847225,1.6793495784190464
-0.013878519101996445,0.013632281385025544,-0.005264179881048729,-0.0056222654479869474,0.4696133747639229,0.19386747793229053,0.9164886022796734,1.7356642354679608
-0.01375007920226728,0.013975054410989635,-0.0053985838185523485,-0.005093573604339264,0.4091216632704867,0.24280891259910153,0.8980469884313945,1.4834437049651255
-0.014454003018031349,0.01284128709895058,-0.004175841780763182,-0.00654667521462081,0.4956327556969243,-0.07503527604904997,0.6028051727101026,2.0652054076089024
-0.014489035231006012,0.01300776210793028,-0.004195818180930469,-0.0062642036902149775,0.45511717257089973,-0.06808247712284786,0.5835188576938103,1.8923821067178033
-0.014556122802709246,0.012693515744911796,-0.00394224573525206,-0.006669850249273405,0.4975272663059645,-0.11410547095996093,0.524779255266984,2.093305809253369
-0.014612905076695524,0.012535877086427139,-0.003757899567615444,-0.0068379837426496125,0.5145534788635286,-0.1407975623020022,0.4694304380446249,2.161135194751718
-0.0069879376713741495,0.019059681913208608,-0.0029087072535317793,8.507491194815005E-4,0.029490192646580895,0.3574375001102637,0.132083905099348,-0.1204232280224671
-0.005430659818507553,0.02191415962170065,-0.001241838465207685,3.0590489740637893E-4,0.11395407390197874,0.12330539749195533,0.06779497864922455,-0.07497394806652996
-0.009139352085172175,0.019078660208007532,-0.003376581473256258,2.5541672969568377E-4,0.03872819008659641,0.2869340039393074,0.20841638112548902,-0.051127561151701605
-0.015049408724737036,0.011053469123263326,-0.0016356729448454563,-0.007844769939324646,0.5776964449847425,-0.2180577281038328,-0.23910730460745508,2.4046449623824486
-0.014911450597951648,0.010936831374304052,-0.0015642926297005555,-0.008181000844556153,0.6125224096355537,-0.18447003292778472,-0.31226169083624755,2.684885656623411
-0.015085083923229811,0.010893462344454659,-0.0013846876536310162,-0.007884114702810014,0.5617725783021906,-0.2005651304741862,-0.3207969017385713,2.380255429136891
-0.014938455742167744,0.010782083680081914,-0.0013031310032126772,-0.008226656743178231,0.6632987162092067,-0.16165829213198335,-0.4014019334969416,2.6620247666395365
-0.015110918449618102,0.010731624753454044,-0.0011342708259455198,-0.007924275811810573,0.5479576166213986,-0.17769366970237932,-0.4015642682916522,2.3583209488074264
-0.014960584488801503,0.010626579228399678,-0.0010412649639728701,-0.008263900589222292,0.7023145232878406,-0.13324050910984303,-0.48871977158404684,2.634037159394895
-0.015127797066452656,0.01056888071995725,-8.837204939530853E-4,-0.007963340524500798,0.5393170834945461,-0.14942688227942205,-0.4815760792084651,2.3370499427546836
-0.014977816440745884,0.010470471553061363,-7.794869267236944E-4,-0.008292684792433655,0.7208723021614846,-0.09945607136581652,-0.574018798765096,2.6011524035537454
-0.015137875780787341,0.01040586149270405,-6.323616952654158E-4,-0.007997259261001111,0.5347390898772671,-0.11579967938705434,-0.5604934645968792,2.3127253084473245
-0.014990136311907442,0.010313910160050259,-5.166919030348223E-4,-0.008313201513077097,0.7412408221948067,-0.060308759332646844,-0.657573522551497,2.5637261919392307
-0.01505708418195964,0.011465639935049857,-0.0021728066711125048,-0.007499903319233263,0.5226956122363344,-0.23051808380762293,-0.06494675016799994,2.2586056605675155
-0.015122752000226265,0.01133704074370257,-0.0019576833123035025,-0.007503954970331392,0.5074868313253059,-0.2233539464290841,-0.13533569236858786,2.2116038890818177
-0.015183743313326415,0.011178769567670374,-0.0017098703827627887,-0.00752409494990977,0.5004652284066542,-0.21064928396801408,-0.21366779601238695,2.1696739691210207
-0.014757642703124919,0.012405724498735829,-0.003463222429693263,-0.006851024658913837,0.4880979875425285,-0.17528158713589437,0.3579093454885453,2.0988552233997946
-0.01493432088808155,0.011948333083928982,-0.002837770234548894,-0.007191155951836813,0.5100397003622322,-0.2219021927009965,0.15464100882064805,2.1904959595924107
-0.014952796152724646,0.011774699313706992,-0.0026344647532084106,-0.007356041598735559,0.5269018451599428,-0.2294337234837879,0.08932940447821065,2.2611361813261253
-0.014941534648317385,0.012267616876124236,-0.0031203690248019834,-0.0068049881408075415,0.45627037905496276,-0.20238456082219788,0.23754702747518833,1.9940316073351159
-0.015057993979054905,0.012091351996818503,-0.002834230423802273,-0.006861980653037021,0.4500714429957468,-0.2171171551858829,0.145139579763949,1.9657949158494021
-0.015069187681684191,0.0116327974747179,-0.0023578924383533934,-0.007324394860963091,0.4994645439122761,-0.2302508841519866,-0.005312704832946969,2.171809875480901
-0.015140889763616633,0.01024283258147619,-3.8044821881372276E-4,-0.008026832363691198,0.5240162227813312,-0.07692767072776419,-0.63762873344223,2.2856566793404514
-0.01499753324023817,0.010157039844353498,-2.5239633097921864E-4,-0.008325573163666417,0.8733328057091213,-0.015652324845228296,-0.7401858804165623,2.522818255328281
-0.015130235031434555,0.010082155704607272,-1.298247810401143E-4,-0.008063595220581027,0.5508886126143918,-0.03259072446897791,-0.7141941335864014,2.267409498287876
-0.015,0.01,-7.786740012088843E-6,-0.008329439591033654,0.49969831777097107,0.031628523111375775,-0.8185679437075325,2.476244063991232
-0.014977816440745884,0.009529528446938641,7.800012864780092E-4,-0.00829265379581948,0.6013394082133809,0.20451352118430166,-1.0324517823164512,2.2986517894875194
-0.015149430473351362,0.00943766398026605,8.646138354244012E-4,-0.007921546017588361,0.5374317304933912,0.1698433851956661,-0.9509214254574919,1.9813717845482948
-0.0149605844888015,0.009373420771600324,0.0010436990765074737,-0.008263670806847555,0.6486441545434329,0.271607767304073,-1.0960135909124438,2.231856252432063
-0.014990136311907444,0.009686089839949744,5.135326904491345E-4,-0.008313365414625021,0.5159257927269727,0.14147346423622084,-0.9645606787603999,2.3622170254454025
-0.015160236643057759,0.009602178258160078,6.133643719667682E-4,-0.007954575551362126,0.5556726287805414,0.11204594601854312,-0.8934537570876816,2.0460678787922895
-0.01499753324023817,0.009842960155646504,2.476190195087771E-4,-0.008325623933270871,0.4235516975175517,0.08333816218945338,-0.8928593344520737,2.4222324053569206
-0.015157272081307085,0.009763441395801127,3.669261603085529E-4,-0.007995143992550678,0.5840828263673399,0.06041305281521173,-0.8372055547595857,2.118681485137456
-0.015141773396589238,0.009914186385719257,1.3413806459039684E-4,-0.008040936899311972,0.6057782014634546,0.015840149421222346,-0.7836686052577128,2.1974363801256582
-0.011985736283431544,0.00541122549991139,0.007647670786492999,-0.0033002192473334953,1.2140656210766865,2.6708202034995185,-0.3387297559227423,-0.1699028449362948
-0.01196329445251311,0.005252186302977191,0.007494144872836748,-0.003097028238651762,0.8941978828163973,2.434744588269472,-0.2783773209469233,-0.20417421078370343
-0.012128895840071582,0.005475864446977092,0.007539190995440699,-0.003540809065743633,1.1265153855459467,2.657182816839181,-0.4297689414620169,-0.14689310498063768
-0.01211575726671376,0.005303067397503104,0.007369706668236248,-0.0033174306075248283,0.8781042743016138,2.40467677890904,-0.3568971267234633,-0.18693522017407002
-0.012545204192439471,0.005696288158021204,0.007170407088318534,-0.0042382716524648565,1.0547524145098295,2.580520428532581,-0.6918113692043231,-0.044850432670800196
-0.012679131780828632,0.00577835898009388,0.0070329876941905385,-0.004462607482565271,1.0236968116886984,2.5419304714721935,-0.7746967020469474,1.965902569836267E-4
-0.012699724572031173,0.00558925004883092,0.006842899472233921,-0.004184553509774823,0.8738969852503836,2.2712106760743134,-0.6636338193476606,-0.06258749952851911
-0.012408766398519249,0.0056184655156709526,0.0073005362232767,-0.004009935503626539,1.0767877143925715,2.6125756015004895,-0.6064842461150536,-0.08441865839529322
-0.01255753088076121,0.005508471574702116,0.006982062289880961,-0.003972039720579477,0.8782937828132501,2.3106574325365243,-0.5895910830781984,-0.10130072298863334
-0.0122699521913998,0.005544967222482056,0.007423455175779996,-0.003777469785973184,1.0994025064117323,2.638065072805251,-0.5190521185286641,-0.11843727901298097
-0.012265904830648289,0.00536525572621259,0.007244778809176025,-0.003538977533733722,0.8828645047829368,2.3772077250791788,-0.4361651537371138,-0.16356824936887485
-0.01241296347987704,0.005433807774909857,0.007115947085539735,-0.0037569615578098227,0.8817198192762395,2.345998809370592,-0.5137327574118986,-0.13497896630314618
-0.012810416269897772,0.00586459670770868,0.00688868671966454,-0.004682245852572935,1.0006939063448121,2.4970271060491585,-0.8547324805874518,0.050610149993854485
-0.012838933242758229,0.0056767268252325195,0.006699570867632545,-0.004395433966890455,0.868106323586436,2.228942009357125,-0.7359825369356453,-0.018796648861675758
-0.01293892622972893,0.005954915005069574,0.006736479110782599,-0.004898614914964663,0.9441592871434442,2.4458516261330714,-0.9316773352725153,0.10632650558740331
-0.012975115653919242,0.005769526392606125,0.006550889902663501,-0.004602877931200524,0.86276842046028,2.182340563395926,-0.8056704058024904,0.029645975534474112
-0.013064534716697501,0.006049224510282093,0.006576727875267727,-0.005111029380469884,0.8625585968344477,2.3889434278559936,-1.0051340518559608,0.16735074989364077
-0.01310615765189173,0.0058700559940114755,0.006401578506433108,-0.004810454847501674,0.8635918083612397,2.1361527479512668,-0.8744012299948903,0.08351132447303118
-0.01512835486464325,0.009273734661230397,0.0011163593345981141,-0.007889764969967654,0.5282792535021473,0.23254807284166978,-1.0072867784204933,1.920116948051765
-0.014938455742167742,0.009217916319918088,0.0013047797335136318,-0.008226517758056443,0.6748620790066816,0.34243602166277826,-1.1551909005031806,2.161871308263118
-0.015099381718170435,0.009111008223889203,0.0013680961325842017,-0.007854831110853193,0.5256750244367394,0.29968341161996204,-1.0613861327037464,1.8590801077457584
-0.014911450597951648,0.00906316862569595,0.0015634765420915622,-0.008181290639940091,0.6869177395097846,0.41672596673074813,-1.2098910123100433,2.0888489749980694
-0.014879595159429932,0.008909334570059206,0.0018205558345591101,-0.008127928368377498,0.7055929770717292,0.49432466294787725,-1.260056232965193,2.013045697810337
-0.015064418231165487,0.008949595036437163,0.0016191414512538693,-0.007813347023843327,0.5253802279511275,0.37064930064734597,-1.1120439261678337,1.7958149103991061
-0.014842921746160493,0.008756573701192634,0.0020749454144671263,-0.008066693022252573,0.700670639875176,0.5747883795489491,-1.3054045154967118,1.9347130901865317
-0.0150233335889073,0.008790800906427294,0.0018681720121296243,-0.007766642299043972,0.5296591418820875,0.4450823481786998,-1.1592285779110598,1.7315947426050913
-0.014801469324203573,0.008605047553236283,0.0023295288694137953,-0.007996856053221644,0.7392141568087393,0.6585645754672894,-1.3461666209428085,1.853897921294191
-0.014979023810962055,0.008635270847701677,0.002111991324114784,-0.007710670045522959,0.5333533708115875,0.5213001778393319,-1.2009065678579338,1.6637583502319033
-0.014755282782341356,0.008454915646326116,0.002582694022075084,-0.007918823850720461,0.8486077167221309,0.7460205422734073,-1.3828708881672733,1.7710445190750008
-0.01492718435659257,0.008483383352420557,0.002354227166230641,-0.007653943150211953,0.5303295916696616,0.6009270622761224,-1.2400657622750142,1.59811271127798
-0.014863697627692421,0.008337289289150049,0.002598460775936146,-0.007604430645675303,0.5562198900732201,0.6860875643464829,-1.2802953421406615,1.5409991437146686
-0.014704405031812397,0.008306313695911128,0.0028192845569554154,-0.00783771012176211,0.6071706047060847,0.8335403153221742,-1.4137287236505813,1.6858093181142444
-0.014648884232660605,0.008159381790995318,0.003062807838870659,-0.007745637398633893,0.6054281401105559,0.9229393621911218,-1.4388590559401024,1.5983175160447607
-0.01480986820951534,0.008171813024257353,0.002849785537726621,-0.007500640746516955,0.5963463868760278,0.7720245035528945,-1.3029676742024696,1.4466415734939544
-0.0143037118419788,0.00745479580756053,0.004233543661159004,-0.007173150340048042,0.5804791637276225,1.39198914658931,-1.4832683188670677,1.1476272728847727
-0.014381534484329049,0.007591233601480754,0.004016110212069026,-0.007297123523138088,0.8409156413152313,1.299130133130359,-1.4857438373851346,1.2381848288964539
-0.014459571561724525,0.007452578639421209,0.0039872115994342506,-0.006981303354321833,0.6521670254788233,1.202368274619479,-1.358679575441159,1.0460472022584142
-0.014588774500088612,0.008014263716568458,0.0033122096777820913,-0.007642325393372878,0.8027621276396307,1.0162398762180223,-1.4588953192223488,1.5086182572675533
-0.014759729146039692,0.008026442082045991,0.0030658505575222035,-0.007398880267039093,0.5791405943513713,0.8462894643804074,-1.316227197446976,1.3620543438186485
-0.01452413555302291,0.007871104159928416,0.0035458733173250926,-0.007536769570978105,0.6772738907338133,1.1086981282045325,-1.4731336821143481,1.419217102996268
-0.014686101847314255,0.007879935444516555,0.0033067137856047477,-0.007313009825042888,0.5813582655455792,0.9367247657850729,-1.3384385973042052,1.2901036258709293
-0.014455032777517944,0.007730047808600201,0.0037832618742237602,-0.007420422690549142,0.7590141526949467,1.203240624635658,-1.4822140628767102,1.3291683628438833
-0.0146148544831847,0.007722139935835061,0.0035478225735290293,-0.0071919648654238935,0.6114825546847124,1.027902851548091,-1.3462921938288328,1.1958374417920832
-0.01454508911340303,0.007591443033533721,0.003755912682671164,-0.007090924370251131,0.5985005791977661,1.1073462092015085,-1.35222896900518,1.1231835915650492
-0.01124342629880737,0.0051570782538395065,0.008066070429588602,-0.0020770309940983463,0.8339608578721597,2.6194227682399895,0.11343941167333908,-0.2008739997650567
-0.011348133305291065,0.0050387645150958135,0.007845426405348492,-0.002129525361327872,0.890606390022377,2.400478777908947,0.06003331132506384,-0.2278239245084206
-0.011090665429940793,0.005120404840570064,0.008130702157204513,-0.0018079777275426194,1.1899475667818984,2.5900243014408426,0.20307397470145228,-0.18881316744772966
-0.011201035046801007,0.004988890989438645,0.007896628265169394,-0.0018911661616778477,0.8222930323443601,2.3614098024391748,0.1369476293020787,-0.221696472981848
-0.011039518050202868,0.004972129145459397,0.007979966010736889,-0.0016490322571514442,0.8076741132121846,2.3599681817706677,0.2177304644136596,-0.20791957651368662
-0.01093683137430405,0.005088549402048354,0.008180665481917645,-0.0015668239158905647,0.77055029053732,2.5532064878214835,0.28761333400711403,-0.17302034960327897
-0.01031391016005026,0.005009863688092558,0.008312673051337725,-5.247205463385459E-4,0.704928274541262,2.351379063131039,0.5997880559110631,-0.05665339710854342
-0.010241485646632074,0.004860761279254051,0.00814265935517374,-3.834073017877948E-4,0.6426747669729904,2.1159519551597916,0.5809498731566328,-0.07685159010612147
-0.010470471553061363,0.005022183559254116,0.008292516805036235,-7.819986128971367E-4,0.8401413077736087,2.4092182224346677,0.52696266700899,-0.09218734104304355
-0.010397502454575804,0.004876567648518963,0.008132123865428042,-6.306639649071162E-4,0.7098104462156938,2.1775948048800813,0.5181737172216878,-0.11007847749140466
-0.010626579228399678,0.005039415511198498,0.008264555247137413,-0.0010358823746197212,1.027411059115962,2.4618822048077904,0.45045668296700087,-0.1238021062282058
-0.010568457695429209,0.004891399302249662,0.008102692612911055,-9.008120446762753E-4,0.7054127871422268,2.231041444306521,0.4419249953226498,-0.1437795658245977
-0.010782083680081916,0.005061544257832261,0.008225913949108923,-0.0013074604185728332,0.8010611844465231,2.5096133720305778,0.36940863478277053,-0.15171423915630655
-0.010724441868649064,0.004896352542752471,0.008051788125479934,-0.0011421320515303905,0.743688040834903,2.2545163388572615,0.3689373735921429,-0.17064286869246192
-0.010871873496059257,0.004928347094852025,0.008021320949567779,-0.001377667930728743,0.8189438514712787,2.3042246829255784,0.30039456527702363,-0.19023735108200215
-0.011930657340752953,0.0051129691581231285,0.007389002324228658,-0.002908825060595777,0.8522779447828448,2.2652038307274482,-0.20087777893939923,-0.21175653104629685
-0.011463747996788762,0.004952787531099693,0.007660028629090767,-0.002212647561212786,0.817223974245169,2.2443953931070983,0.031098091872978496,-0.2249552133921607
-0.01180693535788596,0.004998843304257387,0.007400160966128068,-0.002659793801661543,0.8107635949699858,2.177525853096974,-0.11277481762989457,-0.22036959050768526
-0.011636417131092234,0.004948741472762338,0.007508865528326767,-0.0024192633943943783,0.8107817794680358,2.182173426887941,-0.035899921421866765,-0.22479677212206792
-0.007474715524226821,0.00476550326215261,0.006458518678657606,0.003041596288297394,0.1865127034232343,0.4463491692178341,0.7002160124911655,0.5778740315323999
-0.0071360216286900195,0.0050862824537567936,0.006280243280312022,0.003609370293223281,0.20253180372402227,0.3814023408468448,0.7373679951357747,0.7443397162754825
-0.006881450655541459,0.0051627824085364,0.006009141393016435,0.003819819870371548,0.20219350692427993,0.2792023687594518,0.6835690733893037,0.7854318057641362
-0.007234460712363134,0.0048438980824988325,0.006245881165855153,0.0032735864395292873,0.18293267436234656,0.358885333864375,0.6728043026662405,0.6311326365920417
-0.006646199394521636,0.005027416529100588,0.005657931854173691,0.0037357160546546953,0.18333743484076978,0.14967537334181286,0.5589160348427517,0.7199607822820625
-0.006375708852321263,0.005121663590177681,0.005371860700811154,0.003915255418698722,0.18542508803070146,0.07194813379626348,0.503782742199656,0.7539630819713204
-0.006108459442814362,0.005290250647085646,0.005099449440666366,0.004158767998510892,0.20237862595965864,0.01120092554197591,0.4610966430656935,0.8094497024464465
-0.0017020572779682405,0.00457852876559288,0.0011693597190654051,0.0032392451324778945,0.12770376988971266,-0.19163339095345977,-0.00928959500531401,0.6777935392400859
-0.0027340795598944172,0.005008311436528194,0.001903172244857803,0.003645767201121787,0.13990506367034025,-0.19824486737074412,0.003386156251748805,0.6607393697163418
-0.004961951892448109,0.005270493875602447,0.003827039423728543,0.004125520266049965,0.18065387762314392,-0.1637675864015751,0.19269581437495376,0.7192683727825742
-0.00572656078298921,0.005151746990206887,0.00462997047645438,0.004024287926467103,0.1868224940208886,-0.07227139269439005,0.34174455825364497,0.7384532644464413
-0.005338319982397352,0.0050573105455817766,0.004201617237885158,0.0039262629735783905,0.1690489949963159,-0.12777626927237437,0.24911142804595757,0.6874520793959026
-0.004383273520483363,0.0050213372901860166,0.003273068130228852,0.003837982400220884,0.1602212662559378,-0.1911093280639057,0.10996627408052738,0.6595956165591903
-0.0035965502864826414,0.004903925877289215,0.002592582366069697,0.003660205581116876,0.15038616482541076,-0.19872689656486817,0.045944938262855194,0.6448835705223642
-0.007743430213740102,0.0046992611033373575,0.006688997839353047,0.0027797497372410037,0.19001842871151017,0.5587125480285625,0.7303204255847914,0.5197585988059338
-0.007979756482011569,0.004685343428403207,0.00690729548025287,0.0025706166534802785,0.2164869705876475,0.6816123491165252,0.7665037409006904,0.47949881620500145
-0.00816875701879859,0.004548780989630828,0.006960620999325317,0.002276823562523124,0.2173259871661836,0.7128659323605212,0.7312469523173082,0.4004130590929092
-0.00899850951484672,0.004762940966082205,0.007766730770703958,0.0014749454699334588,0.3747042696967738,1.379923926200829,0.8658504180592527,0.2677103820054332
-0.008636635345582759,0.004704819211871443,0.007475653345791303,0.0019011145149961902,0.29518857643098384,1.0950534366544362,0.8440157140350201,0.3511725491008414
-0.008863905658706228,0.004614312905506538,0.007530271531641308,0.001564714915833553,0.31678526581060046,1.1587232520717772,0.7985986215722773,0.2708475975307934
-0.008425777086922314,0.0044418559834778675,0.00707057199387709,0.0019421656782809265,0.23384351283351937,0.7872764897073458,0.708468439686536,0.32184490349180045
-0.009176880909603486,0.004722453847067158,0.007811050717574383,0.0012092517329477847,0.3951959380560426,1.4467702467700116,0.8274318656293067,0.2088944692257462
-0.00935131623618014,0.004719006655378474,0.007877839723056076,9.607290224128332E-4,0.42270236575686687,1.5417244226769744,0.7997671847280693,0.1585286978177756
-0.009510894048008398,0.00474604986221182,0.0079591264090888,7.372158524225177E-4,0.47024375372676774,1.65961216841551,0.7795562314428467,0.11545666553887332
-0.009996227043477593,0.004739013595960539,0.008018327106183014,5.924621259364034E-6,0.5701121375016642,1.87088987765986,0.6417913092544163,-0.01618318776173647
-0.009839593230383806,0.004690921280581331,0.007955713337698093,2.3832934792192265E-4,0.5177800236897038,1.7494977780749965,0.6758908014281221,0.02197065819039518
-0.00966106300794344,0.004696837847460703,0.00793766016385601,5.039375449641721E-4,0.49151374319832225,1.678238490509262,0.7254398587727896,0.06906138951595557
-0.010159811721301327,0.004699866637819107,0.00796688980114964,-2.3857395923335532E-4,0.5928098912777863,1.877550044888914,0.5757821093246508,-0.056007514641035074
3.6216950072524433E-4,0.0016558035863934073,-2.52960413931165E-4,0.0011571255403267533,0.10547723411546805,-0.1869036432990408,-4.145446755683718E-4,0.7266201223103054
-0.001492337855111817,0.003013370541752458,0.001046572789466819,0.0021203204847654775,0.11255595579642626,-0.1891613215482186,-4.0395130411354565E-4,0.6714189766913065
-0.0054206538732002275,-0.00463379885068275,0.004235400977778896,-0.0034955835499631788,0.1359626753955879,-0.12549472054098113,-0.22860855132583158,0.5877495421521098
-0.0047201780146893255,-0.004463546157246156,0.003562455537418339,-0.003346197809460011,0.13490380002029131,-0.17336433265585025,-0.13485550849955505,0.5774809284500195
-0.0068909058184333065,-0.0047778589824459955,0.005826569540093823,-0.0033632323112968896,0.16472969438779714,0.1992599516483753,-0.5590372777761924,0.6191436575632804
-0.005977075917003951,-0.00442615957836768,0.004743680088009246,-0.003235455844543025,0.12750159574551748,-0.06289871871196738,-0.2946890393416079,0.530337781386176
-0.006540088372090628,-0.004590968763109545,0.005367963106846487,-0.003282136857991214,0.14001618146739422,0.06497771474519652,-0.4313434203894159,0.5646241429209421
-0.008860695939090307,-0.004853024502109478,0.007785428092566234,-0.001715649131495941,0.35385543442882794,1.3808845266783372,-0.9215043931861743,0.3271985098495271
-0.008686310637142362,-0.0048238943426808616,0.007635854775578063,-0.0019249678814741865,0.31601185831067796,1.2320649363741971,-0.9088297967120023,0.37120957458182063
-0.009001483895852383,-0.004795363125362424,0.007804834331097933,-0.0014892703938292845,0.3741691781756425,1.4164750807528492,-0.8819300341690907,0.27164545735095635
-0.0076626333295220705,-0.004729180770691537,0.006630612959413209,-0.002872683289495814,0.19165173598949858,0.525478680738149,-0.7215321319987704,0.5366938993499496
-0.007155283795740145,-0.004617685330528876,0.006028358545796198,-0.0030685481713154353,0.1525121081427703,0.26551730581031135,-0.5736965045134719,0.5468265088102101
-0.007433068657380661,-0.004556308159134164,0.006276604613572668,-0.002851276423426253,0.16517453664918993,0.3625729229847821,-0.6121536811493729,0.5019676912985187
-0.007904656710961152,-0.004623204023244977,0.006786741926928506,-0.0025769933621677854,0.19982157105939624,0.6060045990606562,-0.7222004048543152,0.46516555099949314
-0.008515410541085568,-0.004671935114009419,0.007353489617133902,-0.0020180742795473995,0.27613665498648565,0.9967734249913441,-0.8228274576879878,0.3694010251947529
-0.008154055267018553,-0.004557958099663108,0.006956442048888483,-0.0022976186217232362,0.2107100230582538,0.7067648238734766,-0.7296054682072236,0.40261529230524734
-0.00836557175553155,-0.004538900880729878,0.007112124533878926,-0.002076689401018385,0.2396615101788569,0.8125667026176343,-0.7425584074060124,0.35769373242504493
-0.009173496071600283,-0.004754019198395897,0.007845546988595355,-0.0012277937747904642,0.39421005606422876,1.4807910211407764,-0.8433543370294582,0.2131336956438281
-0.009349231073974285,-0.004790340423982351,0.007958501802681213,-9.896789537591068E-4,0.44679869831853286,1.6221288456489138,-0.8318580527566523,0.16688100272084747
-0.009501740105560234,-0.004711741884527373,0.007918027814205987,-7.41320679048847E-4,0.4595034071715145,1.6176534110294958,-0.7685299779003331,0.11316040246136459
-0.01,-0.005,0.00832919646043886,-4.115183554480207E-6,0.8110890389754237,2.231516354979922,-0.7406759551587516,0.03001903932512211
-0.009927732979974534,-0.0048614586161967914,0.008158204937931257,-1.1473665297638591E-4,0.5776730269159444,2.0037211153161003,-0.6999220890282444,0.0016970375357905788
-0.009672145261279151,-0.004705987703070612,0.007950507251886273,-4.888244317469932E-4,0.485761602351183,1.6941944340516952,-0.7264427383867145,0.065701943645717
-0.009835920311743726,-0.004750703458024054,0.008024031513258936,-2.4955597641068705E-4,0.5416765065612633,1.8208389247013526,-0.6956181555067091,0.0243088013776322
-0.010157039844353498,-0.0050024667597618295,0.008324882714441305,2.688385649323352E-4,0.5865944054980735,2.2978639771569718,-0.6735183061765674,-0.015436069102785657
-0.01008175540921832,-0.0048530622775163615,0.008148531388195985,1.2903505958225742E-4,0.6320591340007585,2.0521419459649537,-0.6404770102234377,-0.03997577725196711
-0.010239704035189076,-0.004870719158891811,0.008154037984230951,3.8026428942444784E-4,0.6954849179079065,2.12740531255954,-0.582961067512244,-0.07593436716237244
-0.010313910160050264,-0.0050098636880925584,0.008312813084166424,5.244482358228931E-4,0.753386702237612,2.3608468700477814,-0.6042340430220348,-0.054840089687438524
-0.010470471553061363,-0.005022183559254116,0.008292891677982963,7.772461534770341E-4,0.9920918973742868,2.418659932376931,-0.5304373846988215,-0.09067402228052192
-0.01040906785498938,-0.004883635540564087,0.008138073582664803,6.497930173992949E-4,0.6878054059255817,2.1896924871528216,-0.5124087490685162,-0.11296621049755516
0.015488445828838251,-0.011598617873650761,0.001956480436612878,0.0067444769498280896,0.3915499933366161,-0.21337019733633952,-0.11651321339444463,1.6812814296657146
0.015372527067886648,-0.011988280027844272,0.002421776132421002,0.0065608237895829,0.37002551017042323,-0.22252445938223062,0.009223505026659667,1.6765548520338653
0.015865763030851424,-0.010623571078984644,7.163802288858911E-4,0.006697893820713583,0.32091810678537186,-0.11153074052005539,-0.42730008188057067,1.3994032036066508
0.015796976880430344,-0.01136454483341793,0.00152595964398407,0.006472109585701442,0.30027297007125137,-0.18653775405384698,-0.2288350978205779,1.439121451515872
0.01580401772486273,-0.011047592168236225,0.0011943284976299825,0.0066294710982478106,0.3628739698149721,-0.15889998010566955,-0.3142816923055635,1.4532849593277986
0.015465861577451619,-0.012427887342815035,0.0026602070846607558,0.006025721552231238,0.3333651144555509,-0.21269924353454717,0.08617994936685423,1.446083859934409
0.015445053236536273,-0.012843777575981392,0.0029257524200722684,0.005630511916532359,0.289962994661706,-0.20112380463714666,0.15308664668775276,1.3210604823525591
0.016688423091533594,-0.008899649628988409,-8.646709455988904E-4,0.005455112241809769,0.21938633955251188,0.14171782937562696,-0.5001861412424602,0.5469236544300181
0.01707798205867847,-0.008400976392784098,-0.0010403314567900305,0.004861814465488711,0.15601415215305853,0.17866828023199136,-0.4500073099078026,0.36411624870029674
0.016349990207475625,-0.01014110239132949,1.3363344516950022E-4,0.006088748330945275,0.2643433925432697,-0.03440335564295654,-0.4530083844638977,0.9756581235860724
0.016737931959507263,-0.009578274305936187,-3.105972109764088E-4,0.005560114683847226,0.1768115321566095,0.04575225509005471,-0.461661634815234,0.6644583123641561
0.01758445069323452,-0.007611261344269585,-0.0012092837846248118,0.00408651787750803,0.12943609097727224,0.19618192562432504,-0.3432226505850354,0.14245976297414376
0.021585917854339946,-0.004975896815205762,-3.9143043689185756E-4,0.001270996003537745,-0.08474350385781423,0.1035240586220698,-0.10370867787897663,-0.049466298654221634
0.019480948915983377,-0.006595941603682769,-7.80171614649878E-4,0.00256327497246161,0.03186494947657533,0.13755945798123706,-0.18033334736350223,-0.012099284509249485
0.025,-0.007110403506374536,0,0,-0.12229920341883832,0.0021974592661018534,-0.11480723236862385,0.048366097629584305
0.01484666821360274,-0.013234608007797804,0.0037758640098273957,0.005670934805765429,0.350011138838239,-0.13023426613781489,0.3941741467587519,1.4833419607588991
0.015208143504525736,-0.01313320484246009,0.0033080510257591585,0.005515933873071057,0.2895385716309105,-0.17627189346005756,0.25300936805598195,1.3345930867460718
0.014389261196063376,-0.013764406435301657,0.00447506010252089,0.00522128643415623,0.33825483280485574,-0.004908192329627591,0.5916747242317887,1.3956516899219726
0.014661692002490385,-0.013565803348289662,0.004093609304967691,0.0053558393070975464,0.30869043048531447,-0.08061611069887853,0.47556856749224385,1.3921445437491415
0.015684799046771,-0.01323812686194771,0.002848600888130479,0.005042046061846922,0.22348108206784437,-0.19307199904094133,0.12499818531246869,1.05421088027444
0.011554012156973013,-0.015251940282635679,0.007117156798364196,0.002104478397772886,0.36733529154429667,1.1673868602443436,1.0064449574679166,0.4955117817305866
0.012054910769077925,-0.015053360773248436,0.006906504473468638,0.0028050560700561148,0.37143012887855065,0.9909850604923701,1.0690133635032535,0.7078339660548439
0.011736584140814516,-0.015205630789818963,0.007021846518797076,0.0023398085483162328,0.361003019575173,1.0911843082004395,1.022934808843872,0.5635110695703797
0.011911461618968945,-0.015144524617139159,0.0069364120077353335,0.002573531538487023,0.35959206552444706,1.024532129803337,1.0394055043158257,0.633340711066583
0.012494098315458965,-0.014878003011998035,0.006596465600439026,0.0033691501605870454,0.36781716536798775,0.7880047248471395,1.0658185304523113,0.8895962236413134
0.012260767685210915,-0.015054609349856345,0.006672626442052605,0.0029795274047933677,0.34740542567250093,0.8521777282343618,1.0294497948451815,0.7550692210528241
0.012718924094137376,-0.014798010287528413,0.006388228844847404,0.0036165548127173653,0.36569174268810745,0.6764041484087051,1.038477616802455,0.9664829192805272
0.012936135907168142,-0.014622239547188007,0.006253598201348008,0.003969552022503208,0.37819968129114473,0.5991053764901109,1.0454745638168779,1.0929018052575694
0.013161827797643895,-0.014501706102514549,0.006024636919709969,0.004228838814063315,0.37848081379495246,0.49327184222131754,1.0054687058041933,1.1755943693747142
0.013846891387344469,-0.01428599149234159,0.005148358195324026,0.004617855878817526,0.3228649443437672,0.1737453637577887,0.7576533513697647,1.2278542076789878
0.013405299884109451,-0.01462362104714504,0.005595943128487805,0.004116763479695883,0.31564421733927883,0.33343511289898425,0.8491719392488716,1.0768701290975
0.01361807576545353,-0.014464878449432013,0.005392290013916532,0.004365023001525151,0.32065830696672576,0.25456025194786497,0.8102093781256327,1.1544249305307108
0.014359581332293975,-0.014093511811112675,0.004490558043359928,0.004786290837477156,0.2958726551659619,0.011912314407884402,0.5715020683853603,1.2106945571642589
0.014177410974904665,-0.01438052910741727,0.004672389367470463,0.004452425722318053,0.26274730944929153,0.060503223622622636,0.6039869619394338,1.104421560448107
0.007591233601480755,-0.01438153448432905,0.007301916713108339,-0.00400705948921753,0.5239836934985833,2.2382948347615246,-0.4574278815500879,-0.14011470542916157
0.007585453469049016,-0.014541330366239958,0.007086582993474637,-0.003766677111810624,0.2870391495392952,2.033078682390944,-0.37471112201132123,-0.17985502791565622
0.007730047808600203,-0.014455032777517945,0.007424121853295743,-0.003776188735734218,0.5411166912321979,2.280383146114709,-0.3863145515939308,-0.16573684340837816
0.00952952844693864,-0.014977816440745884,0.008292023805993878,-7.861112488191644E-4,0.45936196095541426,2.3558437914055674,0.5686648697202817,-0.1011161193968348
0.009598495648362385,-0.015130712406615678,0.008007110539007363,-6.275456551252534E-4,0.4364468078373614,2.1125527498963863,0.566482947920334,-0.10816203210312102
0.009373420771600327,-0.014960584488801502,0.008263833194906364,-0.0010420636179848096,0.5635872373302062,2.379628772133944,0.49073807036185957,-0.13384806583021885
0.009442584891674904,-0.015109405186140843,0.007995570342573192,-8.725314448613696E-4,0.4599557337926181,2.1450641533438706,0.4992865009961836,-0.13981827597070798
0.009217916319918092,-0.014938455742167744,0.008227720497703915,-0.0012961192471451733,0.6778517358460383,2.3972933099779086,0.41111106175476064,-0.16219669967051134
0.00927194872799393,-0.015089677038293853,0.007957689076257386,-0.001138225602175202,0.4173017042304386,2.163817821469237,0.42071665340073894,-0.17069297846382578
0.010514688054327842,-0.015234498953474378,0.0077815637320723125,7.648086319159087E-4,0.42917891282378806,1.7443724549312791,0.8826889234336524,0.1552093877206951
0.010821963889777748,-0.01525359281956911,0.007619097615706727,0.0011920230554853172,0.40932757030663874,1.579135696584629,0.9447556080064327,0.2570762521661531
0.010656348141253266,-0.015253162181355256,0.007695542616464779,9.613477514505514E-4,0.41291075364793256,1.6584012645632422,0.9102255577550235,0.2011808589658373
0.009674981285090388,-0.015295273500728755,0.00771599880118688,-4.715292072470508E-4,0.4079837397215231,1.8851822961220994,0.583170773418426,-0.07775057022242333
0.009837988267035264,-0.015254855871574982,0.007817276392154413,-2.3947391050519834E-4,0.4197692363018158,1.9168988270608263,0.6511428914075892,-0.0420716084614908
0.009984922263743808,-0.015315709619498498,0.0077131621213827025,-2.080119295771868E-5,0.39779021541742693,1.8118484984555303,0.6930797870159581,-0.002206998747423496
0.01036817843173611,-0.01532273833807592,0.00766002969679285,5.299728333214767E-4,0.4095806780113796,1.6940958048618173,0.8103828451749945,0.10475786346152448
0.010163903891258902,-0.015326971066133918,0.007684916026627895,2.3694505833830884E-4,0.407497993556099,1.7538125587542523,0.7490677814524772,0.04612479992521801
0.011350034275875172,-0.015289364219043212,0.007223759414519213,0.0018426796443351354,0.37140611592159406,1.254696433496786,0.9859299364784315,0.42372835407788706
0.010930959630542967,-0.015420894741235187,0.007277039901210426,0.001249473330973976,0.362116511594377,1.3548151558794659,0.8886252562939277,0.2680988020232173
0.011129362344455758,-0.015371090172533906,0.007245437704728272,0.0015225771679549189,0.3592922722278538,1.3021924751686977,0.9335209148084466,0.33827142030862917
0.00745479580756053,-0.014303711841978798,0.007166502899438741,-0.004244480623523355,0.25488950110598724,2.192248842658611,-0.5269949522047608,-0.11021809068827731
0.007445064307678613,-0.014476435374199648,0.006950928405475489,-0.003966877891043419,0.29916732825048337,1.9813112251794534,-0.43063788542047216,-0.15789657168039775
0.0073208682191713715,-0.014221641019906126,0.0070302834952718106,-0.004466776175029068,0.2658966949062454,2.1443600461558785,-0.5930592723128395,-0.07561721481676098
0.00718958373010223,-0.01413540329229132,0.006891251522060655,-0.004678544109446632,0.40074641131187755,2.091105418113333,-0.6549970994828156,-0.03730724062265916
0.007185478998927532,-0.014297835122574662,0.006722930538544422,-0.004403894647510772,0.27084111071912714,1.91548282696663,-0.5552410059249012,-0.09572487301597427
0.007309850975659789,-0.014384986789909432,0.006838307996406323,-0.004195499289377958,0.30565337527671804,1.9506689762794387,-0.496527222477071,-0.12752699090954225
0.007061073770271073,-0.014045084994930429,0.006745830982495302,-0.0048857476461331905,0.5446788199526561,2.0327091760181197,-0.7137496844118761,0.003915512904130111
0.007048327028486727,-0.014210105581171757,0.006573695699975666,-0.004610416465559737,0.20305410901525858,1.8593456559187216,-0.6103317555262732,-0.06031361554998399
0.006935465283302505,-0.01395077548971791,0.006583564350590934,-0.005102107214943276,0.32448482512075355,1.9710142111399656,-0.7703409327259009,0.04832501833565401
0.00690436866426317,-0.014130505105722696,0.00639307677113097,-0.004793773410877784,0.18621051663489172,1.7827496796686069,-0.6523984596743145,-0.026944595050516832
0.006812880963004883,-0.01385256696814258,0.006417101295013442,-0.005309991878098347,0.24841715704112197,1.909009911946926,-0.823251827182565,0.09599571015689175
0.006770682599980658,-0.014031290663768667,0.006231416200633936,-0.004993460777967754,0.1901256712996612,1.7215440136711366,-0.7008626312957417,0.01447182003024114
0.006693441434347548,-0.013750556019033765,0.0062441124361606514,-0.005512392441888259,0.15608734246042594,1.8445534575988198,-0.8727221013205936,0.14731817406736503
0.006643506522052697,-0.013924359583691495,0.0060714018994483185,-0.005194125743812141,0.18517205773475068,1.6630042205591533,-0.7482877549626606,0.06003442146404716
0.006577264761224861,-0.013644843410250553,0.006065661844468366,-0.005708306286612743,0.05859548124928703,1.7777726056515428,-0.9184341436989992,0.20221741595720774
0.006525931171900327,-0.013810627183776373,0.0059165801532703845,-0.005395353852494122,0.18316968350908924,1.6097899599202279,-0.7955152111091081,0.1098793275548861
0.006464466094067266,-0.01353553390593274,0.0058884153132505385,-0.005891107144457477,0.1550651681242438,1.7091647675630037,-0.9590179258740092,0.25949855088382984
0.006422207917831832,-0.013694398922236731,0.005771942223384193,-0.00559133966593319,0.1724261823971461,1.5640463095237844,-0.8421465907640165,0.16301476477005383
-0.004846167127399402,-0.0086873032502169,0.001938992163266621,-0.0076605145878471,0.5619295358905809,-0.21398805126691775,0.15857988482429877,1.861095467523706
-0.004852284872435491,-0.008850953452629793,0.001727707292392779,-0.00777839557070425,0.5589055158907732,-0.20392502803414314,0.2159688332592727,1.8962810641216052
-0.004770743962330512,-0.008991813962528352,0.0014883447329108832,-0.007772504050258189,0.5111647598524548,-0.18709009259361398,0.27549851119578134,1.8153055479388376
-0.0047179146748397875,-0.009170521077143218,0.0012153218963586513,-0.007805020333478932,0.4870848765260875,-0.1645181519753521,0.339765643075057,1.7625312094650532
-0.00468246890652257,-0.008387136629051157,0.0021674168424630456,-0.007264640447976965,0.4838440625712921,-0.21958470897209884,0.09859826917601018,1.6147328135608505
-0.004635103222258486,-0.0085797116512857,0.0019173591289064443,-0.007366692388353143,0.47562950346064964,-0.21043729670087283,0.15942113129903326,1.612330148624394
-0.004696486207437634,-0.009350779261309802,9.535436682762557E-4,-0.007854727203286435,0.4684529640475898,-0.13933629269379263,0.4012185136997081,1.7328356437235117
-0.004702288022317577,-0.009522812905058069,7.075254722899018E-4,-0.007915113157400297,0.4535193087500627,-0.11244689320724972,0.4600075870318446,1.7226653585420169
-0.004737525478000602,-0.009674108944855694,4.920862645736757E-4,-0.007989142905442913,0.44038169230382873,-0.08543471652596213,0.515731808263013,1.7380140275758582
-0.004693342677291114,-0.009831522140892654,2.512439464589105E-4,-0.007960894209297026,0.39099641656101003,-0.05212260918857447,0.5599595527599406,1.6536135910438945
-0.004710740699478938,-0.0071040597636584605,0.003195721117565647,-0.006030095942853346,0.36855727252685405,-0.20877975067082513,-0.1330958242513608,1.2236608246700467
-0.004934214524464533,-0.006851587587977339,0.003557516782526336,-0.005859314395955244,0.36226060468631877,-0.19072191879525635,-0.2086389795752275,1.2238582811339436
-0.004951347137885212,-0.006500902252312667,0.0036898699976035854,-0.005462704520494229,0.31531708340493486,-0.1802570369603502,-0.22352915849399024,1.0957603478258109
-0.00461470523743504,-0.005255368808662955,0.0034817002830471845,-0.004074373143175473,0.17644530469776407,-0.18454915313172224,-0.13816974341100674,0.6993280741843931
-0.004685265695783907,-0.006192464673953922,0.003465841423387623,-0.005037148075111346,0.25835400995432006,-0.19469822613829246,-0.1537720764483592,0.914439819672333
-0.004449632884142209,-0.005761530062195097,0.0032886942769272316,-0.004543063872254689,0.207307408584749,-0.19625787140053808,-0.11993154522672933,0.7884075026986562
-0.004612575797733333,-0.007381624174259274,0.002941204743441055,-0.0062653646774845796,0.3764870248206881,-0.21827126051797063,-0.07963151854751753,1.2692512113647012
-0.004444964791056433,-0.007675928009993086,0.0025851003230847793,-0.006446348717326412,0.3767745764090283,-0.2220422171025214,-0.004855832912624994,1.267314009459547
-0.004515938724586308,-0.008229748399966675,0.0021915705675739014,-0.006987414824669241,0.42871131946039004,-0.2194230138130807,0.08596180242547068,1.447923412096034
-0.004366573107005574,-0.007975851952996256,0.0022893497838342596,-0.006657419035254518,0.382802825726483,-0.2195962063346611,0.05686472165585775,1.2924497378448816
-0.0038760109763978667,-0.004710690273783654,0.002830204605731836,-0.0035197953257547353,0.14194274032956514,-0.19617511574487645,-0.06521094751365081,0.6264014636015772
-0.003947268126277772,-0.003990480651710195,0.0028868806844077307,-0.002929316891636728,0.12129940776316042,-0.18926146944364067,-0.06678147798911817,0.5570619295220921
0.0023642491203986326,3.506148534380114E-4,-0.001653893358441471,2.4519011632592296E-4,0.08762989081390618,-0.18851733679674945,-0.001846805897369921,0.5735417969506252
0.004499150081977117,-0.004251107919448914,-0.003356920656545866,-0.0031605563170375825,0.1275337686188803,-0.17914907145130968,0.10881825608017899,0.5515771658858674
0.004347760880216963,-0.004869344910314966,-0.0032401910059790067,-0.003695655066351722,0.149738908477207,-0.18837316948612598,0.1057043244009889,0.636114798612384
0.0033415036242875986,-0.0018689983658750457,-0.0023632068131808986,-0.0013219705385910465,0.08854044852673304,-0.18771659867884594,0.020000733731451167,0.49218202093144087
0.0040160795105135165,-0.003327524925622639,-0.002917950644516542,-0.002406673972366042,0.10111515703422426,-0.18566788928112957,0.05979969288454388,0.4971124584237984
0.004408072616101474,-0.005963998574903315,-0.003221902891950642,-0.004735682785091581,0.22403196399393963,-0.2004215852168084,0.11232355638710038,0.8274013913944954
0.004297007516503222,-0.006377120257327865,-0.0030305030453637335,-0.005110168131170919,0.24931254179867146,-0.2087935100119991,0.08525517208640916,0.897697804201998
0.003935883267218165,-0.0053882714798170386,-0.002850927424844468,-0.004113766894915231,0.16980325234017982,-0.20117324961086294,0.06753935996814568,0.6997503494435279
0.004199592952225612,-0.006802629157581907,-0.002806766841944074,-0.005486344240379012,0.26819747426914237,-0.21643977200644723,0.04835108058419369,0.9702326139960736
0.004688353302878885,-0.008560166812980387,-0.001979206707741116,-0.007404604612101079,0.49024979284194176,-0.2128309572246605,-0.14488128050704321,1.6603458100272441
0.0046692669593738365,-0.00880664879948687,-0.001669713437689613,-0.007554354776176666,0.48423108416637595,-0.19769206555675461,-0.22202482364896214,1.6818019973247593
0.0045780203573268525,-0.009045889676289966,-0.0013152650308835038,-0.00759487651730155,0.4461957486421833,-0.1722165164682058,-0.30037088686773883,1.6086502931553623
0.004546115667921833,-0.008184328635673274,-0.002260129723684282,-0.0069754946356966685,0.43095214522970865,-0.22160351380819795,-0.07284366452005596,1.4545672517885604
0.004523422087677049,-0.008402646454917603,-0.0020261058239283746,-0.0071302612387313,0.4400545212276514,-0.21434905223204356,-0.12617028160586213,1.4801453277179475
0.004717342696152257,-0.009491335952079506,-7.580013921678245E-4,-0.0079225803562469,0.4504423887316616,-0.11811138002743544,-0.4524477962093765,1.7444442955737836
0.004700388719003513,-0.009671205254900674,-4.890964846337261E-4,-0.007946000860316908,0.42415460630116514,-0.08518334553743051,-0.5105754527634757,1.6976690547149378
0.004732354976701755,-0.009829253641045909,-2.573112943558334E-4,-0.008004667074748988,0.4047740638450409,-0.05264593637366134,-0.5670730295090994,1.6977879171257997
0.004584101036777054,-0.009313158522508823,-9.649639699069897E-4,-0.007717373079531866,0.4277539829451539,-0.13999879382122551,-0.3844427808037279,1.610420665821476
0.00437519610155683,-0.007965780215030187,-0.002306151730262881,-0.006654459767845638,0.3756997592806592,-0.22119632674936487,-0.05626384359186045,1.2929468250719103
0.004215228704979557,-0.007646196130461816,-0.00239766895749511,-0.006268759538232111,0.33368014712141103,-0.2204154185235435,-0.03244389092755407,1.145371722781027
0.0041240773872699655,-0.007216104953250767,-0.0025598417014740704,-0.00583680516734184,0.2954479475784803,-0.21969923619868434,0.005702693325214715,1.0346920077736248
0.004677558074700516,-0.009972982360514596,-3.948397760559344E-5,-0.007950630904479216,0.3546224409877458,-0.02022920994382049,-0.5994290334487123,1.597276802047569
0.004649726772178307,-0.010149523017151045,2.2025244804624704E-4,-0.007913839779094002,0.3195891597282727,0.020642988143342724,-0.6394368651286958,1.5121268166920976
0.004645886857706069,-0.01032797372598135,4.79618125817166E-4,-0.007886674591303912,0.2876310056622482,0.06439857757967328,-0.6795987551145419,1.4431410644643974
0.0046601431436109715,-0.010503392327414937,7.353485800241038E-4,-0.007863114744261207,0.2585628225989391,0.11051767848368428,-0.7189957921215648,1.3847015372859153
0.004685281167152338,-0.010674140910118169,9.861643014589078E-4,-0.007836490655802062,0.2301706095328606,0.15859068277114474,-0.7562347692268924,1.3305094002207045
0.005544967222482057,-0.012269952191399801,0.003776827119908228,-0.0074237027193908706,0.027859617450522105,0.9623297515914336,-1.1498089165077265,0.9249694413206231
0.005438361382693403,-0.01241008473211288,0.003762768142878473,-0.0071290383773311315,0.06068391947557821,0.875636562757515,-1.037067209905793,0.7595021244253873
0.005618465515670955,-0.012408766398519252,0.004011547849539449,-0.00729953329344282,0.09080244924083004,1.0367447452628962,-1.1480706883005083,0.8523855805907882
0.005475864446977091,-0.012128895840071584,0.003540520552214763,-0.007539313193257214,0.026687028358899023,0.8889787177765229,-1.1474095990588924,0.9983589185114462
0.0053733907855265705,-0.012266972729278156,0.003551456918488683,-0.007256452846725763,0.07206615255019598,0.8141813235123779,-1.042158754906495,0.830029313536281
0.00541122549991139,-0.011985736283431544,0.0033026125914806474,-0.00764660211212746,0.002753103637071978,0.8166596503879707,-1.140599492454526,1.0718660718108253
0.005315364901116902,-0.01212433881814238,0.003340764001983506,-0.007376327074983356,0.09510453479452947,0.7550275522657682,-1.0448450355902226,0.9014532235290228
0.005198530675796428,-0.011394952446763721,0.002334152027052533,-0.00799556244454702,0.3817357268584712,0.5367653900384278,-1.0734838655188956,1.3638452988971992
0.005024432298566124,-0.011366466169131319,0.0021438082151641583,-0.007820286672093314,0.10850987520217707,0.42649583668201224,-0.9696523941287706,1.237326077217393
0.005082353651786366,-0.011507677103906109,0.0023783866408931854,-0.007768064580645321,0.08432668370873865,0.49015846143846015,-0.997868212849924,1.1873580876997998
0.005244717217658646,-0.011545084353673888,0.002578823468451593,-0.007920097816748345,0.264213739375619,0.6044450052270117,-1.095653013790255,1.2916681235741145
0.005295594968187609,-0.011693686304088879,0.0028180384388133517,-0.007838071569061444,0.04045876178868719,0.6726983750071261,-1.114104606184612,1.2189442293045183
0.005141672634086121,-0.011668343667271123,0.0026366006425775513,-0.007686981507639772,0.1111448655116432,0.5611403562770612,-1.0203548502399944,1.1183150795016095
0.005256937709944719,-0.011965927390945572,0.0031054665115741466,-0.007500582881129455,0.06642887751887182,0.6899737268036198,-1.0444857248761183,0.9829881352089082
0.005351115767339395,-0.011840618209004684,0.0030711528515225974,-0.007742414398152399,0.29449200349789234,0.745250432356388,-1.1293129249272649,1.1449646405503007
0.005187321347487683,-0.011820990394176792,0.0028660376821300552,-0.007585110497065205,0.08089146883427194,0.6202915199064534,-1.0282011107749076,1.0416635291480925
0.004716085734776318,-0.010839992912443886,0.001230948755494461,-0.007802282286388246,0.20295888755905603,0.2081139463081497,-0.7900030658069414,1.2763472731848082
0.004749745483058323,-0.011004040294622952,0.0014725591925742016,-0.007756932439942883,0.17584154768978696,0.25929267075105716,-0.8196915431828867,1.2187237793400103
0.004786352259935938,-0.01117140675779227,0.0017171962643381699,-0.007697728214848476,0.1510551249229358,0.3131921983797012,-0.845403600411131,1.1555477595762538
0.004832189853905535,-0.011341159772106894,0.001966978935107642,-0.007631104041155648,0.12823642861340342,0.37063299558346396,-0.8695511226672304,1.0924407053681942
-0.004876346892042054,-0.010245173650833165,-3.898968816359613E-4,-0.008161329527749152,0.392851010108864,0.055223403792934896,0.7336663019692774,1.7236894666990035
-0.005009863688092558,-0.01031391016005026,-5.125599813531427E-4,-0.008313469062525378,0.1752109224586679,0.12020249209243557,0.8125958412451236,1.8510272991721768
-0.004702699529299454,-0.010013519214218907,-2.1003143497809703E-5,-0.007980126332021333,0.3698931445341087,-0.011521996479376252,0.6160252929589479,1.6141459877121511
-0.004759065149440619,-0.010163456732504138,-2.5015708757719624E-4,-0.008037324259363281,0.3528362092255659,0.02702029820272548,0.6728565683804353,1.6242274793532148
-0.005079674648559369,-0.01151488940107706,-0.0023850736519984775,-0.0077597481192654355,0.08257103435524248,0.4907696975488709,0.9954629830004998,1.1802282356804763
-0.005198530675796427,-0.01139495244676372,-0.002330481751012345,-0.007996434631556986,0.34220420857280204,0.5369292634302024,1.074168144871122,1.3624296852484195
-0.0051570782538395065,-0.01124342629880737,-0.00206020946543447,-0.008070365783388924,-0.026253109046161276,0.4694097620985569,1.0483723712851563,1.436238365739639
-0.005020980100817831,-0.011361492064907934,-0.0021348406273038914,-0.007820139998436072,0.14328326021390636,0.4236460701107423,0.967014726916242,1.2373840565152447
-0.005120404840570064,-0.011090665429940793,-0.0018124784115312034,-0.008129739174239257,0.1745978040570644,0.4076945563989131,1.0198766629983103,1.5093658628302993
-0.005001164774562252,-0.011199914910533853,-0.001897350405791149,-0.007914873644638151,0.21053039157846118,0.371033196158411,0.9536329071569085,1.3254973979379647
-0.005022183559254116,-0.010470471553061363,-7.867696444925982E-4,-0.008291892562988791,0.4640599625696089,0.1733249758269532,0.8616251832665284,1.7855548199969764
-0.004867813489787527,-0.010403095718085958,-6.378479328819504E-4,-0.00812391543731031,0.3428800838944625,0.09725838362477117,0.7720161961075253,1.6457132494541291
-0.005039415511198498,-0.010626579228399678,-0.0010488187724551946,-0.008262995203713853,0.4712151864416823,0.22904438637800842,0.9069747386922153,1.7189613821476109
-0.004888857138197089,-0.010556361594753346,-8.811802137773016E-4,-0.008106507362057166,0.26850599982564954,0.14575493461317104,0.8156569591249028,1.5942498228818602
-0.005088549402048354,-0.01093683137430405,-0.001563592789777167,-0.008181176296581884,0.3836645926449261,0.3463885819615287,0.9861512441846312,1.5803442058627117
-0.004970298799451342,-0.011037688289862957,-0.0016448348086793337,-0.007982653042234953,0.19352835900879897,0.31202560622841163,0.9267292405406328,1.401218661120982
-0.005061544257832261,-0.010782083680081916,-0.0012975621656812221,-0.00822758599725673,0.16089398843115232,0.28541160067768306,0.9479052601695988,1.650649046415771
-0.004933122205261172,-0.010883074097190441,-0.0013970684576341795,-0.00802508033594291,0.23061458278786381,0.2543980034216617,0.891789522676021,1.4593326873626171
-0.0049187418314485245,-0.010722878825578227,-0.001148327622925437,-0.008080569733539765,0.27310496388767175,0.2034767090881047,0.8615505645497489,1.5356600356533645
-0.005351115767339394,-0.011840618209004684,-0.0030538215583341857,-0.007749173852649672,-0.1480222979222897,0.7414508469544202,1.1291957365016867,1.1445687303537566
-0.005191936492188111,-0.011817652843988505,-0.0028673505383771812,-0.007592836407369117,0.12991303082968853,0.6224317568999634,1.0304682917790622,1.0464569221693385
-0.005050159743932849,-0.011762152798282372,-0.00266214685022637,-0.007502537915975831,0.07509679517818123,0.5514845457246492,0.9556069967091899,0.9835588520748437
-0.004973956902101061,-0.011641113367924696,-0.002449932402208759,-0.007537155523590245,0.09420281998114556,0.4925323616938106,0.9268938777312813,1.0098261157023372
-0.007110403506374492,0.025,0,0,0.14978093974201723,0.047313685409676474,0.10853516641498545,-0.004230863838079218
-0.01304127619488333,0.014918313371349008,-0.005859093283143913,-0.0036155641833950647,0.30237040203814164,0.45268584781497406,0.8755992855229727,0.9171743524393127
-0.012953526176675799,0.015180697220163297,-0.005741178253153393,-0.003263011375511974,0.2686745446208585,0.4299973858769464,0.8025699855495941,0.7817179754400585
-0.012736947867575522,0.015413112000114372,-0.005767038788289901,-0.002902367011443189,0.23215057600653824,0.46392411997644817,0.7719225540542706,0.6672930056816021
-0.01065198109794793,0.016518936893239286,-0.005798860754920709,-5.865927436601178E-4,0.16719039482118433,0.7705087866609444,0.5570912094117874,0.1050406530724991
-0.01127015370733684,0.01605325516246133,-0.00617563245081799,-0.0012854873955137102,0.20427219402391533,0.7894373393788737,0.6910554148317106,0.26103140884378173
-0.01235069937404639,0.015635737810679336,-0.005916597829931861,-0.002456307686418775,0.23086010722279576,0.5600193666651596,0.7626267535054223,0.5408783069813171
-0.011869588207752925,0.0159359913069257,-0.005964928379855932,-0.0018717930718029285,0.22257383721257,0.6425903879766651,0.71440017119802,0.3868353144924827
-0.010277715609332017,0.017745185082279936,-0.004518388243516125,-1.7169955515176178E-4,0.055931076224101664,0.41389204929882556,0.3424519808972799,0.01913797422698785
-0.011067917266250778,0.017310722877449135,-0.004825174589744825,-6.879782677884333E-4,0.09638634776480641,0.416649214162369,0.42993199896405904,0.11958410578705037
-0.012796069136576316,0.015772522452929306,-0.005378577072886527,-0.0025808225113583484,0.1707072403141262,0.36123220941842843,0.6619505950395747,0.5619882702780292
-0.013287776878516157,0.01478395440840944,-0.0056454799361784075,-0.0038724788307517998,0.2971826868417952,0.36025383434209596,0.8394957705339989,0.9909988784483266
-0.014500236757204087,0.013157052514936285,-0.004230951677990241,-0.006034460263193695,0.42405265489800603,-0.06047606615954361,0.5753123785290417,1.7663662305281718
-0.014412614129278772,0.01329068122084769,-0.004395504954041138,-0.0058977530074595524,0.41787459337937444,-0.02806536354245062,0.621806393498561,1.7220582645780773
-0.013610390171374309,0.014409597031000598,-0.005429394144620052,-0.004442456292675423,0.3340319423057955,0.26615628041245304,0.8313029410999615,1.1905295526149464
-0.013564729457939934,0.014674331826133974,-0.0053500620963376835,-0.004075924982459106,0.29487884625622063,0.258739306779917,0.7749529627533559,1.0371947920142361
-0.013841156429612094,0.014265430402645662,-0.005162280501741296,-0.004648887698463662,0.33534341106983373,0.18170914745204755,0.7676744540182839,1.2405978457537385
-0.01430234303434645,0.013449085795592702,-0.004587209520026467,-0.0057262083294537,0.41639977399050393,0.01431948289239082,0.6744439206031908,1.6646475213510536
-0.014125679552783415,0.013616303411873967,-0.004866859046205869,-0.005554800529658016,0.4141551063027168,0.08111237351151614,0.7566978177927483,1.626529954207164
-0.01396309767722084,0.013818997867862816,-0.005101420029135857,-0.0052956406568484896,0.4047899704992534,0.14884703765430252,0.8140163413910416,1.5354399017595435
-0.014034723839119205,0.014060029562544827,-0.004945498202665522,-0.004916324022408578,0.3431938624750032,0.1139220001546299,0.7216821984287214,1.3283086582193644
-0.014634922864783195,0.012884060517393364,-0.003929473003046593,-0.006317959843891799,0.4423561583003091,-0.1121695420601156,0.48957712597423475,1.8660887401146293
-0.014655509401210335,0.013091917887727315,-0.0039870645493730325,-0.006008001480286331,0.39835219679007833,-0.10073628321605695,0.48826049814207145,1.702521194132382
-0.014789800569597484,0.01266914489653171,-0.0035997955467897335,-0.006463402093084506,0.4325549944921749,-0.1576793622608665,0.3815604262137718,1.8815381779515794
-0.008894166447776243,0.02146986062044963,-0.001919629623852948,1.0916334878846278E-4,0.03303629367761011,0.0963899680482828,0.12006740981499918,-0.03304380011728364
-0.010686587716488423,0.019735470125200945,-0.0029624720891194296,-1.8486060849025535E-4,0.003982534972109728,0.11898249809286217,0.19405569813900803,0.01708170763064001
-0.015233170091272077,0.011013104876261495,-0.001460803574125611,-0.007550496166051965,0.4976909457027033,-0.19317072019626932,-0.2901377820730024,2.1331071166898465
-0.01529394506974812,0.010504090333909972,-7.316538484850088E-4,-0.007679299685199173,0.5034474316951841,-0.11763077338021445,-0.5066864816491404,2.0748210863968493
-0.015268188658884616,0.010844508774981896,-0.0012154030433527473,-0.00758492530303114,0.4973385076834573,-0.17172293618521484,-0.36381800193419217,2.104797976999102
-0.015286676765391817,0.010674860019072302,-9.740391299898308E-4,-0.007630788510802017,0.5003459919409821,-0.14674701834904372,-0.43535037587276887,2.0878108281228838
-0.015302162876329248,0.010331871418407051,-4.8331804901201417E-4,-0.007708582800535435,0.5055666138117498,-0.08297844832529332,-0.5776585132104229,2.0477525804405112
-0.015222211908778574,0.011490113660924969,-0.002057714147692832,-0.007218723131064977,0.4664438999902076,-0.22340009314295983,-0.0980977402412211,2.0314485849948123
-0.015311596460136401,0.011318680782431895,-0.0017890816660405108,-0.007214740150120997,0.4523564764015577,-0.21214005905342095,-0.17793778172570004,1.9675402379720575
-0.015380872696024473,0.011141065896170935,-0.001530446445538137,-0.007225964904674043,0.4437850817245917,-0.19610420305866164,-0.2522658170553875,1.917360304841622
-0.015021153433926208,0.012491279112951502,-0.003192297487749064,-0.006442334894340651,0.40133450732711246,-0.19510102468129262,0.24552614297916361,1.7851571510686959
-0.015156568622866842,0.011865419105106512,-0.002517446251778643,-0.0069673358615619995,0.44868198925644315,-0.22561805146300015,0.04508383456654748,1.9620073887852312
-0.015190082278498853,0.012289691624687023,-0.0028532731316272316,-0.00648041407559878,0.38855775755889566,-0.21401345218821097,0.14088775521035005,1.7353979335136724
-0.01527048700229961,0.012075900043836412,-0.0025959442627999374,-0.006605658101497871,0.39909413925801523,-0.2213890744742936,0.0661027269188065,1.7534966691157625
-0.015317092396986599,0.011683736975503616,-0.0021847848666875992,-0.0069114045094119175,0.4186085732718469,-0.22331349364840233,-0.055980187854632046,1.8518414013041313
-0.015327225555392461,0.009336549571988881,9.379338732130245E-4,-0.007554955555465869,0.47693794390193106,0.198229799077528,-0.900535597374375,1.6856571559648454
-0.01529867835932419,0.010165692761457961,-2.4261382923058503E-4,-0.007740529199723138,0.5057099317473875,-0.045405586911240255,-0.645765780566289,2.0263527740500185
-0.015247981611397367,0.010005130438423888,-7.825273111710319E-6,-0.007842430299860316,0.5157029552360479,-0.004959625129994282,-0.7203732229599457,2.0615287955704615
-0.01534414339866273,0.009510342662158588,6.928914250286853E-4,-0.007587241611924005,0.47483189228137795,0.14128101892108247,-0.8514177331488376,1.7463266667154322
-0.015343260510818364,0.009686311927681315,4.463153810067647E-4,-0.007633535194813474,0.47454718343955005,0.08730104912282598,-0.8023559386035934,1.8206275105140979
-0.015310892221425799,0.00984900452665917,2.181981838491253E-4,-0.007717366216817023,0.48361270872839873,0.03988194966914931,-0.7602853735108286,1.923501857529353
-0.012094500305060412,0.005126315174931433,0.007223380375538525,-0.003090113495960669,0.8388849896512375,2.19083383425888,-0.2576076337805245,-0.2000520764237472
-0.012255866463555637,0.005181594475340161,0.007087171702365066,-0.0033029624790275984,0.8331150871927601,2.1576581562538895,-0.3267020035970238,-0.18260784289837842
-0.012863469207531052,0.005479370076453914,0.006524432127115613,-0.004115576575373986,0.7980727008031677,2.0182827001739923,-0.5891156132649006,-0.07273944545645793
-0.012714697406803605,0.005394301028952388,0.006672056919903851,-0.003915575532560121,0.8088268053111342,2.0572156462328377,-0.5252165455906846,-0.10648249935971578
-0.012563737989681823,0.00531523479007497,0.006814169415216175,-0.003712229021529085,0.8179003646597297,2.0921189059570966,-0.45959342468110903,-0.1360872269951404
-0.012411526444638964,0.005244651426541422,0.006951752125724638,-0.003509214655241609,0.8263773514086526,2.1252928230928236,-0.39380231038093433,-0.16128747088473586
-0.013009010700067271,0.005572454330455734,0.006373878683698194,-0.004314969996546287,0.7854512111692978,1.9779169091240807,-0.6524640962591574,-0.03441380724821529
-0.013149309028796387,0.005675853209333943,0.006224188147657496,-0.004517362411188827,0.7724404972857927,1.9394059234617484,-0.7171778031764454,0.009549619089488757
-0.013187119036995118,0.006147433031857422,0.006410595097583916,-0.005318042397503006,0.750495383007271,2.326956821100551,-1.0746013299135573,0.23361420881301376
-0.013228992131981436,0.005977966261613392,0.006255783087655359,-0.005018820324125937,0.8708370415038377,2.093293434504601,-0.9427416158581002,0.14294641408364042
-0.013306558565652453,0.006249443980966237,0.006245846086918392,-0.005510664745434833,0.8982442235116131,2.2605413365710234,-1.137958001711162,0.3036288854980499
-0.013335970785300072,0.0060885718461101655,0.00612372099630974,-0.005221009787488524,0.8646272085507151,2.0591921195127125,-1.0097401905779184,0.20620311089467394
-0.013281295558518312,0.005791640170342632,0.006080216493543605,-0.004726999631859172,0.760845536190874,1.9063236962071073,-0.785857680154466,0.06081443421331988
-0.013422735238775144,0.0063551565897494505,0.006074243415878605,-0.0056990994127661425,1.0195322862763632,2.1864497437868415,-1.1963000410272482,0.3770535391204759
-0.013455972210855491,0.006198541896600481,0.005956752750432095,-0.005414241431454095,0.8010787278403245,1.99758877188772,-1.0688441393661876,0.27319805354326904
-0.013535533905932737,0.006464466094067263,0.00588638622767981,-0.0058928530992910086,0.7974274799458492,2.106999423899109,-1.250890549692369,0.4544006477397409
-0.01357968728488895,0.006303457574201549,0.0057694757678270715,-0.005586634854965813,0.7861640159542976,1.918907724025577,-1.1136656060941146,0.3362572289463335
-0.01364484341025055,0.00657726476122486,0.005699264626253238,-0.006074158020131194,0.7905886459150655,2.026836281032554,-1.2995023431537864,0.5341316938391604
-0.013684526894784256,0.006418980989515455,0.005605702915998204,-0.005767478344709211,0.8025591866509768,1.8594118397534494,-1.1640957481346614,0.4079228595139098
-0.013792398590629352,0.0065427418823103736,0.005425060217330251,-0.005951339935673042,0.7405741626592461,1.79006969445023,-1.2123238739827855,0.4872234353690074
-0.013750556019033765,0.006693441434347548,0.005513499193521562,-0.00624319269266117,1.0481875027768721,1.9425803829754227,-1.341910860940902,0.6159741218821354
-0.01439343342507192,0.007316323162661803,0.004178466354954867,-0.0068397403010235945,0.6772128520565549,1.2729006183734224,-1.3430848587682,0.956523421740909
-0.014221641019906124,0.007320868219171371,0.004459229512585325,-0.007034909936968575,0.678218440285928,1.4854655324591015,-1.4736246892736877,1.0554491767566714
-0.01385256696814258,0.006812880963004882,0.0053055953381769645,-0.006420776886023545,0.7056127828098061,1.8529101992075565,-1.3800186281585434,0.7013161575957455
-0.013910081354274566,0.006655433146676117,0.005215829189810592,-0.00609842340881953,0.7266670422250278,1.6968226872518921,-1.2381914026124603,0.5537405506711791
-0.013950775489717909,0.006935465283302504,0.0051060547671731,-0.006580737259609716,0.8280875388797396,1.7647543631702398,-1.4118024851860096,0.7877763679166329
-0.014002389732585444,0.006782460559898431,0.005038951153903849,-0.006268572951573803,0.7371991917785313,1.6311232445903834,-1.2770269384591535,0.6347127978755974
-0.014045084994930427,0.007061073770271072,0.004903705642347857,-0.006732786200896738,0.9884642317065918,1.6734209806294966,-1.437663689476694,0.8754618822860875
-0.014109570507051042,0.006919494979460871,0.004822305968899558,-0.0064338350449926,0.677414794525148,1.5410249638335527,-1.3060243338571624,0.7211440895943211
-0.014311997851700195,0.007175911006281882,0.00438486054771168,-0.006694309553387653,0.668635597610786,1.3531572154321283,-1.3275487797868983,0.8691146011557634
-0.01413540329229132,0.00718958373010223,0.004683629739154146,-0.006887524079801995,0.8037907293529395,1.5791263416578245,-1.4581447823284848,0.9645431771497194
-0.014216474244114992,0.007040142175441413,0.004601313646657917,-0.006555104263769418,0.6571614598359717,1.4424524614658158,-1.313869339590472,0.7885473612299138
-0.01529800125258921,0.009164615141894645,0.0011834537608641784,-0.007526766412990381,0.4811297468180041,0.2586665828681917,-0.9487577234420547,1.6309271752796766
-0.0152604493933896,0.008994261054110213,0.0014295250357781652,-0.00749547518572742,0.4856930482171746,0.322799122042475,-0.9951031237491498,1.5766932547937866
-0.015213817942425087,0.008827830365281905,0.0016747460101034434,-0.007463934986686046,0.49310158936346565,0.38998887107513447,-1.039642497806766,1.5255586842133988
-0.015163256662535048,0.008665445344793524,0.0019158076253348,-0.007424161501695553,0.5007460504664012,0.4596942409820323,-1.0804832795376969,1.4716182208727675
-0.01511354861865198,0.008507658313242676,0.002147773819553262,-0.00736975310131173,0.5083143644514191,0.5295295730429556,-1.1141656385147958,1.4107279903435506
-0.015053462121521373,0.008355431783733798,0.0023801070190484492,-0.007320701828701026,0.5186807346762469,0.6022483760445642,-1.1481251867805538,1.3572010187399117
-0.01495528130658304,0.008212191668860738,0.0026401644113275484,-0.0073226241767149845,0.5353237137065997,0.6913595591949163,-1.2020676957327705,1.3378784559689132
-0.01494717524234715,0.008045967987711136,0.002820325060192407,-0.007147795741097646,0.5237221509623057,0.7464200647381763,-1.1838075108899917,1.2086072800564682
-0.014566870591583389,0.0073238097781550505,0.003906952632858216,-0.006667792061058845,0.5839968064898321,1.133604060015274,-1.222175535241128,0.8655935286004491
-0.014612887765952608,0.007461083355799121,0.0037521398039224384,-0.0068178912094559365,0.5897102159744259,1.0827775921478875,-1.2499551814222787,0.9580226724692349
-0.014877750749377569,0.007888676880366536,0.003052922952310391,-0.007057593717693607,0.5405444331868102,0.8255378300214912,-1.200492152700713,1.1369674947147308
-0.014752976831220668,0.007755621557111294,0.003330380931678159,-0.007054531866552404,0.5710036884099227,0.9310755305903392,-1.253142922738839,1.1200493887833056
-0.014741874528167205,0.0075707580981175335,0.003492465329860198,-0.006819826770199615,0.5576599118233494,0.9747584652497618,-1.200579665268885,0.9691779246363151
-0.01132907179353107,0.004854552722633465,0.007658179779045627,-0.0019666411152279733,0.7698843320237517,2.1452757278462937,0.10781815978274502,-0.21803534986424797
-0.011151816247826627,0.004820701893562358,0.007742791299857966,-0.001711432842734253,0.7604988492348412,2.1313482158181114,0.18472003347248908,-0.20772690874127023
-0.01097886559063753,0.0048347972573987985,0.007860097050509015,-0.0014828022359637493,0.753184088816924,2.165940550526584,0.25742769796193765,-0.19401202729611333
-0.010340132196235648,0.0047017403665496026,0.007943856115839807,-5.073196945674322E-4,0.6192192994049907,1.9272457583437321,0.5116190882935533,-0.09339013441401765
-0.010494443366651271,0.004771530119358852,0.007987357006702955,-7.521807928985387E-4,0.6741404370892593,2.049869963531909,0.461671965279845,-0.1243151561224873
-0.010657138508790026,0.0047295592553820535,0.007888146468661662,-9.772234447374371E-4,0.6821788714782251,2.0161239937106807,0.3918493016313152,-0.14938739469004422
-0.010836911895442914,0.00474967677438385,0.007836291110016767,-0.0012414404445573032,0.699547176855614,2.051943020103774,0.3202970177544755,-0.17395270499250967
-0.01201866964137064,0.004917478359652867,0.0071109981794859065,-0.0027940119578618644,0.7543654936925065,1.9770490379954584,-0.14646286186798843,-0.21425476425538442
-0.01152811267838719,0.004744719245870086,0.007393577571051401,-0.002123089895130073,0.7211981749021662,1.9532510046288374,0.055179819432749314,-0.21969665196292082
-0.011798073288250619,0.0047950563781634994,0.007211999563799033,-0.0024583524893860708,0.7259178560720435,1.929275344756686,-0.04439430945211156,-0.22123586423784156
-0.007231031038346006,0.004549703362969081,0.006067647861298539,0.0029596191552235906,0.15772735035127886,0.27904678054516346,0.5679692132590558,0.5181564032402991
-0.0075279447801329565,0.00444267520772656,0.006296920893751675,0.0026804213069915287,0.15940505484300782,0.36979069417827265,0.5921423784333442,0.4560154501767784
-0.006891461360824554,0.0047756167055178315,0.005823809404781221,0.0033592194682790896,0.16571617027229157,0.1946487620541213,0.554112700523605,0.6157332151632514
-0.006415840492400667,0.004728381452863503,0.005282553035571309,0.0034590204658418596,0.14809715156701633,0.04882762113907641,0.43443184484956293,0.6158863154595687
-0.006024763278531672,0.004890837590259003,0.004906635371316872,0.0037104353590644017,0.15905120765845474,-0.02705730242899614,0.3753968811862936,0.666981707020529
-0.0029343802483603543,0.00387868744882083,0.002092773583795501,0.002801184687269997,0.11922953854443621,-0.19549186716522365,0.018495738272989854,0.5988157652311893
-0.004942462080288302,0.0046758765031341566,0.003782143475328481,0.003543858403365009,0.14270377108041424,-0.16538587905263105,0.16344857298098117,0.6029301948861671
-0.005543763468478061,0.004671558753926665,0.004362267089822492,0.0035306719479719674,0.14853882705855312,-0.11062827662925857,0.25242891204639223,0.5980596100954193
-0.00417353711032401,0.0041962086364398105,0.003081765450381468,0.003105285161018039,0.11812543416609352,-0.18751098530241353,0.08265945618791092,0.5600118271650842
-0.00699414950261754,0.004319965972197057,0.005710493773967359,0.0028433700906016213,0.13289278598902773,0.16208973512543987,0.4659113120866662,0.46896617690703113
-0.007886468694553114,0.004379102832803969,0.006582015392941961,0.0023699662079168862,0.1772501214454922,0.4981556680490743,0.6267772497514011,0.3933707195518187
-0.008182131711626779,0.0041842787415828165,0.0066763329381922315,0.0019742093261242116,0.184727186163568,0.5520690048780307,0.592863707341165,0.2997260373565714
-0.009057017129716955,0.004546739847268103,0.007564210903894283,0.001285766437987646,0.34157468704337823,1.2119247447059447,0.756541006122763,0.20658089617367528
-0.008696865206250104,0.0043856438370881955,0.0072030048212717275,0.0016193232226698105,0.2540557062219149,0.8903975571725348,0.6949951815036841,0.2534665918190527
-0.008919446327610707,0.0043899138148426825,0.007334851788562502,0.0013724208444041116,0.2919611568861019,1.0064498615426085,0.694853436251251,0.20728512973578256
-0.008488087085343094,0.004080471158674106,0.006806807554496717,0.001635568064201473,0.20295087605751486,0.635113482764825,0.5777614394232918,0.22830650268925165
-0.009260058088665788,0.004501569277078434,0.007605949691118411,0.0010047031674911115,0.3655701835918656,1.278683747843333,0.7182154573410933,0.14818762628611437
-0.009501919409562019,0.004539235134957187,0.007725747907265803,6.937854138158795E-4,0.4172798078049201,1.4300433452473573,0.6980670876393152,0.09394270616357273
-0.010008493920377214,0.00452168149993264,0.007773963481315581,-1.2619302501772315E-5,0.5035795103101068,1.613609340820449,0.5772424864441034,-0.025794458033153243
-0.009761924022954093,0.0044807110587981175,0.007713746864118986,3.2611086156100793E-4,0.44864114115121106,1.4815391632721002,0.6258575661440107,0.026693279566379097
-0.010274904385408859,0.00449104633710997,0.007721491215692568,-3.794400178945784E-4,0.5372062304178101,1.6555514216869707,0.49308648132034166,-0.07976236699969563
-1.9683280748360215E-4,-1.6710616335763025E-4,1.3747848825657025E-4,-1.1672965853035979E-4,0.10079643505840312,-0.18655038888872377,-4.61407354269289E-6,0.7313116954461365
-0.0016940925040130443,0.0014193051740441888,0.0011865098923058025,9.964853302450649E-4,0.10071887721262639,-0.18775889956250277,0.0033400838451511914,0.6409822463924423
-0.0027191146593786948,0.002584523397792374,0.001926624596635261,0.0018361803129259679,0.10208101933528228,-0.1910142830452789,0.015354041872588528,0.5712139380285631
-0.005320197985582652,-0.003969257704134157,0.004047893343233148,-0.0028831356171882335,0.10918081848135493,-0.13968331459433705,-0.1726612073055673,0.48130664963291453
-0.0045315230546234255,-0.003476409081324115,0.0033363400104165736,-0.0025123931148508818,0.09772918403593335,-0.1724836851508584,-0.09458252296001192,0.475777688052311
-0.0035543972404693844,-0.003226140482347288,0.002558694330505939,-0.0023238245562637104,0.1024346881169138,-0.18969118126749276,-0.0402185534771047,0.5258669795437799
-0.005921225252891391,-0.0037977625542530606,0.004544069463654229,-0.0026620874430832893,0.10031601057209412,-0.0853836299538487,-0.2255733836691546,0.4193545843854268
-0.006855361197530311,-0.004350729098719418,0.005591793133248344,-0.002930828386440434,0.1307877778186298,0.12011670027501518,-0.4417486822971565,0.4800919537217638
-0.0064237379217396,-0.004062782578584241,0.005070059577100634,-0.0027940680491341688,0.11343557082739418,-0.006762209458335095,-0.315700615440792,0.4315301266976581
-0.00885222313913527,-0.004680890920000337,0.007593234592586102,-0.0016199613425931375,0.32889284879343833,1.2115677714827309,-0.831698424537085,0.288130806452552
-0.008673921668035786,-0.004609569130017681,0.0074051871681586594,-0.001790870344821271,0.28437667875554884,1.0454623172728081,-0.797681044238642,0.314266285342172
-0.009043579820610532,-0.004586165114550791,0.007599846251568151,-0.0013230153299771013,0.342075852104498,1.2389662809107118,-0.7766699045331723,0.21759304716673997
-0.007655181367604927,-0.004385067163884827,0.006379214620633819,-0.0025432979266654383,0.1606911947360525,0.4045150563626579,-0.5955341392843464,0.4238238710686777
-0.0072711948378638425,-0.004202242096032345,0.005915718227622443,-0.0026013832422573835,0.13188268348130286,0.2153176542984023,-0.47709657931000254,0.41018215203703917
-0.007918360897470538,-0.004299620324159105,0.006551954943413729,-0.002277672450077059,0.16996712099041858,0.4851728473578502,-0.6037707642529674,0.3658599982488932
-0.008528624141928277,-0.004435025364881806,0.007137667161923408,-0.0018320612432713255,0.2438371789447796,0.835868347668988,-0.7077485575416008,0.297037892710399
-0.008289801107476931,-0.0042810305075323555,0.006832408226629894,-0.0019532413711888506,0.2003453324571074,0.6406392881129385,-0.6366278749792357,0.3047028956544556
-0.009319646125204315,-0.004553728125291989,0.007684814760022113,-9.459726919083783E-4,0.38670302069884127,1.356217688728151,-0.7338794445775874,0.1412006122485678
-0.009550812842772753,-0.004510436262329695,0.007707708963628932,-6.204535311731088E-4,0.4176266984285717,1.4237692653657137,-0.67923369517644,0.078184923049907
-0.009992371152768504,-0.004686386297946719,0.007958136232659244,-1.1558866447422461E-5,0.5544536462607069,1.8037780702574715,-0.6281315715814434,-0.017654977257216663
-0.009815018743769978,-0.004528227622887181,0.007771846652085615,-2.587814092401053E-4,0.4702376879363204,1.5519030486080985,-0.6299777441516693,0.017186273203614547
-0.010626579228399678,-0.005039415511198498,0.008262755243933096,0.0010500948584516406,0.6945744237877302,2.472010948084033,-0.45170170551114164,-0.12336336222296289
-0.010566874247612544,-0.004885796289568524,0.008097407874542216,8.965651029203772E-4,0.7273887211841462,2.220741227775662,-0.44129625421962687,-0.14439131385175022
-0.010720018638931662,-0.0049173848492393285,0.008077370203333737,0.0011427327059875321,0.7888906078453909,2.2822111792704374,-0.37367129478855565,-0.16852743969010717
-0.010782083680081916,-0.00506154425783226,0.008226831872623104,0.0013025482848437878,0.9096461530821177,2.5211730923847573,-0.3723314570573972,-0.14932715420358467
-0.010936831374304052,-0.005088549402048356,0.008182441689521824,0.0015568134414976577,1.0155787081946661,2.564272960117336,-0.28865416130594146,-0.17112603676859103
-0.010892267177107649,-0.0049435301860522715,0.008028751288559073,0.001414532928278329,0.7824008039936968,2.324459354218277,-0.2908020583478279,-0.19258267785666527
-0.011090665429940798,-0.005120404840570065,0.008127621192550333,0.001821789965013871,0.7931385525472073,2.6010846352191983,-0.20171709870079327,-0.18821869101290578
-0.01104674123562405,-0.004965393265605723,0.007969140759396936,0.0016539567372619885,0.8229894300459463,2.3460116932197415,-0.21523611549555174,-0.20946385773102985
-0.011196785337821794,-0.005010247764688007,0.00792335856673859,0.001898127238643081,0.8538432922243872,2.3902644018464017,-0.13911437452605227,-0.22008004843063536
-0.011243426298807372,-0.005157078253839507,0.008069559721762189,0.002064240047667019,1.1146376024205396,2.63197839518229,-0.11510258518769663,-0.19867759086809664
-0.010173506263531766,-0.004697067632771139,0.00796187593597583,2.594274001219212E-4,0.580617061619339,1.8755563758178495,-0.5711358078233199,-0.058803205785954014
-0.010329554753868328,-0.004753364318443644,0.008004559257452326,5.004378095027161E-4,0.6374894564163891,1.9902504702666861,-0.524097246508299,-0.09240044363650123
-0.010499200561626225,-0.004713517747598645,0.007920275786737522,7.426553106603543E-4,0.6509385945117917,1.9728689870363973,-0.4522753822274567,-0.12392647927119434
-0.011394952446763721,-0.005198530675796428,0.008002050214673994,0.002311828729583007,1.2020274238045003,2.654716628087248,-0.026060817359345994,-0.20466530506542915
-0.01136230199585286,-0.0050422927072977285,0.007839137693971892,0.0021520156315955985,0.8136782109897428,2.3991059328769104,-0.051617561960501955,-0.2284330824782735
-0.011507587603454975,-0.005065816736521037,0.007747211342236605,0.002364560343936052,0.8249785675057445,2.38687942540218,0.022586242644154278,-0.2315549477251799
-0.011545084353673888,-0.005244717217658646,0.007923825489509633,0.002566931743569603,1.1140517588186203,2.6695965725327446,0.06429498917427057,-0.20546866349102233
-0.011663018317485977,-0.005106580367941041,0.007651568603832881,0.002597549706277942,0.850086952586219,2.383450887568404,0.10369616702953986,-0.22926098610719534
-0.011693686304088879,-0.005295594968187609,0.007838034394810846,0.002818168002107945,1.0747490151312042,2.6796170876380905,0.15500836853928113,-0.20042406676205216
0.01594469235911933,-0.011955905350782763,0.0019150489778866383,0.005887883138036066,0.3066632268318917,-0.20283259857734842,-0.11045197255096739,1.210951259102696
0.016314888975715428,-0.011172191248029593,0.0011004993672351212,0.005894979251326892,0.22597321651505095,-0.15726295027136686,-0.2703876096394027,1.066402592651439
0.015953589286555613,-0.012676734535920815,0.002375907235694048,0.005320199924188523,0.22048064370124368,-0.20953711068445055,0.003395936433365732,1.0790438937547933
0.017767694814708235,-0.008988855953488792,-5.019429441594458E-4,0.004388325515414113,0.11875179003938342,0.07294589552612248,-0.34376242546700014,0.2983870091512199
0.017286548111804318,-0.010597096216619492,3.8942138480541115E-4,0.004930617269219715,0.1760221558116971,-0.06404675976349421,-0.31201627829991935,0.5695224005813087
0.019106149205577565,-0.008586151472320802,-4.400924214155081E-4,0.0032741117406917463,0.061071093099050414,0.062235813537896464,-0.23367582027685133,0.1209043135404271
0.021613665704720394,-0.008798055352755766,-9.957784520339828E-5,0.001845769011823794,0.019876180972205743,0.01925150766759708,-0.13631000327280351,0.044804222926395305
0.025,-0.010729293840437248,0,0,0.07361769959427784,-0.0028969687760670836,-0.12272666968009842,0.06335077331272293
0.015191034704353885,-0.013632511538395143,0.0034634623874909777,0.004967948080000972,0.24660386968622203,-0.14916213729675185,0.28541509837748524,1.1236807330281204
0.01477343400308062,-0.013997767379715921,0.003974652054109428,0.004756561858564996,0.2599289225663856,-0.0852657165988004,0.4100117036471263,1.1152333873795282
0.015740317920854518,-0.013761408339298273,0.0029303858055639708,0.0045106751282008,0.19274440066525786,-0.1825647553803196,0.14834270078401238,0.8870957791517062
0.016177441220153375,-0.013300758855708063,0.002433172381147305,0.004629435634206155,0.17925561594230546,-0.19808789931013995,0.05346607607245775,0.860551640992185
0.011680996757250643,-0.015378405468658818,0.0068247386344356354,0.002130153385492654,0.3276364822483153,1.005783253163456,0.9429490370354262,0.49538406336037244
0.011508750428287145,-0.015470766673570183,0.006830094038583009,0.0018807951509536094,0.31240575391259634,1.0352088012422307,0.9063608368300738,0.4252214487480846
0.012092945399891432,-0.015262535194061892,0.006595598978494517,0.0026170409587946055,0.32195087720464133,0.8425640877826982,0.9564790163841904,0.6320296945768505
0.01188107148202975,-0.015374351838606748,0.006655782637527898,0.002322856254170794,0.30129620818041275,0.8968863871978549,0.9303192974687601,0.5463507768317327
0.012702100572958504,-0.015100989149628534,0.006107661831854787,0.0032270053628564916,0.2958557139351499,0.5789685561431694,0.9050348917102607,0.8004829462981905
0.012470178486309002,-0.015150144726132759,0.006323030024986404,0.0030262376869405077,0.30738330624425064,0.6871741495619086,0.9410493060462715,0.7488922090346478
0.012325774262928843,-0.015286059156863326,0.006328072546545165,0.0027750264689733435,0.28651324315837773,0.7082109223255162,0.9114537228534623,0.6695867598450193
0.012934287931867766,-0.014972238746558227,0.0059473186372982064,0.0035027975278090484,0.29605989294296015,0.4926654652213496,0.8879609700062391,0.882029449706331
0.013177192586528257,-0.01482682868651523,0.005758332107377515,0.0037850141232928796,0.3082632218675739,0.4074401489302381,0.8637684478992823,0.9658679260297839
0.012882048664891949,-0.01526417245982754,0.0057478468376473,0.003135536038272399,0.24804001602711315,0.44700787154773164,0.7963703063313737,0.7415262685451592
0.013928919305953273,-0.014620514881999655,0.004908262766594367,0.0041656457748863165,0.2531270696937767,0.13065086050255592,0.6548794503305374,1.0243525698053182
0.01343833258224955,-0.014930705502251743,0.005355155795557569,0.0037240275005589996,0.24817163020198088,0.2747841820671165,0.7448739399170973,0.9135589705713952
0.013648876284303646,-0.014761277329123135,0.005193045407445701,0.003974841438784552,0.2730567202230193,0.21602307250680003,0.7204003757654164,0.9847225493268803
0.01461649958281492,-0.014469244836085748,0.0041213118091910006,0.004254779643182476,0.20199016661671007,-0.04964811484187936,0.43252453564238724,0.9615900367565214
0.014269402023432637,-0.014733052149149842,0.004453939038551859,0.004011281581548343,0.21129796202215223,0.024948483556674016,0.5077430566350958,0.9092581825153709
0.00772678625804851,-0.014602777037211542,0.007214524533749238,-0.003560972472987639,0.3580314192060668,2.0817952331429344,-0.31393502635514364,-0.1993787330833797
0.00787110415992842,-0.01452413555302291,0.007534046641157345,-0.003551845840244969,0.2856451642100051,2.3159256085468245,-0.3131444148647821,-0.18800137626201616
0.007861666814860653,-0.01467682528476283,0.00730320089630532,-0.0033361205734959184,0.3939217580410403,2.0999243125025795,-0.24610186667589176,-0.21693770856209424
0.00801426371656846,-0.014588774500088612,0.007640955218899083,-0.0033152886522548213,0.2877032765190865,2.3453604009050255,-0.23625287176509033,-0.20583817511070768
0.007605533906389447,-0.014670100344270695,0.006957179588707408,-0.0035662945966780254,0.2983743200438535,1.919053814772606,-0.29367620263663363,-0.19663213587042372
0.0074481568439169225,-0.014654200576428933,0.006753280331232251,-0.0037019982487358207,0.2712251390783247,1.8191403251396177,-0.3189197365833237,-0.18418796885643537
0.009063168625695952,-0.014911450597951643,0.008180694305897391,-0.0015655098008025455,0.42673418136058155,2.4097768092511345,0.32933413009451556,-0.18635451190088284
0.009115225603504674,-0.015077732671743997,0.007894213612729723,-0.0013759254029992523,0.42262868934979475,2.158874130066635,0.34912975348492165,-0.19411163307354673
0.00890933457005921,-0.014879595159429935,0.008127385119049275,-0.0018230112713011587,0.3602208457443936,2.4180651044075407,0.24876403844527198,-0.20400624151794244
0.008965301160715214,-0.015040222816177154,0.007865224833423489,-0.0016147383456508867,0.4608493021528162,2.17995054119805,0.2791105598573675,-0.21209696680030807
0.008454915646326118,-0.014755282782341355,0.007923051863970524,-0.0025696178663647384,0.5798714841256615,2.4052958689553416,0.004034473162681975,-0.2268454134616286
0.008488020381279233,-0.0149128331516682,0.007681205697800063,-0.0023634036543934947,0.4138141563298376,2.1846131708830114,0.052057990691961036,-0.24286692030435417
0.008605047553236286,-0.014801469324203571,0.007996967006943832,-0.002329061363777944,0.3281114892230955,2.41364758518975,0.08436403211580297,-0.22475398404623895
0.008756573701192635,-0.014842921746160495,0.00807012505089545,-0.0020615406798533045,0.7730466501100836,2.4189946360774273,0.16801389845897866,-0.2160884047730133
0.008641447894132846,-0.014971550641623019,0.00772773734997466,-0.002112122972271272,0.39408365999210154,2.1717283471984845,0.1275225231594046,-0.23779969611906723
0.008804809581432017,-0.014992352684730727,0.007830154134989371,-0.0018752247736206048,0.40608600105205017,2.202375364760695,0.20129208476448338,-0.2269086563141808
0.009498118853994118,-0.015287345313651468,0.0076830472346081785,-7.280016404814395E-4,0.3960941642822396,1.9040457121689183,0.5164245720718091,-0.11330051402496476
0.00934590861867394,-0.015214736239489303,0.0077589533144510016,-9.720343301813514E-4,0.4113000356158999,1.9940695857528627,0.45759418650336414,-0.14567956704459573
0.00957810153864779,-0.015484983958992343,0.007354868868024182,-5.616794161980836E-4,0.3456178721245055,1.6615665068936323,0.5301749242651866,-0.08441662994439016
0.009177608952555235,-0.01525362816828409,0.007609285067427828,-0.0011887446200217198,0.39080718524415,1.9297255926517958,0.39257276357988585,-0.16672670028280231
0.01056829882118135,-0.015406699373128096,0.007454911426645969,7.836624330928697E-4,0.37515777759142327,1.5224568113834371,0.8291762631944967,0.1597802487157011
0.010740758971246258,-0.015446025500234111,0.00732351052321855,9.957762463859191E-4,0.3579955305439832,1.4145341285602828,0.8496516771212209,0.2079750599422876
0.010437656431055287,-0.015518328757223383,0.007299816702708584,5.795218680120584E-4,0.3485431589166682,1.4555832132331437,0.7643735655493441,0.11594270896489298
0.009824261443730262,-0.015460078729938815,0.007442357325197172,-2.3659156435843967E-4,0.361378832594676,1.6646479468344957,0.6117563872761141,-0.03626295377765821
0.010059282935206955,-0.015500897521317166,0.007380501443404948,8.171733662822032E-5,0.3547413602742791,1.5773723071719736,0.6730933707849295,0.018594189677795442
0.010255519336359518,-0.01551424610193625,0.0073409906799407005,3.4105116505400685E-4,0.3448764551855164,1.5119652872820408,0.722250585122016,0.06791713187635921
0.009692190097968439,-0.015705168409425336,0.007010195196757341,-3.717645822354505E-4,0.2953788329475542,1.4305207120753385,0.5398304945638626,-0.053657854792388694
0.011281152424106235,-0.015554167783038376,0.006865982130727265,0.0015818166568596585,0.3112540866332179,1.087610901350583,0.8657843897232055,0.34485530349422516
0.010851946970693279,-0.015683681884236567,0.006894193099904793,0.0010325747746800975,0.2936702098043588,1.1695914388203856,0.7848859931143056,0.214220244459822
0.011049464071276317,-0.015563076733384163,0.006986619934181931,0.001317210973233142,0.320375531692063,1.1807618925274923,0.8473775654499891,0.2824335199008609
0.0055156102969559145,-0.012553122538630807,0.003981109911796728,-0.006999383352871096,0.04695267629149499,0.94316387330333,-1.0323428752122974,0.6923749659462962
0.0056962881580212045,-0.012545204192439475,0.004241117228359196,-0.007168592626836852,0.12395182589972785,1.1116098698095491,-1.1423744817365755,0.781082392422821
0.005600793437066118,-0.012694110104685486,0.004200103715261639,-0.006865360689242153,0.038294313970384054,1.0136886186763252,-1.0256464722350194,0.6272396711784642
0.00577835898009388,-0.012679131780828632,0.004467055277879168,-0.007030021062078035,0.17343703044178624,1.1872956364495773,-1.1329014696447697,0.7109824234615826
0.005864596707708681,-0.012810416269897774,0.004689544692734166,-0.006883764714312864,0.3207194601659481,1.2648725908138432,-1.12022152265089,0.6420548543960625
0.005694297185318549,-0.01283096466882258,0.004419991730337608,-0.006729789389791223,0.025004267396864777,1.0873851501335683,-1.0176032287771772,0.5654387774617944
0.005954915005069574,-0.012938926229728932,0.004892484596642565,-0.006741081154401332,0.030547631185267803,1.340144130885604,-1.104138059369662,0.5744620279642733
0.005798828142414362,-0.012956133332262905,0.0046430930930803005,-0.0066042192988016715,0.04326014845280674,1.1676669907299744,-1.0130525141642728,0.5127611665742692
0.006355156589749451,-0.013422735238775145,0.005708738608407587,-0.006065285899770872,0.3732947735826803,1.637287550194254,-0.9952862965557941,0.31850511902326684
0.006305701458517958,-0.013573094077312525,0.005592748938479668,-0.0057846690236387915,0.10268231998863823,1.499850652257683,-0.8830009582832216,0.22008476542600217
0.006049224510282092,-0.013064534716697497,0.005099362374411546,-0.006585825104495446,0.02199277425401325,1.4141601869809584,-1.0833942827161778,0.5078167181766338
0.005893106353330228,-0.01309876070147764,0.004848134238645201,-0.006431259370814071,0.0965680764462578,1.234523796184047,-0.9870539693128727,0.44124826346463114
0.006147433031857423,-0.013187119036995123,0.005306213945160791,-0.006420197404684114,0.0760597106387908,1.4879394246354891,-1.057674154365525,0.4423284570980077
0.005978350999902371,-0.013225532485210146,0.005021523335366342,-0.006266556638910944,0.09143464892690852,1.2899558520207026,-0.958724715298109,0.3783707928346511
0.006249443980966241,-0.013306558565652458,0.00551135206095901,-0.006244974184692442,0.23131675042143626,1.5623143089872948,-1.0280695383838934,0.37920527863740433
0.006077128084596588,-0.01335474079790542,0.005205686212736371,-0.006092174358184516,0.08378246651038686,1.3514932547008287,-0.9287126251602859,0.31691460946118205
0.006189755846529359,-0.0134730279241624,0.005400657936736223,-0.005929238757370697,0.07362343598647973,1.4231557569589832,-0.9033289612848535,0.26365070390660844
0.006284932380265925,-0.01371688463205722,0.005530609708310852,-0.005534780753010959,0.11146532305346198,1.436643779900102,-0.7796857490069772,0.14048407130255414
0.007058602901820071,-0.01435952604988737,0.006462708682091095,-0.004361723966487273,0.23095199322561882,1.757352959761691,-0.506667396416138,-0.10402437975238181
0.007291535151959928,-0.014554761699570132,0.006633648271683885,-0.003944805750450415,0.2505493040431998,1.789126330066187,-0.3862150790116343,-0.15922352915794794
0.007161363368660765,-0.014455535681227222,0.006535778205263507,-0.00416476524161566,0.23436987923257188,1.7676630713988424,-0.4483029969178122,-0.13233154779361536
0.0068903728917743025,-0.014327116010372513,0.006222842873405738,-0.004474790810471475,0.20370028650689992,1.640667701061911,-0.5147288891689438,-0.08781188706782404
0.0067342397181893434,-0.014219865960488723,0.006050551661918146,-0.0046872110151372605,0.17734532060317967,1.5807250243415794,-0.5631262067643877,-0.052107187010563986
0.0065936488242632025,-0.014110958183977151,0.005889521592096987,-0.004885894668974874,0.15112140073610417,1.52610332145107,-0.6079173325160944,-0.014936659458492907
0.006464436605666247,-0.013990780109199236,0.0057381983065704295,-0.005090753123556017,0.12933729910816197,1.4784826248545706,-0.6558019994419578,0.027712237536578765
0.006354606608015032,-0.013860428153280783,0.005607211617396388,-0.0053030735742337215,0.10985481192023668,1.4429414439968913,-0.7095490129390579,0.07757534204716994
-0.004503702359409206,-0.009245526873244751,0.0010236486634367442,-0.007606932561980445,0.41249267384569394,-0.14651648638435,0.3590420737324265,1.5353323779522692
-0.004630779504780551,-0.008807993976666657,0.0016432837897924425,-0.007515869465976031,0.47448982932324973,-0.1961935194012481,0.2267637334693689,1.6422092921393627
-0.004531011706298309,-0.009039156017672807,0.0012995177537673088,-0.00754325057992723,0.43445618695685545,-0.1713386713298184,0.2991061944375395,1.563305243501168
-0.004409787481524042,-0.008420113275421836,0.0019239759933310431,-0.00704361948202344,0.40637208941417174,-0.2101086660745776,0.14247441834665667,1.4044623647346333
-0.0043436638110444,-0.008642066991231337,0.0016515382471871266,-0.007136681380206969,0.38734636375468884,-0.19655250018963008,0.19972033715870438,1.38304775318729
-0.00449848709740095,-0.009444694441761088,7.596839947850778E-4,-0.007669950843859504,0.3868060531770153,-0.1182846344333021,0.41792338076493835,1.515605197071509
-0.004533783674565393,-0.009664361666531406,4.6860695416382997E-4,-0.007760439452459937,0.37119488736159306,-0.0828548134797744,0.48488443969227507,1.5188382659911448
-0.00449261878553896,-0.009922867799431847,1.0524904413641263E-4,-0.007745337738659035,0.3231809729619824,-0.03409440176784117,0.5453863037279705,1.4261977149541722
-0.004358746025399802,-0.0071112858752678575,0.002831669881511917,-0.005853814209158461,0.3140712026249637,-0.21922529501773863,-0.047914382760532635,1.0767599656360929
-0.004419433930626345,-0.00665555940837819,0.003071795776674852,-0.005427365281393154,0.28083580697837124,-0.21277324501106532,-0.0886882784572901,0.976320078170854
-0.003915173233992118,-0.005440578509396907,0.0028256440367193814,-0.004152876313233218,0.17419003556634957,-0.20152629386725693,-0.0648698918505808,0.710766801107796
-0.004083479756287926,-0.006062504328655264,0.002894937977292086,-0.004749245266741474,0.2115479970395029,-0.20779278868344986,-0.06764953737982786,0.8092206981542592
-0.004160739846562581,-0.007401944641077334,0.002496931030607111,-0.0060227989389490385,0.31314525726556025,-0.22072277808589288,0.012668614179243321,1.0728129330928498
-0.004036651746542684,-0.007750507671151773,0.00217957315013932,-0.0062479384813635555,0.3134131485808345,-0.21617026450730623,0.0693064033944411,1.0863744828873045
-0.004201306624516567,-0.008229778484189543,0.00194692257586163,-0.0067332045944861136,0.35269280383439133,-0.20940533790014396,0.1245857477112386,1.2376378501306482
-0.004013652284027837,-0.008021417902431952,0.001973591922706699,-0.006443342729815979,0.3185540607336243,-0.21017415741895423,0.10943981643740144,1.1154665213152033
-0.0030737705672865606,-0.00412901026046523,0.0021954439065714412,-0.0029996309893509376,0.12464289064419441,-0.1956513376007253,-0.02366468743886965,0.606410572140586
-0.003105932895783311,-0.004979419968313409,0.0021916739996972194,-0.003663757307122962,0.14283515672946967,-0.20041773286993056,-0.0168774597821354,0.6587475009489192
-0.0022128855436816335,-0.003340782802564145,0.001559721545779982,-0.0023759746304781674,0.11565276320847469,-0.19196063420327678,-0.0054498515933988296,0.6261821918217777
-8.584034768154274E-4,-0.0019759786565166004,6.001206492272148E-4,-0.0013833316378646392,0.10701414594106406,-0.18800988348906228,-2.8121969862721655E-4,0.7109204786796389
0.001403127555356829,-0.0017347073733704006,-9.828594745294426E-4,-0.001217276522224274,0.10497921962508809,-0.18747142066969794,0.0026707753001994805,0.6710991971338921
0.0035686650330090577,-0.0044666320838540035,-0.0025811067345533766,-0.0032986294282518025,0.13486509623558773,-0.1969241996820044,0.04447355875666448,0.6062618767127016
0.0026004129943374716,-0.003291712985423285,-0.0018452438058566628,-0.0023524838955505142,0.10924151297744393,-0.19334050047148862,0.011815812970789973,0.5989358856686126
0.0038328813774013717,-0.005990821780478525,-0.0026803902911580677,-0.004626005130992167,0.2013462511813585,-0.20784978170303267,0.04501238078330971,0.7744432930258828
0.0038854367786574913,-0.006466971293803199,-0.0026234075492725735,-0.00506418549836976,0.2234265087647763,-0.21194643430972943,0.03017782635600762,0.848186563241464
0.0032240808315176944,-0.0054256931902309175,-0.002246948744343394,-0.004036419252219093,0.16119475741225855,-0.20236455934187433,0.014066703390492987,0.6865795033305383
0.003663789446366066,-0.006836611723598733,-0.002317029345519557,-0.005308987751767026,0.23322171601418493,-0.21174396399106823,-0.011747490435031547,0.8618632087774393
0.004419011905591581,-0.008602554169948193,-0.0017435503451871516,-0.007178351475999051,0.40325237813786624,-0.20206827556361354,-0.18640193202731584,1.4269183776863008
0.004366479485433565,-0.008857871152893777,-0.0014301664678036076,-0.007285385500862828,0.394657147384238,-0.1825162780449161,-0.2516524985585478,1.4068620860225087
0.004337550419283753,-0.009129757609514505,-0.0010996969029107727,-0.007390702153330355,0.3656622873172927,-0.15568514063458314,-0.31986762801154106,1.3862476436606348
0.004226592807347393,-0.00830832562180486,-0.0018976378884721244,-0.0068108157294155544,0.3571151577159904,-0.20958022564806394,-0.13734553849265344,1.2655066719271042
0.004516894899333525,-0.009554523855703692,-6.160763431128238E-4,-0.007718598975518443,0.3797772709970196,-0.10171638696716374,-0.4501493743099509,1.5186945743632674
0.0045229369240341565,-0.009818479758689618,-2.524883993100889E-4,-0.007769874179276883,0.34620383107135944,-0.0552128950039092,-0.5233878165317724,1.4768929565478783
0.004274536936806968,-0.009390621426327912,-7.618724122292682E-4,-0.007423366291775987,0.33055488591771404,-0.12242547241380304,-0.38046119652872573,1.3184716809924621
0.003918482777393959,-0.007998477537059925,-0.0019217739418720488,-0.006363832486395555,0.2946184984480175,-0.20821463337334392,-0.11265535718551158,1.079616336862015
0.003640966275894187,-0.007434465841032463,-0.002048479284847193,-0.005781527536276357,0.2501085566799672,-0.2098776200210015,-0.06410788690557545,0.9260768589589963
0.004464509310647493,-0.010043302439786649,6.072181604835202E-5,-0.007715407600899172,0.2954273457414906,-0.01228343362994795,-0.5652236191617596,1.3684059920129619
0.004439907137410678,-0.010241604302386825,3.281076390707531E-4,-0.0076745862180450245,0.25626374826913706,0.028120260875856447,-0.5999135194612842,1.2874192847343737
0.004449957862542294,-0.010434149380662228,5.875790890325997E-4,-0.007651715199940352,0.22538140655917951,0.07148599993280613,-0.6366098045678746,1.2287946035719495
0.004517500148564395,-0.010790943966233639,0.0010790641735798853,-0.007609616261371466,0.17629922053852584,0.1632124147271563,-0.7057143034359648,1.1361407310502374
0.004478664063426001,-0.010617536813981362,8.381008280473591E-4,-0.007632123933368844,0.19854406514217757,0.11678788919940157,-0.6724539070158392,1.1802996757606194
0.0053269324644941,-0.012556757045526121,0.0037273907674748277,-0.006840908613454612,0.028446210624733712,0.8373910698090102,-0.9222728638685984,0.5996402377806848
0.005250573741160348,-0.012405037273422168,0.003515805115088906,-0.006972923882320348,0.031064947671787132,0.7767163030828613,-0.9297948808355293,0.6644752018250131
0.005185622940656927,-0.012250319735763182,0.003306642912123584,-0.007105237942307315,0.03279131110892233,0.7187839213154358,-0.9377160634685425,0.7350078430373933
0.00518075951197229,-0.012086884904874978,0.0031477654000918584,-0.0072901048041809965,0.05400346511728864,0.6842015223934003,-0.9740193304651322,0.8441626656279384
0.004898749924444522,-0.011501966075327209,0.0022183284286498976,-0.007577324602812745,0.11321365503239948,0.4320971524542839,-0.8982606477102474,1.0448119207512108
0.005005764426304637,-0.011630304271493381,0.0024649738460128974,-0.0075793531188763485,0.10045249748923815,0.5006319983335902,-0.9456936590715767,1.0411167305961215
0.005008010847266217,-0.01179410159513723,0.0026565278585656865,-0.007429013515727237,0.06994685422590939,0.5445913475797076,-0.9295387345227111,0.9324454907116227
0.005070596158102035,-0.011963265198613267,0.002902358907686581,-0.007319444931701831,0.062334769118929594,0.6085666758187105,-0.9374737411157305,0.8610833415062423
0.0045538806509361806,-0.010955214539401036,0.0013064897362467327,-0.0075733017454190895,0.15100966536187618,0.2094615250682124,-0.7334401136917084,1.0869222552156226
0.004587277529878659,-0.011125329773103728,0.0015375206689317484,-0.007516311368100776,0.12870164528098582,0.25754209115148236,-0.7554648793018476,1.027542627618929
0.004624325323628925,-0.011304793427820516,0.0017774756221091322,-0.0074417825433899494,0.10246707987323787,0.30985317793672434,-0.773725487882028,0.9594022726850892
0.004677050123310845,-0.011497127737373972,0.002037544852380877,-0.007356685825060432,0.08021357647829806,0.3691093224670743,-0.7922402026944778,0.8906604270615225
-0.004711847173835375,-0.010322269832786595,-4.825860485590093E-4,-0.007962690017782917,0.2983792955183115,0.0662083217548231,0.6992303679387054,1.5134816770770227
-0.004548230751046417,-0.010165882959864519,-2.3544794307902195E-4,-0.007800801227073711,0.29619533481582844,0.01964684255449554,0.6162384317554163,1.407625721763628
-0.00489888327757736,-0.011488339252993392,-0.0022018623973301676,-0.0075888539770189375,0.10667015697549194,0.428628115111308,0.8980598243222077,1.052233282913148
-0.004865760332408061,-0.011128064564768992,-0.0017098815073576727,-0.007812140366153603,0.16096652180648505,0.3179232829004865,0.8814367215362952,1.249504596856387
-0.004829484329037309,-0.011299754963263785,-0.001912815161803543,-0.007658332991322804,0.12164501862181108,0.35903616911099384,0.8681209158820169,1.1144788587027377
-0.004720986704918623,-0.010502612598815301,-7.512734743393138E-4,-0.007932400899498829,0.27165342899610345,0.11492713010320889,0.7405622346224622,1.4465718774363856
-0.004781484628768921,-0.010653102873033535,-9.909938159319712E-4,-0.00795265381366983,0.2534727992297795,0.16333040033481633,0.7902150515451243,1.4341190543668385
-0.0048002512078932314,-0.010992678440097733,-0.0014852188825466015,-0.007819593751868437,0.182626630837737,0.26497282865788735,0.8417999324670323,1.2707363473315227
-0.0047586510643397055,-0.010826567255309874,-0.001231159907872516,-0.007856617917140958,0.20310498509020983,0.21054413936364577,0.8069536844843644,1.323412038734701
-0.005475864446977092,-0.012128895840071582,-0.003554665718428255,-0.007532717698080258,0.29694770628394124,0.8892193992059467,1.146482298026697,0.9984990757740758
-0.005544967222482056,-0.0122699521913998,-0.0037787461099122364,-0.007422830408644203,0.013636342505845264,0.9624533347943185,1.149851708660984,0.927311806613271
-0.005385956823750392,-0.012256115346407553,-0.003557285825562195,-0.007280787033795159,0.04094072252850142,0.822542084563341,1.0526722586822013,0.8448339031894391
-0.00541122549991139,-0.011985736283431544,-0.003314342470787001,-0.0076412616585584845,0.2713530874407252,0.8149696948837439,1.1392680759525478,1.070217916658688
-0.005305735906215293,-0.012119437130563229,-0.0033244661605393174,-0.007373098213347462,0.02189236275699002,0.7488908103848381,1.0407599266809822,0.900264078052457
-0.00522759409217917,-0.011974316298384148,-0.0030828086325177645,-0.007462209832112196,0.07672464673042521,0.6750616141792948,1.0254114382224004,0.9577664399962832
-0.005032922769824898,-0.011932045088150916,-0.002830148797103332,-0.007315235216203413,0.048659101188900704,0.5870416582837511,0.9218004201230886,0.8571751332848316
-0.004884180383807211,-0.011796806202371508,-0.0025421126904027476,-0.007304436567113674,0.056958976695591475,0.5016928542020881,0.8659618778824213,0.8523375839756842
-0.0047837304572399325,-0.01164030089137073,-0.0022831126950471118,-0.007346406595747237,0.06394592719664642,0.4333682337989236,0.8339261423796497,0.8831914373753139
-0.0056184655156709526,-0.012408766398519249,-0.004011057874230135,-0.007299787827985187,0.04730842631892176,1.0371076776648573,1.148675790864151,0.8552369678537519
-0.0054533060370815555,-0.012403691034759745,-0.0037773266265557948,-0.007149939719363886,0.07436051164970214,0.8868500053578444,1.046998962703549,0.7698503153827622
-0.005696288158021204,-0.012545204192439471,-0.004243829246218005,-0.007167043944317146,0.22865729303614446,1.1138205163512573,1.1435222204259738,0.7834550128687295
-0.0055238710754681765,-0.012539346388843995,-0.0039821108186479355,-0.007024662638021492,0.03404911197203512,0.9484934360700582,1.0408431243098306,0.704921510141684
-0.010729293840437144,0.025,0,0,-0.03351145344941351,0.057699428413600824,0.12590804940332515,0.00641792958093016
-0.013296774238203865,0.015179519485744664,-0.005350253863156608,-0.003391570560309136,0.23191491127633176,0.2890771493306297,0.7118317060081171,0.795653461334879
-0.01313229218738326,0.015578662884676249,-0.005222411027400685,-0.002915863869617848,0.195432757234098,0.28873332009386793,0.6511045296095945,0.6440675993923318
-0.01181200083454097,0.016897833723432818,-0.004966942589348873,-0.0012870063084207408,0.09805211081865638,0.3763027025736409,0.4953388927702217,0.23390197007796495
-0.01243435403854221,0.016333069495182394,-0.005147960542430906,-0.0019476053121337954,0.13457840684561076,0.3448455529813023,0.5661586326954026,0.3885537011128961
-0.011535186855285736,0.018126181514741487,-0.003994538184962425,-7.188520272272131E-4,0.042744647414239195,0.22451337253920897,0.32065334090806,0.10488072252634946
-0.013192224155214684,0.01615960681906395,-0.0047301245886095244,-0.002421389822874482,0.12829337491100823,0.1967564842568796,0.5135094222277027,0.4800023338424209
-0.013673475474954224,0.015007636955495318,-0.005026750755118444,-0.0036770122664334243,0.22798262344197393,0.18055840103198698,0.6505253464913182,0.8626514958342185
-0.01461526741176758,0.013290197865103406,-0.004103025308914008,-0.0057626807414226594,0.37759151423918463,-0.08007316414213862,0.5096592317509026,1.594531972018087
-0.014515270869190503,0.013459140820011876,-0.004277248434140103,-0.005588701391841486,0.3586799376838043,-0.047963730921835,0.5548121244203297,1.5390052808013341
-0.013963100232793329,0.014666802215671761,-0.004840986838038414,-0.004109236586742621,0.25476791919850106,0.1120327003622188,0.6284087296461124,0.9920427905907571
-0.014111900415475657,0.014318858573066213,-0.004772857551624589,-0.004542721485107549,0.27883911405668343,0.07666798932529437,0.6347764881829245,1.1515260315096323
-0.014452096658397657,0.01369859036636957,-0.004386235786493508,-0.005287112766184634,0.34175677581367697,-0.022077567124326455,0.5691929287688479,1.4090279155667904
-0.014252390392692778,0.013872597862488859,-0.004663631521822962,-0.0051243948149350465,0.3387105172085388,0.03913932758642403,0.6457506294764271,1.3778143508272882
-0.014295632935355539,0.01411516952861473,-0.004571658909895665,-0.004778682730797611,0.31243763922608414,0.025926012109177127,0.5910881572599127,1.218154612864705
-0.014875577495234755,0.012978018206446104,-0.0036459048967860705,-0.005978191112689346,0.3738479111385447,-0.1491448598287822,0.36857892190405184,1.6148176787267412
-0.014818016647266398,0.01323441611455445,-0.0038175786390335477,-0.0056926957045606115,0.32852062611572275,-0.12616103457478592,0.4069342834074091,1.5047856520956022
-0.015116348165876972,0.012796304935425835,-0.0032645864462778032,-0.005983224047050079,0.340712932270258,-0.18653042677612253,0.2520168170690449,1.5471191818709757
-0.012076523996661568,0.021961237153660808,-0.0015713259611704593,-1.8701463178766458E-4,-0.04399515730386588,0.015715126763852755,0.1294393726851584,0.04361014273881269
-0.0124062433937525,0.018981049054801087,-0.0031361413210069813,-7.64948653836631E-4,-0.0025289966910785923,0.06119043599745757,0.22734715732405159,0.10852039971806929
-0.01545110205287177,0.010429102807563703,-5.850859403780676E-4,-0.007421607350627393,0.449612914056759,-0.09519554097635759,-0.5192994517969013,1.852506741796524
-0.015432537721984588,0.010968120032439119,-0.001289408690833374,-0.007242795381357164,0.4368847455983596,-0.17660467380001565,-0.3200221130367695,1.875682522525624
-0.015458436572138332,0.010614060522216664,-8.27463607108803E-4,-0.007354751296377713,0.44371957776872034,-0.12747171871539395,-0.45016330886295935,1.8552641761174724
-0.015461418098947589,0.010786321907405026,-0.0010479603068646508,-0.007282896082972702,0.4377959307378712,-0.15284964100361512,-0.38700893103796347,1.8515615470757785
-0.015470866357320659,0.010231561371950991,-3.1572887958981037E-4,-0.007423736295750557,0.44547888460923296,-0.05436625736218259,-0.5865009354855829,1.7990490152705105
-0.015455558731678353,0.011502786054143977,-0.0018853703526002762,-0.00686007608607486,0.39632570491534574,-0.21310629403105455,-0.14084430240796111,1.7489111973321838
-0.015536555600535691,0.01130397811151554,-0.0016169666514544347,-0.006881028562712434,0.3899120635134044,-0.19874208880776567,-0.21382280545315133,1.7039047412180996
-0.015592137854278782,0.011109140834339865,-0.0013683651588002682,-0.0069148269238704105,0.38646385239025927,-0.18056647684795132,-0.2800666000285639,1.6716808739814262
-0.015339403484223996,0.012525222392598366,-0.002858459532106746,-0.006064125201683086,0.32845051758545174,-0.2104636139012849,0.13533280557548286,1.5062011261045816
-0.01545378378702638,0.011926266163856348,-0.0022945203495347353,-0.006512310339553534,0.355640330865651,-0.2222258958549677,-0.02429151413112397,1.6290201825571915
-0.015495923934363704,0.012216500877412322,-0.0024891863065105856,-0.006198228550715264,0.3294671732305225,-0.21991972894951708,0.034876503544030706,1.501767090080149
-0.01555076443008635,0.011694691016041078,-0.0020008711369538805,-0.006579784135881376,0.3691296293744698,-0.21533809442660679,-0.1029058615770436,1.605358542167825
-0.015536492393967177,0.00940988470468657,7.63936915115972E-4,-0.007221197527445746,0.4153908198440746,0.1496534497198926,-0.7941540896840146,1.4728361355259487
-0.015507006473371146,0.009223022673308191,0.00100893632516871,-0.007198114449530601,0.41867685139232075,0.2059291002749344,-0.8389526802180413,1.4221629018489936
-0.0154810217505786,0.010013877705362077,-2.0930656797422142E-5,-0.007419622663755806,0.4427613328679837,-0.00522721146962951,-0.6565590219058937,1.7410896173280968
-0.015551193204871756,0.009590849060462028,5.294710861421273E-4,-0.007248141122728938,0.41745665570966967,0.0991459796539537,-0.7503275695943142,1.5273782170071908
-0.015535825515585067,0.009802055662846901,2.578857964377473E-4,-0.007311902896639431,0.4217854515804902,0.04568410517434396,-0.7034230358801934,1.6150434433475696
-0.01303809123039844,0.005364138642208106,0.006208952569672168,-0.004031175210098623,0.710286113630049,1.7792808023108722,-0.5247477527281549,-0.08855679463184536
-0.01223874208007462,0.0049746337240638575,0.0069268130256843865,-0.003050937665994293,0.7458577895633928,1.931269058624661,-0.22483615594914017,-0.200922473187256
-0.01240716733810166,0.005049011843226088,0.006795934103110596,-0.0032687172517345668,0.743693596019316,1.9146137120335756,-0.2931399456468442,-0.18463770083921902
-0.012239050117285809,0.004730557361113007,0.006729791697352786,-0.002792434037390202,0.6559457799180731,1.6971962218973602,-0.14529677737229177,-0.21152573235842756
-0.01288153634975086,0.005276082773238213,0.006365954987256686,-0.0038454119635412017,0.7226019818112132,1.820199799096813,-0.4698154309973493,-0.11789895383267048
-0.01272258041562842,0.005190299444567254,0.0065152793521155205,-0.0036504001500991846,0.7309605751588455,1.8537660063666206,-0.41068073681368117,-0.14437090888715678
-0.012563020947818249,0.005118410565374113,0.006662895622091713,-0.003461822970052306,0.7413650185057147,1.8892362837163237,-0.353703095374851,-0.16592082449364146
-0.01319074950102165,0.005466127468360122,0.006052975563842594,-0.0042232945627125726,0.6994298120512853,1.7414445880960339,-0.5817594489688919,-0.053883964757696905
-0.013334250596687256,0.0055842148260861835,0.005905019894614705,-0.0044254439941348485,0.6908879955543571,1.7109055040184995,-0.6429327111574242,-0.012487455087651013
-0.013399160631913673,0.005920630378221571,0.005950175038005549,-0.004947427227526756,0.7529950846349395,1.8837401294024698,-0.8612167256809112,0.12122053745982353
-0.013476558637591875,0.0060547322778965965,0.00587435619176928,-0.0051690141539121135,0.7674309506267887,1.8917241868073176,-0.9453205519771533,0.1891164107742854
-0.013469950908077339,0.005721080079646724,0.005762648785613423,-0.0046448082230959335,0.6855877876681297,1.6869941404442004,-0.7111609516484984,0.038376395601623696
-0.013621685096078591,0.006124216254283603,0.005655620370459296,-0.005275431410514956,0.7388079880609953,1.7862394581252168,-0.9574315604615388,0.22395134615271942
-0.013749060531180711,0.006255733926991697,0.005471116745364233,-0.005471749939886299,0.7112090870056037,1.723658705955047,-1.0110847612524159,0.29223579282760287
-0.013817297363067317,0.006407442995678455,0.005375206591088598,-0.005706857571288118,0.7259946398718642,1.716040558258668,-1.0964760360425823,0.3843658168667292
-0.013966849077992134,0.006487000231864413,0.0051264951636233866,-0.005782685767429136,0.6905264796646766,1.5942772753391734,-1.0870832451155372,0.41645890744384945
-0.014497591638565727,0.007170632769707198,0.004094460095252508,-0.006508044126250647,0.5943739747306626,1.1978547627857647,-1.196096744613788,0.7734741009700864
-0.014096772100618655,0.006614456137475158,0.004902979846332463,-0.0059291210638034485,0.6575143301429631,1.502906242568181,-1.109067808218896,0.4798691149884135
-0.014157401892643933,0.006778969440192166,0.0047767404919270865,-0.0061627482941003205,0.6662802172219113,1.4756973401837972,-1.1832359752928545,0.5883381391361838
-0.014291296196780072,0.006879213479255302,0.004532996381249431,-0.006230795922044754,0.6360654425208442,1.3650655946574313,-1.1671847661261685,0.623864757318196
-0.01440748878302976,0.0070179825270641595,0.004300878676861384,-0.006355747757151641,0.6108260320575146,1.2728256381261527,-1.1744750350079405,0.689373822598469
-0.01546580645457433,0.009049023960782006,0.0012423330676053703,-0.007181461396521213,0.4219150875335265,0.2634994457182456,-0.8819245319958112,1.3794077395805875
-0.015421800440949346,0.008863175111936222,0.0014909589487416763,-0.007144157453802307,0.4295521863757798,0.32709320204979836,-0.9214918735790129,1.3243441716356175
-0.015350592124364825,0.008703128739756483,0.0017265369877378196,-0.0071488429161437805,0.44231205633734266,0.39242988685983216,-0.9678885776060886,1.3008484545929855
-0.015296647502688538,0.00852298809785027,0.0019720951436544274,-0.007093751153205417,0.44783323134383096,0.4623532951265938,-1.000257134447912,1.2378551667785465
-0.015463032714878875,0.00856692165660742,0.0017947030860958435,-0.006875484304217321,0.4074438755487447,0.4020810197946362,-0.9121498468318359,1.119538178358045
-0.015264891585969602,0.008349071800040443,0.0021860493166278774,-0.006992105693918762,0.45071148772197606,0.5227502689530925,-1.0119035389613955,1.1521298429787687
-0.015165041049281186,0.008138616923152226,0.0024936370072357154,-0.006935403510009542,0.46707499194827123,0.6168779329380017,-1.0509246660517755,1.091342629847093
-0.015118445633874919,0.007883734544391726,0.002776133823783097,-0.006728908664969038,0.4580398280856252,0.6982387041285878,-1.0348849144848131,0.9418719075692948
-0.01469761317715722,0.007185301854026881,0.00379515876723911,-0.006334217743515121,0.5355393452700826,1.0446887762364836,-1.0769689242004572,0.69043905256272
-0.014751901785432694,0.00736700037456799,0.003616932327948815,-0.006529652733620495,0.5357230096078801,0.9927498098354471,-1.1155407778268496,0.7973578500355273
-0.014994331153236978,0.007656263592547278,0.003104507184740791,-0.006622990368744398,0.4876817072720519,0.8043888611973083,-1.057221624044199,0.8656032815562283
-0.014925101246816161,0.007443723795884409,0.003340604627193087,-0.006440245690420085,0.4927230066927832,0.8772872534259564,-1.0380928074104296,0.7584299495857083
-0.011304789977471119,0.004642969873961678,0.007456112102561664,-0.001788387512954915,0.6835557881213395,1.8801969362110567,0.14756474800153396,-0.20852940337920825
-0.011026275654642778,0.004627191027404949,0.007608981993299081,-0.0014341429451536073,0.6662748966819122,1.8891785377040795,0.24852875349699047,-0.18833846129953985
-0.010517877660372633,0.0045518031822191505,0.007736363600751263,-7.253467189259109E-4,0.5915611309927326,1.7730926167276908,0.42552573055157655,-0.12206469567447355
-0.010791559185028778,0.004531717264651904,0.007620789080282242,-0.0010850596309613404,0.6117702753711972,1.7775935054216274,0.3302708491843775,-0.16007457221982221
-0.012035257803812073,0.00461605474330349,0.006837326698556981,-0.0025153689583340528,0.6393423026946133,1.666493570210406,-0.0667932970978523,-0.21918195651751646
-0.011530580422710386,0.00443783301645331,0.007103683734331308,-0.0018936542661486977,0.609333068617901,1.623276111358526,0.09745552315491236,-0.21311485040766867
-0.011784987838209351,0.0045136240512577116,0.006972682403773553,-0.0022015549078745807,0.6194910230897023,1.6435155856044938,0.017093933509236704,-0.21989807218953825
-0.007262672334523459,0.004146496208831627,0.005877601945734743,0.0025545950340164106,0.12930662217921327,0.20983441361962332,0.46713257594004126,0.40153001680169814
-0.007557305361594373,0.0039961024618655775,0.0060522446293566875,0.002262789913622639,0.13023310412371616,0.2693719395250524,0.4698437457424111,0.33636062014600837
-0.006548286200839974,0.0042551117727314455,0.005249578643285543,0.0029406619325287628,0.12546776966172127,0.032433101239909064,0.36845073717481086,0.47632569698356514
-0.0060086238673649,0.004299642529394464,0.004745499041596614,0.003106540668868873,0.11467472560706281,-0.06223456248585322,0.2871852815940245,0.5084988659394513
-0.004027691711519287,0.0029730520289888126,0.002910561927181515,0.0021278631056827198,0.09495292750988203,-0.18442506661937028,0.054102206717640995,0.47308756919151845
-0.005253926507598917,0.0038383499170682265,0.003971944693224891,0.002775899210442571,0.10437211137954093,-0.14652965105903457,0.15528595786485125,0.45979519167360655
-0.006882046465664097,0.003870603011479137,0.005413056967329351,0.0024746237584926593,0.10427999437780215,0.06643911122586575,0.35376472741630044,0.37345755037644085
-0.007888906395357142,0.003890059743453708,0.006251863399992023,0.0019726362989573357,0.14189228832628617,0.3523521526932205,0.47887584927186594,0.2744883914135767
-0.008216338284682458,0.003742590484845464,0.006385605465222384,0.0016404318953658432,0.15561107289642426,0.4169503266488395,0.46655108762006176,0.20713173113079295
-0.009103987225080497,0.00427013687071521,0.007307608854353787,0.0011014957657863261,0.30243465366686045,1.0063530430943208,0.6403295209533413,0.1468651841289859
-0.008847264240342944,0.0040823979775885845,0.007013986168816868,0.00129095758580067,0.24122126250743434,0.778839722611524,0.5841345153931577,0.16719243924877045
-0.008560101083278888,0.003646012993877761,0.0065223071352213296,0.0013208103310851026,0.17787199224995784,0.49592286785975714,0.45696215624643494,0.14685071365602873
-0.009369215992603604,0.004211828301792876,0.007349149785358407,7.681348694903957E-4,0.3266109943550006,1.0747473477829634,0.5980944947180372,0.08474141086121571
-0.009642240781714394,0.0041878963760597025,0.007391990959632145,4.3490191372905527E-4,0.3601967524987995,1.1599930546218065,0.5547205211158667,0.027224718102593897
-0.0101814683002761,0.004225241626385737,0.00745468436088662,-2.2737149764256605E-4,0.44494681927396124,1.3545070690640808,0.4610949071334262,-0.06940517634082642
-0.0099222220874607,0.004193673783469911,0.00742830199045105,9.341412099094701E-5,0.4015059603242239,1.2558790460303,0.5087912914106263,-0.024958003371505305
-0.01044164251389023,0.004245944709753589,0.007436811628420289,-5.518646685223788E-4,0.4870710735613311,1.427978840810905,0.40227561936490114,-0.10962600609935151
-0.0030859891642863865,-0.00198480483860427,0.0021826848907696354,-0.0014061903709677757,0.09121159383458281,-0.1886220138788782,-0.016963405730369793,0.5220601662348346
-0.002677664595350996,-1.9006667789037512E-4,0.001874268228298698,-1.3255479042925908E-4,0.08728470954581609,-0.18831551365782,-0.0015347225949688755,0.5405574616846569
-0.0034111204318158757,0.0015960611129283808,0.002407156388053822,0.0011267513179579085,0.08295297304885961,-0.18530290729003676,0.01874146791854797,0.4774119870302989
-0.004585333608008456,0.002054507215374177,0.0032739998619494373,0.0014290006246226786,0.07618787439171397,-0.16821863010088978,0.056817426220455325,0.37998027120734534
-0.004521510123994677,-0.0024749246801398683,0.003255546971799818,-0.0017378980005095315,0.07693084027295204,-0.17139367065667344,-0.06396218739787647,0.3993671142939077
-0.0055446006528854265,-0.0031374804151762855,0.004108960307404839,-0.0021662022813857037,0.08230735427032265,-0.12647236659888358,-0.14817139896155143,0.3682996085594921
-0.006340513787245327,-0.0033931324950029398,0.004800079466927288,-0.0022353944677248887,0.08265213080229132,-0.04932925696398647,-0.22992329996292468,0.33177128665585287
-0.0068715868700370865,-0.00374153333070673,0.005354155351886818,-0.0023657312667507055,0.09622879690927379,0.0523365281733914,-0.3258994921740604,0.3378421364982571
-0.008793760461294662,-0.004393243334984626,0.0072689263365401085,-0.0015177157258807821,0.2718277844375118,0.9417602747092817,-0.6965205471105393,0.23381289769593083
-0.00906281880666095,-0.004324645219780719,0.007342880605828443,-0.001173182135549342,0.2987654227980809,1.0232298183873765,-0.6611621339230317,0.16428351024976895
-0.0076544671722285325,-0.003980762136308399,0.006125091672842558,-0.0021922813533206413,0.13336096520458288,0.2934115404052225,-0.4756092830613881,0.3189960879500033
-0.00734869700593899,-0.003727899316125243,0.005740852661636385,-0.0021573202118428518,0.11371493596719387,0.15484150708821715,-0.37584914490898114,0.2927479442052401
-0.007983899614796728,-0.004024046443555293,0.006411361529680161,-0.0020083579840424496,0.16663037849886367,0.42033982475857445,-0.5242347989054514,0.2897130002448074
-0.00852816299421241,-0.004103666821315869,0.006850656539696089,-0.0016136183080125886,0.2134311437591838,0.6618821036375153,-0.5890258145767842,0.2266430648491338
-0.008247838141715702,-0.003886109802928232,0.006505307123675749,-0.0017102191258704861,0.1604383843297153,0.4687902261873913,-0.505177494666456,0.2258974710455118
-0.009355440666731116,-0.004262110745881743,0.007395055021679216,-8.012865678697147E-4,0.3373530557745228,1.1080938678348036,-0.6128941607622497,0.09172252004577003
-0.009630813706116107,-0.004225195441880594,0.007427520526389383,-4.564085732151675E-4,0.36627973537751196,1.1872078011979221,-0.566288615374356,0.032020790906548496
-0.010062291856614534,-0.00448222560979709,0.007730429594192256,8.585182135562956E-5,0.49971615385282525,1.588320396717376,-0.5528973343223585,-0.03927803914999883
-0.009892479499139493,-0.004223334754811535,0.007457033246481428,-1.3280480375501232E-4,0.40189551259423056,1.2760645707191205,-0.5200562109555943,-0.019089408996341314
-0.011819219079193715,-0.005157821937953521,0.007552123951556103,0.002833837599790063,0.8698798403439262,2.379983424187642,0.18656677300375524,-0.22119975989249693
-0.011840618209004684,-0.005351115767339395,0.0077444685813531445,0.0030660135016823795,1.041113555856616,2.6836025979987137,0.2461756802497129,-0.18937494899045906
-0.010675907648666945,-0.004738640529556473,0.007890687620139709,0.0010081023887998659,0.6726186563879678,2.027427449137353,-0.38496730762714115,-0.15281027215790643
-0.010827578883251698,-0.004813207439067348,0.007911645546796553,0.0012568202572661759,0.7300607322607574,2.138359033837315,-0.32175202790997526,-0.17700919942373597
-0.010990888765922132,-0.004789855885319326,0.007803311124434359,0.0014751566508591927,0.7306879815296533,2.104508623352326,-0.2527941283393249,-0.19382937766487743
-0.011166148767401603,-0.004831100320294693,0.007744290516137345,0.0017379509244993942,0.7512399382245966,2.1430299248434452,-0.17573639274465405,-0.20978305340253642
-0.011302480092529758,-0.004912044772283471,0.007739782099517064,0.0019740214022631,0.800603923710421,2.2289954987581857,-0.10511397186816493,-0.22052451371870546
-0.01033536037353183,-0.004536648134031209,0.007761038918149179,4.694926228139564E-4,0.5593270284047224,1.719877270825824,-0.4847115689090593,-0.09138972771077165
-0.010598724321569837,-0.004509005888176035,0.007666615970583838,8.216465525823629E-4,0.5832187612640273,1.733507319254839,-0.39497329023164435,-0.13407977923338957
-0.011459820339074193,-0.004888751965914419,0.007594977801989061,0.002156712990323925,0.7924065744809877,2.158940345530121,-0.04600538626416508,-0.22370147045476904
-0.011619722983893944,-0.004912484843718998,0.007485942113545584,0.0023682948887126607,0.7934120879225096,2.139736986428934,0.02022530415924788,-0.22445691999816378
-0.01178910077092521,-0.004956319381530103,0.007375240287725293,0.002599167413795561,0.7976777452827709,2.130813664003703,0.09281224555511301,-0.22136748888983074
0.017148633769566306,-0.012476593338596756,0.0014729597923307273,0.004434086153578793,0.13075339108103745,-0.1762475980474757,-0.12283005237551978,0.6244035214661926
0.019083985899241304,-0.010936643107407096,3.230176752631834E-4,0.0033787610834877034,0.08491186597361514,-0.06115352601243256,-0.19546119183955013,0.26274895591312575
0.02206921959002809,-0.012836390191508028,2.1807973042422703E-4,0.0014251380672525517,0.0993937768352051,-0.06008336280142099,-0.08973091938204758,0.10960920972779979
0.025,-0.014410572767669334,0,0,0.21931795184094302,-0.005248661359178774,-0.08660946190265945,0.029092153797808145
0.015422188239152196,-0.014496661989256525,0.0032860666799867785,0.00398525295700885,0.14861368275972345,-0.14581873622912292,0.23458392455852842,0.7838991612500095
0.01673269126769996,-0.014284304913764102,0.0022405861221415566,0.0035816111199156214,0.11233045557903501,-0.1817312372534279,0.027694932541404656,0.5658097979280824
0.01173834008409769,-0.015603078418081055,0.00647240458119891,0.0020047115107818315,0.28771282076778487,0.8410420358862875,0.8427968526027926,0.4476673137396769
0.011466333122377251,-0.015701295411244223,0.0065355029726064575,0.0016750080033484948,0.2610384244489649,0.90419398816202,0.812663960838748,0.3650289240371827
0.01215539075854914,-0.015617312509055677,0.006111426342634798,0.0023296774041664317,0.23151912363157917,0.6474177205671251,0.8012546199302901,0.5247086102853125
0.012572654691979369,-0.015431254112249292,0.005917692619329998,0.00279248924960383,0.25403532983044513,0.5336097094639692,0.8029530943978125,0.6439273850000454
0.013259442547679526,-0.015269046529764503,0.005323251048540584,0.003283209793761271,0.23199202478059203,0.29326977218230105,0.7005349159725204,0.75945838621512
0.012944012815512542,-0.015547532159232122,0.0054378663728729655,0.0028644303850003943,0.19794935901525804,0.35767534065037454,0.6989791705511827,0.6482591851014263
0.013853753883752432,-0.015166666764787227,0.004731699464401227,0.0035250333179913775,0.20327676355221505,0.11191730488298988,0.5608263504077241,0.7816594010854986
0.01469698092402543,-0.015113946579862264,0.0038914169540063604,0.0035558657226487356,0.14386692860719538,-0.05883920438503835,0.3637243744510279,0.7297389360849373
0.008007003712383729,-0.014752572709318611,0.007385637117812392,-0.0030945596308844634,0.39258314700668123,2.1123981669069827,-0.17305638070279664,-0.23104685476724682
0.008159381790995322,-0.014648884232660607,0.00774313400905059,-0.0030689015778894934,0.3990594368562535,2.369834037250895,-0.15708158870548372,-0.2181608750396783
0.008306313695911128,-0.014704405031812395,0.007838613235282843,-0.0028163437350465764,0.5598304399008064,2.3901807032456515,-0.07682543169539323,-0.22488195154620697
0.008317652862116465,-0.01486557469393216,0.00758032992229856,-0.002619740791011689,0.366215715046673,2.160691135934046,-0.028536761618414386,-0.2439165155274374
0.008163911206986355,-0.014819855162848112,0.007477204202600704,-0.0028462914814363833,0.37229601721861777,2.1302204940162075,-0.09779271175961485,-0.24035797833798453
0.007706911389463316,-0.014749237897454914,0.006996680585534165,-0.003376993953238938,0.29477151699643617,1.9104011333824247,-0.23498958150934576,-0.21021176317091486
0.007843707364063951,-0.01484303232972624,0.0070506784506444075,-0.003137225772311765,0.29881497911138405,1.9023118296801023,-0.16180473327670478,-0.22321855510890717
0.007546383420861868,-0.014793827198315016,0.0067266487983357265,-0.0034411230896187715,0.265917944842422,1.7613018506611502,-0.23404133097443894,-0.20500104613968048
0.007261986458735926,-0.014724619016945684,0.006416113880172265,-0.0037181460836855015,0.21750126522563348,1.6332791265239808,-0.29471093118535396,-0.18312396966856206
0.00738812539459061,-0.014810352750549824,0.00649715323739713,-0.0035261472063075035,0.23153790581459774,1.6493354876683495,-0.24338253842034102,-0.19882547791841618
0.008997444507256503,-0.015216469370272706,0.007571425685668778,-0.0014537942797144805,0.37178664050258886,1.94806618074211,0.32097046422970904,-0.19088473767311145
0.00885726007935863,-0.015130003440893856,0.00762797011835714,-0.0016975133082755985,0.3896952125343038,2.027641666003458,0.2522999898861574,-0.2110156769323422
0.008359294826916282,-0.015014010605136043,0.007386473059168531,-0.0024159045177378,0.353371907023818,1.9892882333885662,0.042846887164832856,-0.2367084017464311
0.008502872059175746,-0.015108520555070549,0.007372791301431327,-0.002159516336374965,0.3481726134278332,1.9385200337242237,0.11900311980536286,-0.23029165259585557
0.008690297893759547,-0.015141701430890947,0.0074793299263777304,-0.0019031095811644042,0.3677554456728882,1.964702464430097,0.1917920451338253,-0.2211877614531319
0.009323589360677158,-0.01544489646021209,0.0073416031143922825,-9.076181441749654E-4,0.3424832394108953,1.7096300920310858,0.44909748612096495,-0.12993245870356226
0.00945546819042637,-0.015717141339997576,0.0069376330959180785,-6.530453216545522E-4,0.28437112425585637,1.435568725116639,0.4752506540986999,-0.09337972173687692
0.009065515968363195,-0.015454044860960163,0.007207477816722839,-0.001229576147042467,0.3200239131403308,1.682614262584967,0.36474431259813483,-0.16373021634883603
0.01061503637402894,-0.015658122001880465,0.00701985352014147,7.630955135644443E-4,0.3083636829960415,1.2738277364575463,0.759182759048488,0.15516238468211416
0.01078117269259877,-0.015920285468960346,0.006567209096771004,8.651796150293385E-4,0.25370298763979793,1.0229253827580598,0.6999598951050573,0.17273185119180884
0.010370927006874269,-0.015774981581851876,0.006893793943772657,4.430268907032213E-4,0.28345251284315487,1.2530387999119663,0.6845494148819274,0.08919361413916015
0.009939513534465637,-0.01571660634145736,0.0070172304087553344,-6.995912420104028E-5,0.29722836381749934,1.3880028651097296,0.6029037046165042,-0.004706952882047047
0.010161504514620815,-0.015685492793280527,0.007063562277775527,2.0366541673158387E-4,0.31239085764973734,1.3735146360752621,0.6600123362113793,0.04294976387771664
0.00978284963922738,-0.01589061479860955,0.006730669113546398,-2.3919009251399028E-4,0.26461970263689794,1.2740342954705157,0.5388796207526605,-0.032482117402227645
0.009608901258050436,-0.015897020838170958,0.006694790527493499,-4.349731871543069E-4,0.2489550303769692,1.285014614316366,0.4993110645834126,-0.06134967559306266
0.011146981909552574,-0.015929057718376168,0.0064011755792682794,0.001236467368260591,0.2471320495562233,0.8997996008793391,0.7271983952225812,0.25296976355095996
0.005412366782288442,-0.01270422757220727,0.003938972499262818,-0.006708284793359674,0.030497695421231857,0.900495601401024,-0.914544277381851,0.5390997133415962
0.00521671835765149,-0.012706688558227255,0.003680481546549309,-0.006562977184630337,0.009522805555057466,0.7890501122453574,-0.8147524745697471,0.4607636647554602
0.005506644447931325,-0.012852395972218843,0.004154218051698481,-0.006567529740155959,0.03610357918950124,0.9665755088597338,-0.9044877250954105,0.4791660969535177
0.005616404349786808,-0.01299398860617568,0.0043801319582083215,-0.006431845986555047,0.0428263085097662,1.039932660571415,-0.8981595012713729,0.42626745342705946
0.00575095373929131,-0.013091051589822641,0.004620750096609308,-0.006363297570657194,0.05086395758413147,1.1306849675399209,-0.9176544303237755,0.40492803068235694
0.006145030334617312,-0.013653198921903803,0.005309925572430183,-0.00561430353502755,0.09480748332902193,1.3419390652935663,-0.7711749937342293,0.15796217771309354
0.005791605645459243,-0.013245583918577324,0.004725661008517893,-0.006144334528192884,0.042897716861723556,1.148839593885562,-0.8568610274303518,0.3196160951661666
0.005888199195379415,-0.01339865682600852,0.004900762055644866,-0.005946003941234324,0.05854420968659344,1.1998329796444678,-0.8175058384667632,0.2531657375525966
0.006009409707665285,-0.013537661350576534,0.005098499203989595,-0.0057665099672002465,0.07356401195299499,1.265034406962646,-0.7885746170192575,0.19898923816233452
0.006142197362605961,-0.013861622497857495,0.005265642967286529,-0.005279895658228827,0.08150567089660454,1.275866041620304,-0.6474492081616745,0.06104383187334799
0.006991162417815484,-0.014506133779845217,0.006231953796695538,-0.004163836688160054,0.19278948617461586,1.599509279673671,-0.41525774277636573,-0.13396832391718408
0.007111264285865818,-0.014625575874057151,0.006300819154672037,-0.0039362729788198075,0.20446835636743035,1.6036600207872957,-0.3520518936118295,-0.16096907080926634
0.006827344980760197,-0.014519389046004994,0.0059801340950423115,-0.004203572166945774,0.16407923336232988,1.478157502332632,-0.4005295366194083,-0.13166895570823375
0.006697236049446965,-0.0144155135551989,0.005863380548392969,-0.004393863163473829,0.14426910009824354,1.4450172419863316,-0.4456580798018734,-0.10577575709095464
0.006549433204849628,-0.014308310033063792,0.005709578752759446,-0.004584058156318348,0.12913012280107858,1.3949671090691391,-0.48655661164303005,-0.07670765917104362
0.006399577864193928,-0.014191282355347988,0.005544596589960666,-0.004778218743271873,0.10731434701581367,1.342203396912293,-0.5263178929308924,-0.044280289877762204
0.006269348643572292,-0.014047025195121642,0.005406474200741783,-0.005001715853904776,0.0926503094955267,1.3054096307958423,-0.57794208179723,-0.0010845495233140054
-0.0043071112768170074,-0.009338660538105815,8.352409370025561E-4,-0.007440193271543593,0.34537058916995045,-0.12936110949032442,0.37224986534561977,1.3611465824965543
-0.004258815150583205,-0.009122050997021292,0.0010744414368379915,-0.0073121276218415495,0.3511795589962847,-0.153601508758457,0.3173049968999479,1.3375130807788473
-0.004289298092435146,-0.008886108918843756,0.0013563546622666536,-0.0072288901474986565,0.37307276820648316,-0.17699016037894214,0.260825244657279,1.3592214561774918
-0.004080243600215926,-0.00845223749680661,0.001667848322218059,-0.0067931949682782785,0.3288762836649913,-0.19640062608891198,0.17570311776596104,1.192546269258756
-0.004002285544303147,-0.008713120427322172,0.0013796717471024624,-0.006886303545409005,0.3149419525991634,-0.17880484340422795,0.22729109788424595,1.1630290262393066
-0.004241816272934754,-0.009546227718594617,5.632943826028547E-4,-0.007433407771999808,0.3044892107055123,-0.1004896482531925,0.41457711701315,1.2877136671844127
-0.004226725588994349,-0.009808377175526534,2.3661739713401526E-4,-0.007460591589289988,0.2756945648483904,-0.0600318235613208,0.4692274172276974,1.2321767297528348
-0.004250930492037038,-0.010053543639557056,-6.975659735029888E-5,-0.007493832867081219,0.24574873544975404,-0.017212059401059878,0.5201786391266373,1.192756429422228
-0.003890239852597812,-0.0070132413889660294,0.002444142450927692,-0.005547605195962395,0.2523924975777669,-0.21557833924492067,0.004470789206020446,0.9351726429972816
-0.003624988806509676,-0.006469312512721065,0.002395797050836274,-0.00498356667130652,0.21371224172387296,-0.21120062540013154,-0.002806902050767283,0.8165113567920992
-0.0033132526022814114,-0.005812858602226567,0.0022700103121718832,-0.004361596806145104,0.17758336153430077,-0.20414273898614632,-0.010338055124193786,0.7251861405185248
-0.0036519803014916376,-0.007480434257358034,0.0020312281309225098,-0.005822312691168452,0.25916436039584445,-0.2090595631504395,0.06665847595190733,0.9367006348060275
-0.003656580531924022,-0.007905193592749101,0.0017951223879813167,-0.006135536789560687,0.26161046182976694,-0.20205647358888076,0.11433282908461871,0.9730797150793072
-0.0038285243008456355,-0.008220341179697374,0.0016949991560822337,-0.006457710501864084,0.28779475159077034,-0.19788758776717372,0.150754608418984,1.054371197370257
-0.0020242378695990012,-0.004624537298718473,0.0013982863734979482,-0.0032958659331674555,0.13232982131165252,-0.19272620719814812,0.006737227147322737,0.6627589280671287
-0.0025103945539144785,-0.005506395363605251,0.0016912278112517862,-0.00399387568413983,0.14471974394057877,-0.19829265305430463,0.014052113645192385,0.689672316884755
-7.276367888333325E-4,-0.004199900868278877,4.974948010707555E-4,-0.002933521095350717,0.11842395180248495,-0.18789527206380277,0.006846818438073582,0.7154922819082761
9.649678507356778E-4,-0.0036204643727705058,-6.71941948902263E-4,-0.0025404962156282667,0.12046771495962268,-0.18683808834955282,-0.002770771824024931,0.7048231343568022
0.0023081330774090427,-0.004731954390933949,-0.0015959251383689387,-0.003396929036599491,0.13485758091348923,-0.1959378974521961,-0.004985806491068,0.6626363895893052
0.0032468072544101826,-0.006322875886788815,-0.0021200236614194005,-0.004758448982392027,0.1894538271294448,-0.20662671707752045,-0.013024077998990025,0.7606343271500959
0.0025147811435561407,-0.005765273563313409,-0.0016676330129030941,-0.004183204018493521,0.14651606725178876,-0.19730671869673758,-0.023941083799369562,0.6946724633093239
0.003226078788795654,-0.006948086460921929,-0.0019318027273461866,-0.005236554128984992,0.19624068221018479,-0.20519171821041587,-0.048307048933279036,0.8023682033454504
0.004053040870570354,-0.00865313200665335,-0.0014649966914507138,-0.006894027420207122,0.32285501610725986,-0.1865724651707987,-0.212585203389109,1.197974610951041
0.004087240405437449,-0.00920683603281433,-9.118967087705E-4,-0.007184331434989331,0.3081864230074013,-0.14063885580683014,-0.3257921448376183,1.2134067404902864
0.004134924293920626,-0.008964168846252235,-0.0011962112055707522,-0.007126006914395353,0.32252217884967554,-0.1651841535780542,-0.2770959349251917,1.250721201575286
0.0037094654061694283,-0.008412975921902929,-0.0014759067785893368,-0.00649793805079624,0.2681349405123418,-0.18662228270875403,-0.18487964199687945,1.0236297893297106
0.004225174186146273,-0.009648437978462206,-4.34304639923577E-4,-0.007435707584426301,0.2897818857005048,-0.08589074407359565,-0.43301778871588154,1.249599148268335
0.004199326216198034,-0.009899132248952761,-1.2261046332078145E-4,-0.007438006477450112,0.2555200542749698,-0.04580020986106658,-0.48065072452728425,1.1836864591942182
0.003905445399223208,-0.009438236392290265,-6.079900501143702E-4,-0.007091076909106503,0.24484612181880686,-0.11132100540892374,-0.3592488880143381,1.0843825878971065
0.0033362374366949863,-0.007956161812179095,-0.0015544341800716244,-0.005992306486407993,0.21853026258629185,-0.19141988439509475,-0.13048621061620788,0.8758892849953287
0.0030025980709522415,-0.007439538256335639,-0.0015874784652694872,-0.005502318269721906,0.19882281114509232,-0.19577109613698768,-0.08736376065649325,0.7958979101630804
0.004202955286008135,-0.01013952342964701,1.7405207186486457E-4,-0.007439698805062073,0.2253490994301517,-0.003375539379609108,-0.5241467739816987,1.1281625966460924
0.004224906798462938,-0.010355290925186287,4.421716306200006E-4,-0.007435535695578781,0.19945877038200965,0.03863435806978422,-0.5621491059303151,1.0807186565797904
0.0043765143999744075,-0.010901340796056543,0.0011564611583249416,-0.007417735133685018,0.13705114551249717,0.16937717316356746,-0.6653928079660119,0.9821581067222451
0.004248326281683017,-0.010559739996959467,6.966876799383452E-4,-0.0074132098623927506,0.1657357015598844,0.08194042830819213,-0.5951884734023305,1.0282166233387813
0.004291950930772322,-0.010759977087094067,9.524660997893283E-4,-0.007391912425661854,0.14681686622835244,0.1277520748904735,-0.6276623556345838,0.9842089978502407
0.005127964226215007,-0.012561381598556352,0.003477670019119286,-0.0066807504820689334,0.010074670612132868,0.7314775637430251,-0.819093812023568,0.5111009832716235
0.005049729536133665,-0.012391428168043948,0.0032625215533608784,-0.006823262211654105,0.013669737630396644,0.6744974222713457,-0.8291113007860326,0.5771414029453411
0.004979085158900923,-0.012173905352149548,0.0030047924307936183,-0.0070093062712663235,0.029681531643504042,0.610625917589472,-0.8464502874493922,0.6728821713067338
0.004798369582528591,-0.01170057947301493,0.0023616322382002306,-0.0073083522252777805,0.0656174066669984,0.45098128807226573,-0.8330016713336803,0.8511059590353022
0.004844333186033427,-0.011967755335394585,0.0026766205509281857,-0.007103554521364081,0.03731960461012002,0.5217523772573528,-0.8209995591516085,0.7249364193025163
0.004375085301653522,-0.011070387831972176,0.001354914126886927,-0.007334817186566272,0.10691407791862818,0.20590607577311384,-0.6742094206293195,0.9101191878795349
0.004432882049701635,-0.011247320358234041,0.001589494850969496,-0.0072903730843467875,0.0926214033520791,0.2540043958843387,-0.6971756094330204,0.8657132686596579
0.004426182257052503,-0.011448060955100935,0.0018024379055616624,-0.0071545095977542045,0.0581317789272938,0.2941307686565389,-0.691684346301315,0.7702871993227096
0.0044768513645529326,-0.01168784887066738,0.002082528878175439,-0.007023623349946059,0.034537217894190085,0.3523586648269253,-0.6970501526514977,0.6853279704569774
-0.004517274677790183,-0.01042305101160082,-5.880494896322133E-4,-0.007727739379143897,0.2413485822508221,0.07765820149340062,0.6587574846970181,1.28910085315124
-0.004280097931556484,-0.010312370668698372,-3.9841002727066243E-4,-0.007500377575406804,0.21537016477159074,0.034668790218056585,0.5715096369429675,1.138101533700102
-0.004704215178320446,-0.011472844977067444,-0.0020307805310240176,-0.0074023366377345004,0.08513154354802542,0.3704243568938566,0.807168850762707,0.9277599325325488
-0.004687493660394495,-0.011134384712718999,-0.001608542191247229,-0.007616217644718225,0.1386787009502832,0.28155143349143724,0.79966958817623,1.0992982693026982
-0.00462587864440955,-0.011313584470860167,-0.0017889677715416392,-0.007438467740712775,0.09791829606243306,0.31245672964731275,0.776543306684486,0.9620366357867722
-0.004574010155905526,-0.010672610097462091,-9.442907905976035E-4,-0.007716978458248215,0.203958460392234,0.1444298830603176,0.7160422165248806,1.2338975302834487
-0.004585538902096759,-0.01094688683569449,-0.001312596366744136,-0.007612337614137279,0.15857006407935412,0.21402068341160166,0.7472338663366668,1.1176873479848675
-0.004600944113076579,-0.011628202559963682,-0.002120135730423147,-0.007182446635122559,0.052290864569946124,0.37444413298106977,0.7490310319944927,0.7775261347868437
-0.005308562525208168,-0.012373320265172348,-0.0035628343352154786,-0.007062603197172934,0.03619883799692163,0.8007902613068,0.9711157701465207,0.7159573122882256
-0.005215320905092697,-0.012259481309799128,-0.003350066514112631,-0.007120731732076208,0.04407491505320374,0.733365576700784,0.9509149722681546,0.7446615987876931
-0.00511807511685309,-0.012111528332686944,-0.003100838257716998,-0.007203181903779387,0.045619764007353264,0.6602637316885832,0.9329754452257858,0.7896367623490054
-0.004825779904031803,-0.011962416229226213,-0.002652449193102886,-0.007092086287506823,0.030054256259463306,0.5149056158727698,0.8140683453219101,0.7204021065238475
-0.004911641397465343,-0.012108618244211049,-0.002874628731682246,-0.007020190365607957,0.02757961152255936,0.5747626130783177,0.8296929341558194,0.6800958170305561
-0.004645928106018583,-0.011841941079756241,-0.0023704882374358913,-0.007043709089089577,0.0277085427684427,0.42941307107478505,0.747163218591633,0.6896323870581139
-0.0063551565897494505,-0.013422735238775144,-0.0056968397387027825,-0.006076328867883199,0.021840313769390742,1.639164046496866,0.9972315562828675,0.320992937759407
-0.0062060030214178535,-0.01345790956708514,-0.00542923428025871,-0.005959009692132256,0.13211887505514253,1.4450232243609715,0.9179438774607259,0.27337979385441663
-0.006249443980966237,-0.013306558565652453,-0.0055098733605015646,-0.006246495989021561,0.22056476700276864,1.5674500787805108,1.029865989316273,0.38210631037874204
-0.00577835898009388,-0.012679131780828632,-0.004458095216191804,-0.007035743401463102,-0.04345588117517543,1.1883469195930982,1.1348105748023534,0.7136421929199681
-0.005621862992221559,-0.012686194521546438,-0.004225531955445169,-0.006891935926735634,0.060186594248916696,1.0311455304904398,1.0388872165856975,0.639039655849767
-0.00586459670770868,-0.012810416269897772,-0.0046850487299203315,-0.00688662698366837,0.2189024490278421,1.265507916545133,1.1216796780869975,0.6441705456617882
-0.005697050280948143,-0.012827295566862823,-0.004422800519835242,-0.006736004732684541,0.05606674102415371,1.0899582099906626,1.0192411678458786,0.5671928974796973
-0.005954915005069574,-0.01293892622972893,-0.004896932023854242,-0.006737713966855313,0.15994110054767655,1.3417675974021517,1.1050123566633128,0.5766412608193473
-0.005792112569213866,-0.012952776930382603,-0.004631545226555088,-0.006604493422207493,0.043988059770319304,1.1626056845422088,1.0105195021475237,0.5115502003283076
-0.006147433031857422,-0.013187119036995118,-0.005313798690854219,-0.00641396557987841,0.2798078382494536,1.4926890775359993,1.0588721663784515,0.44527199590315886
-0.006086265992674575,-0.013327567188121475,-0.005218872619181505,-0.006140523823234069,0.07435526078840358,1.3672904531609584,0.9481621295178954,0.3350522868470345
-0.006049224510282093,-0.013064534716697501,-0.0051013084092483615,-0.006584230849937649,0.011350529936722564,1.4162474910136629,1.0841659148901561,0.510366471040969
-0.005890450967986826,-0.013083994071347142,-0.00483981874103625,-0.006452438071048832,0.08745004806025529,1.2352486827543314,0.9933758390436914,0.4494795452204286
-0.005980841492698244,-0.01321663458142191,-0.005024728849840818,-0.006281053744586536,0.0801464217354012,1.2943166981876602,0.9645840135759255,0.3838688202881871
-0.005326433644781846,-0.012552329803721066,-0.003722951695698504,-0.006845828833856484,0.02274343225492189,0.836841319925579,0.9236986083145747,0.601443586257523
-0.0054645661012629795,-0.012677303195591329,-0.003993896691943619,-0.006784004037484774,0.03243063907209789,0.928695905725377,0.952427558290989,0.5779601261438984
-0.014410572767669348,0.025,0,0,-0.20265110957765148,0.023685089747135554,0.09062905109244883,0.00556752114216804
-0.014476860211213444,0.021898545105911212,-0.0012291549461437316,-2.980076465236901E-4,-0.0829882324619728,-0.03129816015396582,0.10765388081041131,0.08353637452267335
-0.013718163141092591,0.015620271748830034,-0.00462522242354125,-0.0030369651600458884,0.14169808816030546,0.11705381629397185,0.5162848790076254,0.6371610387448804
-0.013086215556099774,0.017472107033847262,-0.0038574275152642753,-0.0015289928541363327,0.048769603795357656,0.06654752212075492,0.3172294669360551,0.25439448642510715
-0.013927779282286895,0.016485578964103798,-0.003955449486256598,-0.0023442268330450284,0.07927149553862267,0.015230354449613548,0.3486131198038526,0.43055216537245233
-0.014238886835098233,0.015092052126992966,-0.0043547110494329645,-0.003621354491083907,0.18839520671079926,0.027608301710539285,0.4758240345470724,0.7809765700477541
-0.014807120630656097,0.013557192976148642,-0.0038988427195642784,-0.005286990028005389,0.32164261764220875,-0.10796043617382221,0.41279210494891266,1.323226815252406
-0.014540130706654112,0.014520549138398177,-0.004189853285260007,-0.004216617569698864,0.2178023828940823,-0.02661256574098705,0.4604717897144147,0.9513412059799798
-0.014622147640391511,0.013978257908267686,-0.004165847059088046,-0.0048420806649595305,0.25713709910657007,-0.05960075371383151,0.4700353637911721,1.187955566823604
-0.015212310495742981,0.013265714967421178,-0.003354295246440614,-0.005363699092705597,0.2596044984043382,-0.1686459801250264,0.26809645972136037,1.2691730530196008
-0.015459843516536412,0.012848450036606151,-0.002910548607403746,-0.005612286454090881,0.28514201482117313,-0.19742935318102176,0.1515033456592742,1.2938486608371105
-0.014454127289588607,0.019500172557938317,-0.002217216316874445,-9.01057284111395E-4,-0.0196154566171264,-0.05249280359679115,0.1489074137570557,0.16302450544143873
-0.015609191064121272,0.010359902290648535,-4.6110133718961835E-4,-0.007167587565006536,0.4036414636864894,-0.07775522824987305,-0.5192557405355073,1.6522114917543633
-0.01559274159680916,0.01052615927153321,-6.740771282965481E-4,-0.007156392279412381,0.4020518355729596,-0.10682399294696795,-0.4688837480267166,1.6861863153499843
-0.015659438932500002,0.010914577905475502,-0.0011154055614674002,-0.006909356425755297,0.3755772061422565,-0.1569571765393647,-0.3423125364229808,1.6134544456502706
-0.015663390442135307,0.010701901682953934,-8.653217004210635E-4,-0.006986812727458022,0.39033346253002654,-0.13002632796889338,-0.4069515560863744,1.609733799225884
-0.01573620966718739,0.010187964374731847,-2.3181714496491515E-4,-0.006982942804358319,0.3664427347510018,-0.04220879732225996,-0.5489762460509625,1.4765842480806237
-0.015722065644873696,0.011497310741488971,-0.0016928737446992856,-0.006490581849291349,0.3299728866127722,-0.20071363466029976,-0.18056495823848476,1.4929509634599514
-0.01575562112843061,0.011257209681579115,-0.001434210668195965,-0.006591816863781595,0.3443825899222427,-0.18280153269785454,-0.24714129558674353,1.493232089365779
-0.015812424951899263,0.011075506751837669,-0.0012175538720179306,-0.006607046155769442,0.34863349402635574,-0.1638777697131637,-0.2980710056388944,1.4547571367206011
-0.015763197753924364,0.012517529111628843,-0.0024498841543795914,-0.00563930340580783,0.26009006019101544,-0.20874371510570053,0.027638630819784637,1.209881303797924
-0.015905095335152022,0.011938030525552621,-0.0019435259580315115,-0.005954098387184913,0.2852309794426225,-0.20415933276072715,-0.09837577285565004,1.24728830200004
-0.01575631773907711,0.009479255056181794,6.13857964927869E-4,-0.006883699115054961,0.36293519489943477,0.11248174897739004,-0.7006888160736132,1.2735769856967114
-0.015743958373539885,0.009280022974692555,8.463712145238095E-4,-0.006840047157998964,0.35910190418279025,0.1634677084372551,-0.7367490288925801,1.2123840001901325
-0.01567055481016382,0.009098039685804481,0.0010829130540082484,-0.0068786048632526724,0.37849208017619795,0.2180687682821661,-0.7861029985795949,1.2037590411916377
-0.015778303393563068,0.009973561970685739,2.6556135505284806E-5,-0.006922004182416724,0.3589566372684323,3.552831541858439E-4,-0.593506282133903,1.3887546513588822
-0.01581317080027803,0.00971533936140805,3.2749252198811417E-4,-0.006843972952144319,0.3524666277625661,0.05439116849073982,-0.6395583996017818,1.2929992238318704
-0.013226728299347847,0.005242436913103531,0.00589478560390963,-0.003932059507299468,0.6331266571617497,1.5734660769675513,-0.4678728551441746,-0.10283939789767416
-0.01305786570589206,0.005146376679286246,0.006062350174484753,-0.0037530427114654684,0.6468202258183213,1.61274014279782,-0.4186984371674169,-0.12910604342861112
-0.012419679710977682,0.004833562669733584,0.006617346138589057,-0.003034770499412464,0.667569637959338,1.7115762997616957,-0.215469644141744,-0.19938989052753794
-0.012553884977072119,0.004939621855789008,0.006543589610729085,-0.003243553906250718,0.6813142105863557,1.7361933170913233,-0.2768741967999466,-0.18501612890461772
-0.0123012623358747,0.004462136942329772,0.00647262839322305,-0.002575534331736401,0.5742347040750123,1.4497776812190368,-0.08305830200837928,-0.21523976967195346
-0.012439303289770692,0.004635267108975072,0.006456590937590975,-0.00283862382840616,0.6105640448442459,1.5399584402148296,-0.1541257333779872,-0.20738923848014781
-0.012890398115813254,0.005051786222733188,0.006216882515867412,-0.00356469169001248,0.6507868517970986,1.6426273784905796,-0.3643097409445631,-0.15354828266005938
-0.01271905850279625,0.004971217135328809,0.006372873371754546,-0.0033797037259145246,0.6625566685433847,1.6759295238612586,-0.31284571848797166,-0.17282747514435137
-0.01338743922774619,0.0053568865862187965,0.005734333079936784,-0.004120693879222651,0.6232656043039468,1.5404731689153455,-0.5206978861116229,-0.0709935768263787
-0.013533594939856383,0.00548586797992591,0.005585923724829845,-0.004316215644095689,0.6125610896728926,1.5145217954921,-0.5760399293538067,-0.03385560719029618
-0.013612554017333476,0.005892087096557486,0.005605478643126064,-0.004907222016837688,0.6849315087461675,1.6642462555877624,-0.7952303787897234,0.10811919984192285
-0.013658849704154943,0.00565204002674657,0.005465745404064117,-0.004553964826925328,0.617734288964357,1.509588607567885,-0.6490467396923671,0.01801652932881812
-0.013812999810366173,0.00602725993718037,0.005330684855543167,-0.005094194396271364,0.6497419913680801,1.5596379086298882,-0.8330659154754736,0.16292994546909678
-0.013980570134874104,0.0062532889451499905,0.005098662994400338,-0.005401405083888881,0.6391833167894886,1.5031178361757505,-0.9197682304802848,0.2625072553477368
-0.014193514151009128,0.006430530275016721,0.004767279707845719,-0.005587250160080466,0.5955604223003745,1.3745587820481318,-0.9449164925076977,0.3329189924197595
-0.01461205820332221,0.007008948808238181,0.003998682896477421,-0.006163567683707772,0.5424643163511073,1.1110452443618,-1.046694861536429,0.5969450370292456
-0.014340922002406553,0.006650409014641073,0.00451218234023189,-0.005839150259496841,0.5879812629363022,1.292632686995713,-1.0040416962514305,0.4391272114750783
-0.014515514563695368,0.006833046923460985,0.004203414186481117,-0.005988842201828285,0.5481262734533389,1.1777880997437504,-1.0137719286710096,0.5089108854432337
-0.014790651903441055,0.007024372958774432,0.0037453918958876356,-0.006027854886598504,0.49535150362563984,0.9982734656755456,-0.9659244654954969,0.5426362977524586
-0.015668383280923633,0.008899978620890142,0.001302657794032661,-0.006781807940526535,0.36031329323603795,0.27047410401604927,-0.8068725976807981,1.1159308337510094
-0.015571753450018598,0.00870482793079658,0.00157214815933521,-0.0068089454347816875,0.3879536991780453,0.33898950250111826,-0.8570605038275015,1.1008219250662965
-0.015482634954513706,0.008387738871690578,0.001962147567748224,-0.006708793980398958,0.3985459762685554,0.442842021800579,-0.8977299108015361,1.0015136235126132
-0.015617587485707247,0.008505919786390334,0.0017448462269142554,-0.006607831951125315,0.37364576578125086,0.37851552563448243,-0.8409572568079579,0.9714488932845506
-0.015477618665493638,0.008181131695665148,0.00216003813919239,-0.006544546574956764,0.3746290160851186,0.49437241301537765,-0.885428834147734,0.8822321131447529
-0.015350482459664467,0.007934955650719855,0.0024932223251378904,-0.006482525348910766,0.417948076100268,0.59036578278229,-0.9186588516307908,0.8252763024026756
-0.015372345096977073,0.007640683175715999,0.002695049770936414,-0.006162859692608227,0.3853447673233226,0.6363647410189487,-0.8645174310155728,0.65805959059788
-0.014966961492790802,0.0072169616139331795,0.0034226610694285575,-0.006111404355750639,0.46194711821445056,0.8844681383849641,-0.9481773608200728,0.5919450819907645
-0.015170233352016588,0.007407236073804218,0.003069647434117503,-0.00613167378044805,0.4267197776322474,0.7630729409089455,-0.9092448535562826,0.6207785416104076
-0.015430170767438554,0.007356612721306177,0.002819769241389549,-0.005810909870896523,0.36619970205487,0.6458987847094532,-0.7805649054757438,0.4957224747693303
-0.011264537589479028,0.004369581463026002,0.007217284055328488,-0.0015681083184598923,0.5798311810994782,1.586834119680991,0.17899215167797797,-0.19857623272893543
-0.011006407861699218,0.00428763690676754,0.00728026589756306,-0.0012373418647014993,0.5408504520228884,1.5165782804414085,0.2544724493922315,-0.17647753616143977
-0.010704743529225106,0.00424443644175388,0.007362986306603801,-8.689343323690695E-4,0.5103646136331941,1.4613359849885417,0.33286566182368366,-0.14453472885537536
-0.011483083021030325,0.004181710261419303,0.006914936887772541,-0.0016716005986501434,0.5347815419269017,1.4051005967939343,0.1329119428993998,-0.20330086380722984
-0.012069681995312768,0.004305705137917951,0.006570065827353577,-0.0022676174543786753,0.5489537603629318,1.3992544217439378,-0.008119000798484786,-0.21749786328222598
-0.01175650219651821,0.004195603103982853,0.006737131643674046,-0.0019273274841959786,0.5356648255245143,1.3807512235034654,0.07009354753691649,-0.21242935821582942
-0.007181320833891846,0.0036832740149549226,0.0055863734659332915,0.0021958663309744864,0.1100386761585292,0.11118815309076346,0.3555961589851435,0.3114742792809894
-0.007555498411126888,0.0035809779792308474,0.005828567112702304,0.001937768978128307,0.12028521793329947,0.1818193643211756,0.3732652991335166,0.2586486282595113
-0.006183417004857494,0.0035594056802894934,0.004714569712963569,0.002406276476657049,0.09505869627028117,-0.06407178565859695,0.2282286022784152,0.3635762982028997
-0.005349823546720623,0.0027670513795065117,0.0039035781750359835,0.001902327000902135,0.07150531173261197,-0.14288024378768308,0.11252458716468768,0.34389377875902705
-0.006814741650121798,0.0033558508063323694,0.005165694390330403,0.002075185266533572,0.09702206421742958,0.017558021666234328,0.26824331063406487,0.28867277207459735
-0.007882089101344119,0.0033732530993130835,0.005951109353011508,0.0016160447392838007,0.11867358313896181,0.22472466875946404,0.359615401486251,0.1937052624975415
-0.008249939219193606,0.0032588176390921045,0.0061104548833034325,0.0013291333650762476,0.13954928505892925,0.29247598229335603,0.35776222545524905,0.13919213433838443
-0.00917091963333497,0.003888369504838644,0.00698707604942951,8.784258957757685E-4,0.259226809959388,0.7993590643504574,0.5152255259900881,0.08491904398845683
-0.00891393642551263,0.0035562794862607936,0.00662496397980811,9.886941571909686E-4,0.19696245142928417,0.5732979061767997,0.4365565821706812,0.08637908969209494
-0.00863647509885554,0.0031465385333059874,0.006238192186764015,0.0010233983370474965,0.15886304192149714,0.35956260416329605,0.34699633026191407,0.0847710414169639
-0.009503300740758367,0.0038449646373066855,0.007045064619758097,5.227402721990518E-4,0.28387673123512697,0.883019661211387,0.47961065125324515,0.026487491031135024
-0.010338426050155598,0.003992726289710137,0.0072109835967440975,-3.848042053083351E-4,0.4124291776068471,1.203529436896373,0.38761822823031367,-0.09548145660645226
-0.009821237976172296,0.0038472698711096423,0.007095135288714724,1.867619289262953E-4,0.324429427451792,0.9804166053199849,0.4456295030058493,-0.02336947003654739
-0.010118017274996725,0.0038992099579685633,0.007146630007436344,-1.3235674465499842E-4,0.3683398451616489,1.0888137329138459,0.41220882736114967,-0.06563872724730287
-0.010576705565409683,0.003933613030336237,0.007109386735208619,-6.332309724782595E-4,0.42487063861533597,1.198267895042784,0.3317829801982528,-0.12516430292018813
-0.004707867768420216,-9.614635170852449E-4,0.0033031936951149654,-6.55195164137124E-4,0.0664495647407854,-0.16725483795818083,-0.027236924361870748,0.3286033133909803
-0.004774114051446397,7.091093820222058E-4,0.0033397875704173903,4.8234530008462286E-4,0.05832649424709824,-0.163810878767245,0.02041129357977342,0.3129180813585541
-0.005485513660676141,0.0018397747074335024,0.0038926938493199824,0.0012173380908011074,0.0682363965729768,-0.13779867295798603,0.07620487977992271,0.2800724010128309
-0.005704682863283226,-0.0020632497463020046,0.004069994251236658,-0.0013487491436883232,0.06094279610072193,-0.12372280932448698,-0.09376836748750861,0.26265068582767087
-0.006321169319235894,-0.0027508738724814144,0.004628524779663282,-0.0017434729612823582,0.07723682914158328,-0.06763465421511146,-0.17482289947486648,0.2662833298355875
-0.007111678051543663,-0.0030924540397783877,0.005296812239269728,-0.0017762183715461753,0.09486379991436207,0.042630641015451554,-0.2610271858651356,0.22775511105757903
-0.008847130757131987,-0.0040018117394010075,0.006946248398278118,-0.0012494534358837137,0.2238385476735357,0.7399422639336916,-0.5607392879808333,0.15410502768067413
-0.00914786648308724,-0.004056979245638449,0.007126365971439784,-9.645680947956822E-4,0.2757676982715123,0.8871908950702382,-0.5670486954130352,0.10874231205134963
-0.007888211434659488,-0.0035279832290198427,0.006036494684476367,-0.0017167598401818334,0.11734386728808802,0.24962906470543672,-0.38355000089330427,0.20398745736852072
-0.008461823355726898,-0.0036247801781671926,0.006452665968044411,-0.001389098236856883,0.16757849231897956,0.448981809239478,-0.44142990120430164,0.15004936806082994
-0.009420686036545327,-0.003901680180369009,0.007076203572530954,-6.243610009249975E-4,0.283775680809963,0.8937706549474319,-0.503793795474006,0.04340778147806138
-0.009728026680316063,-0.003922037776443717,0.0071527450584572124,-2.9656034217188546E-4,0.32129004498148744,1.0004911765556936,-0.4753087607527737,-0.0058516259697741595
-0.010171887527827024,-0.004227953201632801,0.007458225873598844,2.149008408028283E-4,0.44572987051282903,1.3614202668939954,-0.46291997219590403,-0.06885934998363719
-0.00999250951166934,-0.003987104401926544,0.0072304562991536885,-6.406073584879114E-6,0.36808991604627966,1.116514195837435,-0.4483863889398153,-0.045483418217449084
-0.011973509969367866,-0.005218388499730588,0.007449573436034058,0.003070573608255982,0.8878634130148556,2.3756793475812645,0.27014687771995366,-0.20735086866559074
-0.011985736283431544,-0.00541122549991139,0.007642935491367742,0.0033109776020583165,0.9987707086727505,2.680980240726381,0.3376007262534886,-0.1721997337743644
-0.011955175723798587,-0.005015141145619419,0.007267286901061696,0.002832154192728372,0.8036495822625879,2.1284444102395104,0.16761934704395506,-0.21366857739566317
-0.012123844674270334,-0.005287934316378859,0.007345620941688659,0.0033069649448467034,0.9077282800160354,2.3713259633289616,0.35384998543623974,-0.18771535730141398
-0.012128895840071584,-0.005475864446977091,0.0075332834147311565,0.003553464163127663,0.9255752565617382,2.671708381363736,0.4289925033755814,-0.1487491404284262
-0.01226115443163402,-0.0053657127527971535,0.007251125298334718,0.0035343292952459853,0.9301354473561424,2.3736554577889404,0.4352877776940413,-0.1630113664546333
-0.012269952191399801,-0.005544967222482057,0.007418722847670475,0.0037868475322706614,0.9515761845866999,2.6555302721440452,0.5185378348333852,-0.1191350664930002
-0.012408766398519252,-0.005618465515670955,0.007297568564602356,0.004015293412313154,0.993131213007015,2.6308634703023506,0.6073354871154866,-0.08329821508268564
-0.012416570011606743,-0.005453738751330692,0.007129055092037289,0.003785486903403705,0.9157909259687537,2.361770134270616,0.5271676902186186,-0.12912850233511916
-0.012545204192439475,-0.0056962881580212045,0.007167557247679343,0.004242924949607533,0.9588887779096215,2.597992958619664,0.6943744893280669,-0.04173150449681582
-0.012556063398575604,-0.0055334331563209015,0.007004843889518844,0.004005267895481622,0.9237559205632123,2.3370703980326244,0.6038737196565628,-0.09518865812805687
-0.010864668472711623,-0.004603454760287927,0.0076641096740304926,0.0012115857264408923,0.6439063666780207,1.8603311682074586,-0.3099281726286956,-0.1710752048741786
-0.011117645376654295,-0.004623029986643068,0.007552678846846944,0.0015475923162974307,0.6674719204614813,1.8760729026027148,-0.21776012644310913,-0.19559499791237675
-0.011339973524379224,-0.004702092186235315,0.007490707413832155,0.001871204943572916,0.7037487657222589,1.943026754739142,-0.12924600177122228,-0.21235061945670883
-0.010456018655576247,-0.004211640416243362,0.00739948021616258,5.610756206482994E-4,0.4720094339683478,1.405337827656499,-0.3919402994861649,-0.11327671956182846
-0.010763908395643213,-0.004246157772462569,0.007342693793404661,9.392080161403587E-4,0.5118257518685784,1.475191828600343,-0.31675659542892104,-0.15224792388699768
-0.011553359006550532,-0.004713067500658469,0.007342152510451291,0.0021266671416223883,0.7066747605622564,1.9104760684083588,-0.052244281803086,-0.21940991790756884
-0.011744061836854315,-0.004738492901173694,0.007207336006360174,0.0023524041079608636,0.7058978146180234,1.8856008364647783,0.014555209868053842,-0.2216236844215894
-0.011931049129160706,-0.004799445013099084,0.007091740218280921,0.0025940014945748774,0.7134776857565389,1.8866925430863823,0.08582128660609067,-0.21932029081333973
0.019226310862895075,-0.01435038460924746,9.912716357854243E-4,0.002381611276710867,0.0758960123950801,-0.1272868683311046,-0.06148544573281284,0.26059505726119697
0.02178019967329496,-0.01707690979493422,3.2712149542635146E-4,7.671841709497163E-4,0.09444728419516794,-0.07510689968804395,-0.034523502405752415,0.10500950863453258
0.025,-0.018733575722169347,0,0,0.16071578397312525,-0.0029059978948290225,-0.026410413463752568,1.4697678509395275E-5
0.01572493271625777,-0.015581330879949593,0.0029143323778140274,0.0029882906030451388,0.09032461414157499,-0.1351088891228258,0.16878697476225327,0.5115038586243048
0.017130089361361834,-0.016277529879254713,0.0019267232980609897,0.0022292487832462765,0.043776224499871876,-0.14708367800439903,0.058908661996522164,0.33523248151347523
0.011743884988874086,-0.016032016207703816,0.005928881258145381,0.0017076529284162352,0.20723219529350878,0.6552772074893304,0.7010438674515572,0.35402389341126433
0.012590416346637748,-0.016057953181093376,0.005290946737893569,0.0022349996072056765,0.15350287782534147,0.3644682628020354,0.6158707722435895,0.4647538489254014
0.013353118901004761,-0.01584758695799432,0.004821891330952329,0.0027333244961585995,0.13846077743950777,0.1871978893983606,0.548850997609227,0.5733575885640873
0.014295090459191868,-0.0162367479195032,0.003805368490247444,0.0025763920709917913,0.08438703631162678,-0.019607797382363932,0.3285137547300077,0.46813073668597965
0.007998491070717949,-0.014937385604390667,0.00710767474552356,-0.0028791845632290983,0.31066698557308975,1.8912706460001132,-0.08388373138670302,-0.2318080438667736
0.008194359724600298,-0.015008817787883991,0.007223142841397397,-0.0026019418333296305,0.3319552492271325,1.9162350241508863,-0.0070313182301753015,-0.23568025754221048
0.007656603829100717,-0.014908134770810816,0.006730698320107043,-0.003211221070328439,0.2606072609169355,1.7271201574362351,-0.16263798603558913,-0.2191739738092983
0.007829261411617003,-0.015004781531351059,0.006818233375509986,-0.0029527869691154205,0.27826220891821524,1.7369684020101643,-0.0942337611049862,-0.2281440886339463
0.0070941937006386135,-0.01478783467330488,0.0061270294504247175,-0.003719855725238824,0.18112112452727971,1.4872900898885981,-0.2692933413964966,-0.18525685364713232
0.007451900231695839,-0.01496331147238076,0.0064118938231801,-0.0032879962356904863,0.22126100368431742,1.5720780287793996,-0.16801118293617853,-0.21445615340729993
0.0072322000177425,-0.01491580548867873,0.0061851661776239,-0.0034819040751727713,0.18745764901413278,1.4864724063195984,-0.20686924370474727,-0.2035727549948403
0.008803755279042069,-0.015343184263576969,0.007231077651107762,-0.0016145514882579897,0.3258091555574146,1.7559816720331116,0.2710879950349307,-0.19797241438896035
0.008282390521320022,-0.015220978364734749,0.006995694000324954,-0.0022974353006127647,0.29364998883393184,1.7306823902207589,0.08718976522303946,-0.2300707865608904
0.008531642469415977,-0.015304596999450543,0.007087827693794007,-0.001958013331651319,0.29894559541991,1.7270665721086316,0.18064271824065592,-0.21757441423754828
0.009206434787838209,-0.01575086014202477,0.006801284459005922,-9.27439040711805E-4,0.2706975810288759,1.4064118227049087,0.40758323405281344,-0.12662835907237213
0.009403514952006503,-0.016024234784944684,0.006459347199695423,-6.27124660007543E-4,0.22172535950215866,1.2008219023678484,0.4437009894021536,-0.08595818229644069
0.008883467792908002,-0.015721348615607367,0.006694762610131288,-0.0012966073801509307,0.24349228361337696,1.412371114182282,0.3251341966602998,-0.16425439395446895
0.010531458335272432,-0.0160244047111364,0.0064865445886855945,5.73773068538684E-4,0.2384000797202426,1.026051055226952,0.6423761485284585,0.11078599567235935
0.010853519998866702,-0.016190986814018222,0.006167592935967264,8.450337405170154E-4,0.19501208016924218,0.8713626901282421,0.6412456809607615,0.1625719099720868
0.010116992576039967,-0.016057385796172764,0.00649375071378109,1.312183022110974E-4,0.2253828322130504,1.0969667148070317,0.5786180929578891,0.030588419113950514
0.009710766589699847,-0.016145670809782697,0.006347601577138756,-2.875515641409729E-4,0.21611261222466535,1.1036279466856944,0.494348939313423,-0.03714050919609327
0.011192297846828951,-0.016510589835607554,0.005645318058927513,0.0010274251724774874,0.15321188403123867,0.647338589870973,0.5803027975817039,0.189963382012913
0.005306347761905382,-0.012864278146266504,0.0038831994544384772,-0.00641748504902498,0.00887018601032564,0.846396424363265,-0.8005178024173077,0.4006281871805994
0.005129910742376545,-0.012858769469074677,0.0036519674119716026,-0.0063115956242581605,-0.006281282806953293,0.7562762174885039,-0.7317265958580852,0.35539512299552056
0.005013555572627377,-0.012734474797941814,0.0034440229669038262,-0.00638952576589845,-0.012885208921654262,0.6948427533876166,-0.7235868287854529,0.3832410104025334
0.005408919578036207,-0.01303023707799628,0.004096264402438872,-0.006255444668150661,0.009567252712554696,0.9076839383970751,-0.782034007714823,0.3386275305882949
0.00556519327493197,-0.0132165632008837,0.004378852646545971,-0.006076380895434378,0.021055677261741512,0.9951348075222375,-0.7694463053295405,0.2790566855146677
0.005953017923452833,-0.01374739244107417,0.0049948065820091874,-0.005424045710309037,0.05421276051223268,1.1746107028619512,-0.6540989472290923,0.09158809152017228
0.0056694309945322105,-0.01342943463948378,0.004571168050006802,-0.005812753917218722,0.02853727998854071,1.0414839031833623,-0.7151907903008573,0.19644250929402166
0.0058032072984045835,-0.013599027308908522,0.004778026168585133,-0.005608887559355292,0.03090065716021091,1.104119881436134,-0.680412634979255,0.13736520298433394
0.005894052615476262,-0.01398380470064205,0.004869406025066889,-0.005066529703511941,0.03211783950141351,1.0883256408372397,-0.5334889145094648,0.0058885114114001005
0.006076506882838893,-0.014089089062849561,0.005104645362160256,-0.004931940954524471,0.06274299511412434,1.171110524803988,-0.5222016388220387,-0.01920606921502582
0.006898907937796983,-0.01471291644210962,0.0059285458025667365,-0.003905324912994058,0.16133470774994227,1.415383198701127,-0.306427484687345,-0.1685826207504357
0.006659324938825738,-0.014635565747675605,0.005659816013858356,-0.004091364696155173,0.12023963721501989,1.3216608022606,-0.33839403630519865,-0.14913995259626375
0.006525226212686429,-0.0144966762517837,0.005563352351600303,-0.00431466097115883,0.11223476745400404,1.3033166708923338,-0.3932221612144336,-0.12016279576452457
0.006346671974615899,-0.014425461430740479,0.005353420893166782,-0.004443041284493011,0.09218245963968975,1.227269282461559,-0.41041374923032375,-0.10267418214926453
0.006174005826438567,-0.014270201238132373,0.005180624383730576,-0.004674662090813527,0.06494230718942617,1.179526381625047,-0.457148730331634,-0.06773912590546055
-0.003976184617627557,-0.009338984141727423,7.309398320336052E-4,-0.007129013258404641,0.2749235814369541,-0.12305654291799316,0.34555244959182924,1.1261968362426895
-0.003963656533997333,-0.008995608811586243,0.0010846925658912385,-0.0069927496771270544,0.2890783188046151,-0.1559127460548346,0.2822903156205183,1.1405245645620268
-0.0036664054090829895,-0.008502987293046568,0.0013785203415105174,-0.0065178667483470195,0.2579992002047034,-0.180319137924025,0.19543204313362608,1.001832223664364
-0.0036704458190430873,-0.008799713052418518,0.0011339020212461069,-0.006670401620213035,0.2588850989335183,-0.1621612241924888,0.2388104412753524,1.0002686854775484
-0.003908605382203264,-0.009682288347915432,3.4527071112322444E-4,-0.007143500145931969,0.22293530850763443,-0.08053523939102901,0.3985715154780903,1.0417015011954456
-0.003930824507948202,-0.0099824573253622,1.6020083479856585E-5,-0.007185871690246272,0.20307807257981672,-0.038017905509978835,0.4482812305820277,0.9996109558430265
-0.004059047154673035,-0.010206793479256456,-2.4301056046676636E-4,-0.007296073853930352,0.18735296785412422,0.0021296863803125263,0.504728147310003,1.0250438180765413
-0.00309938468422022,-0.007053404923524556,0.001802690770387005,-0.0052719742589286,0.19066079664367555,-0.202358829777917,0.06309075435479859,0.7975808213013479
-0.0026462621309272984,-0.006428923032447577,0.0016434125630800961,-0.00468569198586745,0.17181181641270435,-0.19685983075631733,0.04416282266529913,0.716755837427436
-0.003070648480121143,-0.007748646884647112,0.0014928964478959277,-0.0057280049634242875,0.2063024689102134,-0.19006692439818137,0.11628566167884165,0.8137877552763618
-0.00334115259877882,-0.00819944845971928,0.0014107785951549617,-0.00614016974735277,0.21672802622447665,-0.18438118958046346,0.1576636647260936,0.8906897405182396
-0.001329603290728668,-0.005899251350565432,8.356972811268622E-4,-0.004108763716948376,0.1371137440261421,-0.18353208261524534,0.0297947895305142,0.6842255157897011
0.0010641737429594842,-0.00578853196209992,-6.710679907981041E-4,-0.00401816787341373,0.13124493343608726,-0.18326486084931903,-0.02364725277845508,0.6849290415532714
0.0023909317587822595,-0.006829868814845123,-0.0013743921856054868,-0.004901331057795623,0.1651721460009691,-0.190860625455159,-0.063602849476474,0.711342508259846
0.0037155429753204143,-0.009006536672662184,-9.726628422206345E-4,-0.0067949088648413605,0.2474460017532904,-0.1510328501119602,-0.27417185799908855,1.019474359866358
0.0031336239193965622,-0.00854483681804258,-0.0010808840833282597,-0.0062015052511808786,0.18901660386950747,-0.1642850809651639,-0.1872197476736346,0.8193062936687995
0.003883713588325348,-0.009724429098667348,-2.9673012142290644E-4,-0.0071255878936286,0.21973907884970953,-0.07538983114564356,-0.4049448620633616,1.031090554655356
0.0038966680020267926,-0.010020620788463734,2.4663749005594744E-5,-0.0071534028553504325,0.1917400061146551,-0.03324162611253089,-0.4501356443965588,0.9799126557015913
0.0035622147902177517,-0.0094723777784971,-4.944841189682791E-4,-0.006815123987318927,0.19438395247734755,-0.10695238256794966,-0.3270443747418565,0.9126042492466301
0.0024200341855271238,-0.007973660489840868,-0.00102909237022894,-0.005579777922158834,0.14688049439723008,-0.1715366626166754,-0.12442356655426648,0.6931382509795807
0.0039588295278646215,-0.010267413595171257,3.0066638832426234E-4,-0.007193900766081077,0.16379881725720216,0.009116214920778064,-0.49494781042364017,0.9527261493627431
0.004048678197363178,-0.010489090661474285,5.647263992872379E-4,-0.007238352763542115,0.15355053292428272,0.05260363779784094,-0.5376003574321947,0.9358711092520016
0.004115767420269722,-0.01096172822747292,0.0011099137354469958,-0.007143475191038479,0.09294832179815282,0.1454451437442544,-0.5889711552066964,0.8145194616373284
0.004011041676683917,-0.010741571810463998,8.323425082312645E-4,-0.007133744350758847,0.11298603663839403,0.09307369346121358,-0.5490336297383628,0.8406143186441813
0.00491014217833231,-0.01257499550264487,0.0032286961184553984,-0.006505934570232783,-0.008440431982405338,0.6358493260216048,-0.7249904396444284,0.4292243539727711
0.004839975436297071,-0.012391068031471827,0.0030253995656032047,-0.00666010386229868,-0.004995093608123209,0.5869257164302674,-0.7394007286773717,0.49512200577725374
0.004662063149161437,-0.0122275948232394,0.0027198488339743444,-0.006693874398928192,-1.593061429583034E-5,0.4986540428517788,-0.7002887897786763,0.5084889196985277
0.004547874220241363,-0.01194708557021315,0.0023811334573740663,-0.006867171751424944,0.014904098901315064,0.41909390495380877,-0.6987863786821457,0.5952951670708498
0.004150007729928078,-0.011287651184269318,0.0014655095302536897,-0.0070091412319270305,0.057491354321547845,0.2105765203110355,-0.6035362742630456,0.7090862888142232
0.004157609242448253,-0.01162695224590851,0.001789846830020536,-0.006800671272110317,0.01742447864873486,0.2708183010297967,-0.5954375427234955,0.5838885785915117
0.004234427606177964,-0.011934391009296517,0.00210743836464322,-0.00663120012838925,-0.004238133714827844,0.3386447636049171,-0.5960220773293731,0.4892850784174448
-0.006464466094067263,-0.013535533905932737,-0.005892750773130785,-0.0058864279135999635,0.30226910728795126,1.7117740934962231,0.9595143549264727,0.2617020643798667
-0.006304059012809278,-0.013580955205731243,-0.005589893175519084,-0.005771029109548482,0.1312428884938415,1.495774500457671,0.8776748503636963,0.2145340261301659
-0.00657726476122486,-0.01364484341025055,-0.00607487402592655,-0.005698478157981771,0.3302104058409523,1.782448701127965,0.9183175707035062,0.20509010184477483
-0.0064185263670103665,-0.01368416660673243,-0.00576868994820033,-0.005609680696106658,0.11837037631535126,1.5649639598151885,0.8489148706201629,0.16857682068077254
-0.006547953710132382,-0.013795480412293887,-0.005960467101867622,-0.005422909929149102,0.18023921248652522,1.6404616418392661,0.8108786584901494,0.11741143233429664
-0.006693441434347548,-0.013750556019033765,-0.00624424083392146,-0.005512260573644613,0.08065844529564853,1.8491788244823768,0.8737202240058467,0.1507932002603841
-0.006812880963004882,-0.01385256696814258,-0.0064227206573873,-0.0053031924375127005,0.4646297195734593,1.9168521957361755,0.8243117314784429,0.09918786796545086
-0.006663428114876329,-0.013913058561930827,-0.0061119225628258915,-0.005213238410994087,0.1765335064028586,1.688177761337745,0.7596386181935264,0.06506392659880324
-0.006790026068546693,-0.014000346374228985,-0.006283690610309545,-0.005043730098430596,0.17180810701872776,1.7587112413164376,0.7235940384353693,0.027271117537811942
-0.006935465283302504,-0.013950775489717909,-0.0065823993946632735,-0.005103904811947996,0.3495140902494201,1.9809453810806306,0.7723598930785593,0.050788639809406226
-0.004262896533880161,-0.010599666098615762,-7.498274003904718E-4,-0.007418874593877353,0.16124491840879585,0.09132490390350333,0.6033229450105452,1.026058377419328
-0.0040422079799120655,-0.010425286823295618,-4.921187870066258E-4,-0.007248452685374307,0.15785452316533458,0.03913260185524824,0.529402423098646,0.9589083909357458
-0.004485692077272781,-0.011467568856683201,-0.0018651686665624217,-0.007196350376655308,0.06321602445100666,0.3117470159630378,0.7120084044553852,0.7943368961740552
-0.004422373112797606,-0.01119347129932852,-0.0015221118868114884,-0.007314073715835074,0.08863868286195443,0.24128921304461134,0.693384534830612,0.8849066332347011
-0.004290487977173894,-0.010895947958450678,-0.0011128054940214799,-0.007338286480180873,0.12867425408506358,0.15569651563017908,0.6366056656525138,0.9328321514263817
-0.004385154746531156,-0.011718356994940799,-0.0020387028168929043,-0.0069209387193484425,0.020988668793170847,0.33755738464320256,0.6623536352391312,0.6329812722749396
-0.005142568496245552,-0.012423696463269655,-0.0033970123312713585,-0.006859963315496472,0.0187807386586426,0.7266007919683997,0.8687898592884297,0.6001753165301279
-0.005015235630341138,-0.012275271925013202,-0.0031304406175317345,-0.006928245979941805,0.014129170497903758,0.6467454129251476,0.8446173171455164,0.6314273757993495
-0.004691930030346025,-0.012092130163444207,-0.0026391885699356267,-0.006851048234554756,0.006353352525587616,0.487724125345872,0.7328572789564377,0.5869241997479118
-0.004823756945560103,-0.012254393338479951,-0.002905551525701248,-0.006793722666770025,0.008343627062594013,0.5596755213742425,0.7570947743957956,0.5568300903633587
-0.004402889893462492,-0.01204603619523087,-0.002335020837843937,-0.006665891106051681,-0.012869781647019391,0.3988918077644174,0.6388241641262118,0.5006864956718907
-0.006125411144271177,-0.013631185129207898,-0.00528106201126956,-0.005646059640595453,0.08377104534483863,1.3340488854697392,0.777543371845169,0.16585839504559965
-0.006055462808872283,-0.013470538492171447,-0.0051746545859431845,-0.005889745788323297,0.08551682068866497,1.3153860111765374,0.8462944204208928,0.24240509085741752
-0.0055091139142673315,-0.01284375849294011,-0.004152380797780221,-0.006580904572686424,0.024718580158798784,0.9677452270421228,0.9092430682712305,0.4850479149586851
-0.005615411599124004,-0.012991539408789379,-0.004376628951441028,-0.006433500965752549,0.03811431488411246,1.0388567202455976,0.8981392992199985,0.427041002588254
-0.00573422796374095,-0.013095050088084263,-0.00459499384098065,-0.006346793323478666,0.049304230300649836,1.11750161038005,0.906776575528966,0.3973502252846496
-0.0059105302253841035,-0.013388836528143344,-0.004935485061582313,-0.005969133513235022,0.06700440185849717,1.218095125302477,0.8326693711337186,0.2624154562560339
-0.005801144228004447,-0.013247755947226894,-0.004739714908315709,-0.006144410305979794,0.04510763713171379,1.155302466388193,0.8597504524773125,0.31965422781814506
-0.0051222410102640305,-0.01261751282867463,-0.0035061960569101177,-0.006608157345611614,-6.443474544576314E-4,0.7380292703133354,0.8013869495098405,0.47618696286264084
-0.005276277981982753,-0.012791418943304433,-0.003805100554591084,-0.0064939848208399814,0.009939094492947798,0.8298706761743706,0.8146071161320825,0.4316964151606349
-0.006919273403128952,-0.01409583074404258,-0.0064444007887311085,-0.004846660618766221,0.2707116574303195,1.8212376091021036,0.6746755122930858,-0.015001605119690587
-0.007061073770271072,-0.014045084994930427,-0.006730308681181282,-0.004907008627828083,-0.0320276990758676,2.0383472453954306,0.7170351265908911,0.004891703664776232
-0.00718958373010223,-0.01413540329229132,-0.006890954711166969,-0.0046784912035795255,0.42663702846457463,2.0962527550420718,0.6556922742882201,-0.03734823459180718
-0.007034714965859362,-0.01420913999876575,-0.006553699691604342,-0.004615588002201219,0.26326285039408087,1.844520633802432,0.6091837210854595,-0.0600347908173488
-0.007320868219171371,-0.014221641019906124,-0.007035596149606964,-0.004458399273220633,0.48202937348735925,2.150872963730432,0.5918494255448719,-0.07557329312499977
-0.007167173180069196,-0.01428888380006318,-0.006702335261885407,-0.004426906105320188,0.23357367770884685,1.9031692789040984,0.5615076302904606,-0.09160169213644843
-0.01721226698151816,0.021879361898223697,-7.166604721135303E-4,-3.040733674647457E-4,-0.0811333942741828,-0.060670718157627646,0.05944949618254659,0.09116946092211949
-0.018733575722169347,0.025,0,0,-0.15972381214606438,-9.643568243185553E-4,0.025152061677276693,8.422495629800075E-4
-0.01471660413954446,0.01587890319392502,-0.0036162773114321273,-0.0028870101419590337,0.10048129989585163,-0.06642098718598381,0.2992676265108262,0.5378078910222136
-0.0149278085995866,0.01729336414151427,-0.0029433316445378267,-0.0019139795077610137,0.03227830748357163,-0.07251697895712027,0.205001251291857,0.3201476089432674
-0.014980799280743574,0.01502902704497576,-0.0036387558865953614,-0.0035935042578128648,0.13546318535970922,-0.09878649468584602,0.29899009468348736,0.713961148573218
-0.015385514518592894,0.014105447577586128,-0.0033002426183826494,-0.004376839854083267,0.18281421012053345,-0.1525775801911485,0.23466930216351173,0.8764035222200154
-0.015897601469133455,0.013167361040348494,-0.002624745648727306,-0.004947672925771377,0.2107711368875176,-0.1981389819047479,0.0723944052781046,0.9646396908544542
-0.016604742395578475,0.018237599629139907,-0.0018151434227207956,-0.0013927768581507283,0.001258103329253812,-0.1068636388099935,0.09126511147449413,0.22590006610926763
-0.015836558457150738,0.010483939698294092,-5.622397634188975E-4,-0.006776414180664442,0.3582846258026379,-0.08940913778562527,-0.4573491197581011,1.406321525096384
-0.01594477422342518,0.01081511683262808,-8.966046649218629E-4,-0.006523773834107728,0.30550007521682354,-0.12923630745351608,-0.36841086667672807,1.3335994081507911
-0.015967023872443004,0.010171209865596572,-1.9449282801003735E-4,-0.006625432772122299,0.3289651957201028,-0.037451621341235856,-0.5116483920429455,1.2631999233462086
-0.016114921571611634,0.011300111995436145,-0.0012852072589871182,-0.006084155803897871,0.2800244915202576,-0.1646258994639245,-0.251473758474238,1.1734369736965806
-0.016349012882828137,0.01260019086187416,-0.0020361467118544508,-0.005023198750393376,0.1653052537834343,-0.20327216781545676,-0.057335337215232214,0.9066608583043622
-0.016490179995515518,0.011893194923084457,-0.0015337347203653855,-0.005338577610300257,0.2146461411430421,-0.18093312915698262,-0.16650005434434936,0.9312696875378983
-0.01594273221058967,0.009334263428877646,7.215671103859115E-4,-0.006556789113230615,0.3402928828199688,0.13860634149216952,-0.6667574699287394,1.0559501392435737
-0.01602430175283718,0.009552748270388035,4.673311312150501E-4,-0.006493832822693474,0.3014028210573173,0.08647628088509896,-0.616840362616786,1.064925490249203
-0.015973503755932296,0.009036574966125314,0.00101188907499445,-0.006405181775487669,0.29075196738319314,0.20078292945400603,-0.6883243684573574,0.925154950688566
-0.016233083576485823,0.009893566243595317,9.500729718755413E-5,-0.006239627040278083,0.2871095450659178,0.015065869100465853,-0.5169586034253218,0.987927244279912
-0.01342779995579578,0.005122211044935512,0.005589053732538205,-0.0038281653368183034,0.5651816866242848,1.3843657058160312,-0.4149571942969211,-0.11458664562813718
-0.013258534457634792,0.004998646952177995,0.0057433848583996186,-0.003637490980484995,0.568847325220479,1.4069946832314602,-0.36364985600876437,-0.14082161622142178
-0.013052127576918812,0.0049446223749364145,0.0059631579034560185,-0.0035040440146211784,0.5994688746897376,1.480683538006899,-0.33307359745878995,-0.15729199898594146
-0.012403603132738597,0.004128384415811326,0.006165066327435136,-0.002338790462259182,0.4906686086086797,1.2216868576019573,-0.0427533862223774,-0.21267085938745575
-0.012657683862608616,0.004719458250891638,0.006282230660527176,-0.003061081145017251,0.6048012847239824,1.5158831002018898,-0.21307668320470352,-0.19559283501334582
-0.012595615101980505,0.004406810338478451,0.0061552026958929225,-0.0027054603126620805,0.5374463291558059,1.3208853752473646,-0.11896128347059542,-0.20886868454139315
-0.012909370830702208,0.004781539949297741,0.006040710435263281,-0.003257806302308468,0.5761757902755998,1.4472140260222577,-0.2628219663346028,-0.1800445703480075
-0.013611512073768229,0.005240461284901519,0.005402892419279089,-0.004002558775545068,0.5586136726240029,1.3408158677949265,-0.45899101556291816,-0.08650749727514566
-0.013812668585276425,0.0054260315649956245,0.005196042758667945,-0.0042498490575489725,0.5282838906492519,1.3080351546729891,-0.5221641711210491,-0.04346751268535673
-0.013875241662815367,0.005729324481186943,0.005183048490708082,-0.004650945350196441,0.5812211945057789,1.3895279892886094,-0.6567015162400068,0.04350002758521087
-0.014119385881818741,0.005915096820326949,0.004870626606637039,-0.004866278777939292,0.5395194081921688,1.2924041473522287,-0.7019742636383796,0.1014662703856468
-0.014325432732881433,0.006156105588111135,0.00459207181762808,-0.0051314940680035,0.5242049300583949,1.2203819363275423,-0.7677108998207568,0.18597142726779062
-0.014454788764667884,0.0064093520558294575,0.004388301390904727,-0.005420640169107929,0.5252916672804947,1.18475198915915,-0.8430616502850284,0.2819924325037796
-0.014772803232887967,0.006833223390293581,0.003846273017787566,-0.005788173994243806,0.489584616661841,1.0120305927733384,-0.9004890422461883,0.4361358304040395
-0.014683825070989535,0.0065666281226754945,0.004043873674268731,-0.005500547939093569,0.46778430297504897,1.054993099668154,-0.8309656096373094,0.31951946720049823
-0.014988007861520282,0.006975196778297036,0.0035143577278493265,-0.005794408934978053,0.4313737523874804,0.8880570019941734,-0.8629646927982788,0.45280769467176574
-0.015918322917902607,0.00861880718138561,0.0014468153968409097,-0.006271703567170619,0.3213917923692366,0.29517499193839297,-0.7239668892998833,0.8131276747693069
-0.015736143623540713,0.00828005930149897,0.0018675224808661838,-0.006283931558484067,0.34756412312245266,0.40077792271184925,-0.780213717293524,0.7744117599588095
-0.015784460731434503,0.007835816123638421,0.002177308596157088,-0.0058792270145827386,0.3104195006247595,0.46671540356143204,-0.7317286464655753,0.5748622099745725
-0.015650735963445413,0.007467879435998423,0.0025396857327762163,-0.005697904733162213,0.3334236505015122,0.5578450647462695,-0.7255089241753112,0.4734978707013557
-0.015294111975771563,0.007054673512603787,0.003123542013476157,-0.005617374146648388,0.38842391120227043,0.7234920013602365,-0.7551175460016938,0.39385039130786165
-0.01562931347179467,0.007194326849440967,0.0027107733275710897,-0.005463169077981239,0.31717616729866516,0.5938138832484268,-0.6901174678132435,0.3826885201191554
-0.011254154411826676,0.004023423605178772,0.006917894785416774,-0.0013603545148053175,0.48651109810999243,1.298227274176498,0.19113269325558135,-0.1861757790956645
-0.01089651405375211,0.0038965048288642358,0.0069758438807367715,-9.531151196216049E-4,0.4372278022497433,1.2038647932359579,0.26313135021079437,-0.15664476377429162
-0.011609640484617323,0.0038821101184555737,0.006600189541029366,-0.0015909014536049043,0.4606461088417844,1.1963793589025167,0.12100677765479294,-0.1989063362047935
-0.012080631721481787,0.003873141737925624,0.00626903850649499,-0.0019294250539238467,0.4585112560238863,1.1411669300473772,0.03766294047172602,-0.2087482282656772
-0.00727752225544862,0.0029739906477549197,0.005375271057069079,0.0016280050207306393,0.07811273842862355,0.06729448604397274,0.2577022063669172,0.19743948540684228
-0.006426924858812626,0.002528632628752794,0.004656856992383746,0.0015692720791802837,0.06978468732849179,-0.0686204057693681,0.15657818282069721,0.22657543628169582
-0.00786149446564558,0.0029232001410612746,0.005719353383015839,0.0013522793836904874,0.11528254248032732,0.16357668526306096,0.2816941575453232,0.13961403790235516
-0.008327096340412095,0.0027023511726832197,0.005865347789425075,0.0010005336785812906,0.11351355987046692,0.2227331557826069,0.26619659054941286,0.07563159596769133
-0.008747044930123841,0.0027303035777513553,0.00605592822560296,7.875399462683313E-4,0.14632227173649937,0.30879052822133163,0.27626329549527856,0.03692538012285963
-0.009287813175711774,0.003364609755367712,0.006611378977773477,6.068233995869406E-4,0.20990418033876443,0.6048899750035631,0.3843341291117502,0.02106653217146839
-0.009020732594612191,0.002985466330170688,0.006288395705021322,7.042921125336512E-4,0.17523791309284154,0.4055209086359847,0.3179772735421436,0.03040540443506241
-0.009686158453245573,0.003465674085937369,0.006764437147019365,2.816028429688636E-4,0.2659423357993831,0.7433670320091403,0.3783834202559224,-0.023508823274504095
-0.01037429659620525,0.003659622124106556,0.006913724561941664,-3.720650109053626E-4,0.3561057931768445,0.9880216980254879,0.33384385640168607,-0.10028964172668396
-0.010070462590055737,0.0034767195909163845,0.006793443665850013,-7.160865776593567E-5,0.2872992395272301,0.8299791644834317,0.3454728039285298,-0.0680459510496178
-0.010749261474014069,0.0035341287164857367,0.006732085053520861,-6.922618530366681E-4,0.3601321247724831,0.9682579505655723,0.2633732552510763,-0.135671966038976
-0.0061586146283775425,-0.0011291900151272761,0.004268931827870855,-6.896516551591509E-4,0.05592162640861399,-0.10929903709409297,-0.05942628668890644,0.1856119222955448
-0.006039503053835487,-5.393654512165766E-6,0.00415080049678215,-3.9680001287819634E-6,0.05561248633827715,-0.1157841860092791,5.166192993430147E-4,0.1789091229912794
-0.006291826301513084,0.0011389752147503175,0.004353295221611234,6.849316478862544E-4,0.054252621012498385,-0.0977899599482477,0.061593902454251066,0.16907839291964244
-0.006994405884684675,-0.001918656157260059,0.004891809745321948,-0.0010467295881255029,0.06203652010107792,-0.02320871472479044,-0.13466333974786918,0.13396943828032046
-0.007782529653822506,-0.0027342764505006592,0.005596886933861686,-0.0012727601148379013,0.09405617255163946,0.12392464120478645,-0.2541760050426942,0.12976707407251997
-0.009011448860844706,-0.003603018411336826,0.006698942666191823,-9.22339362407587E-4,0.20062403714163854,0.6083793042484872,-0.4422812998262345,0.0733169650536011
-0.008449501319801286,-0.0031320544332047572,0.006141113866305525,-0.0011419556056016676,0.15523874329672274,0.3066301983623312,-0.3362692166162283,0.09806538928593146
-0.009500402591981734,-0.003547695794629851,0.006800692819628013,-4.647548320686552E-4,0.255333386977633,0.7236036733153487,-0.4079375044924118,0.003923493287259793
-0.009931258242351996,-0.003647187514974654,0.006929398643378658,-6.263782460344346E-5,0.30291423850926735,0.8892380521323339,-0.39279693221273254,-0.048144937276180015
-0.01024906057294576,-0.003892150806058993,0.007130351366686871,2.7158884254843615E-4,0.38834707146615927,1.1038511803668214,-0.38610013869324106,-0.08515903612945065
-0.012679131780828632,-0.00577835898009388,0.007032152687201927,0.0044636951760442245,1.0431584424211864,2.558122318281548,0.7777198135019384,0.004749550010576248
-0.012689441218052246,-0.005618054708408483,0.006880172964525646,0.004219454814942722,0.8989787813701148,2.310672262888714,0.6808498528874577,-0.05516391541942014
-0.013422735238775145,-0.006355156589749451,0.00607837013811311,0.00569474329079783,1.0721884901668381,2.1923495332526297,1.1985733879929585,0.3807932594158843
-0.013306558565652458,-0.006249443980966241,0.006252371053410979,0.0055032544531242135,1.067823093375698,2.2664656461274855,1.140236916809244,0.3089416485773992
-0.013464527023256552,-0.006195454193658461,0.005940914760396141,0.005409052355252481,0.7697658219991589,1.9858785574224107,1.0646753005491976,0.27111427318204123
-0.012821849790282752,-0.005700265300256362,0.00674220732596658,0.004421695003661067,0.8955177671832519,2.2694884173269148,0.7500308062554918,-0.013361412247782032
-0.012810416269897774,-0.005864596707708681,0.006884946820213112,0.004687688571078907,0.8402547777441768,2.5107013888641663,0.8588007239598623,0.056769160835331345
-0.012950508574977143,-0.005802184066148446,0.006610291509745445,0.0046436678225363105,0.8985258799895223,2.2420006337197127,0.8272620269163921,0.03877087497145087
-0.012938926229728932,-0.005954915005069574,0.006739869822974263,0.00489406733975024,1.0398293709729782,2.458830440976446,0.9353647954848747,0.11383950295915081
-0.013187119036995123,-0.006147433031857423,0.006415810132373853,0.005311671791547182,0.8480459074202692,2.3342183701219166,1.0773039327167107,0.24035022239188597
-0.01333204050768245,-0.006091453269647105,0.006131563088316943,0.005225813256827462,0.832071271730156,2.0676261289401308,1.0126311386687368,0.20683811309934344
-0.013064534716697497,-0.006049224510282092,0.0065847735441881446,0.0051006431058005,1.0913161587107,2.3995093948283954,1.0084320527058201,0.17508291543647683
-0.01309230314712162,-0.005900428396864871,0.006441112511225589,0.004855869882906942,0.8428664882224178,2.1805140690032006,0.8975893005825295,0.09538121845476387
-0.013216867906942318,-0.005985290844657861,0.00627974567249442,0.00502890589405941,0.8390871943287465,2.1141443946718614,0.9497600407961709,0.14490491735893896
-0.01358324230742492,-0.006288353198532999,0.005760011429009962,0.005559966254084038,0.748666582339816,1.904092247811217,1.1017205091007447,0.3271012464496219
-0.01353553390593274,-0.006464466094067266,0.005894343212581356,0.005884897073891789,1.0187526356265377,2.1139166071734423,1.2518345732267797,0.45551060717189723
-0.01211980748321005,-0.005084376313952323,0.007155418514931378,0.0030669016926108844,0.8078807792950288,2.125655581993866,0.2444267670974263,-0.20101397616753972
-0.012097633649330804,-0.004869695746725384,0.006988079816952333,0.0028169759752418536,0.723152829020057,1.8921919470019268,0.1534018403450141,-0.21248563575296567
-0.012276754550274594,-0.005169923387312612,0.007051383364331347,0.0033065358293015118,0.8076053689508264,2.1315234071295133,0.324548337307727,-0.1828995305682304
-0.012400824133063279,-0.005299423201532335,0.0070119585013014895,0.003568770825481105,0.841112970278609,2.1932687638890127,0.4219485302689213,-0.15593472794626353
-0.012696374919781485,-0.005472744736097875,0.0067560733561014856,0.004012752675368716,0.8368252037732427,2.1524734345179017,0.5758711947877984,-0.09204641048559026
-0.012590056244622524,-0.005332245903012483,0.0067922942355463705,0.0037515934411601233,0.8078594845187171,2.090831329959657,0.47282049467722487,-0.13230137809774042
-0.011046760316771254,-0.004335306914952658,0.007305517059401031,0.0013059308144515779,0.5563987734549771,1.5710604814415339,-0.24085734823483532,-0.18253663600935455
-0.011299872375212815,-0.004425590974285427,0.0072470944533150295,0.0016418645608788033,0.5951989223096065,1.6443432129800548,-0.16492869975842708,-0.20282199684428925
-0.01148038049752688,-0.0045202855044997,0.0072141504784966875,0.0019010718761790564,0.631823040087881,1.7157927469560712,-0.10201118621681401,-0.21343557073554248
-0.010640997569716534,-0.0038541183241193005,0.007022074062273078,6.800406456288231E-4,0.4011927534896369,1.1399485561334304,-0.3110789329165206,-0.13125781076927281
-0.010976399768989056,-0.003963118471924341,0.006999115573826996,0.0010588717201354258,0.4550655662203829,1.24861422822671,-0.24788158503971514,-0.16521097673465757
-0.01167366145162004,-0.004500549672656904,0.007051097756675632,0.0020842573693102776,0.6239970365601634,1.6600098366131648,-0.04853948458213372,-0.2183619160026696
-0.011896801753737378,-0.004545288165972521,0.006904896494714531,0.0023310653125420025,0.6253089487227655,1.647785777756102,0.01744831904893115,-0.22066176001516266
-0.012095072974024249,-0.004644200835145042,0.006804274030587277,0.0025917667424352926,0.6435758519570413,1.6754885055948814,0.08754227539065397,-0.21787186990671478
0.019279064256998185,-0.018106983557929036,8.636898169878119E-4,0.0010668947620968933,0.03618685485795615,-0.10268007083075208,0.010368417900907617,0.16989245426876043
0.021097149979697995,-0.020827545274221926,2.230046317687475E-4,2.3580471969946587E-4,0.005259064059270977,-0.05104270226738739,0.001544728068551917,0.05922319408771481
0.025,-0.025,0,0,9.637451075321774E-4,0.00975808050027016,-3.859383394170178E-4,-0.010970870163492573
0.015350641576981352,-0.01719251675697538,0.002728488788296613,0.001968800228956593,0.03063995261747837,-0.09622473881570964,0.17646077950952196,0.3278722602200334
0.016463244121310696,-0.018147809665273348,0.0018981087690963013,0.0014457274465135583,0.004344891486072457,-0.10773371306701798,0.09650577928590072,0.240153879239951
0.011917918998574991,-0.016782246365421447,0.005022997555475975,0.0014018759303269371,0.11742032028458416,0.38243640040222515,0.5091517218267603,0.25802250122537435
0.013094996928320527,-0.016788705129933093,0.004335910226816457,0.001928152071133055,0.08234732754334013,0.1380687189702392,0.4143148746109766,0.35104173401767363
0.013785985115992072,-0.01774297091898473,0.0033356440230638694,0.0015516795018402465,0.023137300469569008,-0.003428833515961078,0.2561435529450295,0.25351853427462306
0.007952677382920355,-0.015194929036546326,0.006704839550868897,-0.002636496744796771,0.25300141588214925,1.6253231886348802,-7.874782022193464E-4,-0.23220258335284655
0.0076057941044120475,-0.015199776511514732,0.006325585928463635,-0.0029050070759658146,0.20727408246412754,1.476227298980131,-0.0621499946856489,-0.2266873649202721
0.006966609803051845,-0.014960256544733215,0.0058101093644124064,-0.0035571099613893255,0.14113836490309795,1.318942059901418,-0.20708377867461847,-0.19633996461793388
0.007226317401283178,-0.015146859186044298,0.005952882425947753,-0.003204674400355163,0.16659760111646604,1.3409917344906495,-0.12695683681198863,-0.21446428278513655
0.009420492375906734,-0.016449010784747184,0.005888412813813277,-5.081692705327362E-4,0.16092376778016668,0.9709215854659384,0.41165745524968217,-0.0707080018534564
0.008567104255264255,-0.01564327486153477,0.006615481262759075,-0.0016697676737557445,0.23857223485601606,1.4372793988751111,0.23641331967157445,-0.19405324252547726
0.008059847292748149,-0.015448797406504265,0.006477063772090746,-0.0022996382242648846,0.20897588630143432,1.463126525842581,0.09118107942504954,-0.2235499275615965
0.00833732054895982,-0.015468578160318597,0.006688716492963162,-0.002025039100760887,0.25693923630975335,1.525310477555925,0.15722997672164893,-0.21516132758190248
0.009020772781088274,-0.01617168149835945,0.006128501691959589,-9.539514479297692E-4,0.18344580497093887,1.1131116959491847,0.3574774184502667,-0.12508101788864812
0.00863722368585202,-0.015965046067188078,0.006219460404000825,-0.0014023272077522619,0.1956405281231275,1.200244536269768,0.27703581418171697,-0.16941882937417133
0.010507031837852818,-0.016634213641032628,0.005686736805656025,4.3512715060828745E-4,0.1444281457317785,0.7504165583939216,0.5207590962106784,0.0761031110320791
0.009886195689014995,-0.016629247061085095,0.005721407250918207,-8.28605758635194E-5,0.14745964864528757,0.8450750821952185,0.4591963461135287,-0.008006745658085025
0.011084512287422608,-0.017245096941614507,0.00488901027449458,7.200804429925892E-4,0.0810630942093039,0.4393763539625426,0.44043436660172347,0.1208623545160513
0.005163524858680646,-0.013033358938147215,0.0037713914976647135,-0.006110321044080069,-0.01292829738905442,0.7789781430652275,-0.6877649227180869,0.27962830594841775
0.004949407161017832,-0.012955046904790605,0.0034761228954004286,-0.006086572393102601,-0.018595205086575792,0.6820998208988085,-0.6386948204527868,0.2664138180317553
0.004816310346153529,-0.012771990736327437,0.003234309250724759,-0.006221068429475474,-0.028768719512775452,0.6189785737853991,-0.6415766695119346,0.3101954589630448
0.0052559203596245834,-0.01326591939525102,0.003967723466104419,-0.005858466588045758,-0.014114117308968095,0.8259304675358649,-0.6436281881465545,0.1988230823005949
0.005375965532847023,-0.013489615285069312,0.004170746661275554,-0.005616388151516538,-0.009847343005248713,0.8776558652995899,-0.6017180600963713,0.1283249399932667
0.0057067510220581204,-0.013853869984936748,0.004626147552949141,-0.005218210047447155,0.01848246577369797,1.0069130041622927,-0.5476136719110429,0.037102502890720694
0.005592415020171028,-0.013627161297455304,0.004474673431110108,-0.005503411009254156,0.012015502721105882,0.9750446890408002,-0.6071292091902855,0.10260656639078587
0.00567762299834516,-0.014104463478783316,0.0045504564908816925,-0.004875598946799974,0.0024319847505439793,0.9607379725822603,-0.4474349117446891,-0.03896971541954611
0.005880074155062447,-0.014285763543204438,0.004776016548506997,-0.004652623289979576,0.03167881288362671,1.022003677872066,-0.4109520197182653,-0.07644423143571337
0.006638737238162687,-0.01495613887676242,0.005411280697137873,-0.0036835767502827912,0.1017039863495754,1.1729376784265861,-0.22112203108901482,-0.18405167865805452
0.006368497214101168,-0.014712760314193987,0.0052277652290624735,-0.004056126100814243,0.0833765345509644,1.1332674662051418,-0.2962309601040658,-0.15253307735685298
0.006063291525425673,-0.01457353839192102,0.004909695441033546,-0.004277903308908736,0.03725544042084267,1.0382254986603618,-0.3285304988533398,-0.1284316254337302
-0.003619069770531791,-0.009561312904344876,4.2342187379483954E-4,-0.006876536087965364,0.1913834023142827,-0.09334362070454601,0.34893172666848404,0.9158489177593798
-0.0034620344778167585,-0.00918475220939751,7.234640458690609E-4,-0.0066614587777094674,0.20423564065876582,-0.12737651386495044,0.28432275654486494,0.8874927211517962
-0.0032420079485099935,-0.008676371175951124,0.0010386066540371151,-0.006323634163748437,0.1988995691088309,-0.15939572874780825,0.2115504101109709,0.8583548356710803
-0.0035545048705692486,-0.009923881756947603,6.895725924239495E-5,-0.006862429070723879,0.1493859135222653,-0.05154691027654979,0.3865771548820007,0.8343039913038856
-0.0037301081126607004,-0.010308834050447488,-3.176835970336186E-4,-0.006987651563455591,0.132780118303359,0.005696593818841735,0.454089707648118,0.8235020657681328
-0.002089113329278215,-0.007367812272634008,0.001062566722936464,-0.005148113963758877,0.14280415366590526,-0.17702050157618937,0.08927383752284548,0.679357539334303
-0.002638434975147585,-0.00830495403018166,9.94107430829928E-4,-0.005833799304665336,0.14424029700293162,-0.16232546407455642,0.15826635941887682,0.7253680202146934
-3.786086060788754E-4,-0.007372077426490767,1.8215260480649751E-4,-0.004873093517557307,0.09678434760973047,-0.16885125524778422,0.016811301662048857,0.6008771606508123
0.001262049125274989,-0.0075711150846152694,-5.819933872869943E-4,-0.005062101879517819,0.11841275993287505,-0.16570343917760458,-0.06558031475688125,0.6122435422516069
0.003074401391509409,-0.009127879768594282,-6.576265282690626E-4,-0.006384061989752014,0.15588797438731525,-0.12604379647064368,-0.24779688808145625,0.7630154670176924
0.0025460621211580133,-0.008791806243076121,-7.019500996695593E-4,-0.00598302086539268,0.1313108398750126,-0.1438445420237686,-0.18339321840569422,0.6672651848865908
0.0035097380199073077,-0.009865214774687311,-1.2401048519982165E-4,-0.0068247278600383045,0.14573141447227542,-0.06333297748001311,-0.36907870225686196,0.8309580072366375
0.003650236419628191,-0.010189597328058183,1.8868979385812618E-4,-0.006932353335559517,0.14017354193069761,-0.019163871982711328,-0.42362758123129424,0.8244257751340361
0.003160088575088797,-0.009642737061261323,-2.818961700493753E-4,-0.0065463689233039735,0.14969630281528185,-0.08250216147835113,-0.303020270142203,0.7212849907444898
0.0016996422803758307,-0.008727229753846174,-4.626905799521716E-4,-0.005627785844355659,0.08224184073357478,-0.1402543245062837,-0.12637628400763543,0.5549530173098245
0.003606569149793127,-0.010555092863037411,5.334861516097638E-4,-0.0068412652106008475,0.08670041623222145,0.028134173786880292,-0.44514313978353004,0.7195990907084538
0.003816480259792145,-0.011184966206397754,0.0011941917419692712,-0.006786720738127685,0.051529061785226996,0.14400189762450613,-0.5126077184222205,0.6159828593447972
0.003753008229287511,-0.010895890641578247,8.96717989007378E-4,-0.006857759410720192,0.059155577055121235,0.09239402300757846,-0.4921817626624965,0.6803660867849984
0.004598038747756069,-0.012588506716205134,0.00289743387071284,-0.006280795286591304,-0.02214228653508134,0.5239831637818585,-0.6109616059022622,0.3306637331654884
0.004336400410107898,-0.012288593279562752,0.0024542806265137706,-0.0064036020043150696,-0.03435398139953092,0.41456778469217054,-0.5852374327368587,0.38169366935938215
0.0037421259545112905,-0.011500392170039767,0.0014194784961851319,-0.006565977541619645,-0.006977179904524593,0.18137327946811913,-0.4905931188566956,0.4869929128733485
0.0039095166109224,-0.011870546200922025,0.0018150629433991874,-0.006444524844039889,-0.009319033044995829,0.2592049154638314,-0.5097605827561054,0.41652687685466033
0.003963786854958311,-0.012215023513811889,0.002093730502918694,-0.00622334642326416,-0.03472802346202506,0.30856284524143107,-0.4920361410068784,0.324165915153379
0.018733575722169347,-0.025,0,0,-0.16134652140739725,-0.0015552627686858552,0.025135659920628477,1.280691501541106E-4
-0.0062547908603395545,-0.013754200786654097,-0.005473352565788716,-0.005468291620182719,0.11181071054341274,1.4014322308042775,0.7474149841512551,0.11922816423135287
-0.006400363700388241,-0.013825202558164076,-0.005696161679620328,-0.0053656607851819155,0.13432966804247576,1.4960430568901992,0.7472723230842117,0.09669250590331627
-0.006485761144327709,-0.013974468836102394,-0.005781457788336223,-0.005118812848287204,0.13595296020115935,1.5062289218180471,0.6739502092616504,0.03515188442864769
-0.0066327884101092865,-0.014077554907607787,-0.005973562252970005,-0.004937022714451266,0.16711186838747313,1.5792766127529243,0.6400632672799159,-0.0026236127691431923
-0.006790019636435001,-0.014129099359127673,-0.006202796473339489,-0.004824588862590162,0.1916552376265227,1.6831111644663896,0.6331053130662492,-0.022564152450989323
-0.006047450436805574,-0.01382434252465238,-0.0051290892402607565,-0.005324080466722682,0.06952691197832563,1.2232384546967145,0.6434429633538311,0.07012489312367581
-0.0038514964796976837,-0.010796283736713303,-8.37989710857099E-4,-0.0069779903154140645,0.08628401440811426,0.08927636970022863,0.5151182660188343,0.7464174211357005
-0.004169787494490723,-0.011483478094614502,-0.0016677923970764834,-0.006907646582355276,0.040174685587640736,0.2511508082654374,0.606365380322432,0.6408781676240508
-0.0040850190761415415,-0.011134802267740206,-0.001274143125520038,-0.007036554326681081,0.0609723680620704,0.17573032782356085,0.5851498070635724,0.7341502646762444
-0.00402577739271755,-0.011872273153966573,-0.0018969556870869814,-0.006528191865525571,-0.01797430922310397,0.2891579148060414,0.544633082636596,0.44491952951638725
-0.004884367901346986,-0.012496489700013361,-0.003147413639622561,-0.006576459895547899,-0.007979055091671109,0.6141627701318418,0.7283330309914781,0.45381936440877924
-0.004581056177095632,-0.012350846090970365,-0.0027300487816565543,-0.006512627495058091,-0.018221148777643335,0.49257870167345225,0.653685234686169,0.43119601231903504
-0.004147354193052723,-0.012364109008944097,-0.0023375219757199544,-0.006216277711332115,-0.03498901071400046,0.3778258951096281,0.525265662289849,0.3125252201046161
-0.0059005964702632425,-0.013614841303234787,-0.0049263910375319945,-0.005612005031745631,0.05471864445957904,1.1693974629092274,0.7063876647341314,0.1438796834965356
-0.005391969939569377,-0.013022221952609755,-0.004068830622363108,-0.006255860158233377,0.007288437087030231,0.9010107002200322,0.7789685582448435,0.33794587026180456
-0.005567406370232161,-0.013208226560288869,-0.0043788257251553935,-0.006088268309348831,0.02271417226182543,1.0004778581104297,0.7747758898604341,0.28291378598034095
-0.005702357664472657,-0.013449285752683771,-0.00462191592995338,-0.00579485292335133,0.03307372959919832,1.0646369649919925,0.7190632629138946,0.19198894742364384
-0.004968520278644576,-0.012809444023025437,-0.00342941243947411,-0.006272317423948084,-0.02630259346685429,0.6781400098835687,0.6846559372246978,0.33625605539471654
-0.005148993262730099,-0.01301770011082496,-0.0037458935344781763,-0.006122243265889081,-0.01234056267583558,0.769736280564689,0.6873838679031581,0.28548934922885705
-0.007591233601480754,-0.014381534484329049,-0.00729970782482129,-0.004011334806448505,0.47274323792481693,2.2479252819182145,0.45573122953278217,-0.1414097569640065
-0.007730047808600201,-0.014455032777517944,-0.007417781411004842,-0.0037887623640597474,0.2746064012344139,2.2887733078203527,0.38371931563640516,-0.1685269968923496
-0.007588914764856617,-0.014534113821249174,-0.0070996771110895885,-0.0037750077475707726,0.32857135333081694,2.039245061040576,0.37867398107253614,-0.17768210790009745
-0.00745479580756053,-0.0143037118419788,-0.007166396901323431,-0.004244932210151706,0.2128232079051072,2.2007720545380915,0.5262184080854394,-0.11041966921287316
-0.00744814320098859,-0.014463639088506798,-0.006970198410838854,-0.003984752744848426,0.3078622674034818,1.9926264119785573,0.437626991025238,-0.15465418943646334
-0.0073212571217171046,-0.014375618980158194,-0.006866238227740978,-0.004203527390853597,0.29504588980986196,1.967108993393676,0.5005860400685328,-0.125791204387071
-0.007871104159928416,-0.01452413555302291,-0.007529567593124284,-0.00356120112471659,0.14423762731196327,2.3216383915556107,0.30970798328859456,-0.1912242905135962
-0.007734235246765523,-0.014619255465355752,-0.007202202958229965,-0.003532408446165243,0.3903295167551408,2.0622862665796284,0.3057604748358642,-0.20090730681097332
-0.006878776490598561,-0.014272724500793935,-0.006246156014887586,-0.004566398035503137,0.1828389164926895,1.6685181112757947,0.548651717556122,-0.07266226148659505
-0.0070165735246441084,-0.014393618969059663,-0.0063676441732281154,-0.004325691017206885,0.21147866537554885,1.6991326961724074,0.4838506110451948,-0.11031797568088521
-0.007180530385362875,-0.014437964663455934,-0.0065817259628396215,-0.004182691802384073,0.24217246940030743,1.7959477523667868,0.4609598989106852,-0.1292378307937876
-0.014303711841978798,-0.00745479580756053,0.0042375855152208975,0.007170739270957345,0.6996405657403247,1.3984102278741506,1.483606890650712,1.1454430735780474
-0.014473947867902,-0.007437497297957871,0.0039750202026014,0.0069419991434190665,0.6293631305462338,1.1852670176422493,1.3421342318383973,1.0257065313818774
-0.01438153448432905,-0.007591233601480755,0.004011131266774513,0.007299880270346439,0.7011553970042413,1.303791510936242,1.486317196870079,1.2359918475062548
-0.02112793436161342,0.02094404671692257,-2.103585640484587E-4,-2.2164645204050725E-4,0.0047011906541474585,-0.04953681214821037,0.0029552978481597043,0.057356115281152024
-0.025,0.025,0,0,0,0.009603531589137244,-7.433703695041017E-4,-0.010713861666355904
-0.018842934607268106,0.018867026948838416,-9.069306617449261E-4,-9.000271935390004E-4,0.010337299399196873,-0.09769946204716012,0.024285626514627835,0.1574558489385675
-0.016263394782605457,0.01563727288960078,-0.002523276608571512,-0.0028319601236339626,0.0713431139290094,-0.15640822151002587,0.11494169832754442,0.45570411753355333
-0.01673099676564059,0.013668158969057998,-0.0021269044785463356,-0.00398737187777667,0.1464295050838759,-0.18910619014211702,-0.001570720058728582,0.6442189875650622
-0.01806940970328083,0.016655299809553336,-0.0014551431402772532,-0.0018454516790826381,0.05326295524525526,-0.13014314153893347,0.01988379232317945,0.26683496534300355
-0.016444153225287528,0.010578226637523145,-5.313972246299976E-4,-0.005903584498341322,0.24316151482015697,-0.08268838582128757,-0.3812697491679055,0.9563457334774641
-0.016845058068309233,0.011346299869795122,-0.0010163154435134933,-0.005220961708159623,0.1817709762196458,-0.14013422802726427,-0.24957758032807095,0.8125363785127432
-0.017468597754005735,0.01223535628037362,-0.001245953227349266,-0.004283959834033505,0.1333468728605449,-0.15228949482177698,-0.14417008934022965,0.5618822848805033
-0.016376204437755264,0.009341317261877372,5.926179074156576E-4,-0.005956452669720197,0.25213565147916955,0.10028333727026983,-0.5536872230308226,0.7881091313604645
-0.016507278839498946,0.00861998834085561,0.001141826627496576,-0.005551015946633586,0.22311808177779155,0.19836585158263886,-0.5543720572208706,0.5710384349160914
-0.01687824790609429,0.009932963043665784,2.825705466206242E-5,-0.0054324479525008264,0.1766023318261237,-0.006717821861779915,-0.42240110312149,0.710210394909528
-0.025,0.018733575722169347,0,0,0.1611308683133542,-0.003287440337842017,-0.027458294976661732,-3.465483269989953E-4
-0.013704014729422396,-0.006394013937467147,0.005568510687493182,0.005718625984763765,0.7451414486734484,1.820089653889622,1.1388255355957926,0.39006174020474
-0.013644843410250553,-0.006577264761224861,0.005700122643017706,0.006073241919834463,0.833119591607297,2.0327763841864215,1.3007284160083932,0.5339107535023864
-0.013750556019033765,-0.006693441434347548,0.005504976152641047,0.006250738133455158,0.7806320003382353,1.950078511428188,1.345120698573784,0.6164582388251514
-0.013822810400044627,-0.006527786887327054,0.005371603165496959,0.005912683213339375,0.7571224859206107,1.744710053603674,1.1872115468877393,0.47102550443393726
-0.014221641019906126,-0.0073208682191713715,0.004462803766166512,0.007032729508752399,0.7502649731250498,1.4931499798151633,1.4747741082211263,1.0548124675174886
-0.014399159280766355,-0.007302380748232049,0.004176295766394298,0.006811769668674952,0.6406352402315704,1.2627181792100313,1.332633991224439,0.9428215492553323
-0.014045084994930429,-0.007061073770271073,0.004900655107570611,0.006735101825287518,0.9228421126735554,1.6828470204486747,1.4410782840147842,0.8767189444704485
-0.01395077548971791,-0.006935465283302505,0.005100838455209842,0.006584781803554715,0.6816168187403018,1.773633707720298,1.4155656915572805,0.7889599730894467
-0.014124190971280648,-0.006924824213706087,0.004797638426593514,0.006430797875175317,0.6989695799628143,1.522149472232332,1.3004824243068474,0.721821589018377
-0.01413540329229132,-0.00718958373010223,0.004684852635203798,0.006886819633459661,0.8362230964149459,1.5881018478054056,1.4604430405864697,0.9650772055517362
-0.014314517482414496,-0.007167581410700823,0.004383880720362803,0.00667829098752029,0.6451059838059666,1.345300232888284,1.3213134984009824,0.8619431010703943
-0.014220745398874418,-0.00703911667824043,0.004594768263412042,0.0065490348510722106,0.6515297869872176,1.4331052567116924,1.3101453216293644,0.7869183538444212
-0.01385256696814258,-0.006812880963004883,0.005306414209953728,0.006420180875412043,0.783082681106925,1.8637762321901914,1.3832582269237792,0.7013289029973518
-0.014031971845619674,-0.006788886082020061,0.004988115800501125,0.006260004157553373,0.7370913202381314,1.5944612585372206,1.264847911062965,0.6336606601277123
-0.013930698622098,-0.006660039218701704,0.005180962161904949,0.006094093130049668,0.7364259022802679,1.6701548944362028,1.2310292802773215,0.5547680902686114
-0.012534803145600099,0.003761840429872902,0.005852443588549356,-0.0021040301934184004,0.4180837326323027,1.0335284465511052,-0.017131804449269292,-0.2064625531675058
-0.013624533812429052,0.004978480279275117,0.005300381738867824,-0.0036876159305467456,0.497550656379712,1.209239841899617,-0.35998402424045267,-0.1265367659057392
-0.013442229335510031,0.004871295725948714,0.005474916415807932,-0.0035312009533822594,0.5230939726463005,1.2426826233425265,-0.322303316291825,-0.14662896352517785
-0.013242547077716969,0.004650655794993727,0.005607610536545354,-0.0032358693420848706,0.49483751319970853,1.2209224015532454,-0.24423655030754718,-0.1760918844194328
-0.012862369493964713,0.004037233351965493,0.005707685240061909,-0.002487707649395247,0.439258843441581,1.0829405856238907,-0.09098120956805411,-0.20327005600790224
-0.012909468496925716,0.004458381960897408,0.005871688371962009,-0.0029118373233392794,0.5136153759777863,1.2468801278964456,-0.169501702804737,-0.19749634935973878
-0.013923230705669016,0.005043643664267704,0.004972754165011788,-0.0037797179447550994,0.4713800804532133,1.0989446084989234,-0.3765466421794487,-0.10668667701066047
-0.014234991977942436,0.005463431441314659,0.004669422551843897,-0.0042570017404856275,0.44395463963802084,1.0764674274221955,-0.48554583222242365,-0.03412254057983482
-0.014474672995142306,0.005836296433720968,0.0044006419642956705,-0.004653777854948996,0.4571360095087521,1.0362829555505828,-0.5852270668902608,0.058204075076095374
-0.014791266247554512,0.006127188079328789,0.00399435618572162,-0.004882281368867551,0.4251720296954456,0.9209731480370654,-0.6233692115257226,0.12771237882110917
-0.015130486940211395,0.006615819363398889,0.0034773551900736384,-0.005257048781894225,0.37806163191355907,0.7998128041772541,-0.6845888769651305,0.24780342638660954
-0.016288104155832313,0.008060538152601241,0.0016591099063329037,-0.00549039729006136,0.2370828136202156,0.31677418187676337,-0.597034715800182,0.4803120154819452
-0.016037239359139883,0.007311897783153079,0.0022953537229557473,-0.005194552071449408,0.2687426669531167,0.4603007729915563,-0.5912701055322352,0.3258855979362571
-0.015734309293177956,0.0067805707941433644,0.0027979997355321606,-0.0049809092512111556,0.28537902851469127,0.5878927362718757,-0.5880465606261575,0.2308217113010762
-0.01128443814685019,0.003537937174988142,0.006532495900746387,-0.0011414935770344915,0.3983697498949842,1.0041545969780472,0.17993827983966915,-0.17367628460493006
-0.011811902275626526,0.003531359741828974,0.006238051511151304,-0.0015226108178443287,0.3932132701088732,0.9958606075306522,0.10384290372292777,-0.19413004237473094
-0.01238362737927133,0.0033191700184235385,0.005748258016321461,-0.0017005776185224518,0.3720983828881506,0.8655416053780057,0.04237376105372003,-0.19812633793743326
-0.007684161289494361,0.001935675427955618,0.005282848809904836,8.901177859138283E-4,0.08057547133366671,0.042255772949577164,0.15418076125981428,0.07578398430032877
-0.008609086927903572,0.0022770018301837384,0.00580003486017934,6.890738015533648E-4,0.1130690951172119,0.22758853865628606,0.21830762393194186,0.021427318335263196
-0.009084044030346627,0.002501932345204796,0.0060490942524624395,5.291636814201699E-4,0.17066886271521126,0.34023744959647834,0.244231750454409,-0.008339016410840666
-0.009796566112236914,0.002794825919178203,0.006318260606420469,1.2357659990247822E-4,0.20177286771135303,0.508411795452468,0.2652068390273185,-0.054193935256704066
-0.010391420641160581,0.003125232844954091,0.00651112361681046,-3.066537949742285E-4,0.3005247006245941,0.7255569153940886,0.2650360406608132,-0.10156028967160528
-0.0109721938407066,0.0030518622956651606,0.006332759450008343,-7.27518267844314E-4,0.2996952735677957,0.7652056143569825,0.2010693879966869,-0.142627718570348
-0.007352962094613454,-8.238805141459571E-4,0.004915477637469919,-3.975178860476576E-4,0.06716914850839056,-0.030195267003364338,-0.05743815858128631,0.07027718056925125
-0.007628919845835966,5.231407677846701E-4,0.005016839022043035,2.3317238727400827E-4,0.06978261770767696,0.0037664983717255658,0.03874413250638827,0.03884622371334261
-0.008468851578423416,-0.0020002343932402477,0.005645219428664786,-6.47549852824106E-4,0.10219192054640394,0.16514382581142387,-0.1806816255198833,0.013513778143293865
-0.00917381089178316,-0.002987268275412413,0.0063293322672134875,-5.888433434157419E-4,0.16008748577612428,0.4306816892867557,-0.313488280705875,0.01064982842915163
-0.009737192716343176,-0.0032228115562257277,0.006591152375140958,-2.1488580579015238E-4,0.2517189930026996,0.6392439476341402,-0.32619086092751043,-0.04002943666981737
-0.010380357380855895,-0.0033113247545630874,0.006642884441227232,3.284177604997904E-4,0.29251522752175146,0.7902985233820481,-0.2868200263686888,-0.10227661536185431
-0.01283841878515235,-0.005526040887089185,0.006592309731421011,0.0041691546417768075,0.8161340481772016,2.084656428029757,0.6203462902585778,-0.0645255346078908
-0.013617772794510364,-0.006111987833821373,0.0056577331507234215,0.005254908543940748,0.7419172546328799,1.7810445837596964,0.9476933829044666,0.21468673655799328
-0.01348111414426692,-0.0060471014903306945,0.005863569525508823,0.005156176164109957,0.7699792588059773,1.8798382378572664,0.9375880808328392,0.18319926337769335
-0.012986227053094919,-0.0056189893416051465,0.006435644815909254,0.004375270235204951,0.7943202593209241,2.0398403096195827,0.6856890334123228,-0.02404912118028739
-0.013095066889744784,-0.005751995526998158,0.006350065238972491,0.00461845562627049,0.8135769429497888,2.0521650412307024,0.7783054432636258,0.032506331003300616
-0.013389591251511119,-0.005913061012829911,0.005961993234961535,0.0049343103838098016,0.7577415860531577,1.887880760632923,0.8575679007025742,0.11529497354047473
-0.0132479742704929,-0.005810719313924841,0.006141783179541004,0.004750329071707947,0.7842971952246934,1.9528567220301536,0.8058989809287219,0.0653802642848219
-0.013754870152652325,-0.006209040542434295,0.005453317579793494,0.005391258500829683,0.7110746323611861,1.6949984817973203,0.9727907405602677,0.2611613748541585
-0.013772312479908951,-0.006008002389253318,0.005387747960497165,0.005069171294724231,0.6550653391852074,1.5928939067137253,0.8375105587719073,0.15938639294965065
-0.012291940201366562,-0.004945146468747874,0.006844352591121541,0.0030604782547769415,0.7270983784218669,1.8768830592597545,0.2281953539743851,-0.19967898759390165
-0.012240702695618232,-0.004742441443766255,0.006737561899343304,0.0028057385351450354,0.6590056763032273,1.7104255182689307,0.14801090116327384,-0.21127063369576266
-0.012510011992099395,-0.0050754241066446005,0.006694775533879421,0.0033729953431902884,0.7309193983577054,1.8853352872842566,0.3236073557774333,-0.17665503099756205
-0.012812695042488838,-0.00533948322971677,0.006498804797351873,0.003894374858842494,0.7602896327030167,1.9293643960958793,0.5005024588635414,-0.11059409415954936
-0.012737854214742352,-0.005151474139444198,0.006468399969428142,0.0036088652164612003,0.7095369655271644,1.8149831641045835,0.39196433788801854,-0.1505176422679757
-0.011280151565817033,-0.004094343736760305,0.006963059941315078,0.0014255778063505932,0.4986931650404321,1.3596443534972094,-0.1792494705940455,-0.19186878911576588
-0.011535036129871784,-0.004260127188662385,0.006945168136724891,0.0017737707098881888,0.5486273512278662,1.472001235547996,-0.11087072773040728,-0.20890395733501552
-0.010897914418022287,-0.003496298214894835,0.006653591527003369,8.100067314768892E-4,0.36162505324407807,0.939984426545397,-0.23772349916500102,-0.14734909349959804
-0.011231503257776346,-0.003748208040408565,0.006708806543408277,0.001198761395808666,0.4284489419765154,1.0997456719072525,-0.19095373384559133,-0.17642452149168564
-0.01183218958174169,-0.0042246124466705755,0.006701675966083378,0.002013936918454007,0.5301544719368706,1.4011496321958192,-0.045794680120435284,-0.21558119667905926
-0.012097106796635343,-0.004336388694163834,0.006569411981981218,0.0023146390693377437,0.5505060247780519,1.426509035786591,0.025983140447313213,-0.21789029043829192
-0.012290847630392222,-0.004517307845158138,0.00652187878616907,0.0026196082457849005,0.5801310635633984,1.506282741358348,0.10071201262364009,-0.21449151494402405
0.016793592856199715,-0.021107757642311042,9.993178134245471E-4,4.746755405472431E-4,-0.0669038499972353,-0.07357600317705353,0.07155863753898752,0.11794406445019935
0.014704507687773868,-0.019168711278886724,0.002269123833141167,0.0010291946685640466,-0.00790973404308218,-0.05657808129724993,0.15307124823197646,0.18568313231339076
0.012085595835363516,-0.017893121841441605,0.004001692612408954,0.0010068256006363749,0.04335452614451203,0.17473837961408378,0.3339746484355741,0.15691628451492434
0.012796315035297864,-0.018963959879649883,0.0030294786765483646,8.641065557802744E-4,0.007735055648186712,0.033718939526343236,0.2211538696189151,0.1364926891151612
0.007721196436695019,-0.015546273702810953,0.006049152857056484,-0.002468211804497673,0.19811969714517727,1.281893255163326,0.052655623565427134,-0.22165535267867778
0.007312901553101746,-0.01544526816487973,0.005753810475180632,-0.00283474787136836,0.1359455376043163,1.218860835504809,-0.024502017836176358,-0.22178232093072273
0.006790560749381029,-0.01541094271206504,0.005247047602470507,-0.003113789442113837,0.09949971681503732,1.0741548239951786,-0.0815071330905069,-0.21369216875848449
0.009466056109518351,-0.01698551255718375,0.005264549419567105,-3.777957724662581E-4,0.10910102089025411,0.7659992305933027,0.37785974624737945,-0.052870834987604795
0.009035648134112432,-0.016737717997127432,0.005444546089739841,-7.436969997249673E-4,0.14329378609212265,0.8792365000398703,0.3418858442000398,-0.0994575639816151
0.008159276099533774,-0.015916177503834054,0.005973536920130185,-0.0018395827442992138,0.1594196992873126,1.1681966363508804,0.18235741055844953,-0.1999692360213043
0.008515610122988182,-0.016568260676905512,0.0054323310203851375,-0.0012017015729757872,0.11163586680496516,0.9490824532629146,0.2755209729121004,-0.146686421069855
0.009963473460023414,-0.017547945548188133,0.00472092824968139,2.2342116950075156E-6,0.08165725728436347,0.5197667616257209,0.3551280184054893,-0.004107630564998008
0.01073124096045732,-0.018180092682788238,0.004094189749591613,3.5416951039352393E-4,0.04021847560641317,0.2919841325573727,0.3097691230415563,0.04575488026136888
0.004927020794479554,-0.013225916233512111,0.0035469623054761256,-0.00575359036883422,-0.037062349200380894,0.6826167091495533,-0.5603686831542181,0.16169544491497537
0.004610408071034054,-0.013006929760054756,0.0031146755174990136,-0.00584849744365246,-0.05149453249688892,0.5628568793294172,-0.536745839952795,0.19262198965025046
0.005113156379379539,-0.013521724496974025,0.003842788141933106,-0.0054739241615916695,-0.014067311710413779,0.753006623726416,-0.5231610166852091,0.09000176171696282
0.005240980875662986,-0.013945092373855723,0.004015805662259064,-0.005003451243340082,-0.04938724650376274,0.781700349429001,-0.42178696715133673,-0.02186372089800568
0.00551221035012248,-0.014360884288153403,0.004296964164179053,-0.00453819945952788,6.1952015049787E-5,0.842108194570262,-0.3435717002262274,-0.08896310468396525
0.005702820644743317,-0.014645589712616338,0.004444334135335394,-0.00420528961804506,0.01170174403690407,0.8750250543587679,-0.28427568780723367,-0.1300322667896822
0.005994127058198467,-0.015187781720693763,0.004542628464251033,-0.003572286453248172,0.02903578599739107,0.8857256124885036,-0.1554948373222529,-0.19079273414535575
-0.0030779281074847214,-0.009696273164868593,2.3539179348434737E-4,-0.006497529444961822,0.11096910218352518,-0.0794255587744397,0.30214034861587896,0.7006354070142157
-0.0026024901370133528,-0.009098699398110323,5.372499711574495E-4,-0.0061021992676513264,0.1360017010615712,-0.12469772238631603,0.21327842486116702,0.6577270080683895
-0.003119098548125525,-0.01039028883928416,-3.130856793281283E-4,-0.006512835893282768,0.08356807653324771,-0.011180024667380108,0.3487678693995426,0.586136039670074
-0.0034231763459971675,-0.010807158108445951,-7.080882043830739E-4,-0.006638238895676107,0.05270758307123159,0.057130014117944564,0.4201900798878813,0.5818529465697084
-0.0014851973571839852,-0.008738745990028112,3.915106179848685E-4,-0.005573458961657036,0.08023016976873477,-0.1419906467749731,0.11438040760624857,0.5341166946203483
3.8005208725679676E-4,-0.008736680088081612,-9.937521433638228E-5,-0.005381730492065807,0.06169447577742431,-0.13958663707401586,-0.02871195920230324,0.45953393425162664
0.002396057808505016,-0.009586841176113192,-2.2733382801369241E-4,-0.006089048796639768,0.07428098530399259,-0.10402786590027703,-0.2192452646287513,0.5549802448315506
0.0030674869165689816,-0.010270443318357763,2.0230147193677652E-4,-0.006493381949748986,0.06710864480238853,-0.024184723551120117,-0.33661272723387997,0.5789897233057727
0.0013053739002668347,-0.009591373008631257,-1.1788908749896438E-4,-0.005687386979419197,0.03571658808074927,-0.10752376256044618,-0.11840504318312772,0.41124747678706475
0.0032566104615935018,-0.01114558406989196,9.201117197951622E-4,-0.006406946018876548,0.014802308941444688,0.07877712675529717,-0.38708394695533777,0.4360118226781515
0.003962080768697622,-0.012850588882670563,0.0024208278557913657,-0.005686804333699355,-0.06834034627564949,0.3665437988155836,-0.40485455313232566,0.13396175767351323
0.003376508878885673,-0.012130998196607599,0.0016246962585236562,-0.005949336395790291,-0.0524226492739568,0.19978127532972656,-0.37448815867823676,0.230634868822114
0.014410572767669348,-0.025,0,0,-0.19551851206163087,0.02357357571247955,0.08927766836140343,0.004470728193299596
-0.006254101040971569,-0.013973997160094837,-0.005410344488425692,-0.005115586165739758,0.09673711658020044,1.3230214883224363,0.6154256237059951,0.024812795840722497
-0.006421397479090386,-0.014148059764893403,-0.0056007127250930966,-0.004844697989718796,0.11872020076490554,1.3763218979357938,0.5542863340651348,-0.029401506366932836
-0.006647080925043337,-0.014300780439892916,-0.005863635259960446,-0.004580065774511858,0.1450338734153844,1.4683106708004703,0.5011064962606957,-0.0768590813052611
-0.005811779107579399,-0.013880409986750336,-0.004772599308564179,-0.005199732840148856,0.0335904456701778,1.0654687371455533,0.5613444290410535,0.03442870682755473
-0.005977240784074932,-0.014059547701937711,-0.004973464056475884,-0.004967909604399746,0.0464398755928768,1.1225606100657204,0.5180118295008378,-0.0141112659892106
-0.003585381354615385,-0.011417113842599535,-0.001268166898712772,-0.0065022199778470725,-0.010845737238044993,0.15182263918071057,0.454867862256508,0.4578204100902416
-0.003601765639815479,-0.01216383598047004,-0.0017943448897997337,-0.00605313945124647,-0.04124034210460575,0.2400173038705364,0.41541244223378965,0.2693368780713412
-0.003790342612246127,-0.01258642177379771,-0.002156247537599964,-0.005830511502357468,-0.06380327719114426,0.3194976402317708,0.41174584872585596,0.1886956693910416
-0.004536616192311549,-0.012743775412955032,-0.0029190896604829627,-0.006088022063102569,-0.04373105854766878,0.525166626927058,0.5687679790945345,0.26323717851782097
-0.00409306361761257,-0.012785552367040928,-0.002510496610763877,-0.005810487113567592,-0.05914439251406857,0.40317970570918876,0.44880972130597774,0.1770014129370409
-0.00560735547605669,-0.013709425192247344,-0.0044982244048964335,-0.0053911267289180635,0.010693185067997858,0.9760606273099032,0.5817434480459428,0.07739312711007294
-0.005233678439954406,-0.013280840917895793,-0.003940432485174086,-0.005828952238224282,-0.021276276291993804,0.8131783247725853,0.6320401171828931,0.19123854940468885
-0.0054051672621622604,-0.013518738833936837,-0.004211748278668406,-0.0055857262443122675,-0.004379912923329396,0.8891315491968071,0.6003579039901051,0.12418584311227641
-0.004841687254106525,-0.01318991986076522,-0.003436850042871358,-0.005758559372917041,-0.03584802156155827,0.6542593197505296,0.5495329986816481,0.1621731937315268
-0.008014263716568458,-0.014588774500088612,-0.007642747402361701,-0.0033111222159270515,0.42828588010941787,2.352066553062676,0.23198142473210112,-0.2081609553324304
-0.007869086906106274,-0.014712525252723277,-0.007261344175637312,-0.003282505955064645,0.3696830208145389,2.056027110763544,0.23044358900802733,-0.21961519193208565
-0.008159381790995318,-0.014648884232660605,-0.007743981136857789,-0.003067196525385107,0.45093718206696626,2.3776874694810077,0.1535896857978541,-0.22003739103107453
-0.00801795251247815,-0.014778536726907978,-0.007359311341496574,-0.003052025055202697,0.35840978026223397,2.080672269076439,0.16167810932249937,-0.232129160590576
-0.0075860823779242935,-0.014672635648532759,-0.006925570617320529,-0.0035767823672259854,0.2861205126949571,1.9023332814197118,0.29491083870010254,-0.19535095100442118
-0.007434725410105484,-0.014632756650598008,-0.006757862527610541,-0.003741730475962647,0.26606676247293676,1.8296029038392037,0.33324213529693925,-0.18066449990072728
-0.007287736974146097,-0.014558697136183055,-0.006623343504745349,-0.003941953455581112,0.2414197432387181,1.7834901558975031,0.384876188285214,-0.1600039296762978
-0.007682491883896577,-0.014820778855506037,-0.006870813691970927,-0.0033015380297929903,0.272587200614053,1.8247482602786442,0.1992621178082658,-0.21480091880098579
-0.006815817278655045,-0.014495640561269625,-0.005982271461736814,-0.004244421508324354,0.15983449604782118,1.4853399090265678,0.4116769592265053,-0.12695835471259861
-0.007069096917967296,-0.014620958587438608,-0.006244624932759956,-0.003964042426105823,0.19390848855662618,1.5790791443079806,0.3519029699734713,-0.16039977917699902
-0.008306313695911128,-0.014704405031812397,-0.007837106122965377,-0.002820903576493828,0.4893648587517941,2.3983185947436767,0.07393906284533378,-0.22702107051043505
-0.008168763371265946,-0.014839562630703925,-0.007450633039913509,-0.0028187457383576256,0.3684882982446586,2.1007340910343277,0.09139321326842942,-0.24026097003649546
-0.01454924633991278,-0.007580226485189175,0.003758382762044099,0.00706929603245358,0.6073190991268929,1.102382517377724,1.3458144130457539,1.1117923173435846
-0.014455032777517945,-0.007730047808600203,0.0037829316496725183,0.007420700737020394,0.7522059556167787,1.208916695238788,1.4830432968942793,1.3264658547935337
-0.014579293525773458,-0.007288211579167828,0.003908126596527499,0.006600662365858046,0.5771247471925564,1.1282135106690638,1.1957895584353297,0.8273590642353793
-0.01464106513442204,-0.007424739888636858,0.003734388426433128,0.006732546281459274,0.5710719051904327,1.0671505566840889,1.2126753703971984,0.9077324062990965
-0.021200319594349648,0.01661882669035259,-4.5700471625452564E-4,-0.0010168197861360302,0.08834001305465795,-0.08739265482756142,-0.03630223567812133,0.12871351714153836
-0.018691282857876253,0.01423038275105381,-0.001170885439675364,-0.0026633472492702055,0.06516225168709454,-0.1417821931651294,-0.06172170388908133,0.3137661325931717
-0.017687389767250292,0.010746448818621652,-4.4459141384189504E-4,-0.004532192604057663,0.13236260477271575,-0.07056621749556492,-0.26707139617178494,0.4677800999771805
-0.018968623898444212,0.011934953521072458,-6.411203060780793E-4,-0.0032616219533578377,0.09748113828567165,-0.09455498919169293,-0.1596399724295808,0.3018646285607909
-0.01708127540787296,0.008079019093918846,0.0012211788852769978,-0.0047172069020041865,0.17041571392894778,0.21546232055072384,-0.4290634221572482,0.2767498436878427
-0.01765040852369254,0.009105256256711434,4.753462230014599E-4,-0.004530385049342805,0.12901094318805717,0.06228148267922635,-0.34822291906790936,0.32141870229487873
-0.025,0.014410572767669334,0,0,0.20594050646423132,-0.007958642600406966,-0.08393943377928832,0.02781139378125554
-0.013993937935531796,-0.006506451893627016,0.0050795816182746785,0.005800745278283095,0.6748552385936049,1.5703246568926204,1.0829083823253576,0.4210116273305308
-0.013919164492694506,-0.006332475375045958,0.005199053855604009,0.005545981492820942,0.6710609082278517,1.588886316727424,0.997193574491319,0.31834274994127343
-0.014502104621396754,-0.007145380561345345,0.004098754757857073,0.006464120698580419,0.5906160149170646,1.196420101213082,1.1787389156335089,0.7484640658270968
-0.01419020779102666,-0.006780636311534173,0.004721367333210072,0.006142170224262465,0.6496308308296818,1.4431457075958731,1.1631621171191133,0.578311347925343
-0.014300006612083034,-0.006876840410151168,0.0045188720192369585,0.006219116192882553,0.6257907837362219,1.356422886020187,1.158233211677376,0.6173493281158109
-0.014408235373395485,-0.007008247852088295,0.004302674590416501,0.006338667974401371,0.6073293048026857,1.2725479766115815,1.1669209991817695,0.6794831327727037
-0.0141449370009985,-0.006617178462701542,0.00482330605550526,0.005903843768125062,0.6372207489746681,1.457340973811865,1.0818695147990625,0.46583701261024574
-0.013098363655617895,0.0034157683246205215,0.005259607886934454,-0.002047764268489344,0.35624737957388236,0.8215785238899579,-0.026666084126750957,-0.20233479679835975
-0.013717896991402188,0.0046147896763221365,0.005080835392334442,-0.003290626390849364,0.4370365492020492,1.0492888855504994,-0.26156953272152667,-0.15792573514869898
-0.013332553050686159,0.004117160428118384,0.00530879328151724,-0.002719749429286823,0.4141924297564387,1.0107156251012521,-0.1489535237181068,-0.19008730700150325
-0.014411932637911639,0.004787625973011429,0.004399918952867925,-0.003486006582941063,0.36462738791425314,0.8924037911039947,-0.30907473753155573,-0.12259795296352248
-0.014894404536621103,0.005499041590359168,0.003917298498742392,-0.004125302537033442,0.35692520357413077,0.8349963695466706,-0.431399704932302,-0.030907391665720044
-0.01571749306829924,0.00589020015863052,0.0030667699938092753,-0.004172186289423893,0.25403472700737856,0.6075727563567349,-0.42151392299489526,0.018395835416573723
-0.01685188918725743,0.007226407848793148,0.0017606140099444875,-0.004457419622403875,0.17644481265007703,0.3233529431562361,-0.4233939824660526,0.16164797583058835
-0.016264761964971102,0.006616792943236008,0.0024010785880827115,-0.004458255026258655,0.22988968293143602,0.4698561528835873,-0.44763371069631586,0.10848339831513024
-0.011707078275967592,0.002847578613039015,0.00591604555180418,-0.0010762957138562115,0.3267724850645037,0.7276384967746726,0.11791241435431185,-0.1719501087203921
-0.012613503764759618,0.0027348092386807843,0.005364466240241262,-0.001417643707444581,0.30056299545996296,0.7075886792017676,0.04138260770906203,-0.19005049757817635
-0.009203088049140945,0.0015147466273237055,0.00569241489229337,2.559954042316701E-4,0.12273805732171603,0.2064808629479282,0.1295200558016725,-0.05027910942622753
-0.01072881481821515,0.0022144328175308895,0.005947859910414167,-3.6505002940702056E-4,0.2331176336833996,0.5050239382533076,0.15787630901180535,-0.12317035877730545
-0.009204838132087763,-6.090113824483485E-4,0.005514972404693162,-9.536575925439774E-5,0.11144673727928221,0.15432282725981747,-0.05093628387040981,-0.06296813121045484
-0.009872742437084884,-0.0024125664686936495,0.006107503833601792,-5.855334080596496E-5,0.18856538553731148,0.4253437541060068,-0.21508908911225547,-0.07394283707526107
-0.010798648667943653,-0.002772539543357725,0.0062100638394452685,5.238957605606327E-4,0.2920183179688037,0.6535839901178914,-0.19136767075466773,-0.1316279620610201
-0.013024241674288303,-0.00540575271803924,0.006251548753893165,0.004082593458884756,0.7247037080669915,1.826419945476917,0.5492665830055791,-0.0793290642702783
-0.013605754100617826,-0.0059085137845789545,0.005620101428996821,0.004931621823303471,0.6896661404460973,1.687414431044159,0.812210707273601,0.11708336490095264
-0.013215641677084384,-0.005578806849992376,0.0060730527694231535,0.004391738551691991,0.7157971701756082,1.8062165884320243,0.6473626239665776,-0.02112702286733849
-0.013442288209159456,-0.005710488445654965,0.005799610749692887,0.00462631141656565,0.69498852497538,1.710369439380323,0.7124154568784529,0.03615839262536972
-0.013929633454905646,-0.006108531559179929,0.005162648890278127,0.005190595331475575,0.6292888250688531,1.5002064163275521,0.8571534022335018,0.20107938598528116
-0.013939452429766946,-0.005931254464951316,0.005124690430176696,0.004924810046263558,0.5912284922808435,1.4175642692858779,0.743588815984094,0.11311317049531759
-0.0138301950144515,-0.005794124502095453,0.005258492038250171,0.004744643326537613,0.6028721533498226,1.4436635453542765,0.6920062814907215,0.06337905185953858
-0.012506730837666308,-0.004729017814086076,0.006450358052038301,0.002979752758434931,0.6230875915010753,1.5848444739823093,0.19628853652044967,-0.2008124072176081
-0.01277852894601879,-0.004886084937062407,0.006249944182708542,0.0033108255753656443,0.619592300382651,1.5765501551724312,0.2882283373684124,-0.1766100036127272
-0.01299832355080567,-0.005123397262422251,0.006122380543075826,0.0036989247596032502,0.6464246543374935,1.627754978914019,0.40221431735404195,-0.13764568126644997
-0.011652056466275993,-0.0038106936100242464,0.006522505402486138,0.001581290152335843,0.4484320814278203,1.1243712096412966,-0.11552724837743836,-0.1988984378937329
-0.011390993596188332,-0.0032772071124082154,0.006307136251683097,0.001099326090836905,0.3567305193196418,0.8776967506110328,-0.1597543915699318,-0.1735953548258954
-0.012138474892309598,-0.0038946273485435654,0.00623867876852707,0.001987501165902516,0.4491731068063432,1.1203988438878756,-0.03212986353858185,-0.20983489610344708
-0.012329222259873733,-0.0041916454742570415,0.006271668028666366,0.0023479142049636047,0.5139936001317901,1.2738686996066375,0.04320846489521824,-0.21454131183559993
-0.012542839113216573,-0.004367058836116894,0.006182818718491302,0.002634598251606369,0.5349982127625148,1.323280453057869,0.10602811709365453,-0.2115190088046041
0.012867035457778538,-0.021503253719866253,0.0016889743474860135,2.943741456957712E-4,-0.057963607791841905,-0.004111486951316621,0.1335343388152506,0.06781089727158889
0.011171075547332755,-0.01955249532054363,0.003036852036702882,3.2244963116889134E-4,-0.0029014216742294405,0.11299910167569148,0.2056897409763141,0.03534740660473082
0.007227369268192436,-0.01609125060367493,0.005089107625335866,-0.0022928943327922553,0.09726640877235716,0.9594519146586816,0.06651372254930321,-0.21268373562675946
0.006311979807600566,-0.01588260450231379,0.004465430971599266,-0.0028291132258517135,0.04068061545849213,0.8423930873612072,-0.027683696669731472,-0.2103666935341641
0.008753205701145484,-0.017511624464483403,0.0045826143895510854,-7.10067559902359E-4,0.07337438196261613,0.6191311921290533,0.2751286127777001,-0.09422937152060987
0.007661887647621826,-0.017007086720959286,0.004570167879070094,-0.0014808739006056575,0.0754792084407074,0.7416286359751864,0.18979339581268254,-0.1604688844443378
0.009465752698525487,-0.018868930288486407,0.0035567304893414664,-1.5683934806062457E-4,0.04059464952148315,0.28660079100494557,0.22912118202884205,-0.03467735763395669
0.004510638941341534,-0.013692322241546533,0.003185740692469251,-0.005078055555203617,-0.04980566230896965,0.5460093355290648,-0.35570861958259276,-0.013946841351341126
0.003711750597922218,-0.013541410527391091,0.0024067030061543236,-0.004993179337106973,-0.09982556626044967,0.38876744450684697,-0.29717929404787824,-0.0048522133856966545
0.0050494993994912645,-0.01482699475489603,0.0036787693004882343,-0.004009171253425838,-0.04472434847443268,0.6770147111903927,-0.2015550533688251,-0.15387164182351662
0.005545111532866837,-0.015826977432887517,0.003828607747351137,-0.0030295359669819492,0.008628460546710388,0.7115271041285642,-0.06628798468024506,-0.1939694763968446
-0.002067067072895274,-0.010204869220075878,-1.0021383476302154E-4,-0.005950915110431187,0.02335285898895268,-0.06639732183546072,0.20656249658232168,0.4038122136075398
-0.002829797234886546,-0.011123270073185277,-7.361707728936093E-4,-0.006154528090565426,-0.014874756247877208,0.04398646049272447,0.3119503390043938,0.35946076831102575
-1.223069381789246E-4,-0.01041976033912437,-1.4530756675240587E-5,-0.005520645338479174,-0.026028501987037524,-0.08593423141977406,0.013013658521966624,0.23906532672356123
0.0018719346773892276,-0.010939472263195376,3.852615948665544E-4,-0.005776297880060356,-0.03384849672679552,-0.02732593911472247,-0.18394854884052472,0.2587767452582997
0.0021707711256844417,-0.012132156064881673,9.370161692119542E-4,-0.005440586508752269,-0.08451410908966704,0.08254737648649962,-0.20013972929061177,0.09560225498413956
0.0028899433092358447,-0.013296256021710652,0.001710229477374436,-0.004933327691988291,-0.0801555043803107,0.24829188344551326,-0.209137109510973,-0.027377789796867086
0.010729293840437144,-0.025,0,0,-0.04083634078380448,0.05927838847206618,0.12348006753080693,0.0021514075470193458
-0.006160815975047364,-0.014234481566328162,-0.005179266187439105,-0.0047268882393938306,0.06696049810992287,1.1846283315842288,0.4733790488817365,-0.05797060155240669
-0.006389119500919908,-0.014347399081573016,-0.005455224223084148,-0.0045504867454818085,0.09852947855579615,1.2810080212949375,0.4521111788536685,-0.08413959301478295
-0.006519751463915898,-0.014596478502995044,-0.005496200736525004,-0.0041822819947067635,0.09808837445633632,1.2618384183124023,0.35295918888077976,-0.1373806715568142
-0.005744277121339961,-0.014104594705049666,-0.004643231269262512,-0.004880891655554331,0.024015786647468233,0.9898839644276436,0.4589465501857199,-0.03337923292845205
-0.005591375472106514,-0.01396476734787165,-0.004461186784525288,-0.005043789638187026,2.511141060392673E-4,0.9378496276569663,0.4815088882320967,-0.004387548384348281
-0.00584888524903631,-0.014330233827045739,-0.004725287596181002,-0.0045932411068846666,0.02726857601262661,0.9996849951956284,0.39339124200490977,-0.08328993666056579
-0.0028505736840723044,-0.012171869336363939,-0.0013208259109442086,-0.005675488858730822,-0.05423032597393702,0.14430258309419727,0.28474354433098203,0.16232337422079957
-0.0033911190871706467,-0.01256648289670252,-0.0018342295345351162,-0.0056580508968969625,-0.08360920479399842,0.25209714758251217,0.3412650366712884,0.14070011697584286
-0.003714995827342859,-0.013046237833314506,-0.002280122721882891,-0.005409757836653116,-0.06983770613492395,0.3455541430935307,0.34253229431998594,0.07461877916930042
-0.004276009263109587,-0.013187217806193295,-0.0028332137876861782,-0.005516573426115606,-0.07556451862666502,0.4769122961834986,0.4205323042211145,0.0924641706916895
-0.005322133138877402,-0.01386582034848538,-0.004123139275607152,-0.00511089380477573,-0.0048367515303427795,0.828025119854458,0.46110322556081124,0.004516415566675702
-0.005042818302878792,-0.013595212455027863,-0.003763397965313412,-0.005363489345599617,-0.041588577348921296,0.7311671820013244,0.4853177219538649,0.056526338370862565
-0.004636007770135723,-0.013555925209758016,-0.003298376819481777,-0.005267636868410543,-0.04696665739046388,0.5915235088669084,0.4156985596644004,0.03700937758527508
-0.007869980358958105,-0.014905636952242299,-0.0069956140434243854,-0.003035255522648847,0.29888263161127776,1.85535393417634,0.12511009505737694,-0.2271591470990009
-0.00802589829650169,-0.014975945580778985,-0.007081499917182948,-0.002807378592006948,0.31450405590023484,1.8699807532622323,0.06028691468064049,-0.23339547086631882
-0.0074507371020782675,-0.014812139926430363,-0.006576719957457956,-0.0034831346282964237,0.24259856131613766,1.6865425913623489,0.23457324107097996,-0.20270759453319329
-0.0072467380406390424,-0.014755314282685911,-0.006363833633734036,-0.00368542351003774,0.2094760183744435,1.603893263901375,0.2790392716588515,-0.1874360615298826
-0.00771466570011577,-0.015041710202169503,-0.00663429405309053,-0.00300392230256066,0.2502735234497226,1.6515224424885082,0.10130284112303123,-0.22613009482725865
-0.007551904829874605,-0.014981719321144463,-0.006511658238077002,-0.003197907662662782,0.2276819792159813,1.615768138429096,0.14969191073074692,-0.2186715370641826
-0.006757419374552483,-0.014770728867657781,-0.005695411473557496,-0.0038834132745510573,0.1233051965255504,1.3139627022306317,0.28753821682119596,-0.16988905880308816
-0.007020762913745909,-0.014916705258295804,-0.005915517013605682,-0.0035895195248681843,0.1561883958734587,1.3765137794990279,0.22250212846627762,-0.1949296184676799
-0.008454915646326116,-0.014755282782341356,-0.007922042192779921,-0.0025729096123576294,0.516311989019513,2.4137229510972382,-0.0067471860552513795,-0.2291575769007598
-0.008320613796018247,-0.014892944307041875,-0.00753827614200672,-0.002586785304688435,0.37938483740219603,2.1193083033529008,0.02118458121376522,-0.243810951571495
-0.008605047553236283,-0.014801469324203573,-0.007997793922272347,-0.0023268441500583414,0.4584242851474502,2.422430906333832,-0.08753272583737848,-0.22656193261116445
-0.008473776162474796,-0.014939583260258928,-0.00762160413729234,-0.0023542691477275433,0.3975846194381248,2.1357936689777337,-0.04959108954914865,-0.24292230056105416
-0.008182215077014577,-0.01503672563865724,-0.00716527098563205,-0.002583711131823391,0.32749078328397235,1.8844293277223259,-0.0029614950559127586,-0.23579773315568486
-0.014625315749621642,-0.007722910755858754,0.0035326697856109496,0.007180051030384997,0.5838642989461403,1.01510091570646,1.339237280587702,1.1920362127637476
-0.01452413555302291,-0.00787110415992842,0.003548763928729423,0.007535450829074089,0.7498157873906814,1.1137990051155462,1.4740776866656644,1.416676600925646
-0.014718582025684,-0.007574929558600601,0.003520237269634792,0.00685366938688014,0.5623416908029951,0.989197935866584,1.2166961403084595,0.9881156396069147
-0.014698369879321549,-0.007868385721459363,0.0033017770665167375,0.00728211644288261,0.5754295999811796,0.9279120623075631,1.326661206985689,1.270459526345028
-0.014588774500088612,-0.00801426371656846,0.003308765636659341,0.007643823675507579,0.7167248898878827,1.0195593988270164,1.4598202299996623,1.5065271412325172
-0.014801469324203571,-0.008605047553236286,0.0023331500851161767,0.007995852335423518,0.8673206106999297,0.661684167659048,1.3485095600376187,1.8551295326426722
-0.01497251762606689,-0.008634669640891648,0.002118953347359027,0.007721429109704567,0.5345530672055875,0.5245967367002605,1.205025025693004,1.6700321765130006
-0.014842921746160495,-0.008756573701192635,0.002073314731571742,0.008066968168795622,0.6904796470541167,0.5757815953116416,1.3063528600743155,1.9357035301814183
-0.014755282782341355,-0.008454915646326118,0.0025732708528937,0.007921960502768081,0.6579089136316997,0.7485696100715592,1.3851459467440739,1.7715889705951862
-0.014914305395370983,-0.008494331676315027,0.002353849373574824,0.007686193395940135,0.5507292269938521,0.6040160817564804,1.2491899280865606,1.6211655162583847
-0.014765367725629128,-0.008017952611598196,0.0030685329326288744,0.007380764906718774,0.5764490627339179,0.8425585524603568,1.3103892580772059,1.350633787129893
-0.014648884232660607,-0.008159381790995322,0.003062979898211056,0.007745554600924531,0.6436492511770038,0.9267365007141399,1.4402927814540967,1.595908617675839
-0.014823240017020999,-0.008173980114506275,0.002832240195200953,0.007483985565493131,0.5936977126272938,0.7606739964869721,1.2929682314236919,1.4368735302577476
-0.014704405031812395,-0.008306313695911128,0.002812109478025199,0.007840247570193588,0.49265807753870144,0.8356969425536666,1.4155485161901844,1.6853217442741428
-0.014860986257882753,-0.00832677809592867,0.002614455114194399,0.007597895279950786,0.6018666700692147,0.6910585075598269,1.2812670525231171,1.5334157252180505
-0.014696612805862383,-0.007130826413584552,0.003823324237511395,0.006258270127304067,0.5275089040620379,1.0550913443032286,1.056354830548354,0.6474718354672948
-0.014764350870953053,-0.0072889755610652945,0.003645125215832882,0.00640896334691729,0.5178774982056521,0.9993090692543819,1.0805521860816436,0.729473763272625
-0.014792574840260638,-0.007433024028347767,0.00351816011643112,0.006573379532355636,0.5241581185554665,0.9644194299742578,1.116225013567288,0.8232058886523624
-0.021443719822341924,0.012365544406122267,-2.7030900991240455E-4,-0.0017896108892695476,0.09177474086860546,-0.06246251378310374,-0.10339474484516877,0.1308156400245495
-0.019539654142444192,0.010094041303227625,-7.001346138055556E-5,-0.00312148726313801,0.06459809624060882,-0.019638002921047365,-0.19227377283633018,0.1773761945800224
-0.01815013211918282,0.007473473113058785,0.0010331490018145942,-0.0036309511904144593,0.08824256481915542,0.16511157666113194,-0.2817218416938976,0.08274138741080118
-0.01906030172131065,0.008299554037660731,5.193978086550395E-4,-0.003252271421230136,0.07225532218133128,0.08226661114363104,-0.2333043129047046,0.09617302762329792
-0.025,0.010729293840437248,0,0,0.08332969409574192,-0.0017709591308395208,-0.12076115986548158,0.05959594901902227
-0.014155985488567856,-0.0063899992177043514,0.004825275767230668,0.005540535727575429,0.6012717105875578,1.4005913485282278,0.9450603554632943,0.3236355856855313
-0.014072899287736893,-0.006191503587581913,0.004952876625721928,0.005272877000656939,0.5983764773129417,1.4121052966539938,0.8621347604260399,0.23026614546206897
-0.014614809260168341,-0.00697503536429853,0.0040082143088304295,0.006112284590909212,0.5355606931494484,1.1150500423094967,1.0331269913531391,0.5718392369936728
-0.014352929117398917,-0.006689876093231036,0.004484327559504993,0.005889590564135821,0.5860903861238737,1.2956783451484115,1.025804927684385,0.4649562686717248
-0.014503960843024861,-0.006817919841610617,0.004224736775372579,0.005974368212380693,0.5515567868588835,1.1910805838216019,1.0170562380634431,0.5049693832994288
-0.014379576095738873,-0.006467708917010333,0.004484622608514046,0.005542637217190879,0.5482228962819705,1.2415957524431975,0.899877547135857,0.32947511581799865
-0.014828839339878172,-0.00696526848437231,0.0037201988732421354,0.005915968892975213,0.4754911833977416,0.9729299047202079,0.9266321139100056,0.4987046092584973
-0.013523921502929302,0.00243783387436442,0.004678775628501274,-0.0014310141155194382,0.2685957910056031,0.6100570577495668,-0.007296105462133715,-0.18636848897263777
-0.01426433505590409,0.003711076356625108,0.004377570995065184,-0.002487238846664788,0.3053433593268447,0.716605911307079,-0.11796975553392598,-0.1867785749668249
-0.015720703339171305,0.0045292937646539905,0.003216089337977529,-0.003011698414080538,0.22680542439131796,0.5438524461606632,-0.21540479466941553,-0.13086474398856393
-0.017229896804005176,0.005834104998075986,0.001958590296697787,-0.0033660165092476444,0.12799295313598877,0.32851813286767295,-0.266035610425367,-0.03500302913399269
-0.012354528010011965,0.001653695362956427,0.005180920806380239,-7.363782331195498E-4,0.24968781012864577,0.5209894383496598,0.05029923949178562,-0.1674824013269231
-0.010888274257036756,4.7997996759875373E-4,0.005478747317517924,-9.023641606132525E-5,0.18708339983580433,0.3290380547066168,0.030936688951231767,-0.12761142045409568
-0.011019237768535797,-0.0015433074120371683,0.005649857850428706,3.476439245865978E-4,0.20802091812801776,0.4231479142081155,-0.09805423105264789,-0.1370582153450818
-0.01157976861924917,-0.00259565283831619,0.005862655957497719,9.140172938822752E-4,0.27376876539592077,0.6759884671799763,-0.12057799048785892,-0.16661580715133856
-0.013297833964639573,-0.0052509818044890605,0.005802295723983136,0.0039633491642738225,0.6118091727308338,1.5283918705723016,0.4716577407003686,-0.09717439387060432
-0.01367631831892368,-0.005615218575378552,0.005430168305708235,0.004501346328340371,0.6036128229952685,1.4741135909261052,0.618813101395173,3.3098132300872534E-4
-0.01345779312826273,-0.005483635950553591,0.005688982575860988,0.004303131736362955,0.6379782798488751,1.5542366569825758,0.5745017638758714,-0.03918048863866445
-0.014122913880658176,-0.0059787805526076935,0.004868272575359363,0.004948712012440754,0.5520942942484092,1.2998688770143805,0.7221627403237023,0.11945605121371346
-0.01406511168852474,-0.0057284469930266296,0.004922110606984077,0.004619296402317456,0.5300640875161919,1.2703066750190517,0.6245663117274717,0.039214557864904916
-0.013922221068966855,-0.005573310805383945,0.005088603271346924,0.004431791837901755,0.5440372757034053,1.3080326746713262,0.5797732358414994,-0.003144436667988421
-0.012850389910242802,-0.004467799017206354,0.0059334535848936205,0.002895397175353923,0.5030135948193055,1.2860107300334773,0.1690867518708434,-0.20103407848048752
-0.013094223658313617,-0.004774152293923672,0.005829555848426314,0.0033166048475087515,0.5636892981222699,1.362050798362389,0.28184976135435263,-0.16921602788365647
-0.013347459122669388,-0.004968770520534788,0.005617660354960673,0.003622830223869105,0.5276897708980419,1.345628737827852,0.3585379259036349,-0.13785205305028922
-0.012186070147862535,-0.00323985042744773,0.005838962737081774,0.0015538982567218328,0.34850014534209184,0.8544073083578121,-0.06282573847015371,-0.19716908457133228
-0.012744188933076309,-0.0038915698545924846,0.005743667708755791,0.002302127310713864,0.4312981223102871,1.0245473568789334,0.04834488851823983,-0.20855947525673127
0.00916415540543512,-0.021530513535882517,0.0019065044062438854,-8.1454362208444E-5,0.029299282799326053,0.08839211813137858,0.12283989203440672,-0.026621194075366422
0.006075669115086452,-0.01697230192127388,0.003654329924592168,-0.0020523396373634973,0.0269857272286988,0.6466640946543212,0.07343713243038331,-0.18454353121339256
0.007258457751108297,-0.01892904736531642,0.0030724030148845884,-8.285222406250071E-4,0.028684473522666284,0.36868345128228475,0.1443545806014878,-0.1184038642032905
0.0034702146440650336,-0.014619920903017964,0.002287094451484679,-0.004051877950559199,-0.07313083298990296,0.40507852089695545,-0.1486894265521291,-0.13916178465833343
0.004421592837178223,-0.016342228333541802,0.002768053423140858,-0.0027533411075928555,-0.02438188407269172,0.5508547020395835,-0.017361417837562638,-0.1910723277479536
-0.0014708551520521702,-0.012063926424424838,-6.006790973940344E-4,-0.005269093219164112,-0.09570647576173703,0.03350603385594852,0.12936042737224104,0.07018470669503886
5.707255298658236E-4,-0.012148117312474543,2.2830975739249152E-4,-0.0051145598728988715,-0.08423843882356165,0.023907744595481114,-0.04501825429623363,0.03133881294022644
0.0014043412669382269,-0.014070603226647155,8.354255708914157E-4,-0.004175775505300718,-0.10525796537967888,0.20006074988606473,-0.07093300307058424,-0.11332504340497895
0.007110403506374492,-0.025,0,0,0.14994664666862764,0.04911038507259428,0.10922300433665193,-0.004221569902665782
-0.00612395167634677,-0.01457300797714333,-0.004988932032102273,-0.004274065718842107,0.05339094579989557,1.0693005312257424,0.33532836234664526,-0.1277461999976253
-0.0064005974989381565,-0.01487492652243215,-0.005174864517594393,-0.0038521458521839197,0.07318684725371838,1.1049236300447483,0.24728062728577818,-0.17075089842741853
-0.005469326751154585,-0.014266692806850017,-0.004263164053341144,-0.00464635586804673,-0.013680944021174509,0.8539794001825325,0.36801757802465923,-0.07767182603394625
-0.005722020076507071,-0.014584161528531783,-0.00449297384155943,-0.004276231504417086,0.024743575774818352,0.9055401473931071,0.30533983608979315,-0.12315728288539682
-0.0027529678633527216,-0.01331660962799873,-0.0016074789966505584,-0.004890098155707013,-0.09410719133346047,0.2261698166441131,0.19268936591305466,-0.03076130821052097
-0.003960403218373531,-0.013833520531745332,-0.0026707567498123292,-0.0048015788276860516,-0.08416752678499362,0.44252573179345817,0.2777893947283497,-0.04692513395686564
-0.004830270398955116,-0.014140121076274822,-0.0035491350125743107,-0.004694391659233895,-0.04827480497490717,0.648916053535873,0.32426223551729105,-0.06586516280890341
-0.008756573701192634,-0.014842921746160493,-0.0080661631581892,-0.002077214325736404,0.4126042595737232,2.4240352310230753,-0.16844024072865563,-0.21901242884765074
-0.008637764574962861,-0.01499229026187128,-0.0076877936714170635,-0.002097518569456903,0.4245407106213584,2.1358313904152824,-0.12939060273885503,-0.23729121565798184
-0.008909334570059206,-0.014879595159429932,-0.008129475379334745,-0.0018134353017234762,0.5940440133609179,2.4215018730893734,-0.25007504606865427,-0.20548641529712383
-0.00879601532442383,-0.01504628363974276,-0.007727930328399399,-0.001843428187051463,0.4100802025635137,2.1201482299644994,-0.20411456404822514,-0.2271710077230085
-0.007881535361123612,-0.015110842469731642,-0.006735518535972866,-0.002787869345214156,0.2612158618060943,1.6718989560132531,0.043799359969460765,-0.23127070473642694
-0.008034880452330861,-0.015184389449967223,-0.006800811064690514,-0.0025731219904424995,0.26949488042593756,1.6738759793907863,-0.013511754078850557,-0.23252809592550716
-0.007737907938487172,-0.015215694255875309,-0.0064480291731963705,-0.0027911377701744333,0.2233386074638239,1.5208082681706572,0.035154151384326496,-0.22883217223134408
-0.007280419258942109,-0.015071053242210574,-0.006088446523140699,-0.0032649763418065576,0.171578077874284,1.4128062932032697,0.14392908278603225,-0.21533559967530103
-0.007533293510026923,-0.015197913322752075,-0.006245452237135376,-0.002958742364487224,0.200892929843869,1.444660054580181,0.07252236563228527,-0.2249371507182836
-0.0067117988880300615,-0.015110606451487462,-0.005386106805671754,-0.003482197751419562,0.08879852326557915,1.1507613302800654,0.16833587421204632,-0.19946223086842493
-0.00702136164531326,-0.015247371025741733,-0.005626777513710869,-0.0031967800813216376,0.13149814168295995,1.2145360930702847,0.11111717623272295,-0.21305811928899962
-0.008335985332059795,-0.015082898683347293,-0.007253001052098963,-0.0023717935144429397,0.34090078739173874,1.9037030040576666,-0.06233654141312197,-0.23492055276525112
-0.008506955562131156,-0.015098584657073397,-0.007390350607673355,-0.0021614003687146855,0.36188888953982196,1.953285747581387,-0.11920210799120197,-0.23119653730435957
-0.00820713877293778,-0.015244616577360218,-0.006887645500831606,-0.002349104988907023,0.2851786035651664,1.6858474806132528,-0.07195930362410131,-0.22998610671202777
-0.00906316862569595,-0.014911450597951648,-0.00818271048964457,-0.00155569422078895,0.598120282732683,2.4138961418259095,-0.33055682399145625,-0.18700756527850518
-0.008959336220305347,-0.01507450974437023,-0.007799453274095963,-0.0015998270522529542,0.403718707811016,2.1287766370079884,-0.27821765167473783,-0.21226736523220283
-0.009842960155646504,-0.01499753324023817,-0.00832506267657353,-2.607682377038791E-4,0.5776058265596896,2.296489227769056,-0.7187523019297939,-0.020485402697845836
-0.009758155801072785,-0.015141010532790801,-0.008023650779401542,-3.7696462890968093E-4,0.47006195120611344,2.0851639762366223,-0.6355155583199554,-0.07080700965210208
-0.009686089839949744,-0.014990136311907444,-0.008312515686778967,-5.283292006406744E-4,0.4109411305372754,2.3324600748459594,-0.6440293266008033,-0.0638263959465899
-0.009598358834627393,-0.015120004877789734,-0.008027658753968643,-6.2928294099322E-4,0.47031877405780326,2.128571990136638,-0.5693637261484401,-0.10672370357189775
-0.009529528446938641,-0.014977816440745884,-0.008293020286440689,-7.775050493039533E-4,0.6668698991460359,2.362277413974421,-0.5682715286996058,-0.10098021881899105
-0.009217916319918088,-0.014938455742167742,-0.008228083176967079,-0.001294175434120416,0.6672006681811679,2.401555190115147,-0.4106163221280195,-0.16325863458782597
-0.009121303882905515,-0.015098758172484033,-0.007859530515997451,-0.0013550138118700818,0.4064608728668054,2.129473111462407,-0.35175185466693887,-0.19270930674210732
-0.009373420771600324,-0.0149605844888015,-0.008265154853679024,-0.0010317973239579378,0.7453884011700426,2.3850757233851656,-0.4901548857274876,-0.13433645028582283
-0.009281353407675517,-0.01511188358407483,-0.007921836651536002,-0.0011139980578061266,0.40278971649824236,2.132812118521841,-0.42424489220604583,-0.1686965151568269
-0.009431158250068877,-0.015113019076053953,-0.00798516237677461,-8.88398395503053E-4,0.41421101038886304,2.1408750674331984,-0.4928915060767188,-0.141726596693021
-0.01,-0.015,-0.008329170718665197,5.058167428540151E-6,0.6469407087419011,2.256527902065131,-0.7911358929100988,0.027721856178177174
-0.009922267510781404,-0.015144610168107503,-0.00803507005741943,-1.2195997709977005E-4,0.44851523766674,2.0539795839118717,-0.7037034636394245,-0.028793232592467095
-0.015015565214603333,-0.008793361635586357,0.0018713317270003112,0.007781605017647753,0.557724392340725,0.44822712459105724,1.1642160277900622,1.741546999789109
-0.014879595159429935,-0.00890933457005921,0.0018126762224975129,0.008129520542657833,0.5981936951221261,0.4941450315206301,1.2605493861359347,2.015148287763871
-0.01504591605407482,-0.008954585792570132,0.0016259604061032195,0.007848811227984885,0.5786081146082457,0.3774105936358077,1.1235643161400637,1.8205345264348034
-0.014911450597951643,-0.009063168625695952,0.0015511399626884387,0.008183617118908634,0.4555904437930889,0.4161569203705009,1.2100496176554136,2.0926857555774605
-0.015059961321649912,-0.009114044772502395,0.0013872212588269125,0.007926950563986178,0.5837085010685276,0.31425751974793187,1.0859571042132652,1.910578520879124
-0.014938455742167744,-0.009217916319918092,0.0013052044887970375,0.00822653222042434,0.6960959461479178,0.34336718248835224,1.1551367569878173,2.1655428201123246
-0.014960584488801502,-0.009373420771600327,0.0010573293366252091,0.008261962879799776,0.8980808062492308,0.27261323515128233,1.0947837141767511,2.2323092639225037
-0.015088810876958217,-0.00927764351210906,0.001129294898401083,0.007963197079303735,0.5171493898185976,0.24386255741332283,1.0295074721575623,1.9768477930666373
-0.014806795893330102,-0.0077129401887728825,0.003294124640993236,0.006929499816909248,0.5462749167588825,0.9060378827743903,1.2003570479340018,1.04372222053091
-0.014896385279342176,-0.007542779456306686,0.00330692243407297,0.006598928393200848,0.49682896699427187,0.884735892055282,1.088582701911893,0.8453751462024242
-0.01487991642379527,-0.007866019635540065,0.0030702399411642986,0.007027747261581614,0.5324431052308644,0.8281489242446888,1.1909006601876966,1.1162194303060715
-0.015160272529646296,-0.008658667270663957,0.0019271568984973043,0.007422831683746435,0.5047335817415016,0.46179463300264517,1.082866334299487,1.4719415769581243
-0.01510057154641665,-0.008500036008355622,0.0021693807828366417,0.0073837101986804895,0.5151577667045245,0.5351895156216485,1.1227307368264545,1.4209127399024926
-0.015008419730510515,-0.00836904863606602,0.0024101541526629004,0.007405793220928091,0.532549274576529,0.6145640447851083,1.178633896821938,1.4141862462756256
-0.01495277337953238,-0.00802498174789601,0.00283549879398172,0.007116207006844518,0.5241754784187896,0.7475977609331936,1.1743373126502898,1.1875573168835203
-0.015006719474456462,-0.008207118478021812,0.002590373128615767,0.007240083576678228,0.5133747009721432,0.6691743070230248,1.1654325113995345,1.2850669229336698
-0.014905520836069185,-0.0071344987680195945,0.0035428759291060417,0.0060662228125003366,0.46965733918093866,0.9209447488999762,0.9511117874696872,0.5711626508575237
-0.014966157990488253,-0.007338383500296321,0.0033531924008636353,0.006263354427135214,0.46684135806961635,0.8709394496479899,0.9865993252167256,0.6681010630903506
-0.02164942946831019,0.008526892269418435,1.234306939247095E-4,-0.0018130653355412033,0.002664766787484303,0.022416416850103902,-0.13413322857041796,0.03895614211845843
-0.019576768531638717,0.006497290052803696,7.694055396969025E-4,-0.002487610388880447,0.027119460447808986,0.13758524543938136,-0.17829161581180455,-0.01099068694553437
-0.025,0.007110403506374536,0,0,-0.12338945740144132,0.0019870794043495696,-0.11560503582254616,0.04987518094325032
-0.014359120227579509,-0.006124209276370439,0.0045445468771166675,0.005067845217811618,0.5213645515062363,1.1808928899278104,0.7299469257359038,0.1580017835507501
-0.014755219120575098,-0.0067661437379142,0.0038909977805782294,0.00571303034126532,0.4710384963173651,1.017678823899944,0.8827849548434851,0.40930889171520596
-0.014598886361521589,-0.006578972616378385,0.004154862412400816,0.005569403158798583,0.5008120823729704,1.1027619638324049,0.8665806679859646,0.34676224474013045
-0.014643902802953555,-0.0062965274738807035,0.004145703446449353,0.00516739548479585,0.4449799684690071,1.0412922045604063,0.7239527844521961,0.19621987144623354
-0.014975192481084733,-0.006811813066058617,0.0035958893284369353,0.005601488080226475,0.428613100485579,0.8957625877353788,0.8168650937103774,0.38259585781600547
-0.015021188836817754,-0.006976263102577998,0.0034726403103100003,0.005763810760551114,0.4261594506698458,0.8660166899951293,0.8508561161615187,0.45127927792989586
-0.014191746972002234,0.0011906215003020056,0.0040889213688286305,-7.047092900405766E-4,0.20313469515149427,0.48702573287777035,-0.0045457219233124855,-0.17679921597021644
-0.01479625838239119,0.0024066635551206984,0.0038074927185746273,-0.0015131037388317681,0.2151693346842322,0.5259238539056568,-0.050776178804874325,-0.17719887850160565
-0.015666366425491147,0.0032192433013835814,0.0032375074112565355,-0.002041940596754991,0.18136703586714567,0.49949126337715677,-0.11027526577403704,-0.16331121029568668
-0.017255704612140394,0.003616137959834484,0.0022029701090756117,-0.0020059723325426826,0.10220497148322405,0.3624875014151252,-0.12415064780957762,-0.13420116799612994
-0.018958916622946253,0.004677128889535969,0.0012539643427163817,-0.0020637607653585495,0.03002647738457609,0.22416429355687884,-0.13713716748786378,-0.08666887043258961
-0.012859891589961715,-2.795632206747163E-4,0.0047713995314090174,1.400519561473302E-4,0.2183334963769261,0.4453764824208867,-0.006110199044073837,-0.16373443282368208
-0.012534186152521247,-0.0020359387936829455,0.005181596601754954,9.821472440255134E-4,0.2707510457874244,0.5581549437661947,-0.05031765422862173,-0.17271332127008884
-0.014781476355457368,-5.031268708801645E-5,0.0036956466217216515,3.108435437559663E-5,0.1860119594399849,0.4323657742570816,0.001198931072487701,-0.1657281671982641
-0.01380540299481397,-0.0051618742264786695,0.005136980554341756,0.0039187125708799045,0.4897090669957772,1.2126592170580783,0.43114637318964505,-0.09066971743811242
-0.014395760177040235,-0.005731490531112236,0.004494346507809554,0.004549859460095833,0.44649185470309133,1.0831618793730151,0.5719224476829384,0.03472719746863823
-0.014124478380261022,-0.005457130334868703,0.004810134992299453,0.0042584835806713075,0.5047429335055402,1.1502253593692853,0.5078365238563888,-0.028131660327796147
-0.013551688452739689,-0.004425044874878677,0.005205116091044585,0.0030678537001830476,0.44092220366278395,1.025518561356512,0.20866552945277375,-0.17967084342696
-0.013310265391131032,-0.002905800008026432,0.004941192143015496,0.001712784793752335,0.3110758824602337,0.688224395264,0.015830002417002383,-0.19440753492936622
-0.01348802908367408,-0.003639537361128406,0.005011882014060169,0.0023362904371046836,0.34996928689136597,0.8594695778003919,0.09020622009643464,-0.19904528565018328
0.005547103429090299,-0.021859818048729746,0.0012843983605897013,-3.14268061219568E-4,0.10796836649467619,0.12500628273751022,0.0688244266105497,-0.07587837701287141
0.004141430260853419,-0.0187530565773997,0.0018969397830894995,-0.0013833325966364754,0.03575847026701178,0.3965435586648126,0.053005765388583634,-0.14972266279946475
0.0023101245905991405,-0.016571052653138164,0.0013408757731633851,-0.00263223908911368,-0.02398014479133997,0.42295820157139646,-0.005253831021535537,-0.17453945493986545
-0.0010921348011351238,-0.014408658543542664,-6.576578020444592E-4,-0.003942748134013205,-0.09449107429267267,0.2188631824999223,0.04739676463611796,-0.13627336827956474
-0.002583974639529969,-0.014532579931919982,-0.0016363638029816738,-0.0040034578750239155,-0.08575911982634914,0.314115009535976,0.12035567152855393,-0.12039325437468519
3.982107876942525E-4,-0.016142367199813528,2.2634993612481177E-4,-0.0028666436416282144,-0.040481880035738,0.36329598168737987,-0.008786548469718979,-0.167479982334654
0.003548999430447187,-0.025,0,0,0.2824688787160507,0.012396059032205383,0.06277763744974271,-0.005299927890754169
-0.005945557693272457,-0.014976768478276522,-0.004591315243650203,-0.00381690428471021,0.012831657557007067,0.9138976401768079,0.20862212049639708,-0.17217365426505557
-0.006345036641706861,-0.015222015676120446,-0.004901512638813626,-0.003464963095660739,0.06894318628764737,0.9850391406898629,0.1490108659604638,-0.19433726872880075
-0.005226325801259714,-0.014877150814691084,-0.0038586484428404897,-0.003949694315690128,-0.0039346452690929715,0.7156913992641779,0.19929609892231,-0.15580268518448046
-0.003445152029612808,-0.014607023354651801,-0.0022852048477761586,-0.004050613643719933,-0.06709280003579847,0.3988717202214736,0.13798993106551374,-0.1363385012966352
-0.0044284266999842295,-0.014647535348161052,-0.003122578527546464,-0.004136346589908506,-0.06274978214404388,0.5573341845666849,0.2032295458937096,-0.13302800654857552
-0.002567135785978375,-0.015778756379869724,-0.0015866061326774616,-0.003135749774879229,-0.05584982605290469,0.39060241818478086,0.048035001208331395,-0.1701454835333719
-0.008643579769170013,-0.015223094385982017,-0.007304857454398732,-0.0018934262589880067,0.3456451713336465,1.8546858697870745,-0.19641103051670974,-0.21728690105968623
-0.008843152376381282,-0.015244779713484652,-0.007419088504828948,-0.0016329270755924346,0.36630789296686467,1.8820666916879965,-0.2687502280142955,-0.202786402027167
-0.007857085816585629,-0.015324683275408743,-0.006438050937788071,-0.0025840981143468024,0.22061708104563604,1.4891220240284202,-0.018459612450107857,-0.22918114157685524
-0.008051880755867921,-0.015414380925675715,-0.00651186343533561,-0.0023341526099270094,0.23554413785211478,1.4911581090973398,-0.07854065600590678,-0.2257634530855582
-0.007648673899307111,-0.015392574871499896,-0.006149340867502413,-0.0026737659863868965,0.18638363608066943,1.3790948957552542,0.002296313278238013,-0.2274961076438929
-0.0073039173830512704,-0.015523335362331846,-0.00566909506822015,-0.0027637880640073134,0.1329715979260062,1.1925731706362483,0.011654059223548592,-0.22372917169868375
-0.006725573082469368,-0.01563191736378969,-0.005010275519570139,-0.0029288637115028574,0.07003637059252567,0.9880395957519265,0.04446128345712576,-0.21434996838314596
-0.008411128080982985,-0.015321485215045939,-0.006959345879441062,-0.0020717974199744933,0.2966785602697301,1.681588244890627,-0.14553791287311582,-0.2219187325080654
-0.008226742939370531,-0.015427819551467903,-0.006649581211531042,-0.0021638576920256446,0.25125309943066043,1.5380200254126437,-0.12038403150692752,-0.22224347759543864
-0.008144371945543256,-0.015609545932627084,-0.006340686712333861,-0.002085667639053111,0.21195540211687555,1.3846151025785187,-0.14022687332452544,-0.2168841586673448
-0.009837801636544874,-0.015300721417163236,-0.007732761979920267,-2.351802453538247E-4,0.4112403513912524,1.8580818145376468,-0.6423191696825549,-0.04131762696592021
-0.0090170262353128,-0.015272686089225773,-0.007485029794585929,-0.0013923147963073252,0.380762943183328,1.8838218805805653,-0.33439924894909107,-0.1845120717849529
-0.009661456614160995,-0.015293057841668154,-0.007717860690241263,-4.922549676547066E-4,0.4030092737556565,1.8888214566814086,-0.5778383068378475,-0.08162242250891998
-0.009507697206487125,-0.015241748332236037,-0.00777081169305561,-7.284084362307389E-4,0.42204315584820923,1.9619862675378403,-0.5214157887760662,-0.1161030409769844
-0.00918773179629246,-0.015284159216179967,-0.007559780419144725,-0.0011594006896065692,0.39159831823642605,1.8934073387200787,-0.3981777219670523,-0.1635760709684431
-0.009356589425267854,-0.015276324808761788,-0.007651605114779699,-9.305794379328376E-4,0.40845166738421895,1.9155690795616793,-0.4615530133813022,-0.13984516192808874
-0.010157039844353498,-0.01499753324023817,-0.008324958440585282,2.679041745146994E-4,0.7042859861675913,2.2130668246987244,-0.8612347826935599,0.08042035082384473
-0.010086983317977263,-0.015137995276622579,-0.008047975444369955,1.3515174610563083E-4,0.44087971830936556,2.023792625492956,-0.7715842059727399,0.01863960503257993
-0.010246588828835538,-0.015123448227287825,-0.00805761486936882,3.8741576537535067E-4,0.4512166909386229,1.9933491259780094,-0.836429585108483,0.06977929972901013
-0.010313910160050259,-0.014990136311907442,-0.008312978548400267,5.204344655722375E-4,0.48816424458068447,2.1648978072769878,-0.9272789495811647,0.1359930629002474
-0.010007704153446989,-0.015290400541830215,-0.007761353627160717,1.2173048919759138E-5,0.4206749071037796,1.8393455409291286,-0.7051104220143151,0.0011096484538573035
-0.010403601312538821,-0.015118186689833366,-0.008033388934523199,6.328796487950424E-4,0.49136116436874594,1.9399385755508571,-0.8935796893726958,0.1222127656733993
-0.010470471553061363,-0.014977816440745884,-0.008292499253128669,7.804681313077494E-4,0.47124578798634387,2.1101822081832653,-0.989873551497589,0.19605779726110514
-0.010626579228399678,-0.014960584488801503,-0.008262882730846124,0.0010485352537847473,0.6565613526270754,2.051699192147733,-1.0499066334808598,0.2615947541599067
-0.0105630363801904,-0.015108978301691072,-0.007999335142132621,8.811104575155304E-4,0.45728122284403133,1.8822116087192071,-0.9469019364139531,0.17781766798216384
-0.010724916861527885,-0.015081023636146435,-0.007980948510494362,0.0011380264833623541,0.4350503590329457,1.8357601981966674,-1.003726312132077,0.2413230391834317
-0.010782083680081914,-0.014938455742167744,-0.00822604767914202,0.001306904708329111,0.6309476784716385,1.9910620575233324,-1.1061780965114851,0.3302952145220236
-0.010884144125111123,-0.01505067338789022,-0.007950561774968045,0.001390492165286524,0.4615373494236778,1.781510693089109,-1.0560955685348479,0.30819270609562494
-0.010936831374304052,-0.014911450597951648,-0.00818161289641885,0.0015611159207305208,0.5385525477808469,1.9266510608616454,-1.1586984551012045,0.40223490336453543
-0.011039962162805277,-0.015021713919312799,-0.007902147311698563,0.0016358461262602978,0.4525805461805866,1.7189566772369995,-1.099615902703514,0.37386730012528385
-0.011090665429940796,-0.014879595159429937,-0.008128174717421869,0.001819027683480682,0.6190351555492491,1.8590699739449426,-1.2076372098222876,0.47805314563645035
-0.011189944033246947,-0.014983973306422566,-0.007855657897495006,0.0018764941971350507,0.46364806193698943,1.6604947136982122,-1.141275401397885,0.4429984468600265
-0.01124342629880737,-0.014842921746160495,-0.008068627751218286,0.002067339895784521,0.47125209275217883,1.788965675581964,-1.2518445102981914,0.5553722941241668
-0.015,-0.01,4.471016795198816E-6,0.00832935115451017,0.7621301897892895,0.03249998960990683,0.8185031624382505,2.471212281035691
-0.01499753324023817,-0.009842960155646504,2.5378114191849173E-4,0.008325514004266912,0.5141023932476064,0.0843266668548109,0.8927679577141333,2.4187339787911495
-0.015139019260758155,-0.009928267487521559,1.1243595149526694E-4,0.008046434397818,0.5598693365117557,0.011029250484221114,0.7778344967876089,2.2086798149840523
-0.01499753324023817,-0.010157039844353498,-2.57933014884931E-4,0.008325218918698757,0.7163404340056451,-0.016729326105960018,0.7395046493692047,2.5178699380976597
-0.015147756721969214,-0.010088127077997099,-1.37715105995118E-4,0.00802991280053225,0.5358253906220164,-0.03689337864867275,0.70524799834232,2.2410161145416176
-0.014911450597951645,-0.01093683137430405,-0.0015629726050742736,0.008181319731919623,0.602957608474463,-0.18338642561981935,0.3103520984457954,2.6820057683443292
-0.014938455742167742,-0.010782083680081914,-0.0013060092598885565,0.008226179465946733,0.5865292985323468,-0.1613186258368535,0.39961975165515257,2.660717505897715
-0.015061546854658877,-0.010888641362309342,-0.0013910324771159454,0.007928201274730906,0.5944621126601057,-0.19878685438066443,0.324217105730435,2.417551304817842
-0.0149605844888015,-0.010626579228399676,-0.0010433519037338283,0.008263646791559756,0.705964095138422,-0.1329173846512935,0.4886145668243809,2.633336765006761
-0.015089664214732413,-0.010742774307101438,-0.0011599289566228722,0.007956792719688617,0.5647357179561957,-0.17846397040032905,0.39701693149012,2.389861741296109
-0.014990136311907444,-0.010313910160050264,-5.24509088552831E-4,0.008312619527363648,0.6359564031443695,-0.06134197372399628,0.6578588774315851,2.5609535557542706
-0.015148242170365195,-0.010251055772997923,-3.9068280886573725E-4,0.008010907348360264,0.5478268047947452,-0.07987703036050163,0.6307855692566787,2.2741315987076693
-0.014977816440745884,-0.010470471553061363,-7.917398170269722E-4,0.008291534098241425,0.49177847499902305,-0.10052397185621549,0.5737297110777279,2.6000782484279736
-0.015136374718065013,-0.010413059353620394,-6.423009851460834E-4,0.007997816886981953,0.5747032916330284,-0.11698964510051611,0.5564840503768349,2.3133292365360045
-0.015107886544425143,-0.010569407056095236,-8.904918602762286E-4,0.007999179692073284,0.5873394870228542,-0.1477038583512463,0.4845435842449363,2.366317678763693
-0.014977816440745884,-0.00952952844693864,7.918308977704734E-4,0.008291358015936055,0.793813756698639,0.2042042545235935,1.030021762189656,2.295926687156498
-0.015130466998574654,-0.009437204565143362,8.710647900687173E-4,0.007955294396484307,0.5011428540042556,0.17517985645651798,0.9614567497025553,2.0092034745624123
-0.014990136311907442,-0.009686089839949742,5.086689394589015E-4,0.008313618912461795,0.3729010007991345,0.1396378207001092,0.961510277131549,2.3589334483090223
-0.015162069480172386,-0.009600771966732561,6.138994245554623E-4,0.007948601934419033,0.5455394302910123,0.11249466683090618,0.8931036342295631,2.0441135205772536
-0.015144691389076174,-0.009760434204895868,3.733351481193976E-4,0.008017209920103007,0.602682117495635,0.0633084859672733,0.843466707489429,2.1379747101912367
-0.015192202738265626,-0.008833841657021826,0.0016833639817896149,0.007503798196501985,0.49839744479217735,0.39176449724415346,1.0518428169995098,1.5560481565694955
-0.015334047671630494,-0.008692925885519107,0.001751564879417255,0.007166490391939157,0.4538922192315545,0.4038293291921664,0.979384282660564,1.3075573682100863
-0.01521672129254846,-0.009013763494555054,0.0014312708445433184,0.007582132035010405,0.493751306678381,0.32255172300638896,1.0159401830430745,1.6425087309290196
-0.015182807761546428,-0.009181284070473295,0.0012214439422685618,0.007739368172022747,0.5213926301595851,0.2675392433947465,1.0024713012912925,1.7853076232275629
-0.015266999234881326,-0.009333605514026365,9.67275066076733E-4,0.007659000572988601,0.5065131768891314,0.2028817376124822,0.9272429810194057,1.7595322282507773
-0.014996326547724141,-0.00770449690409115,0.0030631105126633484,0.006679596806072218,0.4890091072475919,0.7990031916890609,1.072245992460522,0.9025243296340878
-0.015050884359843928,-0.007533906050530123,0.003121302737529342,0.006410267626100955,0.44760991013395135,0.8014767791694194,0.9992061045709697,0.7523561888069642
-0.015059191032416291,-0.007864493313068793,0.0028588718120587725,0.0067862657352841,0.47871666774798466,0.7350448614582923,1.0711093010814297,0.9749289194977353
-0.015281210046812838,-0.00848640657946189,0.002026007676195482,0.007086560857921101,0.4578158096330867,0.4809795725224993,1.00939649894722,1.2248562438932742
-0.015206201001983352,-0.008278660874819734,0.0023144531803349125,0.0070131608980696526,0.4668443784009622,0.5663094679575814,1.0434623686631619,1.1548220642618696
-0.015182141895319877,-0.008020085330057887,0.00258935671408473,0.006790522919528829,0.4562077632643165,0.6435120494850431,1.0270352695308393,0.9961934208407447
-0.015155975172415504,-0.007107275546221096,0.003250728766900825,0.005799831413478642,0.40795338535860776,0.7900167447298924,0.8340789371341338,0.4762918358689124
-0.015197414863594577,-0.007328228977226158,0.003084899886650636,0.006012523208909858,0.4125250215686756,0.7488552391094417,0.8731492099819708,0.5745826242034808
-0.02164928309520976,0.004782635457410346,3.8297001154945036E-4,-0.0012060623068660882,-0.08996338272520199,0.1047894244369315,-0.09979612310742567,-0.053304683992585304
-0.025,0.0035489994304471924,0,0,-0.27937174458676506,-2.5396242589302115E-4,-0.06562580390569323,0.010024949473537067
-0.014866103181832308,-0.005864832174742452,0.003935009958628042,0.004536442617073945,0.3883146682388067,0.8840786811020713,0.5434507787867134,0.058831440280357576
-0.015015828148095484,-0.006446914384901907,0.0036543542913558056,0.005135604984916112,0.38254075255506725,0.8521915807451785,0.6676851084432485,0.20273806667502625
-0.01525708739287445,-0.006837128483396868,0.003257939535910423,0.005406221156206045,0.38949706684020446,0.7559971733367704,0.7125322072749406,0.31350704479151187
-0.01634181937330869,0.0014324765396746607,0.0027720831764235505,-8.333635238050475E-4,0.12942769843981092,0.39235168745568755,-0.033622944993464576,-0.16220574156083803
-0.019370742792980854,0.002219660070029874,0.0012147745051722134,-9.225355651340406E-4,-0.009667051768377328,0.22998382603945391,-0.05835845879988555,-0.12036994846016967
-0.014249883398387241,-0.0016514588555954367,0.004092498767284865,9.935604982523035E-4,0.2171050990286425,0.5085912857264495,0.009099233245224396,-0.17778880865522323
-0.01611157420474566,-6.812875748307198E-4,0.002896292743216126,4.0214015250625453E-4,0.13326822511188025,0.3941116874531261,0.016187980530723338,-0.16161916809769566
-0.014578181906332078,-0.005031987018651876,0.00425959547831353,0.003712810105666607,0.3635394445882415,0.8705338365950263,0.3443730768845374,-0.10539320965760798
-0.014505632012795287,-0.0034646687065131633,0.004144202492045745,0.0022964883073662225,0.2675633070680828,0.6429503778289553,0.10309342805180798,-0.1863476389651526
-0.015027281195908867,-0.011042427114011906,-0.0016360512508965732,0.007889896550227302,0.5560614891447017,-0.21605940789569922,0.24357240962376184,2.442862167402281
-0.014879595159429932,-0.011090665429940793,-0.001810211958469621,0.008130206453953218,0.8142273493677372,-0.1996601452245387,0.2206910112093757,2.696181220735934
-0.015152465474825821,-0.010999084812359913,-0.0014918172896361684,0.0076979281510619595,0.5264370948828038,-0.19998248239751207,0.28247727066237827,2.2553817288206393
0.002059568878619804,-0.021945798739241282,4.952877669241279E-4,-3.752464417443571E-4,0.15315754200684417,0.1310280741151935,0.025061365578743944,-0.08872081218296783
5.57103851599678E-4,-0.01880649451303871,2.525184411577731E-4,-0.001463926350652879,0.04375089021843936,0.37895743189675407,0.0023278744476608174,-0.14851150048183984
-0.0012793814301182255,-0.016863159744672954,-7.175110633187171E-4,-0.0024562083882478662,-0.02282384536977985,0.40621901539008315,0.008285421090955645,-0.1676009707965738
-6.938893903907228E-18,-0.025,0,0,0.31969811344219917,-0.005420515230685245,5.8847717497092116E-5,-0.005320389955344419
-0.005855414464876169,-0.01572934835074034,-0.004135361343393256,-0.003083711468542787,0.0029486554370820595,0.7687241530455485,0.061414082635422126,-0.20551778794598835
-0.004343359868940787,-0.015776599561719666,-0.0028538877147703087,-0.0031735234563643857,-0.0310953320889896,0.5354831466671875,0.06500260775414046,-0.18510257953666884
-0.003535713989622279,-0.017385742074039104,-0.0019310267822968605,-0.002126904914297949,0.004391216254118494,0.4747651336658562,-0.012477835103090156,-0.1714665496106735
-0.006627811668751791,-0.016288752881717952,-0.004466396497483992,-0.0023869141271716356,0.07124410462460162,0.8033284850447288,-0.04253240430033046,-0.2046368309425516
-0.009927323964109858,-0.015459624813991088,-0.007452234656639933,-9.686421623598578E-5,0.3658268906621411,1.652153486455255,-0.6432481824527332,-0.014032437090783051
-0.0087343493542365,-0.015407241199327359,-0.007078375948393929,-0.0016502113912274044,0.3126483771977315,1.684261346893933,-0.25437747940306654,-0.19903514485278903
-0.008575684800794129,-0.015451143055089742,-0.006897297978400896,-0.0017939060121641489,0.2848292900493082,1.608554405525502,-0.2146199246485374,-0.2069779116298756
-0.008902762396984884,-0.015454812678653673,-0.007112482249500227,-0.0014237714099126538,0.31983621138893975,1.6669184212019488,-0.31100071379958644,-0.18154816945226293
-0.00778848787403859,-0.015686950398934064,-0.005950683327064276,-0.002300909824322477,0.16486069472265139,1.2441039272275607,-0.08736255691652167,-0.22149502691973647
-0.007250682731709605,-0.01606407414697635,-0.005129909594597865,-0.0023109026768637314,0.09252803884389771,0.9609372196575962,-0.07238662168224641,-0.2097747278348794
-0.00838423653094661,-0.01562899137539701,-0.0065030173649693315,-0.0018544703559524465,0.23156113966471142,1.4207892721999578,-0.1974109103347261,-0.20692813357466716
-0.00814695020515873,-0.015856834001845895,-0.006039678593803779,-0.0018903597297549011,0.18678523525215454,1.2255168639869538,-0.17045575050088158,-0.2037467517944181
-0.009742392232218509,-0.015472934966694656,-0.0074098984668286355,-3.4501540875023657E-4,0.3596856496187176,1.6655341901707865,-0.5837235296273723,-0.054352110663078435
-0.009087870486988718,-0.015479097077730706,-0.007176444056800585,-0.0011883804795189783,0.31956494290638093,1.6640682943999796,-0.37303689570258197,-0.15995840886138513
-0.009493263476708882,-0.015445423391135034,-0.007400296920000744,-6.839733688384751E-4,0.3588097104281471,1.7146096672322721,-0.5061526802371258,-0.10367683494045951
-0.009286315569049653,-0.01549060157241395,-0.0072493363634608616,-9.360918547559614E-4,0.3362062721902552,1.6660753281598328,-0.4369164790603241,-0.13325816128152934
-0.01139495244676372,-0.014801469324203571,-0.008001500041180686,0.0023134309432212134,0.33271263682248514,1.7138627976876497,-1.2908103228554788,0.6349028298044275
-0.011334967706066075,-0.014951256374606703,-0.007790043932195908,0.0021024684995417774,0.5139364323457735,1.5919315640651044,-1.173793617978758,0.5099169073558957
-0.010188115834157803,-0.015272816918301605,-0.007784131434162109,2.7838941740157265E-4,0.4255740340138821,1.8150106391634633,-0.7717632605197702,0.051517456259936874
-0.010329882503935588,-0.015224020926823796,-0.007852035942350035,4.963571502703741E-4,0.4348069778532119,1.8294583271357954,-0.8320313272620877,0.0955500915727509
-0.010116336762094454,-0.01542213600802644,-0.007517656824589572,1.6282091130185512E-4,0.37623286446180965,1.6530199860720025,-0.7083623404977805,0.03223823814669601
-0.010478374486937829,-0.015270873254477372,-0.007727623797886783,7.012455453253029E-4,0.4099966692023776,1.7157437061312686,-0.8595247444577524,0.14129831121249822
-0.011279489159462457,-0.015074104581169987,-0.0076304357806003375,0.0019233909294181502,0.41748189287087706,1.5042158909760344,-1.097441062857039,0.45493562925160147
-0.010670063206436773,-0.015245230320156353,-0.007705726870523594,9.8479607966651E-4,0.41877355176387754,1.6640670102019068,-0.9175172709280667,0.205892929738937
-0.010823594548947425,-0.01518221957617171,-0.007746962390916959,0.0012311423451669416,0.42920132308006825,1.6600228522427656,-0.9780634513954162,0.2664716017755813
-0.010977358285366593,-0.015190980941796536,-0.007644815271863705,0.001438519751488506,0.411143380898543,1.5682405296745083,-1.001870981600054,0.31966512170049816
-0.011150677496091636,-0.015134608043134915,-0.007626672410104917,0.0017083799508874117,0.41705876655084867,1.5254408900968155,-1.0530886530638188,0.39285120178660066
-0.015259041667677518,-0.00986561836142825,1.9923128172476238E-4,0.007813430709556687,0.5062231321937428,0.03276973865671559,0.7671396108449468,2.002579841707198
-0.015291126780969094,-0.010011854034534626,-1.8331905887099974E-5,0.007760423468115846,0.5043459115851799,-0.007544837235149306,0.7036896387382837,1.9987492406891227
-0.015311669476075887,-0.010180441616329805,-2.63134057953484E-4,0.0077131331911753425,0.49765468022595244,-0.04887402871381086,0.6344869320638137,2.006982827455339
-0.015235781201913446,-0.01085378686964304,-0.0012443674265281205,0.007635431673785447,0.5021643876277812,-0.1767872773604656,0.355213732378799,2.1494601434534917
-0.015215879918254058,-0.01067327191063297,-0.0010008874277651731,0.0077572982546442555,0.5180357986314387,-0.15362113766037724,0.4333371956182619,2.1915467277695257
-0.015306131876179513,-0.010353755399322187,-5.137597596243912E-4,0.0076951444388161086,0.4936401352698856,-0.0877129268905233,0.566009053534336,2.0418459456221787
-0.015288199877383273,-0.010519744319858196,-7.555279123967294E-4,0.007683483491934159,0.4912611504786754,-0.12153795357606283,0.4983828784871544,2.082086674275686
-0.015329329989045416,-0.009506221311333893,7.027166906933747E-4,0.007609633597628014,0.48634602726477244,0.14180810736223057,0.856874929636802,1.759565259453609
-0.015343734933963486,-0.009711974842134277,4.0942726103973266E-4,0.007634638388258606,0.473918111364176,0.07909482625470086,0.7934571626731151,1.8237991474994841
-0.015462774368742122,-0.008552826030797253,0.0018115578563081363,0.0068639230800429645,0.425889646649847,0.4080060281994314,0.909140044093095,1.102121649222592
-0.01538079216326821,-0.008889671264269887,0.001487087154973118,0.007225558366728405,0.4522302466215075,0.33188834699844993,0.9426260276490073,1.3783020851234637
-0.01550747523892806,-0.008730381063620216,0.0015874287107704543,0.006921785966458316,0.4028300413301366,0.34907853860226357,0.8843291207413643,1.1604057880427787
-0.01541430844293513,-0.009138683313000197,0.0011589472157861982,0.0073109211112444275,0.4486923293054198,0.2496340391125069,0.8984402834490898,1.4777536966116978
-0.015509476825462628,-0.009371630378568089,8.21061221359714E-4,0.007250047163996888,0.422846906754568,0.16849204347004346,0.8166691492255299,1.4820614621495716
-0.015284611095209802,-0.007706661062865928,0.002735796590297331,0.0063344298297587625,0.40259012314591475,0.6593805813706245,0.917900082873757,0.7375386969523257
-0.0154944725576085,-0.008316968182066096,0.0020205046255195257,0.006633989758463185,0.38203899241425937,0.461353328808959,0.8882044538818769,0.9428606047279412
-0.015390777985209589,-0.008047774545713843,0.002361017558496199,0.00653793168722782,0.42706937354696495,0.5553698289934768,0.9145787874535911,0.8628067956000093
-0.015525392990045236,-0.0072226238361855705,0.0027969028180267583,0.0055839054939808295,0.33467126158962923,0.630580538890925,0.7205815331911786,0.4057004394909588
-0.021989124250592285,8.98073983262726E-4,3.736206588151703E-4,-2.1617436266555746E-4,-0.15467884564552067,0.11944279001221304,-0.019686729713445372,-0.0865401795047512
-0.025,6.938893903907228E-18,0,0,-0.33278204560873936,-9.346500123241268E-4,1.0466472411362587E-4,-0.007678296076404971
-0.015546600515968395,-0.005655542198700988,0.003250004345344343,0.00404446142527324,0.2646552048348391,0.6581430120601551,0.3949205564403134,-0.0230146361867218
-0.015728319510490925,-0.006528679559002851,0.0028972293070360857,0.0047450279069167454,0.3006175787631709,0.6063357855819075,0.5350855800372804,0.15212005305365162
-0.01858880069829728,-6.165301753687914E-4,0.0015781543879366468,2.857350470720185E-4,0.015848757906690745,0.27095665424351556,0.015144774776550197,-0.13891213271370192
-0.01659589119827772,-0.0025206126957760156,0.0026289936695642643,0.001468210115407905,0.12876342313807299,0.395914241238257,0.07386381475143212,-0.15701960082826547
-0.01613686322918245,-0.004400038536565427,0.002900330195545316,0.0028147390625941787,0.1784246870704934,0.46760631246285017,0.19453313809422612,-0.1251180489221537
-0.0150034913041155,-0.011196325879658,-0.001870080845446294,0.007817718332556413,0.5339915928133506,-0.2290878253226167,0.1633819510770161,2.4382900738604607
-0.014842921746160493,-0.01124342629880737,-0.002065209303168888,0.008069120451546017,0.773114329696734,-0.2113238874882867,0.1293405938790406,2.70344641810324
-0.014971778084562355,-0.011353568631903913,-0.002108239294241929,0.0077402041406576015,0.5387384996828627,-0.23713162508809452,0.08138521585869551,2.4322304520481537
-0.014801469324203571,-0.01139495244676372,-0.0023208055797084137,0.007999331426963815,0.7143968522274525,-0.2175334979942943,0.037836315447580496,2.7063658480203294
-0.0149298821674192,-0.011511767348291816,-0.0023502969702153815,0.007662228588313571,0.5491679652431812,-0.23976652354169592,-0.002357023845198347,2.427565500587935
-0.014755282782341356,-0.011545084353673888,-0.002574159505254796,0.00792144445197722,0.6607124856237945,-0.21795445282044326,-0.05353788668256982,2.7048172246461224
-0.01515513778447141,-0.011143013825499341,-0.0016834622716143585,0.007596676283489837,0.5225290794687795,-0.2113921306756704,0.21949207757724576,2.2198605729943632
-0.015299430682923837,-0.01104792842638038,-0.0014648912169326017,0.007415096106669458,0.47642779841838806,-0.1925330590773864,0.2803752551302526,2.028893952065817
-0.0012950874523945913,-0.02197437189603603,-3.1003498023780216E-4,-3.7077562424932996E-4,0.1615223683000252,0.13079018934811185,-0.014012103031407848,-0.08937201533697815
-0.0025859489871309874,-0.01952067180210862,-0.0010414893716805178,-0.0011317114119773419,0.05854586254479472,0.32747843391355347,-0.032376813029659425,-0.1362286405177888
-0.0035489994304471924,-0.025,0,0,0.28138040894472666,0.009115073149350597,-0.06170769519577487,-0.004913340608661245
-0.0047351634560260465,-0.019021360087896084,-0.002066745767147323,-0.001219001271851116,0.04197558230250136,0.372421234967641,-0.06833697359028049,-0.13864772321667868
-0.005774167241927793,-0.0173322804979547,-0.0032798496339909544,-0.0019136357599944596,0.01969746590082458,0.5847477671173006,-0.0750266428245009,-0.18095239551306877
-0.0071588075126746385,-0.016942429337727865,-0.004348433960256105,-0.0017532943014319255,0.042237619007972786,0.7334361680949258,-0.13235675456823995,-0.1824054236688936
-0.010035694874925578,-0.015571627918329747,-0.007259523941244725,4.899759164189695E-5,0.33312829130311017,1.5202583975099673,-0.6551209764053711,0.012733022657185598
-0.009874672695918383,-0.015648883381015964,-0.007125497140556374,-1.54131534037783E-4,0.31382786904812426,1.4742019104024788,-0.5982435993442751,-0.02126776548421643
-0.008705129081452065,-0.015674924105376516,-0.006657665274321081,-0.0015058833058229277,0.25803646911266626,1.4401783128343493,-0.27819903938124285,-0.18426871125414793
-0.008957682033191534,-0.015636995486112186,-0.006858163183632674,-0.0012574177035955172,0.2802036908911485,1.4985329411050634,-0.34194547570488915,-0.16312945558141692
-0.007899498869271979,-0.016311059537356686,-0.0053695041892862505,-0.0017590145369898843,0.12843860441533875,0.9705433907747396,-0.17650270296969847,-0.18846893009732596
-0.008481819829454045,-0.016080682819306597,-0.005985006960573763,-0.001475827646462708,0.16851452566688163,1.147636236908073,-0.2528619933089516,-0.17620509403799475
-0.009659835005868068,-0.015689898955194466,-0.007030514706524576,-4.127876887076569E-4,0.30388673162957236,1.46283681798231,-0.5356149214665115,-0.061516867251053146
-0.00917570489110099,-0.015735327423798694,-0.006811441632472344,-9.671100644161498E-4,0.27853020056009054,1.4327330930268343,-0.3999261048377781,-0.13284227721312813
-0.009410566743483948,-0.01572204988495228,-0.0069165698307158555,-7.022664999347914E-4,0.2836845617718646,1.4463018847893039,-0.4652817021175936,-0.1011523765762559
-0.011545084353673888,-0.01475528278234136,-0.00792484337866265,0.0025634458014854753,0.34154613575034026,1.6343434662311795,-1.3247798335399588,0.7182173584036078
-0.011483284491822461,-0.01492238843581762,-0.007701097712512901,0.0023233973442515336,0.5126527034006106,1.5120244488061407,-1.1965873049619613,0.5746286913928736
-0.011416940916714677,-0.015084163038457249,-0.007497716667194647,0.002088187170980641,0.3959521059406769,1.400924624281646,-1.0978901893568824,0.5023039571245862
-0.011693686304088879,-0.014704405031812397,-0.007837938564503485,0.002818002464445654,0.49377863692133883,1.5528969071769028,-1.3537357095418923,0.8049632103594532
-0.01164336766344029,-0.014886519730184405,-0.007596348911348058,0.002556768978355738,0.4861879032858872,1.4246821240718968,-1.2158560793374387,0.6449664331878006
-0.010338696905218773,-0.015431198779973569,-0.007472923281758031,4.668342566976116E-4,0.3695199047960553,1.5798578180842695,-0.7683314489145417,0.09252078576614543
-0.010186108551675212,-0.015568750224516969,-0.007256532596087287,2.447584383435468E-4,0.33588639293905087,1.4917616358662147,-0.6955909334291505,0.04831432164835698
-0.010578691712097178,-0.015451441291513109,-0.0073759300925264615,7.833149934115387E-4,0.3545783373477212,1.4793283062496547,-0.8180795547628793,0.1588668888241097
-0.01130491564519296,-0.015216522143228502,-0.007374848438188337,0.0018424084784373336,0.3798098520882261,1.3498449806163235,-1.0212950101856322,0.42662213143350575
-0.010856450147284005,-0.015373252409464595,-0.007397009081421129,0.0011792298030088735,0.3650635670579054,1.4401362840878495,-0.900300419411008,0.2516506703096674
-0.011112191196455146,-0.01532050536147939,-0.0073416179114106075,0.0015328895084806664,0.36513338346007873,1.363736036502076,-0.9552163437099229,0.3399600857069334
-0.011805568118774963,-0.01483236392476621,-0.0075011351811440615,0.00280418780019552,0.4578913469790122,1.3451089582983125,-1.2386646104502945,0.725063559315489
-0.011840618209004684,-0.014648884232660607,-0.007743921214462206,0.003067253220106657,0.5844345730988196,1.4714534038989797,-1.3774020200076385,0.8928070594089395
-0.011952075373697517,-0.014770316718089673,-0.00741832187894382,0.0030371194815971246,0.461951585251207,1.2765628515597964,-1.2604815511125416,0.8055635421460509
-0.015446504234124251,-0.009917349228259337,1.1101854877521799E-4,0.007474910607531665,0.45547900642616984,0.020556824768722944,0.6975846097548638,1.7545120950469355
-0.015490378075673404,-0.01009305031930427,-1.2773389730314028E-4,0.0073986909387598965,0.43584614271605276,-0.021990667921250484,0.6309112758725561,1.741944905153541
-0.015412242359738154,-0.010922421197903867,-0.0012428441720797251,0.007297790622256657,0.44665815672493403,-0.17141356413405437,0.33903666879486083,1.8959772290776424
-0.015486381231298883,-0.01028480709382272,-3.850771637483251E-4,0.007386459015831119,0.44275037977345005,-0.06445318301949281,0.566095200490402,1.781517202112328
-0.015409759431730268,-0.010706412204153987,-9.657128220817878E-4,0.0074013184351869946,0.46089230195617714,-0.14372494612092399,0.4194957643809056,1.9111385438569555
-0.015463927433737056,-0.01048801194211245,-6.598566261263309E-4,0.0073820799147047015,0.44380496256661367,-0.10440551927196577,0.4977183799961991,1.8321108224358575
-0.015564499258485517,-0.00958002236488607,5.393242505592659E-4,0.0072195728674600895,0.41727035360435155,0.104966581340304,0.7507090617703915,1.5046982336116914
-0.015555010810439413,-0.009782095426290847,2.8063294251316165E-4,0.007273139064403855,0.4155212303378194,0.0530547789137912,0.7048758947572167,1.58263834621674
-0.01577992903862519,-0.008542787739024928,0.001601269864905204,0.006404706540027,0.34369184922152485,0.33818535899478025,0.778567013579171,0.8804243980353527
-0.015658382863681392,-0.008907664286332067,0.001303638663795289,0.006798154711573807,0.38815345495968456,0.2708178245997881,0.8063854402272798,1.1201693386277454
-0.01575181615990757,-0.009207799553379558,9.247740751840665E-4,0.006799151931126305,0.35589324046476606,0.18246124126132413,0.7416777617456,1.1684307935556024
-0.015738322534355653,-0.00946227958766818,6.387272785541675E-4,0.006905485392590579,0.37035802236035326,0.12234222961387395,0.7102118586242079,1.2741269866450804
-0.01587475908752478,-0.007931679546053892,0.002044449622669824,0.005850860470930568,0.3162561921396381,0.43163738444753585,0.7111047776465494,0.5767117072246147
-0.01617936331015573,-0.007118388485989403,0.002258452511944337,0.004925330563319229,0.2134481435910916,0.4547110561952391,0.5334483507915426,0.23632736050120456
-0.016282881482249018,-0.008407097853715061,0.0014153724453465184,0.0057014460243630435,0.2487227790248261,0.2778646411347828,0.617599663490784,0.5864629993750854
-0.022000695474535353,-0.0021709159774514434,3.666854558951049E-4,5.166446544578842E-4,-0.13983315954766454,0.1145035265988872,0.04512933983733613,-0.07855494007260112
-0.025,-0.003548999430447187,0,0,-0.28089925020477124,8.937846898686395E-4,0.06661828352585338,0.01092542175717596
-0.016922718339628648,-0.006125604962240236,0.002058871925559905,0.0037067278257377485,0.15498164728688882,0.35902570955908725,0.31093654483974564,-0.0031526373521270873
-0.01875638212843262,-0.004104903248487938,0.001386969647219422,0.001872996559929504,0.02999984763618505,0.24496496259677386,0.11997012928276439,-0.10889099673779078
-0.015145210205277143,-0.01130567110020487,-0.001900375005350875,0.007491003571594458,0.5126507804782151,-0.22079224527078953,0.1495817004979673,2.188872294854793
-0.015111878688712686,-0.011472281781321238,-0.002132389274143618,0.007405460187074639,0.5042688459547242,-0.22731017277624585,0.07527534769153511,2.1786123887987228
-0.014878523452329814,-0.011667929783109737,-0.0025931024068406613,0.007584377510140691,0.5586872800645896,-0.23679888684802228,-0.08670660435574627,2.423952620427656
-0.014704405031812392,-0.011693686304088876,-0.002824068079403601,0.007835835363123857,0.6335611111639141,-0.21242473562911476,-0.14471915452363995,2.6980931139914404
-0.015060360672365403,-0.011636787092978407,-0.002371402133840706,0.007333808405941277,0.5010739462544542,-0.22989043298088216,-0.002484536172531568,2.1825169332677166
-0.01531794099326304,-0.011237681794798057,-0.0016881932570864983,0.007260454045840178,0.45559438199970276,-0.20602309440044395,0.21047754731592436,1.9657797314443572
-0.015506591164664777,-0.011125860176464499,-0.001435721269373292,0.007034446694797846,0.414039997251991,-0.18553625511404756,0.275206708804041,1.7575759223097531
-0.01481991176543338,-0.011822229895784459,-0.002835615666410493,0.007502534387742929,0.5741286047695883,-0.2283659760539738,-0.1709948871485356,2.417988353813817
-0.014648884232660605,-0.011840618209004684,-0.00307293885002803,0.007741730562945846,0.5068301967967128,-0.20082849372512598,-0.23589441736022218,2.6857349241672526
-0.014747232078438506,-0.011971480580109979,-0.0030841249744641246,0.007428793831228498,0.5804767268047324,-0.21388538770278465,-0.2572193164056449,2.4218697952967045
-0.004928215105949956,-0.021656448733499915,-0.001229715170319315,-3.777731934250071E-4,0.11598298992825065,0.14083072598639146,-0.06080007016572441,-0.08501397762759656
-0.007110403506374536,-0.025,0,0,0.15594765910313457,0.0435969182518873,-0.10944341672858242,-0.0021743122711567475
-0.00653702504376076,-0.019535808726418108,-0.002516632500242151,-7.881973240568433E-4,0.04065042847576323,0.31329463362665316,-0.11529929587286492,-0.11379793874986414
-0.007431440847291661,-0.01810675196441179,-0.00365224637744173,-0.0010695484004028023,0.05248322949185464,0.5155217503068706,-0.16921917827624045,-0.13105897761515828
-0.008012124048790412,-0.017091350160205316,-0.004683686091415982,-0.0012569142036558797,0.08938537934376203,0.7445842985616343,-0.2154183732680936,-0.1494516695770028
-0.010079034535704192,-0.01575309905334851,-0.006958442665343554,9.849902497014632E-5,0.30117442358193536,1.3416117992293481,-0.6297763274538961,0.024559726140518715
-0.009854465133727217,-0.015841550858860187,-0.0068160916823259655,-1.651492652099801E-4,0.26284858958730006,1.310959272696961,-0.5630966152446044,-0.020386230058238242
-0.008899368624556744,-0.016064602123749046,-0.006219212073713216,-0.0011060108371168402,0.21307932444848213,1.1851512636986958,-0.33473759664988467,-0.1454537528625335
-0.00863103192307713,-0.01661319000784968,-0.005439458449530802,-0.0010962617242967305,0.12153283156754564,0.902218990961399,-0.29017339340907644,-0.13642932835226043
-0.009581584049910444,-0.016003878833582064,-0.00653101146926197,-4.3769644323716096E-4,0.2591845828317911,1.2043776069139034,-0.479006216460057,-0.061121780274179194
-0.009266697468265653,-0.015967169133589473,-0.006498831495076905,-7.838518152288724E-4,0.22392484723815448,1.248630910041748,-0.4169514136631392,-0.10697823290999472
-0.01157711143589525,-0.015071026654899462,-0.007372608232672116,0.0022916887185242163,0.39160938980703847,1.303089102508751,-1.1057914467915972,0.5625972903831135
-0.01148520728350634,-0.015248125012586704,-0.00717977771865256,0.0020286447432646456,0.3574999852860216,1.2149636010862321,-1.0102621219988277,0.47502001919669956
-0.011755820409671219,-0.015033555420982503,-0.0072530322641675095,0.0025287926438389047,0.3910132538470826,1.2106193296450962,-1.1186185956088028,0.6344991702697248
-0.010417569486293096,-0.01572692969181999,-0.006960548392902112,5.089060686867352E-4,0.28924388882558344,1.2832833540779076,-0.7073818265031685,0.09916302937993451
-0.010754640214769802,-0.015629259475710998,-0.007019507649830352,9.42626145585391E-4,0.30360996136722157,1.2510694714618993,-0.7904759562932445,0.19245106430253775
-0.011325752848631054,-0.015418470099005007,-0.007041811997606535,0.0017170087156307388,0.3146266771839987,1.1686172568290327,-0.923711902405543,0.38117870852533914
-0.011065757457254051,-0.01556252642157225,-0.006983589531233008,0.001336983062618042,0.31351578372565564,1.1811764191501626,-0.8476960494886718,0.2803286093477851
-0.011927322137941086,-0.014958358668985237,-0.007177765892311355,0.0027888513933001647,0.39943919944249795,1.1466561795203711,-1.1444089894650575,0.7165514052627917
-0.012061319779039544,-0.014868972239077972,-0.007145813873568929,0.0030243987600216808,0.4116907100348691,1.112530011040506,-1.1772816343908121,0.7954111955955679
-0.012104837279184417,-0.014709406515152741,-0.007309979147991904,0.003268018412077731,0.477415734126797,1.1941104786459957,-1.2721872008075594,0.8868566772528542
-0.011985736283431544,-0.014588774500088612,-0.0076453383374584264,0.0033054351931095225,0.4921607661662963,1.3888523058208964,-1.3952611806807729,0.9804456589433389
-0.01568582754262308,-0.009944694239572447,6.397910554075508E-5,0.007068399735671038,0.39413119827971005,0.01091490881092367,0.6266461129455995,1.4838457386905277
-0.01565601882187139,-0.010178305833053732,-2.270130957732118E-4,0.0071117668747318645,0.40092273755228447,-0.0372130691202252,0.5727486906242745,1.56239793949959
-0.015609649317458445,-0.010878118312877437,-0.0010951049564157358,0.007000629330824379,0.3895123249720884,-0.15316764284710602,0.36020722175290265,1.6648310286362376
-0.015696142167607428,-0.010416296660051767,-5.156353987313531E-4,0.007012535093155025,0.372364500197278,-0.08132111934006463,0.4993602223614852,1.5560348493891423
-0.015597078498167525,-0.010647072701477108,-8.209113976981276E-4,0.0071103272233301335,0.4159557332967462,-0.12251664326471219,0.4356191258130927,1.6799460073568273
-0.015864094692812244,-0.009741569677287357,2.8871408629019794E-4,0.006763843915906306,0.34122601671261815,0.05026001879805751,0.6206456388181777,1.2440112184203873
-0.016188609288668616,-0.008956158016160272,0.0010024565441000496,0.006077080162533105,0.272831700809991,0.19139106240631287,0.6338322128644144,0.7909236666429359
-0.016001797004342008,-0.009410381738548553,6.26001401644403E-4,0.0064912334379885125,0.32004378189515814,0.11259998995063294,0.6422581452234296,1.0641300338001103
-0.01695852611800842,-0.007773460430463546,0.0014509270400875317,0.004657076750113982,0.1883103262907612,0.25541749772340155,0.43077752358200216,0.2352442874795871
-0.016741428047986114,-0.008763471920913013,9.534378452189487E-4,0.005341487613890826,0.22058286262793306,0.16342827479965963,0.5088995563540253,0.5343514728621538
-0.021932988002203228,-0.00558331412157511,2.973413746773824E-4,0.001265028641300941,-0.07740727003628965,0.08595531860455384,0.10843036504579319,-0.033988993722299195
-0.025,-0.007110403506374492,0,0,-0.11878425130833274,0.005858974384938875,0.1162114252227423,0.04807608919094147
-0.019116717956903687,-0.007317306270438539,7.410832953755599E-4,0.0029732417389036277,0.04929756392437913,0.11970716424000939,0.2127313564109852,0.026360964150732576
-0.015307751314457411,-0.011430058656418,-0.0019205616743125115,0.0071339157141944096,0.44294294470226886,-0.21628279901435907,0.13924910120396963,1.9269146770975112
-0.01525456300133753,-0.011595485030433625,-0.002147606833792018,0.007077717693159606,0.4424226440621461,-0.22298309135239,0.07072005651669701,1.9383444191741133
-0.015004173786713313,-0.011798514650003642,-0.0026061618619156774,0.007254606973852887,0.496601362074125,-0.22758407012152257,-0.07988348729536504,2.1810588563234696
-0.015189651825048063,-0.011761585780136275,-0.002381564251581278,0.0070216870437374845,0.4465678527357824,-0.2253571685552839,-0.002067249866412792,1.9539742819050778
-0.015481685655026424,-0.011367707582614052,-0.0017229260888030095,0.0069176027682579175,0.40315576444183693,-0.2044301893846551,0.19232310400107522,1.745249264014344
-0.015644643347334754,-0.01129888273124271,-0.00154345091737472,0.006724670918983098,0.3654841579384279,-0.19053175782197304,0.22769765045697582,1.5900766519853597
-0.015769087426837837,-0.011111209067112798,-0.0012762796674293147,0.006649179456810963,0.3610666702625647,-0.16751327004807146,0.288021105665527,1.4834354348692151
-0.014936291625474163,-0.011961151917419085,-0.0028493234882695155,0.00717357395122152,0.4922968014354872,-0.22025973223782655,-0.16060512365806237,2.180869912573529
-0.014825124364897961,-0.012095274088935515,-0.0031115171074369997,0.007166857523246894,0.5168232790991355,-0.20718377632178236,-0.25264443792205765,2.2369110630372604
-0.014684603432459318,-0.012131085506919449,-0.003324616449329031,0.007310762097289922,0.5389526601826286,-0.19423691062937423,-0.3433354537844377,2.3891962886099845
-0.014588774500088612,-0.011985736283431542,-0.003305277153873113,0.007645435459344439,0.7306898690494837,-0.1830445564444394,-0.32490371043301325,2.6677172644373806
-0.008670478746548338,-0.021646737820090585,-0.0018139339084292491,-1.1951106065825067E-4,0.03552803345861127,0.1018751815436356,-0.11570435632143526,-0.037251883150573574
-0.010729293840437248,-0.025,0,0,-0.03359544346210891,0.0575865363219882,-0.12699585198982116,0.005822752747349076
-0.008551636655128977,-0.01927172834673712,-0.0031651835369140456,-4.135012964002533E-4,0.03846726963517118,0.27381068790930324,-0.17756799831498582,-0.06949071220626718
-0.009095913205190992,-0.01772082055386688,-0.004459007582719835,-4.706010467498316E-4,0.05579231166888643,0.5584544960297101,-0.30235062463935986,-0.06859851737840637
-0.010102049926787047,-0.01615317644189312,-0.006355986261964272,1.0397568868181914E-4,0.1921320059178024,1.025144499861261,-0.5527036686937198,0.02387414013653352
-0.009405677608546454,-0.01653119686302574,-0.005775733831208991,-4.912388489637385E-4,0.17976477518348363,0.9134092768695999,-0.4003901058479942,-0.07307368306058286
-0.02065270991410364,-0.021149985792090167,-2.543273462196454E-4,2.2782618541641053E-4,-0.010873494358824206,-0.052167691836765596,-0.006828347168581867,0.060837616493052304
-0.025,-0.018733575722169347,0,0,0.15570129944766983,-0.003967611884475781,0.027867830306203392,-4.5513983066467633E-4
-0.025,-0.025,0,0,-5.630837514337454E-4,0.010309194039747662,0.0013668059973049932,-0.010436426021004058
-0.018733575722169347,-0.025,0,0,-0.16651890896765703,-5.536067610646534E-4,-0.02538899692723072,-1.0530047603112166E-4
-0.011684274131874011,-0.015256190955169049,-0.006994611681851992,0.0022379448386981664,0.3369649051043993,1.089137494780129,-1.0010441481192827,0.5303595764142796
-0.011553085131047764,-0.015439130458968003,-0.0068405160279261384,0.0019474149051641443,0.30347636826752106,1.0353532083512018,-0.9154727836959952,0.43683947341034707
-0.011896517720682221,-0.015196229057059061,-0.006878154424546256,0.002506939757685827,0.339143085641366,1.0019652728227852,-1.013398592318394,0.6060616819183534
-0.010869618633197258,-0.01604056316236173,-0.006364958683108541,9.267851447116065E-4,0.23198303474666898,0.9124073515243669,-0.6654924288424081,0.17053622827714057
-0.011433360378330062,-0.015724011196195212,-0.0065291380360425,0.0016204537360893047,0.22945785550149012,0.8908318213912113,-0.7898714256129812,0.34012066806839975
-0.012101023002456893,-0.015044620529279813,-0.006864484340474593,0.002856104693768414,0.35732242223880256,0.967961252512667,-1.068410043376863,0.7229031574699222
-0.012250654861925116,-0.014864712455965285,-0.006918388486439248,0.003199118228980613,0.3893472658624812,0.972486251494728,-1.1396905812988738,0.8467886731363513
-0.012258077342381282,-0.014641876610941261,-0.007193072150974857,0.00350038422015268,0.4659463754458972,1.1129239377446654,-1.2793071859610894,0.968323911589612
-0.012128895840071584,-0.01452413555302291,-0.00753783770913025,0.0035437167368536165,0.5029272585511804,1.3040570215671157,-1.40759494067034,1.0697319306093795
-0.01602667646653317,-0.010166037358639475,-1.8640719482457965E-4,0.006536439080202452,0.31293056291495996,-0.03353820742621116,0.5048400659575951,1.2065313038365828
-0.015946770554036534,-0.01073354503120512,-8.071855697952713E-4,0.006542358837628727,0.3256672362582073,-0.11761288900064247,0.38539883479446085,1.3122071436080935
-0.016519198948562148,-0.00969377655779581,2.5526637690416633E-4,0.005845036114357221,0.24247644816443142,0.042295351771336025,0.49974902404784594,0.7927119617819185
-0.017757924402442376,-0.008986866746430377,5.162098492416445E-4,0.004408889617508733,0.11611496289950089,0.07851317190885167,0.34671527042978956,0.2904192724797216
-0.025,-0.010729293840437144,0,0,0.0834675431077145,5.93522887024222E-5,0.12087353155128944,0.056880036533953286
-0.021616108566580583,-0.00920745346834528,6.305204869373934E-5,0.0018652913245812005,0.020360642875607782,0.00571682126409552,0.13361402003803138,0.057068333459210134
-0.019102409047868238,-0.009403876270782503,1.6497997257111898E-4,0.0033772798376687048,0.08249004606195036,0.021584167911484178,0.22832858172183473,0.16870415303811842
-0.015454871157566856,-0.011582622555009869,-0.0019697803060335427,0.006797712560781695,0.39059004803672387,-0.21554384159432802,0.12174877101264205,1.726142477049996
-0.015355917895671006,-0.01172538781262577,-0.0021938338204239285,0.006819388514256589,0.4091166289770555,-0.22219364697458838,0.05798264031469859,1.7863604682361456
-0.015140303379629056,-0.01194140343059388,-0.0026077479356260685,0.006912626511221923,0.4421665514425371,-0.2227815070894563,-0.07201778438656016,1.9328899593621636
-0.015321245123527089,-0.011867163548367449,-0.0023619205715802566,0.006739851326611393,0.3944165044172351,-0.2240908128767173,0.009546268782917611,1.7748211172545048
-0.015658293870682786,-0.011531061911758338,-0.0017676822554656302,0.0065539433954619475,0.3552473377815541,-0.20309953745142337,0.16348553891227066,1.5392833295274395
-0.015807558619461953,-0.01135857491826387,-0.0015068474197680209,0.006461416864359903,0.32607919685910747,-0.18580693116122282,0.2246554339093782,1.4350496495848966
-0.01609599134882651,-0.011207475387815706,-0.0012139891159773809,0.006158461480231469,0.2705107142692444,-0.1609542232936205,0.27558029214254137,1.2141254259309109
-0.01481555175501404,-0.012264090411384633,-0.0032740169194576383,0.006967303692696387,0.4967441456782082,-0.19344675177473844,-0.29927350002185976,2.136329512640135
-0.01504461329373624,-0.012183080909747864,-0.0029289150299096765,0.006776395458919511,0.44100087227715956,-0.21263863998295512,-0.17128466079608212,1.9196798076921093
-0.025,-0.014410572767669348,0,0,0.20729792486490303,-0.007391094428647362,0.0836551522903718,0.02509662290339298
-0.021428366743388324,-0.012904783138540906,-3.1152862387129945E-4,0.0017160929701681743,0.09841191638294697,-0.06865863199108259,0.09517500174021877,0.135043576202138
-0.02098054645718886,-0.016962276331861294,-4.964269188532652E-4,9.941333996878671E-4,0.0759211803801223,-0.09107611579404548,0.031048948564648453,0.13469083717279526
-0.014627248871785029,-0.012270165024871191,-0.0035299149397971796,0.007197089844996066,0.5597266407039161,-0.17338042937407835,-0.41392698646791265,2.353526685598959
-0.014733396055203083,-0.01241410575595362,-0.003502925753845671,0.006869645788726661,0.48700219876994294,-0.17187322715906336,-0.37491683486342614,2.1221680503993636
-0.01452413555302291,-0.012128895840071584,-0.003543165547786641,0.00753798732665328,0.7359083124594447,-0.16045103137292185,-0.41341562001622717,2.6422097631872514
-0.016525638461032794,-0.021973118386993225,-8.224359499757337E-4,3.020228732746393E-4,-0.09367302820512717,-0.05797124673711728,-0.07036043106993546,0.09278765313723453
-0.014410572767669334,-0.025,0,0,-0.20530660338395681,0.02624922579848081,-0.09104852810577728,0.003888257608326083
-0.012571232237241829,-0.022142861839483503,-0.0014191098283946795,1.92298993686973E-4,-0.06416792483203676,0.005404489382108908,-0.12703523626871757,0.0503237926321786
-0.01110927156357968,-0.01929871102684291,-0.0032038716435753884,3.27972050969929E-4,0.011141655459642989,0.11720575854415119,-0.22163704387944747,0.03907162702869172
-0.010575422863957566,-0.01708713958974297,-0.005123988256153968,4.1914750389014654E-4,0.1154661327373052,0.542645074592885,-0.44664062752778205,0.07046329178498785
-0.01767649884423083,-0.019230944311517145,-0.0012010441786683027,9.203477534596951E-4,-0.013719223300337641,-0.0992457040642842,-0.05366735894292085,0.17493227678910894
-0.01183661665338858,-0.015548810212957127,-0.00645968435702554,0.0021335236831882976,0.2770046326871247,0.8068305172756081,-0.8407513506676044,0.466403274614073
-0.012089837250199707,-0.015304065162787341,-0.006544271972485524,0.00257039251616844,0.2822835656081027,0.8076064832474618,-0.922715396894753,0.6027086500825519
-0.011773515930767857,-0.016277502539531537,-0.005631229172562679,0.0015626599896174545,0.14616472043953746,0.5438607794836522,-0.6263140977223894,0.31330138918990974
-0.012342951537948229,-0.0151654979030472,-0.006443672205435301,0.002918863015997908,0.3191522066200551,0.7363578862878394,-0.9446367563056398,0.7063579293950926
-0.01239518089061991,-0.01473706375804594,-0.0068873022648535415,0.003481170929821323,0.4095474427425493,0.9396056327111533,-1.1773123596007866,0.9485903373161515
-0.01247830703831734,-0.014940460423689121,-0.006543995809175072,0.003278296998326832,0.34319751562834605,0.7681352782079047,-1.0320343052395395,0.8431708560238375
-0.012413099403855873,-0.014569807051709127,-0.007063050566951552,0.0037293569303772016,0.457384341795626,1.0255380109339611,-1.2798505668440037,1.052651064845964
-0.0122699521913998,-0.014455032777517945,-0.007422670671680428,0.003778858402644305,0.4958600895904366,1.2191237168234643,-1.4141125601284594,1.158917803942943
-0.016751173135968606,-0.010754409739147097,-6.326316120559978E-4,0.005497780068083803,0.1979251140184279,-0.08840853452745587,0.33801595141078755,0.813909586319274
-0.017869098282972343,-0.010334498934128184,-1.9507434988187924E-4,0.004411550117377394,0.11728529212066903,-0.043949201559754326,0.2771212770873592,0.4173343273905285
-0.019526802180449693,-0.011221878868008052,-3.623372464077294E-4,0.00304418561837777,0.074603042977324,-0.06268053159220295,0.16755754469958328,0.215326791208824
-0.015559258370875505,-0.01182008214918163,-0.0021144776486500577,0.006468086297401158,0.34366976600324056,-0.21733790563950267,0.0734376164603925,1.5655224103080363
-0.015359594247376833,-0.012076075505580177,-0.0025088909400410708,0.006493754945079872,0.38067307498073005,-0.22247889073689756,-0.03138691526972858,1.659398829481713
-0.015974653027865254,-0.01167297389400796,-0.0016839348238586634,0.006050263789348088,0.2797149049225049,-0.19277088830008626,0.16710205868568254,1.2462932329009975
-0.016479455550199595,-0.011524053037201958,-0.001278612258556717,0.005542938341681139,0.2559996900931003,-0.15693272210466297,0.22355872487052791,0.9432333640611658
-0.014966891679414663,-0.012423844853242579,-0.003210420640097724,0.006586627236345008,0.4268370203378135,-0.19514398832407268,-0.25551038147338273,1.8649254872873764
-0.015299004949614343,-0.012395203534495844,-0.0028155372896797783,0.006244598738870722,0.34330948920410115,-0.21474293266024855,-0.11765629654800615,1.5873289371752497
-0.018785520048642198,-0.012942900876211902,-9.499938549975475E-4,0.0030928639029305432,0.08028240785657394,-0.12134159128379714,0.11307543984184203,0.3225696426970082
-0.019089589950856904,-0.014859105817253332,-0.0010650686321985318,0.002244547170182004,0.06587737081446333,-0.12953303558043835,0.04712278092576876,0.2710032538801512
-0.01802784026227087,-0.01659299021983181,-0.001484780635914077,0.0018729491408245608,0.0426322266639541,-0.13164810870722468,-0.02312903194214622,0.2690722334049901
-0.014816024877278225,-0.012642264981126023,-0.003549162451902672,0.0064735392121396465,0.43072049549907676,-0.16501391316358957,-0.36237486107441313,1.869435059801766
-0.014616669372156582,-0.012534909667717213,-0.003752655832824762,0.006835722761879241,0.5109712226801906,-0.14205187165598598,-0.4661174766587267,2.155185870099707
-0.014545795048999766,-0.012401063623581314,-0.003754992578036558,0.007110030216126828,0.5774455967514162,-0.14504178009360857,-0.4923859217443343,2.3449944050343436
-0.014455032777517944,-0.0122699521913998,-0.0037876188947030295,0.007418226185453893,0.5046935031494236,-0.13241590805009784,-0.5005273703844402,2.610745685924783
-0.014521750645148863,-0.018697797641586505,-0.002539733484809126,0.0012021615477275406,-0.005851556388406143,-0.06470964937545788,-0.1664744678667727,0.20498504417027003
-0.012357623425710729,-0.017353083467843932,-0.004325958695309135,0.0013268033390408955,0.03590892615160876,0.1943282490080754,-0.38947121700353365,0.22153409583206016
-0.016183114288679062,-0.017374027201353233,-0.0022182040795814917,0.0018310661636451286,0.030165461896712497,-0.11731938667814008,-0.11456540675261599,0.2920757559209211
-0.015063207228690735,-0.016961922558268946,-0.0029801780698137143,0.0021044435478162183,0.04020416047334091,-0.07821078970779383,-0.21595401741630652,0.371898352589644
-0.012384839343259854,-0.015638641305646787,-0.005874376918764466,0.0024705919669011276,0.22055799078421168,0.5328928651891469,-0.7575128692108438,0.5491539995653217
-0.012704417548121297,-0.016280900219833506,-0.005012013978395136,0.0021225837691428617,0.11749699903014113,0.29581748675933006,-0.5578064118785336,0.4254687525787263
-0.012696804080887471,-0.015222947599305507,-0.005987394486351299,0.003079761981070906,0.25418607083048633,0.5190694091731781,-0.8406697159567783,0.7365998306255034
-0.012593666436007931,-0.014702478280061179,-0.006655361855556498,0.003668946832536862,0.39691491594843026,0.805695684052109,-1.1310744426324912,1.0026215871370734
-0.012737598963149823,-0.014923378119967787,-0.006235737246355456,0.003463003974580243,0.31965277972207995,0.6149985487227501,-0.9667509460494108,0.8881449370186919
-0.01255424701395555,-0.014481995902840744,-0.006954577073569908,0.003962976093757987,0.4389160689135356,0.9547775534266335,-1.2854279573224041,1.1421572145495167
-0.0127033484186387,-0.01454659723728637,-0.006662228255678237,0.003959863414420164,0.4238600342745845,0.7972088210463144,-1.1816868394839661,1.1205814389694226
-0.012408766398519247,-0.014381534484329045,-0.007296567287200357,0.0040170088547846145,0.6486754809389095,1.1338227736350592,-1.4155675540896617,1.2503458815448962
-0.017439450204021503,-0.01199596023628933,-0.001144456640114259,0.004404496702276941,0.13167431980970068,-0.14695703863862186,0.17604204115293276,0.5955532534639058
-0.015780171827178537,-0.012262632641577093,-0.002277856169544456,0.005841221982762817,0.2755900961876602,-0.21063108534960676,0.017053994584468327,1.257943803161994
-0.016334907394148467,-0.012101856728053115,-0.0017705809718838409,0.005368462066172402,0.20080185999451347,-0.18847983717036731,0.12707052129818397,0.9709860810140224
-0.015165863403710742,-0.012695798972388837,-0.0031514560342575837,0.006051682086821899,0.3462249021262788,-0.19479834462360937,-0.21601021353079827,1.5538587905698955
-0.015500698579201293,-0.012714217795179936,-0.0027985625947335737,0.005712555939945026,0.3138126312722606,-0.2046417767765097,-0.10921560508653542,1.293462205114782
-0.01493765470413278,-0.012875518243832085,-0.0035197920565325377,0.00605410997276212,0.37603301103608217,-0.16291230368585863,-0.3322700082092558,1.623285377885565
-0.017558140570378484,-0.013945262692674454,-0.0016691143167294057,0.0033597044843171227,0.1051268592216446,-0.16869278181389488,0.03738262626929,0.4596111384672264
-0.01707408131407098,-0.015551993998639614,-0.002028281646200256,0.002659229232474369,0.06664850888003114,-0.156571533491345,-0.04960752592403351,0.4050262078069728
-0.014726420379305797,-0.012872665989875047,-0.003796976913835438,0.006251218369753657,0.42148260074487703,-0.13245316672514118,-0.43523045861375903,1.7922146186785495
-0.014582553743437504,-0.012693908673739158,-0.003903931678986308,0.006642856531388657,0.4976796350745118,-0.11999918664603847,-0.5065461402697943,2.0620587309506395
-0.014462602770841286,-0.012551084662005298,-0.00399122049119236,0.006981296997935511,0.5291263745926568,-0.10939712369511743,-0.5745626248131771,2.3084302357550643
-0.014381534484329047,-0.01240876639851925,-0.004012511006163891,0.007299206468427621,0.650665483340989,-0.09874428725914935,-0.5833318890155926,2.5754952916921527
-0.013925331227498297,-0.016677809424232522,-0.003846616002450949,0.0022228802505950152,0.07825361940694618,0.01546774960486363,-0.33265399392595,0.3844667438660711
-0.015402636944744029,-0.015863091490366417,-0.0030826362692436856,0.0028423135858469247,0.07120663048474744,-0.12177168781663003,-0.20081975063070037,0.49241900065906863
-0.013214627390996067,-0.015636803683561917,-0.005084700920209272,0.0028844965139429137,0.1840529583583843,0.23872391645212152,-0.6118643575150758,0.6276407318736273
-0.013045294564727103,-0.015032930937240783,-0.005752889771122178,0.0034792288918081052,0.29389561132413416,0.4095194805630888,-0.8167504746763926,0.8436622447139804
-0.012873922695809281,-0.014718073359542358,-0.006252308060741779,0.0038062012281211938,0.3571756753502107,0.6063411204797217,-1.0191026666310865,1.0188463858625072
-0.013139028054969547,-0.014777793130218347,-0.005845067975761125,0.003833996221726637,0.304316484810604,0.4300185570471574,-0.8871720638256886,0.9845486543379239
-0.012865391972017718,-0.014483117627241946,-0.006481487903264972,0.004141161612803084,0.4195397520167952,0.7025278661515754,-1.1488628999563513,1.1790927863833625
-0.012696889483451787,-0.014389759062434547,-0.006831280492269705,0.004195496826970854,0.4598231638157148,0.877358292717772,-1.2841651181786045,1.2352326471537607
-0.012545204192439473,-0.0143037118419788,-0.0071669177842563795,0.004244081922428244,0.6454687505202023,1.0494967627561749,-1.4119291540242218,1.3413600450331675
-0.014830994067020332,-0.013111518510797086,-0.003758761197320427,0.005843451061992133,0.35277023238044686,-0.13535064360813565,-0.39587344244994505,1.5605610729549015
-0.016210504469412645,-0.01314282101488986,-0.00234743804224166,0.004724637504942709,0.17718587478422582,-0.20051461977568147,-0.019834401641223073,0.8749511599436592
-0.01527956612025746,-0.013160148357644586,-0.0032432687052895673,0.005426652525612558,0.2561384560220133,-0.18235751518655285,-0.21787468671961374,1.2562312938655331
-0.01618316586749653,-0.014677486570358422,-0.0026365603158378325,0.003540227415834551,0.1125801159057422,-0.17248402923787276,-0.11463405399799177,0.6115405972339581
-0.015110195719549573,-0.014849747532087974,-0.003548646492173617,0.003748170559349732,0.14463938290450076,-0.09921584576259306,-0.3052189794672635,0.7588102828142392
-0.014612355688639916,-0.013032555872917594,-0.004025429924898038,0.0061270434782053915,0.4207180467999226,-0.09795370009722315,-0.5066661349809375,1.7697735176993223
-0.014688603708948936,-0.013219797400584973,-0.003982142035913964,0.005807802445416747,0.37467187460582657,-0.10313942132110242,-0.46789196806070804,1.5880330372064348
-0.014509020717071547,-0.012852449499028798,-0.004098221002186483,0.006479507892282222,0.4858112538498424,-0.08859061948144348,-0.5636822169797487,2.0001475655093977
-0.014399577781945576,-0.01269235061674581,-0.004180188261370178,0.006829603567661927,0.5118382993668268,-0.07700802914888233,-0.6362191074034009,2.2445130280768377
-0.0143037118419788,-0.012545204192439477,-0.004230636290996843,0.007174916623267119,0.8603377496658657,-0.060426138331386464,-0.6640695649421323,2.5331103669459085
-0.01430296862094294,-0.015405773957931728,-0.004173795931767761,0.0032945919795146837,0.13646482037682706,0.008300897340884265,-0.42876116354005717,0.6862323820219575
-0.013499291297856222,-0.01501097350942157,-0.005229470830802983,0.0036350248724518757,0.217402530282449,0.22192490717800822,-0.6861618307795984,0.8597712993088125
-0.013064283373325863,-0.014575246192425312,-0.006108232944216876,0.004088333830721624,0.362951485707385,0.5326358574434275,-1.0115833645712105,1.1185183152700109
-0.013338832227622695,-0.014605447019044872,-0.005697070168841139,0.004125648337288516,0.3293815588358027,0.36455577715333304,-0.8737855889068031,1.0791325622868995
-0.01299882810562681,-0.014372777753870322,-0.006371343493865333,0.004368431927764008,0.4320854365086566,0.6438192730938032,-1.1461691122755868,1.2656660082889715
-0.012834152046149258,-0.014301479227745599,-0.006696001893572349,0.004410753163346858,0.45363616262338974,0.8000849268591205,-1.2733077013354575,1.3182686427117218
-0.012679131780828632,-0.014221641019906124,-0.007031433336372541,0.004464918000534776,0.5882890263179607,0.9653037918589064,-1.403084565156257,1.432072469189662
-0.014916171986829251,-0.013369539750809397,-0.0037248688426062032,0.005455318155124706,0.3286806854393458,-0.1319930828792302,-0.36687476560465515,1.3601626338930728
-0.014671355041672916,-0.01339387019425874,-0.004048245884444754,0.0055834029244878946,0.3489776083094871,-0.08992521722490655,-0.4757250379264998,1.4905036971675791
-0.014510350380012735,-0.014693609988732266,-0.004194260426657549,0.004022251650020184,0.188045341447544,-0.02298781341025175,-0.45012768620145804,0.8996306072062132
-0.01522095353964326,-0.013903592891012838,-0.0034546478983513433,0.004654077233595018,0.2327484442816579,-0.14554914379123787,-0.2711300293386589,0.9994506171403356
-0.014738128397797126,-0.01440333866565776,-0.003987231223044181,0.004301337707598192,0.22905846516194925,-0.06682862731575262,-0.4019900143835228,0.953944790525805
-0.014555065601632843,-0.013305794095384692,-0.004190173660915961,0.0057814645000457965,0.38842599488181884,-0.06739608086631615,-0.5377156278941787,1.614332478573679
-0.014504141580634403,-0.013147704855358346,-0.004221487984510774,0.006045519575409538,0.4262032367861383,-0.06365428115967897,-0.5705296447158262,1.7646482553173468
-0.014414953678858478,-0.012991198981861305,-0.004301479907770468,0.006350773872360666,0.4836456326857474,-0.05128217349243731,-0.6277369878751063,1.9629879952435443
-0.014317860819984991,-0.012832397386491052,-0.004385621264399346,0.006684848591147346,0.5271742956318554,-0.036704361503972556,-0.7034443229145243,2.1917134156714186
-0.014221641019906124,-0.012679131780828632,-0.0044586540175451305,0.007035352619780992,0.7177905720303585,-0.01778982795102063,-0.7427599825842534,2.4841192432021
-0.013603291797419384,-0.014634574954860277,-0.005320351719605083,0.00412787197652271,0.27609274494656133,0.23522483512649345,-0.7625620354691283,1.0542333020954118
-0.014000958740393069,-0.014733475780602487,-0.004768039544531131,0.004029875840054992,0.24764995390991013,0.0924413346479245,-0.5915533547805909,0.9401789522440717
-0.013528298493862945,-0.014448394340274095,-0.005524806490343045,0.004377902964948715,0.32951610991396446,0.29626765324321497,-0.8471355149158413,1.1624849960312538
-0.013180332084688011,-0.01440585073787131,-0.00606530642508066,0.004375837064278875,0.3893400850971007,0.506326745524039,-1.0384261323492403,1.236863635069968
-0.013357300491236908,-0.014385296268243211,-0.005812242696113436,0.004446673004315037,0.3684096873657617,0.403894703731714,-0.9599155392156573,1.235004119984513
-0.013094531405287407,-0.0142647980468097,-0.006303075324720795,0.004572467333106774,0.44100413257954196,0.6071087108695251,-1.1543053264155136,1.350989378952016
-0.012954277752292593,-0.014206174691128053,-0.006578974692232595,0.004620169496263636,0.47660366782922997,0.7355828762130835,-1.266487192580554,1.4051893711562247
-0.012810416269897769,-0.01413540329229132,-0.006885637788603682,0.004686748235747083,0.7185248389192989,0.8812960344078821,-1.3893739732866928,1.5242746032240335
-0.014508451958165587,-0.013463895230306132,-0.004285497327080146,0.005586674994577964,0.36912711655754543,-0.04866840193568916,-0.5535050523972123,1.5300158357248723
-0.014704347241289504,-0.013631907792609158,-0.004041464526597452,0.005247888593928537,0.31170959860761255,-0.08852512565310479,-0.44851485819666476,1.327410684660933
-0.014359347409361761,-0.014361288855589219,-0.004444334483964934,0.004444412372538593,0.25276844976806817,0.004549079770041911,-0.5246652513219736,1.0560797916243858
-0.014621337206830435,-0.013997377311285272,-0.004160725702779955,0.004821707434275825,0.2743714957238666,-0.05932870560241405,-0.46514535274279706,1.1701136116970614
-0.014402775718742386,-0.013303702796415276,-0.004411741387663656,0.005884674159656606,0.4229585233298793,-0.025440789254601276,-0.6253125377788614,1.7136350110519205
-0.014314047517496402,-0.013137977272119438,-0.004507626272207654,0.0062001105273073905,0.4764453320634812,-0.008398260834772403,-0.6907552277109947,1.9142611631660704
-0.014226428572992252,-0.01296896576698796,-0.004594243623600131,0.006539783677481595,0.5272225564177689,0.009514579022643308,-0.7708782847399918,2.1402336100753563
-0.01413540329229132,-0.01281041626989777,-0.004680394325896803,0.0068898610400058265,0.6616273435768832,0.02943738297500519,-0.8181921748977251,2.4326118955304223
-0.01375415014254718,-0.014430558841896602,-0.005214951183110896,0.004416833145966504,0.31148171375647943,0.1945297453208715,-0.7556196091061409,1.1509548639392972
-0.013991548317695588,-0.014349231101398305,-0.0049243207610769205,0.004518154740710882,0.2936290664173949,0.11430568849816024,-0.6777786323189153,1.1555228181693027
-0.014123809785056382,-0.01414466121949463,-0.004798623588516497,0.004776888089765838,0.3166916772930651,0.07555280853904074,-0.6582157101521411,1.243864672907082
-0.013609841326968693,-0.014304899738280108,-0.005479712267588807,0.004592420344332835,0.3531680438447452,0.2763455111428106,-0.8580982312411611,1.2498635706162118
-0.013458409608282882,-0.014269845972686277,-0.0057257028594731,0.0046353666235024625,0.3839287939763323,0.366986081383061,-0.9550528641434491,1.3078778867112553
-0.013259990478097564,-0.014223623647175433,-0.006064417717953248,0.004679480523246882,0.42063458260604353,0.49829906526543416,-1.0821410898143498,1.373769770236745
-0.01309371030143977,-0.01411479298388569,-0.006412862304769133,0.004820665584211913,0.5208752361081438,0.6511137214008419,-1.2382836958683339,1.4810821562921423
-0.01293892622972893,-0.014045084994930427,-0.006741645552007841,0.004891677987150042,0.4752531931311806,0.7977773435417227,-1.3700266921674678,1.6130882412857561
-0.014335299283020098,-0.013457992398866584,-0.004537142853267458,0.005694158249610452,0.40609331182212494,0.0022987714445633655,-0.6519184563138132,1.634555007618678
-0.014388471503464237,-0.013685836701045435,-0.004473013810341466,0.005334722979574711,0.3602925774408646,-0.0092209973445524,-0.596290551891857,1.4403904149294922
-0.014316775149426733,-0.013998298961797212,-0.004559363580604368,0.0049277092879758564,0.3137206213261679,0.017341916713962933,-0.5955980994467138,1.2740815647418307
-0.014203168813063606,-0.0133090323352774,-0.004722043610431946,0.00600094530215415,0.45900926123388797,0.04159745567712687,-0.7505463954330042,1.84041330253376
-0.014132816740687284,-0.013107258896816337,-0.00479508700503506,0.006379092464138244,0.5426126830654682,0.059066744157158964,-0.8326531972463705,2.0771605340452957
-0.014045084994930427,-0.01293892622972893,-0.00489463221003896,0.0067392868795021045,0.6975588668346463,0.08122525030135785,-0.8901566581786667,2.3772188238159746
-0.013764212213302615,-0.014232914872101083,-0.005283949664058144,0.004697455298202592,0.3428516218034005,0.2083836665044294,-0.8029350725319236,1.2709611337124092
-0.013923030783914981,-0.014104725532060953,-0.00509496144596186,0.004869916315412053,0.35103450251380236,0.14966300439151511,-0.7584936533388679,1.3206537053381793
-0.014043947696295706,-0.013951455916931099,-0.004953213043335941,0.0050713623091619845,0.3591855353090489,0.10682637685728409,-0.7317608552646363,1.394031316591324
-0.013591689973258847,-0.014158900311480295,-0.005575055929976786,0.004813181026279084,0.38616393796296994,0.3075884307501029,-0.9238436013640944,1.3687625547024427
-0.01340243101698226,-0.014098473810976382,-0.005905988437492185,0.004902256612422961,0.43720511440970616,0.429166059579509,-1.0565492068498112,1.4585472536273212
-0.013233218438765721,-0.014026307709755477,-0.006231483074294296,0.00500308805694762,0.4932597198006711,0.5665426803627235,-1.2005734443227964,1.5457360002759277
-0.0130645347166975,-0.013950775489717909,-0.006587038748078506,0.005097754154183151,0.4193097666251842,0.7147742182027496,-1.3442228082289063,1.6989561672804616
-0.014178429288234082,-0.013534871583918313,-0.00478210049053025,0.0056568071050488175,0.4233682834017907,0.05807429400642055,-0.7347430961538596,1.659922035528714
-0.01413642807304929,-0.013744417131376868,-0.004841251533085727,0.005352956479596823,0.39259877306248553,0.07471384381143466,-0.7220141832372189,1.5104867304784388
-0.01404572701569939,-0.013390767970283983,-0.004988874847049559,0.0059548338416089515,0.4803040435859619,0.11205980390412644,-0.850354195029681,1.8636025226709112
-0.014012994254018857,-0.013231059674723648,-0.005025718533566617,0.006244485648915353,0.5743793231080465,0.12027507037242124,-0.9059815099495613,2.0410148793937
-0.013950775489717907,-0.013064534716697497,-0.005113273471915749,0.006574992487640509,0.44691200119237134,0.13835788016795136,-0.959814301835843,2.3165287823552467
-0.013715012735430396,-0.014049173707490243,-0.005427402051827423,0.0049787814870216225,0.3915069091490509,0.2535710727685332,-0.8917087577089621,1.42603958806801
-0.013832624599240171,-0.013917160304694094,-0.005283464322762429,0.005170061966048149,0.4043922718828917,0.20448098541022433,-0.863635123574752,1.4976489702711726
-0.013923242207898185,-0.013751918289522274,-0.00517318445942131,0.005411423968901257,0.43027224422150206,0.16853732505269672,-0.8533752635424426,1.6022531998517808
-0.013530186485515789,-0.013983803309529183,-0.0057501699269595025,0.005094626664704721,0.4485196581981304,0.3659761271028577,-1.0261411039027537,1.5309659479099642
-0.013355329526284187,-0.013920305364993939,-0.006077342054453854,0.0051999287647072024,0.48032540189356127,0.4965097762598482,-1.1730911140552411,1.6265602908754404
-0.013187119036995118,-0.013852566968142575,-0.0064170943867568895,0.005309983275297675,0.6346440430811772,0.6336445940918994,-1.3128162627727098,1.7854233476132395
-0.013967702592976795,-0.013544121335046882,-0.005121327129774761,0.005735178493332078,0.4618015535477293,0.15054964554290792,-0.8733345604308118,1.764394406564328
-0.013898160957191473,-0.013362759640572406,-0.005238704545063579,0.006076662144966382,0.5518660501708984,0.18399814555684293,-0.9695784179246657,1.978725615930727
-0.013852566968142578,-0.013187119036995118,-0.005312992913417928,0.006414739619124502,0.569961549406462,0.20030071458017726,-1.024832843200725,2.2539154518642492
-0.013645017499505821,-0.013866102665398628,-0.0056028915439142665,0.005282153383301305,0.458105227240638,0.30998123368799146,-0.9973506098513741,1.603752098887447
-0.013745296291701995,-0.01373918978952333,-0.005468772222102237,0.005478305609480118,0.47081032932593675,0.2619703539328731,-0.9738685018236218,1.6845650277449238
-0.01381352228515837,-0.013615173345981332,-0.00537474237975943,0.005670742106257652,0.4835991411920292,0.2296180686720776,-0.9644129272983386,1.7724868201874595
-0.013474036651264882,-0.013810396301375155,-0.005916585581827273,0.005392952976461794,0.4834891040090046,0.4278398319413484,-1.1405041705052936,1.705641620518884
-0.013306558565652453,-0.013750556019033763,-0.0062457803425282135,0.005510537110860053,0.6448605302763314,0.5554820246056795,-1.276878994072665,1.8698910006805367
-0.013793428199524454,-0.013471649530280422,-0.005422462226948703,0.005927933827583103,0.5585224404152572,0.24219640260258912,-1.021544505494921,1.9257122597577745
-0.013750556019033765,-0.013306558565652457,-0.005511721717402837,0.006244808813779697,0.5314821034013417,0.26659758309038684,-1.0859412528442356,2.184517451879618
-0.013584399677610272,-0.013696768263949577,-0.005757892458017003,0.005582455800289086,0.4881880143450866,0.3641599546363414,-1.1063263365661153,1.7847976963768317
-0.013683778478481071,-0.013584543511217064,-0.005604681188571486,0.005761362246626388,0.5138428458255572,0.3066121647538149,-1.0713627934467775,1.8612195256803814
-0.013422735238775142,-0.013644843410250553,-0.006068001417738378,0.005705736655398352,0.6977902617257109,0.4797349837692067,-1.2362780116107974,1.953007479196155
-0.01364484341025055,-0.013422735238775142,-0.005702714283889806,0.0060709408438340785,0.5867085654845309,0.33562430928035974,-1.1414465755620522,2.111355249992175
-0.013535533905932737,-0.01353553390593274,-0.005885458777955825,0.005893937719454034,0.7326631894525805,0.40655876216206094,-1.191287344839415,2.0344057267671687
