% Model,4_roll_mill.mph
% Version,COMSOL 6.3.0.290
% Date,"Oct 6 2026, 17:13"
% Dimension,2
% Nodes,5086
% Expressions,6
% Description,"Velocity field, x-component, Velocity field, y-component, Pressure, Viscoelastic extra stress tensor, branch 1, xx-component, Viscoelastic extra stress tensor, branch 1, xy-component, Viscoelastic extra stress tensor, branch 1, yy-component"
% Length unit,m
% x,y,u (m/s),v (m/s),p (Pa),vef.Te_1xx (N/m^2),vef.Te_1xy (N/m^2),vef.Te_1yy (N/m^2)
0.013535533905932737,0.01353553390593274,0.005891041365291043,-0.005888336516432758,0.7691400004406178,0.06770876761059824,-1.1315300491322318,2.226895710540512
0.013600372029679758,0.013709803865981274,0.005670667387189132,-0.00550298691166816,0.70579474120552,0.06919479388598217,-1.1079934056326035,2.069842727517877
0.013422735238775142,0.013644843410250553,0.0060737973597242215,-0.005699631845031343,0.7523551584518099,0.140374464697799,-1.1970880937295776,2.154702118897603
0.01364484341025055,0.013422735238775142,0.005701634253623637,-0.0060718921505788425,0.8002697454579185,-3.167886569585637E-4,-1.0613532481913115,2.2945353842205964
0.013718373709672464,0.013595905324009628,0.0054886236642520325,-0.005674867449992988,0.7039078920340347,3.5286424767009113E-4,-1.0419562863865268,2.137347346104137
0.013789014237007251,0.013775599760053108,0.0052864237527649885,-0.005305629042516669,0.6405338853429025,-0.010317451202429382,-0.9845786265712079,1.9912745517839612
0.013477831047184488,0.013819434280995368,0.00584965450918678,-0.00532630843685293,0.7035837054916169,0.14245884931539707,-1.1701265588996004,1.9987163623843685
0.013306558565652453,0.013750556019033763,0.006250390615674529,-0.005505363743677349,0.7419965121888464,0.21743380337220689,-1.2578269488486777,2.077898473763285
0.013660033111307993,0.013889011539916812,0.005467609141013005,-0.005146071435966643,0.637786764284557,0.05685380380382941,-1.0502996756223337,1.9307650896720998
0.013750556019033765,0.013306558565652457,0.005505491422165116,-0.006250235603691749,0.8532039902999825,-0.06341337204699195,-0.9869213384014638,2.3578618083388703
0.013830800433200181,0.013476317096416135,0.0053057224320066446,-0.00584564663358926,0.6986811007184693,-0.0637660195232726,-0.9726674241605918,2.202303795828737
0.013852566968142578,0.013187119036995118,0.005303328011389423,-0.006422622148279764,0.9218419302996512,-0.12139481678430941,-0.9087789257323577,2.417295766105878
0.013935682275700247,0.013349971672427111,0.00512503853024253,-0.006019558489440905,0.6908377909741138,-0.12271997240020259,-0.9008527736506498,2.2659251182323303
0.013950775489717907,0.013064534716697497,0.0050963479776375345,-0.006588104072373779,0.9686614663130536,-0.17423972231047125,-0.8275544152050199,2.473144667047479
0.014030789308688528,0.013218806542017597,0.00494893996747138,-0.006196371884844737,0.68713984478332,-0.1757507404383195,-0.8274956799016255,2.327830865372458
0.014045084994930427,0.01293892622972893,0.00488629676899025,-0.006745533555183327,1.090657235315156,-0.2223645557771939,-0.7427821216493545,2.5248060221686552
0.014111599378270837,0.013091713043794107,0.004786457924058561,-0.006364204550751759,0.6675979786459308,-0.2203562043813039,-0.7570057041331645,2.3842360840466537
0.014194305379611711,0.012947806699152953,0.0046033313183944805,-0.006550002671616521,0.7401588769419069,-0.2648989997137576,-0.6744954016404009,2.4451833082901753
0.01413540329229132,0.01281041626989777,0.004685923551928659,-0.006886144471372629,0.6039821361218484,-0.2666414582691414,-0.6572671631568008,2.5680479906817024
0.013912051982461593,0.013657370500157884,0.005105301235468902,-0.005461340823735387,0.6445994367697763,-0.07194634272495971,-0.9168033932908547,2.048373082753312
0.005475864446977092,0.012128895840071582,0.003550642894942922,0.007534645246995947,0.47497726174405774,1.1396143931660183,1.3790840787060727,0.839919767076667
0.005544967222482056,0.0122699521913998,0.0037786955076329226,0.007422837547110996,0.30030454284162345,1.2307651042324632,1.3734972348972816,0.7560001161313652
0.005384988276707032,0.012256373020795361,0.003531011809546556,0.007227289446042721,0.3474917729322861,1.1152067504109973,1.320930957263642,0.7343900638643331
0.0056184655156709526,0.012408766398519249,0.004012107815128389,0.007299275458195687,0.4187614560429262,1.3239847107971028,1.3629548686394848,0.6721996175274129
0.005452849640796468,0.01240318962703027,0.0037484146796984224,0.007097157716868086,0.34164978576524946,1.1998719751811058,1.3076706333588197,0.6496509685959188
0.005696288158021204,0.012545204192439471,0.0042348800092804,0.007172336178666188,0.2860393359745694,1.4156376379096889,1.3476864384568576,0.5900655264175309
0.005529640505684636,0.0125401227648174,0.003962221430720943,0.0069766479438049716,0.3437976771371641,1.285733658228063,1.293784151670229,0.5722432977908966
0.013187119036995118,0.013852566968142575,0.0064222064609428175,-0.005304013391612075,0.6412710175779394,0.2988509477145463,-1.3137400699370727,1.9969079519638762
0.013351107022969808,0.01392541581713435,0.006024794682206355,-0.005143134558770902,0.7109784702473102,0.21981459314884957,-1.2278417590488588,1.9236615266701256
0.01322122959853938,0.014017722482861296,0.006202492830714212,-0.00497205885145218,0.7081874430293018,0.30028445704683476,-1.2822798584539739,1.8525462848638645
0.0130645347166975,0.013950775489717909,0.006581099051715752,-0.005105585301333205,0.7963633004367451,0.3826635823249043,-1.3629508912488921,1.9136152331982805
0.013096419399956469,0.014116542010200362,0.006351115810508246,-0.004775661278453622,0.6648684380499267,0.3815277686097503,-1.3274304032479431,1.7689703940222632
0.01293892622972893,0.014045084994930427,0.006735366001978317,-0.004900170023297292,0.8771090952289321,0.46886376132252366,-1.4066857520965248,1.8253406898434197
0.012972521245288625,0.014217874374695419,0.006479417319999872,-0.004564418245338084,0.660180431201951,0.462289608967902,-1.3641669013485471,1.6802710372182557
0.012810416269897769,0.01413540329229132,0.006887664218536371,-0.004683573972518354,0.7962311490617363,0.5580865778387876,-1.4458692714803962,1.733504175615204
0.012839827066483962,0.014311623478234609,0.006614824522726638,-0.004355286413950958,0.6693421805082488,0.5485431848653911,-1.3985627542710117,1.5917657382583854
0.012679131780828632,0.014221641019906124,0.007032948481702085,-0.004462443243127209,0.7540400135502158,0.6498488145000111,-1.4800179276604386,1.640979560406392
0.012701251922791224,0.014398420963482433,0.0067522266969830885,-0.004145671300666746,0.6760316721111344,0.6388260336930305,-1.4291145207156157,1.502458852114013
0.012545204192439473,0.0143037118419788,0.007170822191892741,-0.004237321422684021,0.7240840044694098,0.7439696345847667,-1.508604628852585,1.5472850525512511
0.0122699521913998,0.014455032777517945,0.007426031078860809,-0.0037724157361982568,0.5469110350593903,0.9391402214511139,-1.5480493646713676,1.3555899245845449
0.012260021208380519,0.014611074671180408,0.007172771421148693,-0.0035152454452185007,0.707029491175263,0.9288162530076379,-1.4964661117230087,1.2366094356410438
0.012128895840071584,0.01452413555302291,0.007536370289694084,-0.0035468967880899964,0.8061252332846625,1.0370645493541562,-1.5572930613571137,1.2601738674797593
0.012408766398519247,0.014381534484329045,0.007301868938622515,-0.0040072535479681514,0.6798423472917537,0.8404504317366744,-1.531361741791306,1.4519941565574739
0.012409854228658904,0.014552234289259431,0.0070268362665854385,-0.0037196650670416015,0.7052821789249996,0.829010920597919,-1.4768708439680098,1.3218374962571107
0.012557660329119527,0.014479234830156784,0.006889003450300898,-0.003932994509313757,0.6842247565057223,0.7324850149288591,-1.4551396925270694,1.4119368806618724
0.01139495244676372,0.014801469324203571,0.00799702036635071,-0.002328749657718748,0.8399629994857292,1.525498347087223,-1.515605616164793,0.7722599690679802
0.011376220369387909,0.014971421820460091,0.007649176382467774,-0.0021158016796032596,0.6611520225392705,1.4783448160269488,-1.4475056892309757,0.6780850752951134
0.01124342629880737,0.014842921746160495,0.008066623435610609,-0.002074934495400101,0.833022481246262,1.6205290605544835,-1.4904397275456647,0.6780895027555753
0.013854249083510836,0.013952809235111097,0.005099915345072086,-0.004973568881101026,0.5792575238109717,-0.018875711421922833,-0.9399935186777867,1.8552651654069112
0.013990342909939129,0.013849726014366208,0.0049120977142650115,-0.0050926873329735145,0.5748370910348704,-0.07915937301828109,-0.872118177909928,1.8974742091277663
0.013528783198188036,0.014004621048575694,0.005638072265672109,-0.004968343679826958,0.6323415781874427,0.1281774582720352,-1.1102349174624335,1.8611476352089564
0.013715272156834137,0.014081220275654527,0.005270127186598013,-0.0047982922980822134,0.576674909072021,0.04888157524790241,-1.0024133469130148,1.7878135105552155
0.01,0.015,0.008329312475439039,8.29642603583745E-6,0.5704397707311687,2.3003342008808243,-1.0887915663181973,0.01889857263895444
0.010157039844353498,0.01499753324023817,0.008325149780558216,-2.5811961006063895E-4,0.7406727904498339,2.226863348988275,-1.1569758571156026,0.08960579929860828
0.01007842976979889,0.01514785254261665,0.0079554228091599,-1.2228555848602733E-4,0.7193487589974841,2.153092331370699,-1.0815198575518135,0.025846894028878357
0.009917767793969169,0.01513312123502651,0.007988725155767103,1.273716657952218E-4,0.713025470913586,2.2302000887351148,-1.0184418970403175,-0.037304801966006836
0.009842960155646504,0.01499753324023817,0.008325462012192548,2.552776443399167E-4,0.9251457192114909,2.3665468002892673,-1.0171952360023284,-0.04489745775749641
0.009686089839949744,0.014990136311907444,0.008313455186257066,5.123716932050248E-4,0.9617242715656507,2.427042261130867,-0.9403537070640602,-0.10681392456503003
0.009750662182328266,0.015137786300058416,0.007955658776152313,3.8597529486104177E-4,0.6467217129095869,2.2872386069470223,-0.940818249030405,-0.10286571674866042
0.009599927206603588,0.015144196947977908,0.007902523105423732,6.144913346003638E-4,0.6475416376148048,2.3273707062641056,-0.8683912054105276,-0.15665809853235482
0.009529528446938641,0.014977816440745884,0.008292497081380615,7.793978982409273E-4,0.8783462104912497,2.482380916993662,-0.8595258465155885,-0.16494265672468314
0.006147433031857422,0.013187119036995118,0.005310416224222851,0.006416948306545625,0.44150085969681746,1.8633521629529202,1.1884504095685628,0.2033927798093714
0.005971457475619404,0.013235768390507574,0.00496899814269021,0.006192615350691255,0.3370389918591546,1.7129811298171147,1.137069983250225,0.18148301327419913
0.006049224510282093,0.013064534716697501,0.005108630404078904,0.006578620255921485,0.5266905145259679,1.7766958898841227,1.2297792916362165,0.27506173472151846
0.0058592498594220825,0.013109139549116983,0.004753325594395304,0.00633712360208251,0.34287209629624765,1.6194006644126893,1.1710692207509437,0.2506848767284939
0.005954915005069574,0.01293892622972893,0.004890137481313038,0.006742592933790388,0.26460945653081946,1.686841715109785,1.2675807522299918,0.3506197475270403
0.00586459670770868,0.012810416269897772,0.004677947373615876,0.006891507021395498,0.3518570916256573,1.5985372870109134,1.2996937370364041,0.4280589165192188
0.0057713744146428644,0.012964291284478633,0.004565632075347378,0.006518155143753926,0.3660789436451628,1.5385101669403536,1.2117033700404631,0.33095706992712787
0.00745479580756053,0.0143037118419788,0.007166663527362674,0.004244382758845072,0.529768111484303,2.598200155544378,0.43720448005527573,-0.3647690201533306
0.007591233601480754,0.014381534484329049,0.007297233342708385,0.004015816082860205,0.565154412990702,2.6327471874702693,0.34685672646560145,-0.388422126499446
0.007429033804519306,0.01448545612727639,0.006846565346200537,0.00392433927554317,0.5426725086368638,2.4600226395384084,0.36122071245928894,-0.3918914103150158
0.007730047808600201,0.014455032777517944,0.007421105219149223,0.0037820450420813253,0.6308280622730209,2.6605303047040176,0.2542447807461721,-0.4060892748570068
0.0075710535810094735,0.014569801242176347,0.006956360739512147,0.0036976847911006816,0.549148301686758,2.4891874913828516,0.2730577948961224,-0.4120138394104405
0.00541122549991139,0.011985736283431544,0.003317320105293352,0.007640198985959479,0.5793336351450823,1.048322391996538,1.3804817019905393,0.9240215508861948
0.0053100259660923375,0.01211062744436012,0.0032963377944342505,0.00733166738414513,0.30769105312266015,1.0228546355135315,1.324236655034545,0.8171356666613944
0.005237745331925143,0.011979979705137157,0.003074450154807727,0.007404934360941779,0.31143721543085084,0.9373473189944489,1.3195966155458771,0.8880913094507575
0.005351115767339394,0.011840618209004684,0.003074051044832699,0.007741225029492089,0.5440108390826295,0.9571811050035478,1.3775763443441271,1.0084063354048478
0.005295594968187607,0.011693686304088874,0.0028261134915100222,0.00783516512912507,0.49943906299528096,0.8677549279978475,1.3711658507205826,1.0942289875501412
0.005105368440825352,0.011681851614246548,0.002594895221918591,0.007565574374558434,0.3598287823104133,0.7597729798990464,1.301750185741233,1.0509622931436897
0.005244717217658645,0.011545084353673888,0.0025757204058463588,0.007921058572305769,0.47316563406376205,0.7802765239508712,1.3607291659331446,1.1809843085504879
0.005167503608268917,0.011834293652512979,0.002835745578495107,0.007484088269061163,0.3337155355708377,0.8478395480616662,1.3121505149881043,0.9675018525994715
0.005052202451674355,0.011525767283912178,0.0023538993154787417,0.007646849972309521,0.3851897419022811,0.6742490945213762,1.2882537750350431,1.136945382411396
0.005198530675796427,0.01139495244676372,0.0023240716526794713,0.007998539291425258,0.47757432167752945,0.6945679426744852,1.3458080879829641,1.2682220128195423
0.01402550114760883,0.013526857260289717,0.004931669249716081,-0.0056297227483934125,0.6533027452290843,-0.1279946109162892,-0.8490163362608761,2.1085916503134357
0.014124977695940448,0.013384863047938312,0.004770122130939983,-0.005814098236215364,0.6646593534501823,-0.17796308894612903,-0.7827975616689318,2.1734264679770594
0.014209382721291592,0.013234789260118696,0.004619607113168588,-0.006012603242776996,0.6821655964738594,-0.22230867626035947,-0.7179647901473286,2.2421601972434426
0.014247798891399984,0.013084182693223506,0.004534222197633423,-0.00624536120127008,0.7016614716213446,-0.2535862787812148,-0.6728273623662823,2.324837508635304
0.014221641019906124,0.012679131780828632,0.004458236385270691,-0.007035583144671251,0.9849242890634792,-0.3053421938146508,-0.5653237577190143,2.608068150571441
0.014294749528390119,0.012822050519024514,0.004380265217298319,-0.006667399440970914,0.744588983333982,-0.3052042434000037,-0.5867137167344186,2.473816987153939
0.014371127571061366,0.012683344983278035,0.004186064081305652,-0.006818985392136659,0.7170272893299251,-0.3372150500801059,-0.5032560777848483,2.514089269707524
0.0143037118419788,0.012545204192439477,0.004238897666680957,-0.007169992738816774,0.8682784876588991,-0.33853582580350056,-0.4724680705353972,2.642339603317861
0.01445310477866047,0.0125400028143266,0.0039675787264141366,-0.0069559153654932945,0.7749495201836644,-0.3662493814006249,-0.41036396894513444,2.5448607514212296
0.014381534484329047,0.01240876639851925,0.004019522709705977,-0.0072951845398679565,0.6348248128121381,-0.3669110274727214,-0.3788351221263122,2.668639824632482
0.014455032777517944,0.0122699521913998,0.0037830137973873562,-0.007420521640374625,0.8529692281272229,-0.38848365699401627,-0.2818185550730971,2.6895758640402505
0.014540946260319619,0.012405474324429537,0.0037350430444299996,-0.007052366448721008,0.7601659580673276,-0.38909245583862645,-0.31789575626899014,2.555741633925041
0.01452413555302291,0.012128895840071584,0.003552451569323305,-0.007533644747443874,0.6894561917038536,-0.40406670868405287,-0.18498069149101268,2.7028959958321153
0.014609931764667168,0.012268397418482029,0.0035235168001948552,-0.0071633707388552475,0.7576736906569713,-0.4049474914370648,-0.23018493478949384,2.5718677211218366
0.014375354792961943,0.012982432815548485,0.004288479404056588,-0.006292408919211207,0.6757659161821606,-0.2947826029172214,-0.5791802312408211,2.3272382246861025
0.014119697455404432,0.013720807424920668,0.004733171704764911,-0.00524265244700117,0.5782491743404146,-0.13535206702601357,-0.8034320033938397,1.9497055678105537
0.014755282782341356,0.011545084353673888,0.002566922049982391,-0.00792369118367276,0.9536146681487185,-0.39944578336887,0.20786646531286737,2.68811581300112
0.014895594522828442,0.011674053623257418,0.0025562742276291437,-0.007474907997240924,0.7220571836202093,-0.4145776169004269,0.15330381709503035,2.5471233410297383
0.014704405031812392,0.011693686304088876,0.002828132463131542,-0.007834309762890497,0.6720811444615736,-0.4113668496928902,0.10937450375386558,2.7005699737547855
0.014648884232660605,0.011840618209004684,0.0030716901499241466,-0.007742139493333904,0.739101981049857,-0.4154932682173833,0.012204457439427316,2.7089222266502104
0.014825284481475999,0.011826959115400397,0.0028086609584964876,-0.007419365603649031,0.7619743061897918,-0.4211580700978121,0.05695224689540165,2.567347899121803
0.014588774500088612,0.011985736283431542,0.0033127919620797954,-0.007642063157343424,0.7472841920561856,-0.4131055803621962,-0.086433672053769,2.7094892284618246
0.014754940068310903,0.01198471894306367,0.0030610907317187995,-0.007336644720596149,0.7509148372747781,-0.4216819242730954,-0.044464734069801115,2.5744493015256817
0.014686451673050917,0.012128038793449163,0.0032908320946146833,-0.007250154419423322,0.7723375944630025,-0.4163793665079835,-0.13618182959235423,2.5746034334618497
0.014801469324203571,0.01139495244676372,0.00231222620657617,-0.008001888250890541,1.0228451744937423,-0.38149713248058853,0.3047021637546487,2.6725693624645834
0.01493445220068057,0.011513356353945181,0.0023258129667969606,-0.0075810870507134675,0.6868541322530333,-0.4017571213270407,0.24767402069528674,2.5435896160842932
0.014842921746160493,0.01124342629880737,0.002064589188847564,-0.008069432863092281,0.9651621213379743,-0.3583734185928256,0.3998540903303078,2.6506943529984675
0.014959429856587292,0.01136458873849668,0.0021149723371604694,-0.007685089254722637,0.6885099245056368,-0.3844903094496732,0.3338110497123958,2.5400192745899504
0.014991643309236129,0.011199264790400747,0.0018669694720104917,-0.007773422799591963,0.7507063156054304,-0.3586068393316788,0.4312832428708235,2.5220831953642517
0.014879595159429932,0.011090665429940793,0.0018222646845938212,-0.008127481572200577,0.6514800059822187,-0.3315723473923767,0.49192427791049437,2.62177710064252
0.014911450597951645,0.01093683137430405,0.001557827178750874,-0.008182187180384281,0.892358120435549,-0.29690818900419663,0.5845316781234544,2.5865309278546578
0.015038248259075257,0.011044465433280916,0.001616365472523996,-0.007802696727712063,0.7483334135405367,-0.32951604271326457,0.5190580178551953,2.481277381357795
0.014938455742167742,0.010782083680081914,0.0012996113599486791,-0.008227275109810254,0.9350116879910986,-0.2564374261558343,0.6748883810766646,2.546025280023905
0.015061549346405119,0.010894073742431017,0.001387808550319655,-0.007859949986900802,0.7134482588117045,-0.29660327688297317,0.6007410223744457,2.452139195739179
0.013681527751657284,0.006432351695222713,-0.00557166625375477,-0.005748789802991649,0.9046488891838894,2.1047664200882994,1.1296261401972234,0.07906283255466041
0.013644843410250553,0.006577264761224861,-0.0057059365400084746,-0.006067873631989489,1.1124656395464434,2.1689768942277774,1.201332863413617,0.14710609709306618
0.01353553390593274,0.006464466094067266,-0.005885659908058119,-0.005893629144645721,0.7784221925509169,2.2401948830075984,1.1365033448108397,0.07423780326469924
0.011090665429940793,-0.005120404840570064,-0.008127608313685432,0.0018211570645826514,0.9735955979849145,2.4528653172522903,0.4733145541655745,-0.3167621892419455
0.011048454876476385,-0.004949957765702918,-0.007874828594949214,0.0016323161853006778,0.9202424636154714,2.329354839714052,0.4786917569797084,-0.3235450929807104
0.01093683137430405,-0.005088549402048354,-0.008182061262370924,0.0015584718225788708,1.0525784068034754,2.4004780220683113,0.557799772144449,-0.28166195947545314
0.010886169544085597,-0.004922388093860256,-0.007933569499924202,0.0013827659800086285,0.8794838114508302,2.281284291088086,0.5602672551073239,-0.28912784284586873
0.010782083680081916,-0.005061544257832261,-0.008227788324950478,0.0012961942327088724,1.1145169239991708,2.3446350112593026,0.6390720915868839,-0.24132209157484505
0.010726489547476008,-0.004907651960667565,-0.007993484119541967,0.001139567812437736,0.8481335158373032,2.233548326754334,0.6380475528302879,-0.2498703285740889
0.010626579228399678,-0.005039415511198498,-0.008264045636490792,0.0010408039533103665,1.0398458029143312,2.284411233020853,0.7162722286921331,-0.19703623074611443
0.010470471553061363,-0.005022183559254116,-0.008291799608351885,7.886380069640622E-4,0.7773823310882223,2.2198617269796332,0.7877393278817689,-0.15047881611362515
0.01055154442058124,-0.004890367564584057,-0.008038900116389476,8.675677590304168E-4,0.863838969267576,2.1704361302125705,0.7198808839632457,-0.2009956739189507
-0.005120404840570065,0.011090665429940798,-0.0018052046694841577,0.008131341518054542,0.3171722452199576,0.5255768202636619,-1.3030073800666577,1.4438978927147479
-0.005088549402048356,0.010936831374304052,-0.001556329012079172,0.008182686882346558,0.4756499382168901,0.44819482957614126,-1.2731871043337581,1.5288039332001588
-0.004966864511972756,0.011050075394814774,-0.0016476264164093524,0.007906249903318854,0.5113339908533535,0.44311319678203004,-1.2365439167515764,1.4118090791111053
-0.00498213032998328,0.011199459926993826,-0.0018681114396272918,0.007823456331645447,0.48168169720952037,0.511619533071639,-1.2542923091804903,1.3235572737348027
-0.005157078253839507,0.011243426298807372,-0.002063336728062519,0.008069598136250402,0.37757943392069254,0.6073656396962993,-1.3276838464349057,1.3555671231825244
-0.005244717217658646,0.011545084353673888,-0.002574030101548896,0.00792157352851933,0.45586927937235683,0.7775678040479882,-1.3624356206384285,1.1790281025418485
-0.005105416065973267,0.011673821866339662,-0.0025862117437168643,0.0075740077098540295,0.37321543965632514,0.7559381857442039,-1.3016594890980608,1.0582099457571916
-0.005295594968187609,0.011693686304088879,-0.002823910084633488,0.00783598437771372,0.47371290156268814,0.8646837300260103,-1.3727336022650203,1.0917674195723872
-0.005198530675796428,0.011394952446763721,-0.002321079012304225,0.007999300272866114,0.44373733966819134,0.6918101824709817,-1.3474950416073679,1.266970889517779
-0.0050540507902365524,0.011516966852387157,-0.0023454138006110755,0.007657645418932932,0.4000108265038111,0.6707754195414405,-1.2883957168949094,1.1449600582478239
-0.005010927998030125,0.011357633906904488,-0.002103390256247749,0.007738639950247484,0.4357866990895332,0.5881621481977913,-1.2717564036764133,1.2333115447543015
0.00577835898009388,0.012679131780828632,0.004456381652216194,0.007036812105431882,0.25136555454728243,1.5069922747712967,1.3266362039275423,0.5083781787642683
0.005602565870535647,0.0126790281420403,0.004161875199154084,0.006834748547320504,0.37258134484128913,1.3679929310382202,1.2716597566778371,0.49199341345143427
0.0056776967364249135,0.012818814897697659,0.004353847373043069,0.006679572110146091,0.35351016529114987,1.447121111369791,1.2436378864544109,0.413011380707549
0.0052403006216388106,0.012233691925655321,0.0033133422450827934,0.007081207480022668,0.32490379128542685,1.0347092697367954,1.2639368795197337,0.7110966372354511
0.005450794902582387,0.012661729095794872,0.003912261266690634,0.006703888877215363,0.3056419210415457,1.276610011358732,1.2176103469469406,0.47527772897698817
0.005270874971899311,0.012395707486711496,0.0034807757219719767,0.006897410986391448,0.30310337919594504,1.103887712472382,1.2335040265624846,0.6101349179892767
0.005356858899997132,0.012542813766482292,0.0037025924048531317,0.0067828683074162,0.3045926094433585,1.1926521951754427,1.2226449929895493,0.5334890566235383
0.011545084353673888,0.01475528278234136,0.007918813335856537,-0.002582417775093779,0.9513807147045322,1.429577931342345,-1.5360068824931206,0.8694534459638716
0.01152799182416976,0.014921054552395877,0.007592514232453732,-0.0023554917567776557,0.6490629014814296,1.3892327713624377,-1.4701496918931636,0.7692916073469598
0.011693686304088879,0.014704405031812397,0.007836274312847459,-0.002823054227563687,0.7845202900343327,1.33314596156269,-1.5503348073328589,0.9656340151233559
0.011670430766684971,0.01486026704370351,0.007547709955006954,-0.0025925155297037666,0.6509959817156424,1.3065938125183658,-1.4897603152881986,0.8611002522150791
0.011840618209004684,0.014648884232660607,0.007745141423787637,-0.003064042416745042,0.688396940393674,1.2356317535374253,-1.5584730992421474,1.0616833542447108
0.011823652225003057,0.014803816201888871,0.007463100877752865,-0.0028322850772067505,0.6925768883623143,1.209298629786151,-1.5003781238188916,0.9573559941572977
0.011985736283431544,0.014588774500088612,0.007642998284086097,-0.0033106233278480082,0.8243139656542239,1.135861998165858,-1.5605527207172887,1.1611679765855785
0.011964641413176293,0.014753371589880715,0.00736620994933452,-0.0030441616965980844,0.6792641862676493,1.118198886808263,-1.50224508176524,1.0423035116090842
0.012108706895576402,0.014685248524487791,0.007278992931339337,-0.0032760714363529787,0.6611965200122706,1.0275274886530774,-1.5028992674919002,1.1361417899325776
0.013385132762461897,0.014107631616434468,0.005825216763579209,-0.004799694911847732,0.628713825409471,0.20758602328895362,-1.171572363901756,1.7934376495211326
0.013242528245780375,0.014170998792608322,0.006030193453642623,-0.004687121619433268,0.6455435669795537,0.28959559968318355,-1.2340696744389723,1.7452113674999115
0.013138776363704002,0.014296795926388817,0.0060994007575680695,-0.00445424141022853,0.6322543748519185,0.35043080655371023,-1.2565298119110524,1.6513361774110769
0.013010786317309503,0.014401843588275544,0.006213901475754422,-0.004248126539833877,0.6239474264882591,0.425034067353348,-1.2879513977262402,1.5660811067047649
0.012868220082995062,0.014494784625445732,0.006349446504426767,-0.004049599208921035,0.6188190836341203,0.5093053771253332,-1.3219429730403476,1.4825006678867154
0.012718120831083668,0.014579504035903695,0.006490605943151891,-0.003850639546125517,0.6164016708587906,0.5996546399488764,-1.3540667747950665,1.3979916625658724
0.012237928262799073,0.0147499903544592,0.0069835005753853445,-0.0032888761874947355,0.6385973834245805,0.9090205923144488,-1.4431906391688942,1.1553608091328513
0.012399288570705484,0.014726583392839701,0.0067824013534337506,-0.0034408620032784286,0.6137991386326284,0.7962285401739474,-1.4081681747004315,1.2240508239162216
0.012563374922679114,0.014660041838237126,0.00662790338729148,-0.003644322445530947,0.6134214157561683,0.6935513568455739,-1.3812021657244005,1.310512707221755
0.01151629954660374,0.015097324545384911,0.007258207778941129,-0.0021586542704992774,0.6325631120296099,1.306539426426202,-1.3916764239621442,0.7099370489917775
0.011218846982854283,0.01501712996699647,0.0077016698198491855,-0.0018696517022849539,0.664204706222117,1.568254196536529,-1.4186605651050392,0.586427676836936
0.011090665429940796,0.014879595159429937,0.008128247961839861,-0.0018185259271393014,0.8164447645026901,1.7145650005234854,-1.4597796853451783,0.5858422479176892
0.011358009922835963,0.015149592697166175,0.0073059818960415435,-0.0019264775676166629,0.6300239646538083,1.3888621944630997,-1.368229460443002,0.622956465837376
0.010313910160050259,0.014990136311907442,0.008312657728595558,-5.236919200893716E-4,0.7803161385113575,2.1495775367195096,-1.220388786376356,0.16482519170515977
0.010241834135865699,0.015146677537050707,0.007939041945688311,-3.7325769197070203E-4,0.6959217822557618,2.079471102775088,-1.1438177400545395,0.09498887737352361
0.010470471553061363,0.014977816440745884,0.00829164117476957,-7.909245087331456E-4,0.9496861143071654,2.0698909191533383,-1.2801919554147378,0.24487988278597947
0.010404910704673562,0.015136086244556824,0.007924815289597235,-6.244380583711926E-4,0.6727439631981523,2.004022401133065,-1.2026363466225822,0.16881932122568918
0.010626579228399678,0.014960584488801503,0.008264053931281237,-0.0010411759271839983,0.7353640440749881,1.9866843576075253,-1.3343177816663203,0.3260182048748413
0.010558494170715364,0.015108566355928638,0.007932945625174435,-8.668720601861612E-4,0.6785813102335956,1.9378133316887676,-1.2578779627416659,0.24454392331352012
0.010782083680081914,0.014938455742167744,0.008228511521758197,-0.0012917798974192054,0.5670638587130572,1.9000965336066482,-1.3816667302675825,0.40786242846176796
0.010733133876239141,0.015089910437410254,0.007891027759927728,-0.001136329194066694,0.7272126109589415,1.8453776322774826,-1.31022512803131,0.33211744283118355
0.010936831374304052,0.014911450597951648,0.00818249565086872,-0.0015562098787930245,0.7190381882641125,1.807927804376676,-1.4234648905668468,0.4953261026190619
0.01089050657028951,0.0150831619085222,0.007811655428881652,-0.0013681397368370933,0.7112908423255456,1.7513306893395775,-1.3463647939295795,0.40895357297564555
0.011056319600178716,0.015057205198893552,0.007750244236401196,-0.0016180455958971825,0.6781982226802924,1.6581686816084726,-1.3838766236515943,0.49559839496111374
0.010162011620186845,0.01530573591730566,0.0075860768228020745,-2.3307610142772137E-4,0.6307578366258416,1.9798199574687867,-1.0759918931629466,0.0628122502380929
0.013900020197687856,0.014131195400549126,0.0049489206039821645,-0.0046730175453902146,0.5284499154740376,-0.02483655273953978,-0.9042253871101403,1.7373663437878224
0.01405605289332349,0.014058589806895406,0.004738828755154267,-0.004737163117836107,0.5139876125379006,-0.08461339628640975,-0.8313980546989009,1.7541419978139452
0.0142117417365372,0.013934098197139162,0.004540866212461969,-0.004864171630052701,0.515815621472219,-0.142167661875319,-0.7591076564905829,1.7952071624537382
0.013583215344689018,0.014211831982336299,0.005411481224181568,-0.004604154092669746,0.5667462969094359,0.11487555254416303,-1.0530816001720484,1.7120433963079746
0.013817545983665925,0.014284616534076361,0.005001110514960035,-0.004457012029796259,0.5095550890353132,0.014899884099598514,-0.9299842268980666,1.6539622469019066
0.009989553193462184,0.015303333389798134,0.007599174848187261,1.3598007060089115E-5,0.6282698652967486,2.0530364411539535,-1.014437394931579,-0.004916689590019483
0.009835327018719267,0.015247988101070038,0.007712803766762896,2.410951510964247E-4,0.6581517250925979,2.156943549045441,-0.962466599563467,-0.06430004328948975
0.009688038532222795,0.015302305953932527,0.007564338454796045,4.4297481662578355E-4,0.640944187429953,2.154102638491818,-0.8942892227028135,-0.1117981151918207
0.009217916319918088,0.014938455742167742,0.008225559334761231,0.0013105284890462887,0.6259476850030022,2.583284464902956,-0.6900883002638385,-0.2626107990691097
0.009373420771600324,0.0149605844888015,0.008261818931714189,0.0010569224273087867,0.5057577929035123,2.5357682145696163,-0.7749704677548569,-0.2182975024261151
0.009273432103624163,0.015093982232153672,0.007877463498232868,0.0011225690706239,0.7354115771096402,2.436614962390015,-0.7084598907469147,-0.2562392160270155
0.009433011810346965,0.015137610277722917,0.007855368855809038,8.662992773920331E-4,0.6901404570117803,2.3721126192963555,-0.7870814604836979,-0.21017343281908898
0.00906316862569595,0.014911450597951648,0.008182031143117753,0.0015589666406141975,0.864810777162398,2.6220144821801274,-0.6007167501562747,-0.3018555241910215
0.009106463714752714,0.015057388724494847,0.007857786576381115,0.0013873942483639849,0.682378614935708,2.4863184979798683,-0.6196593640757094,-0.3001764041680706
0.008805559587788383,0.014988654173343025,0.007771992668186235,0.0018605657630591922,0.6787045159538247,2.54964492327311,-0.45334716243746803,-0.3644207420535229
0.008756573701192634,0.014842921746160493,0.008068866914359237,0.0020666318457358214,0.8609045653127287,2.677071596671611,-0.41468628055270756,-0.3643063879675428
0.008909334570059206,0.014879595159429932,0.008127165193966696,0.0018236445292025814,0.5488242957065722,2.653102597686691,-0.5072773295886045,-0.33706854858656926
0.008956040974294671,0.015035432062186514,0.0077964379389847465,0.0016155423088307387,0.6766590479748723,2.5113655249774953,-0.5382574492936737,-0.33458900363348354
0.009513256009804683,0.015313309357220698,0.0074899570364115745,6.832678010330854E-4,0.6227152034821892,2.187055188425674,-0.818725803402926,-0.1650828782647206
0.006249443980966237,0.013306558565652453,0.005508287442028411,0.006247873285229042,0.43128639983317124,1.9473385998008117,1.1420409206294524,0.13415976636098328
0.006074976020519882,0.013358596755244881,0.005157974314379266,0.006033050614539753,0.36303550305067317,1.795449864203942,1.095490120052648,0.11450897947891513
0.005894850651676649,0.013408993677852036,0.004830730928674381,0.005833691986907206,0.33598592899857266,1.6747970620348547,1.0172945464041623,0.08135216086364644
0.0063551565897494505,0.013422735238775144,0.005702833736840315,0.006070735790824351,0.46630975357010107,2.0287816495004645,1.0904160423483802,0.06775370105689585
0.006181365854157239,0.013480427100838167,0.005339817376205758,0.005863293666433702,0.373397695233379,1.8749170948871978,1.0481737256190033,0.04929074255973961
0.006464466094067263,0.013535533905932737,0.005893333965147122,0.005885920919847495,0.535189645949716,2.1079932770562944,1.0338553711046914,0.00458156842725308
0.006293845617280491,0.013598250140367524,0.005520754297764544,0.005690666011482032,0.37678368693667313,1.9533631142236543,0.9969665681147726,-0.012580770531996575
0.005781987552359803,0.013280223619611398,0.004637751793285516,0.005982553007474385,0.32427958410994023,1.5920878219492183,1.054799495857914,0.1437066280480802
0.005606858161057269,0.012953318443410636,0.004284864007284479,0.006390939055795112,0.30808826901564607,1.435045271097595,1.1561379027824106,0.31606366553698484
0.005645630223113443,0.013130458221827372,0.0043924789517718115,0.00613385750316941,0.30339333011607955,1.488978904669006,1.087644823394336,0.2154752909029611
0.00657726476122486,0.01364484341025055,0.0060786863655694,0.005694402128622502,0.6564128029646021,2.1857999914904065,0.9729757600524346,-0.055147090033232184
0.0064126187030650915,0.013707777255715111,0.005703900290750148,0.005522392385247859,0.3733510023743672,2.031228477178327,0.9437379619705765,-0.06938281209300412
0.006693441434347548,0.013750556019033765,0.006251288422054729,0.00550446706605828,0.5950846497756659,2.2592565108828437,0.9082006848609457,-0.11154753266078211
0.006533614226683682,0.01380062547319566,0.005887646040695873,0.005372622075348923,0.38008189402539166,2.107829631375584,0.8932511850811536,-0.11763916037492354
0.007320868219171371,0.014221641019906124,0.007028577756397803,0.0044692642688290846,0.48621619447544906,2.556691733297306,0.5250583786001496,-0.3352415858035825
0.007292779083541342,0.014396953770961292,0.006734272828853375,0.0041463756034575755,0.532596812450545,2.4265129851800684,0.44643159578395936,-0.3666531135958407
0.00718958373010223,0.01413540329229132,0.006882295455493191,0.004691609376313787,0.3228347676627054,2.5087921692832844,0.6100096762736475,-0.2998360656608313
0.007163197737233951,0.014304248721764353,0.006621830576105453,0.004364471486624807,0.5352245919974611,2.3901039881694355,0.5284115254650833,-0.3367197883907828
0.007048418372303503,0.01420384546824275,0.006527690300487682,0.004584329183570819,0.517924127359889,2.3593037644773953,0.6080993607785149,-0.3023322087777886
0.007061073770271072,0.014045084994930427,0.0067384238742596815,0.0048960680827692124,0.57301532096983,2.455130163935162,0.6887525403391322,-0.259114125280046
0.006935465283302504,0.013950775489717909,0.006584020134721314,0.005101605738276822,0.6421839091672704,2.3937600640731906,0.7659400278617253,-0.21396886962579498
0.006908795342746557,0.014104344548938228,0.00636960204309357,0.004799079247473768,0.44602312590996546,2.3002802789870453,0.689617223201154,-0.2602623675897778
0.006782500087849446,0.014017120487081458,0.0062102199384875476,0.0049757656734994125,0.4502252940736246,2.238956667062432,0.7547077845971676,-0.22089505131207618
0.006812880963004882,0.01385256696814258,0.006414999567050758,0.005312626125543926,0.36782602519875246,2.327380074090057,0.8403085238112687,-0.16458845449965334
0.006666979495006751,0.01390881502437649,0.0060739322288391575,0.005181191862066636,0.44587942627483096,2.185392759356001,0.8257400674457717,-0.17240867817925645
0.008605047553236283,0.014801469324203573,0.008000667380215537,0.0023162490122786298,0.8746872362109362,2.693992399156171,-0.31894695783864696,-0.3877024604002844
0.008638257276512384,0.01495354935826013,0.0076870246037964935,0.0021132037734401944,0.6114098126250412,2.5656181886097476,-0.35645407967654297,-0.39217312908493
0.007871104159928416,0.01452413555302291,0.007537198812086244,0.0035450005864563748,0.6697653816205072,2.6814366644930385,0.16025642418806288,-0.41770726015630083
0.007720941427200563,0.014647072858321078,0.007071266932994635,0.003468410628590744,0.5566086642933916,2.5163458830544876,0.18236202632885837,-0.4266071393011707
0.008486442690132514,0.014921570817700975,0.007592416434341365,0.002335092787008279,0.6199249360037804,2.5692405931526205,-0.27017243140810115,-0.41149398039163604
0.008454915646326116,0.014755282782341356,0.007921719599729881,0.0025732797575129147,0.6780646670216554,2.7048807148331986,-0.22200818265499114,-0.4058813046631038
0.00833672698591406,0.014870575723341092,0.0075215401400468085,0.0025692740051802203,0.621936343572515,2.578884561089442,-0.18036043061903742,-0.425315055737224
0.008306313695911128,0.014704405031812397,0.007838269465684028,0.0028175165015109174,0.7643452363937828,2.7100958958466586,-0.12664497330349947,-0.41728237330846135
0.008014263716568458,0.014588774500088612,0.007646722133815973,0.003302067638856107,0.7685419214386048,2.69650446003793,0.06477491569520392,-0.4232290684845211
0.007874810336706879,0.014717896938937524,0.007183874146884974,0.003236879118524251,0.5605956887245168,2.5381445451661153,0.09008225289712163,-0.4352509614660233
0.008189233840585943,0.014822495832180297,0.007430102462571995,0.0027907921519563276,0.57571739377694,2.575951235025324,-0.09166391050380357,-0.4338312313535842
0.008159381790995318,0.014648884232660605,0.007747772133466214,0.003057583703278749,0.8544464328442469,2.7066913129676067,-0.03137477761850686,-0.4229204716240516
0.008034001083107324,0.014776511620277271,0.007307103342055448,0.0030087344330800322,0.560298107313897,2.558855607593553,-0.0024918330683958785,-0.4375726513821974
0.007259952575961764,0.014583155942097957,0.006431982612098221,0.003848395327210771,0.4685468011298772,2.3021429143171126,0.3395120472515436,-0.385229842902054
0.007400558368178499,0.014680187210173057,0.006522579955672034,0.0036249153696416747,0.48347337105730587,2.322771498548398,0.2537221124192646,-0.40379799301852687
0.007552120648096899,0.014772046134171475,0.006618747430244975,0.0033964037533834577,0.4993604509929595,2.3415988452652705,0.1654595778810002,-0.4172200131272988
0.0050098636880925584,0.009686089839949744,-5.221440812829319E-4,0.008313075752978745,0.7938734997057891,-0.10224459611324195,0.8720429461016987,2.160317532723785
0.0050024667597618295,0.009842960155646504,-2.5841957982391666E-4,0.008325391149198095,0.7945383345764103,-0.04423404713610316,0.9361671676224116,2.089065286427066
0.004812661144332919,0.009750769518077324,-3.820344873453439E-4,0.007988401459552303,0.659493858535458,-0.10951833633194462,0.8511192935338222,2.016713744559461
0.005,0.01,7.337805535770107E-6,0.008329321035188254,0.8227591849470942,0.017720646247614442,0.9960816346119509,2.0149017116779686
0.004811694042703257,0.00991910899118891,-1.2420423440877846E-4,0.008006106845962015,0.623596155910985,-0.05135193425233021,0.9152487357428093,1.9486972640180922
0.0050024667597618295,0.010157039844353498,2.7374962226338383E-4,0.008324783035550265,0.8646506514424571,0.0835114400991188,1.0523005198576278,1.9389566925336938
0.00482236960956131,0.010087036850237327,1.3415766560958092E-4,0.008024393997622685,0.5849244899035061,0.011767800392300479,0.9766624960248883,1.879941063331213
0.00500576627192464,0.011367564615392494,0.002111139171558409,0.007722948481682673,0.4102055326212019,0.5908008519237274,1.2707447122271736,1.2238090083807054
0.0051570782538395065,0.01124342629880737,0.002070138826784772,0.008067971256037532,0.48645105203364486,0.6103398209645696,1.32617720727179,1.355759515889426
0.005120404840570064,0.011090665429940793,0.0018125910769410454,0.008129664796210129,0.4704782112361638,0.5276346170568864,1.301766884642194,1.4435509373078954
0.004965937871621113,0.01120735742341976,0.001866323804116721,0.007793361972830399,0.4409737568160052,0.509516248151828,1.2491907083329286,1.3113122115059532
0.005009863688092558,0.01031391016005026,5.386708904784326E-4,0.008311975510234732,0.9802658180828603,0.1531437683748901,1.1059538867877523,1.8627383061096683
0.004844583512832926,0.01025152145583441,3.906151025259138E-4,0.008043659385830454,0.5392177977248794,0.07904988451865173,1.0344127802621428,1.8114336181627155
0.005022183559254116,0.010470471553061363,7.843260275945811E-4,0.0082924274996285,0.6240608585621297,0.22243098025031768,1.1546305686716754,1.7851260055612335
0.0048790403675958265,0.010407362931431267,6.402306210378698E-4,0.008066060406305581,0.5353774007693114,0.14915466859511314,1.0881324747431902,1.7471214092736391
0.005088549402048354,0.01093683137430405,0.0015524779750763077,0.008183309489075917,0.42055648046747834,0.44694889609657845,1.2724287406081738,1.5312773247045672
0.004935575551123839,0.011044461709371215,0.001620226792522026,0.007862700789698437,0.48268744854389606,0.4312005557570439,1.224645240003705,1.400879759895395
0.005039415511198498,0.010626579228399678,0.0010362594658704955,0.008264624264055206,0.46798137722284966,0.29335529183724673,1.1984594966235422,1.7038202104879983
0.0048930915458003975,0.010568256822442177,8.936685360215879E-4,0.008038778789192971,0.5766976046793021,0.2196589582698781,1.13218060884239,1.66394646987408
0.005061544257832261,0.010782083680081916,0.0012951073750227405,0.008227967624207171,0.4632133696088583,0.36886974160312436,1.2379906646759833,1.618327592038306
0.004900688363621255,0.010716490314852802,0.0011226181782322704,0.007991084688035487,0.551569745691018,0.28355183769202624,1.1651431241967563,1.5822550229884482
0.004916107172099343,0.010876146654552842,0.0013672855677790887,0.00793473244160432,0.5220785567961558,0.35479747237792064,1.197006595701528,1.4949858833842598
0.005139677443057757,0.012125517744679125,0.0030912283627251478,0.007097692562175358,0.32644620599025437,0.9507834810377697,1.246513186936934,0.7544568649513481
0.00490192813063196,0.011666758487783799,0.0023724621156045035,0.007302145022292775,0.34600590144094184,0.6865341423821728,1.212347917359783,0.9744135071813963
0.005046438218767524,0.0119850880901321,0.00285062757040996,0.007150414435319171,0.3291444800352455,0.8606747784506928,1.2335728066565539,0.8179773365493448
0.004967096221521046,0.011829369019914852,0.002609652657768174,0.0072220897405161485,0.33553060578347865,0.7719288335917645,1.2228602888072426,0.8928316371199722
0.004847883360732496,0.011501856659156711,0.0021382033091748927,0.007381948765644633,0.3603982177845811,0.6044346424722818,1.1999368153434302,1.0590557461661405
-0.00506154425783226,0.010782083680081916,-0.001308206665403673,0.008225863205802462,0.7570054572067088,0.3706897244841138,-1.2378355687936997,1.6129661095048073
-0.004940228005246176,0.01088091488186831,-0.0013853171133368263,0.007968856757520624,0.48416497175509426,0.3614884241656573,-1.2057554935931323,1.5060716136958794
-0.0048377147912832255,0.010983202235351505,-0.001472605530676135,0.007752799923599218,0.4507122870838277,0.387590761915242,-1.180319161709486,1.384497427166645
0.005022183559254116,0.009529528446938641,-7.837286099638152E-4,0.008292516642000213,0.8183807970500266,-0.15616866434637866,0.8036148074916555,2.2276960150355074
0.004822408999392307,0.009584489966641262,-6.367934245384362E-4,0.007967142694672478,0.6882685115584,-0.16252653661011515,0.7845136055361491,2.0816630336423816
0.005039415511198499,0.009373420771600324,-0.0010453790566982983,0.008263587999714467,0.8198477781803476,-0.20595003058875774,0.7308620329393722,2.2906520914914545
0.004837554382650481,0.009419889230508125,-8.886919351010746E-4,0.007937315084945334,0.7142586281088176,-0.21087145916424813,0.714778822742859,2.141678518703142
0.00506154425783226,0.009217916319918088,-0.0013058602512650017,0.008226410979558991,0.8244327243796302,-0.2510968604811689,0.6542744124017422,2.3487993619735756
0.004860553503389505,0.009257543043222278,-0.0011380149606068873,0.007903731406312195,0.7411113172855583,-0.25427103304918836,0.6428164392184962,2.1983321165297567
0.005088549402048353,0.009063168625695948,-0.0015652372801680462,0.008180963556911365,0.8225990020264645,-0.29133450611895606,0.5740809966807671,2.401649492813177
0.004890556290007374,0.00909734774527754,-0.0013854201163466006,0.007865475330008047,0.7662121361705684,-0.2928687891830297,0.568491992211802,2.251041876207662
0.005244717217658646,0.008454915646326116,-0.002571666941465891,0.00792238613327026,0.9920520745509775,-0.3952878365569099,0.22656114174630357,2.549592243177491
0.005198530675796427,0.008605047553236283,-0.0023294080290468845,0.00799702627644965,0.8274889333365726,-0.37807344713030994,0.3165403602605172,2.524295849004301
0.005082163808047048,0.008484941910098786,-0.0023641601340173984,0.007682005276384636,0.8217323222868586,-0.3989342802774822,0.25016007147038505,2.4241892481163885
0.005120404840570064,0.008909334570059206,-0.0018238772482850722,0.008127142629699198,0.8133526160658843,-0.3263552199144454,0.4905463255032408,2.448767352430844
0.00492744228155314,0.00893970349551134,-0.0016309804634163751,0.007823043107983626,0.7908654823489728,-0.32662295290716353,0.49200546804425366,2.2996728879714503
0.005157078253839507,0.008756573701192635,-0.0020832597252368433,0.008064600598797626,0.7042602574526887,-0.3556840756341284,0.4040432124048145,2.4899692758514216
0.004971142917178716,0.008786940359804141,-0.0018723057667370741,0.007778762388507562,0.8216034300404776,-0.35512294062246563,0.4146511414413743,2.3439880615347986
0.005029695001929482,0.00863821916947715,-0.0021192923234276775,0.007745000470819879,0.8510277530165619,-0.3788598162067236,0.3356154664747896,2.3908282498457507
0.005125831173257938,0.008333533387513288,-0.0025930700922919096,0.007591411730364627,0.8064759222638057,-0.4135185270629767,0.16566967244950617,2.440992118461198
0.005295594968187608,0.008306313695911127,-0.0028195278922100685,0.007837481726109374,0.97133099971879,-0.40805895543578546,0.13402581613285613,2.566991884369043
0.005618465515670955,0.007591233601480753,-0.004009660305962715,0.007300503419197568,0.9370744758977212,-0.3845548138353354,-0.33026997941948033,2.5506725499905825
0.005516007103302033,0.0074468989322577965,-0.003941892705545603,0.0069269411194185365,0.7719948003023439,-0.3862926660738752,-0.35375680830468165,2.4097760099804195
0.0056962881580212045,0.007454795807560529,-0.004242909449392583,0.0071674426188340174,0.8159427238878774,-0.3631865738495628,-0.4208167768608953,2.525706242471863
0.005544967222482057,0.007730047808600201,-0.003773926133290362,0.007425242676078588,1.0611011642424633,-0.4000570799071978,-0.2383291149580807,2.57046506655352
0.005441744308635394,0.007591980856070065,-0.0037283274554742,0.007061219581944548,0.7636607355333903,-0.40438388473106474,-0.26941033925855007,2.4352908350095173
0.005475864446977091,0.007871104159928416,-0.003544999977910786,0.007537319564528591,0.9391395576541036,-0.41061373263722994,-0.1458821482041115,2.5819675333111274
0.005384563123354613,0.007733665801532919,-0.0035320635713268207,0.007197044907555212,0.779829328072998,-0.4160689121779661,-0.18957360475536464,2.459707904491235
0.005177035005939277,0.008179957383143864,-0.0028251120780798723,0.007493628590311624,0.8165464942732218,-0.4227602337611707,0.07865665981504776,2.452236741472909
0.0053511157673393935,0.008159381790995318,-0.0030689084003096916,0.007743197331401335,0.8788156187930188,-0.41541282127033746,0.04025083022558146,2.5785780780898104
0.005240705697137709,0.008029410859818384,-0.0030617608242458783,0.007401503921666796,0.8355121570576823,-0.4261815711022678,-0.009557397324157044,2.4615723507528924
0.005411225499911389,0.008014263716568458,-0.003314387530799145,0.0076414626709217755,0.7654541547805689,-0.416404096722413,-0.053717203349916455,2.5842613660485143
0.0053150329289931115,0.00788699644188733,-0.003298483006016834,0.007318165389012247,0.8360342509911546,-0.4238769223976573,-0.09718038329316216,2.469865442218879
0.014230406772630514,0.01357220345263644,0.004575117210316601,-0.005420879782256714,0.5874791872411692,-0.18448856853285997,-0.7380808606972359,2.011600727404966
0.014318103949722962,0.013406550100140332,0.004439497586120062,-0.0056304849511394075,0.6046378179588715,-0.2268020755268588,-0.6767991598766226,2.0843448982282955
0.014410293054811906,0.01319490658884554,0.00427228684396827,-0.005900562526142453,0.6236407105038025,-0.2742344253199282,-0.5978115375096081,2.1775342285362402
0.01447066511450825,0.012829170565441203,0.004077048837124697,-0.006445023993992238,0.6856115057893898,-0.3308498491199057,-0.4903933932687606,2.3675968433688053
0.014508617942695666,0.012672687876331303,0.003945793745207269,-0.006658049535620372,0.7050412179677423,-0.3550137582990382,-0.425511489243015,2.433758379745351
0.014632632612406337,0.012563784552193025,0.00368870618581651,-0.006667175958317569,0.6756707494336327,-0.3787130513497963,-0.32777612232780506,2.4121002826175126
0.014715105919147846,0.012403121397541288,0.0034619904693730832,-0.00679572920790534,0.6809290563228182,-0.39742761462418946,-0.23308638902490583,2.432599582124391
0.01475902307807988,0.012258772600581795,0.003293085255308856,-0.0069405107422676,0.6884756365937541,-0.408142325268427,-0.15856238971055983,2.462896350194058
0.014563283054509742,0.013011982129602808,0.003987126215704104,-0.006045154050563023,0.621832622304348,-0.3221203874808048,-0.4840673107561368,2.2090086436029357
0.014348604237135501,0.013785271579061531,0.004364881379200811,-0.005018991819295896,0.5190618255118461,-0.1925485863190954,-0.6904142553983225,1.8464543671256648
0.01508210231062346,0.011629840660194454,0.002299433207166217,-0.007171395427544064,0.670322088015375,-0.3953714428863393,0.22934068122842624,2.386566005129682
0.014914655116426756,0.011968604929897687,0.002834053951346393,-0.007077913496734511,0.6761007791478707,-0.4152418718913041,0.02484238724777018,2.445221955513537
0.015038218163242448,0.011829468795243048,0.0025526583721817452,-0.007031261678252222,0.6521434904661373,-0.40765143944563675,0.1263438316233747,2.3810062767397926
0.014882266996419438,0.012141303708984868,0.0030282783231728306,-0.006907206909066376,0.6637916982971316,-0.4132647833024295,-0.060564412650252156,2.413457383170854
0.014459238210346873,0.014025776060524844,0.0041700314635360605,-0.0046238562584155615,0.4514029079975815,-0.19495838802542634,-0.6473668063045918,1.6797659284230002
0.01499753324023817,0.010157039844353498,2.7128792127843016E-4,-0.008324781911390694,0.5261827377006072,-0.04709125871203421,0.9991425222082175,2.3281121458328937
0.01512795072598956,0.010236845722103066,3.691128328110774E-4,-0.007989633590377068,0.751760357413986,-0.0971316719569084,0.931266445079255,2.253179627284959
0.014990136311907444,0.010313910160050264,5.186172378022352E-4,-0.008313135920826666,0.9515666689528942,-0.10464057570437896,0.9251757287085781,2.389581522443045
0.015081410025216317,0.010724337053348328,0.0011279317143138123,-0.007918781150356295,0.7630215105097724,-0.2525868027685165,0.692637601196341,2.413767402286999
0.0149605844888015,0.010626579228399676,0.00105279050839594,-0.008262423409324583,0.5777852144645392,-0.21324707324237333,0.7598393529305995,2.4990193094928177
0.014977816440745884,0.010470471553061363,7.801947484141936E-4,-0.008292515150511178,0.9137972823812973,-0.16145768604611788,0.844274947045759,2.4463226974192382
0.015125757774571475,0.01041153790873504,6.389299694791263E-4,-0.007952190257473237,0.6972526890611181,-0.1594473442394548,0.8466891977291829,2.3090592117822157
0.01511869895557033,0.01056420098165061,8.710996332034364E-4,-0.007912660829366099,0.7474351593252048,-0.20735173900231163,0.772103186240254,2.3519775510681593
0.015,0.01,-8.361426422778273E-6,-0.008329137453943905,1.0196108589827535,0.020356966504407197,1.0726320078842315,2.2611213791307154
0.015152621227321202,0.010080717882232597,1.2441895806752817E-4,-0.007951160265116051,0.7232631919094468,-0.04054521713658641,0.9957752400729586,2.177092391370726
0.01499753324023817,0.009842960155646504,-2.648068114975377E-4,-0.008325094656933351,0.8693093467144096,0.09050445146592967,1.1409953314035133,2.1914535571939795
0.01513673042763828,0.009930202412615104,-1.085548553189207E-4,-0.007988001878272174,0.6821570789736374,0.02134200619989111,1.0627511788480648,2.1282583215465958
0.015105014832529701,0.011471442639790693,0.002100223795493426,-0.007288493082190391,0.6852061141822924,-0.38119667570049326,0.3098361222696165,2.392238856270136
0.01508742687982852,0.011302991090805663,0.0019158564324433876,-0.00748109990093517,0.7009060398852264,-0.36372364586566136,0.3896495333779555,2.4252309540723407
0.015261851140271792,0.011550785198115853,0.0020394070852743033,-0.006923468794360768,0.6109943260826505,-0.3752733242146538,0.3025982211912861,2.243617209902198
0.015168228464283484,0.011157860970652947,0.0016659093032905142,-0.007439253234618395,0.6736198462693043,-0.33481619308104094,0.4738422855069415,2.3581630498357993
0.015217022677145225,0.010988096291955938,0.0014119162040261795,-0.007462808379976968,0.6763244075449039,-0.2995261827975526,0.5613445868268555,2.3108127788299555
0.015189806869679502,0.010825230066062067,0.001211292083688669,-0.007622181562340427,0.695927582726519,-0.2672488437928534,0.6398549875888448,2.323122696593566
0.015126679950729525,0.009761029639172608,-3.7302526511211014E-4,-0.007990686330121012,0.74310098550691,0.09551693690094949,1.132189435946817,2.0577422446637996
0.014990136311907442,0.009686089839949742,-5.160382853880284E-4,-0.0083132083005195,0.5944448620497893,0.16223507531857728,1.2037759358510747,2.117450837828677
0.014977816440745884,0.00952952844693864,-7.886195283015703E-4,-0.008291743666280858,0.9207130754937102,0.24194738392228352,1.2638736776909316,2.0384522453010865
0.015130125141079576,0.009601101107961163,-6.179320273924015E-4,-0.00794388961727942,0.7217837765351036,0.164964915119261,1.1863506279754275,1.9752146777456956
0.014960584488801502,0.009373420771600327,-0.0010462725950572591,-0.008263332294917557,0.8869592791906551,0.3241726153111581,1.3189782316477903,1.9577149522060495
0.015106206337733194,0.00944560199779464,-8.619167957753042E-4,-0.007942048341152997,0.6870152370851487,0.2400779323144684,1.2418491135274226,1.9078607647933499
0.01507935526624431,0.009275010311453008,-0.0011303236959471898,-0.007919998217806657,0.7465468987101413,0.32778789288762317,1.2976647984049698,1.8250165564499994
0.014938455742167744,0.009217916319918092,-0.0012929370282370384,-0.008228242640679055,0.5269086738514175,0.4055967820567737,1.3671854573626172,1.874307574576452
0.014911450597951643,0.009063168625695952,-0.0015654552792820138,-0.008180682205018414,0.9347047156800077,0.4952704678991861,1.4115016154623283,1.78609484821225
0.015072814261744559,0.009115444583857267,-0.0013667379659874016,-0.007837955287485794,0.7266107408925117,0.40490372762355936,1.3348071206939094,1.7308675633282375
0.014879595159429935,0.00890933457005921,-0.001820465393850432,-0.008127897472390684,0.893594837832655,0.5866700375996144,1.450407358663557,1.6969824250188765
0.015034569567651408,0.008968149937482526,-0.0016016490807480405,-0.007816631844260465,0.6856585990200027,0.48690107174430297,1.3756722165327357,1.6585214388004044
0.013422735238775145,0.006355156589749451,-0.00607595005980363,-0.00569722397467725,1.21181158040588,2.3104688929558512,1.0645789258732714,0.004583045550117723
0.013575800302984794,0.006309958532911764,-0.005731934848310167,-0.005553137868328998,0.9009640033346936,2.163538276388092,1.0611814332280363,0.009150677288960352
0.013450247962795673,0.006208225921394609,-0.005925863282398142,-0.0053908501442594264,0.903043757584653,2.2347076047602816,0.9962865269325164,-0.0516542531081103
0.013306558565652458,0.006249443980966241,-0.0062460364715579385,-0.005510303545129012,0.9467772297912451,2.372867308880437,0.990509530898223,-0.059535729151581916
0.01333420197095264,0.006100023368477164,-0.0060846443363321775,-0.005199980536673821,0.9738643823336036,2.289602600643883,0.922449077597438,-0.11144300619713378
0.013187119036995123,0.006147433031857423,-0.006414236115438135,-0.005313389853017912,0.8911021321587168,2.427709594822257,0.9111190482402814,-0.11940216919095774
0.013064534716697497,0.006049224510282092,-0.006584717631066546,-0.005100612621709766,1.2049034423449076,2.4796931303894234,0.8264031155006736,-0.17416019903363691
0.0132145757545051,0.005988902991725621,-0.006233145819999903,-0.004993450573893086,0.9455819574475214,2.3349847256113585,0.8429586469954581,-0.1674605105592727
0.013081679313159143,0.005898053434235359,-0.006406584966344052,-0.004811987884059313,0.932568776292462,2.388233202176935,0.7655870230718859,-0.2152878683318141
0.012938926229728932,0.005954915005069574,-0.006739766138604489,-0.004894126225346681,1.1440663829330706,2.5252029532408797,0.7403041420086495,-0.22314998112842985
0.013750556019033765,0.006693441434347548,-0.005513022363815646,-0.006243508508410696,1.0897919352170067,2.090134836815696,1.261901109700693,0.22349333190091336
0.013799111188862363,0.006544802819458107,-0.005371082381700619,-0.005905878670687315,0.8253779460752354,2.0238163095141797,1.1879378788483235,0.15049974311609016
0.013750729557727444,0.0062610557656212,-0.005380470104335968,-0.005391431071643867,0.8223614532244935,2.0242861022984506,1.0237941404890245,0.010560839979700884
0.013823943666856336,0.0064099271464680314,-0.005290707681310685,-0.0056316236716482245,0.8357849606224136,1.9914718777873373,1.104819898544936,0.08615687865145741
0.010470471553061363,0.005022183559254116,-0.008292936950411806,-7.764889119770707E-4,1.0381320007442747,2.2198343588622147,-0.7876506217902284,-0.1511219798862061
0.010559662632308538,0.004863736911273625,-0.007994031754833196,-8.703821659831406E-4,0.8231129469000296,2.15586690215795,-0.7105065640885373,-0.20602908097466419
0.010626579228399678,0.005039415511198498,-0.008263802778998543,-0.0010419146931415664,0.986808520406059,2.2850753929426935,-0.7145819394270164,-0.2002711012750822
0.010782083680081916,0.00506154425783226,-0.008226478610704083,-0.0013044735949603585,0.9678662497645473,2.347133071045121,-0.6381595480993681,-0.2444331157515844
0.010883909892855667,0.004910395743531129,-0.007915802743738104,-0.0013724566497665752,0.8977670878872442,2.271388481943001,-0.559588979248595,-0.28868947627843644
0.010936831374304052,0.005088549402048356,-0.008181074580306006,-0.0015641853885689392,0.9722493243031994,2.4047267345279035,-0.5580568046729688,-0.2834915951379881
0.01072281049043209,0.004882249987647119,-0.00795543909221791,-0.0011219612447109157,0.8632884913416898,2.2148382219748117,-0.636147306320998,-0.2500394447282313
0.011985736283431544,0.00541122549991139,-0.007639499186873321,-0.0033189753075190836,0.8580915336465121,2.6360957852702955,0.08238492401855012,-0.403778111610966
0.012111932754886335,0.005310260329587233,-0.007317451389845102,-0.0032927347189416743,1.0300479506175881,2.520539597291823,0.13541777748419803,-0.40947605772529067
0.012128895840071584,0.005475864446977091,-0.0075371865651932095,-0.003545314035200359,1.1765020786436198,2.6433887051398695,0.17638339652491433,-0.39614040388440847
0.011840618209004684,0.005351115767339395,-0.00774284799379326,-0.003069659700182267,1.0490775914495634,2.620588845352285,-0.014796590644919635,-0.40396403064190717
0.01198054926696525,0.005230352525337458,-0.007380066410655819,-0.0030602252666898488,1.02204471972448,2.497943927357721,0.04873138017273066,-0.41449877496888304
0.011043703924535428,0.0049455703768070845,-0.007870832534804131,-0.0016224973329967503,0.9280863110784218,2.3241500339676864,-0.4801784119177162,-0.3223498563056317
0.011090665429940798,0.005120404840570065,-0.008127428263191397,-0.0018224972123156893,0.963972959298265,2.4570884676703377,-0.474138975741794,-0.31737096981270974
0.011202319100877926,0.004988452838812207,-0.007821739213174863,-0.0018733683782457666,0.962878974814627,2.3735991312063054,-0.39808959606484345,-0.35087501588800135
0.011243426298807372,0.005157078253839507,-0.008065766195154587,-0.0020787751205003937,0.9051921560443487,2.503793420326273,-0.38678063746851105,-0.3456643160227794
0.011394952446763721,0.005198530675796428,-0.00799906206487152,-0.0023224727699579103,1.0949812622745385,2.543459473260718,-0.2977915190318911,-0.3675568254938446
0.011357380704723585,0.005040821411554316,-0.007772897743609036,-0.002124734346398239,0.984414045281019,2.42136909489643,-0.3140542736333425,-0.37389576127019714
0.011545084353673888,0.005244717217658646,-0.007924922147832142,-0.0025638458050636706,1.2922919426619772,2.575464054560681,-0.20608233826487546,-0.3847759157949113
0.011517020354076927,0.0050855788654785485,-0.007692082962200634,-0.0023719664679149708,0.9439155226135076,2.4543573434569637,-0.22247484971057438,-0.3930956043889937
0.01166732002900729,0.005116697704629296,-0.007583865074128333,-0.0025865754748242583,0.9399662781675895,2.467323486755608,-0.13673191347202243,-0.4060431507669778
0.011693686304088879,0.005295594968187609,-0.007838856411256305,-0.0028155705886932763,1.202084334109301,2.600061833779215,-0.11138958768913766,-0.3973087417298669
0.011827224909174872,0.005163734418712772,-0.007472406436222409,-0.0028193822680785997,0.9721212655052728,2.4807038385592595,-0.04413473048794136,-0.41362372544209586
0.010991370762819447,0.00476093392794065,-0.007624283669245144,-0.0014320494134635287,0.8217742319372455,2.164624834321891,-0.5026060674830389,-0.2998035516366638
0.01124342629880737,-0.0051570782538395065,-0.008065067448044949,0.0020811580087282786,0.8620141674415539,2.500584197651935,0.3858616356398989,-0.34565896507433563
0.011206449565084391,-0.004991066004180272,-0.007823249530375108,0.0018811844940521355,0.970203880737417,2.377044513285254,0.3966684387941651,-0.3517803565201296
0.01139495244676372,-0.005198530675796427,-0.00799778734313922,0.0023266357430544267,1.0251977774848544,2.540956936573797,0.2974002104264167,-0.36704886681944493
0.011352579549392028,-0.005044329903075615,-0.007783035690606733,0.0021215723636440723,1.0036044411967824,2.424367179824014,0.31751267461972826,-0.3733856614517976
0.011545084353673888,-0.005244717217658645,-0.00792326583683325,0.002568595784490346,1.2648569658589164,2.573288668664771,0.20506305935938052,-0.38374015650838994
0.011515195719462239,-0.005095340772928954,-0.007708832303780719,0.0023790761846254767,0.96604995483443,2.462201833707119,0.22430612184039025,-0.39304581355483087
0.010313910160050264,0.0050098636880925584,-0.008313656668829439,-5.107904488950865E-4,1.1526363913466275,2.1531657515755662,-0.8576957447409148,-0.09747149681847862
0.010396544929999044,0.004858036485491894,-0.00803598118128875,-6.197216907897103E-4,0.7748783351406123,2.0967121553165433,-0.7824878899233446,-0.15665952635441724
0.010157039844353498,0.0050024667597618295,-0.008325270453024405,-2.6087901416324154E-4,0.8565312231313763,2.0827515608463214,-0.9221726667613157,-0.042148108028630345
0.010243671464269292,0.004867630157746587,-0.008082961475365804,-3.8322292998554805E-4,0.7665553854640638,2.043649338455683,-0.8494505146566914,-0.10451289199846082
0.01,0.005,-0.008329207906056974,-4.417991712802273E-6,0.7127351975757253,2.007387125659766,-0.9822142323897066,0.016659375148932717
0.01008278382308595,0.004861691192212358,-0.008090758366086144,-1.2950697490119053E-4,0.7954662932692259,1.9716204780640219,-0.9119393018936662,-0.048165409994337605
0.009842960155646504,0.0050024667597618295,-0.008324889822728327,2.675517787309206E-4,0.9332582271689537,1.9290665063774342,-1.0396357815201134,0.0817533187807669
0.009921891524605101,0.004852421456208136,-0.008077342146036464,1.2305803925781447E-4,0.7388006113520128,1.8925896589094189,-0.9667110687781072,0.009162670497538794
0.009686089839949744,0.0050098636880925584,-0.00831258013318157,5.280598699922805E-4,0.9213426334374804,1.8496791435327713,-1.0926821679776761,0.14941531946005748
0.009766101657254422,0.004867076224133061,-0.008085280644340026,3.680328631559246E-4,0.6768548278889769,1.824171513666711,-1.0209716148442471,0.07136939323362758
0.009594375046447726,0.004886677151906112,-0.008081609635313148,6.406704215600492E-4,0.7042917417964191,1.7431828949018866,-1.0769970908837132,0.14539850538672758
0.00952952844693864,0.005022183559254116,-0.008293068062472807,7.75676106890394E-4,0.5108355866509606,1.7694115602937581,-1.139969383890014,0.2164683004727802
0.009373420771600327,0.005039415511198498,-0.008263073434627797,0.0010473197207029584,0.8266785503340085,1.6854093400132912,-1.1841327629499383,0.29058979758816333
0.009436747090854198,0.004886122546239124,-0.008032980932135378,8.845066139905461E-4,0.6673214699972085,1.6558344518672747,-1.115139794361343,0.208837374250223
0.00921791631991809,0.005061544257832261,-0.008226628480946213,0.0013037200579852698,0.7295073917216855,1.6009632701899748,-1.223413720596646,0.36614557083933413
0.009285657633468383,0.004912990553319032,-0.008013324440191906,0.001124410221430809,0.6081569774054046,1.5823302941370088,-1.155701526837109,0.2781935129262246
0.011172703825138007,-0.004808358819873787,-0.007573868783679363,0.0016996832940934824,0.8465846368227338,2.2237321677173942,0.4187908041382573,-0.33310273656653694
0.010998039704525083,-0.004768341511416426,-0.007631610082911564,0.0014459771818378442,0.8302552618496116,2.1725336367727723,0.49998394322198,-0.30098111359958674
0.01031391016005026,-0.005009863688092558,-0.008313328260770782,5.143407991942761E-4,1.1283142656365652,2.1512069374710743,0.85834589460674,-0.09608885015990117
0.010399192137934892,-0.0048644911546280355,-0.008045340385377507,6.25332465338102E-4,0.81003709109687,2.1019550260772317,0.7831052359486642,-0.1569680169073984
0.010243308776952847,-0.004870550592412386,-0.008087418578322502,3.839581851653754E-4,0.7689881958318149,2.046348772969114,0.850309815916166,-0.10471746986698584
0.010157039844353498,-0.0050024667597618295,-0.00832519916671793,2.6147666526130054E-4,0.8514929522864748,2.0797030216652135,0.9233001967055635,-0.039804435898237456
0.01082095158923522,-0.004747162012507511,-0.0076998429718328236,0.001195301848663786,0.8161349905966914,2.125723528597414,0.5797799318003433,-0.26388438609476617
0.010655641216190946,-0.004783380575389139,-0.007830854826353737,9.79424775870123E-4,0.8160620102753213,2.1153540211289314,0.6575370064803057,-0.22563714724145584
0.010500010134431519,-0.004708219812609228,-0.0077729758386328165,7.292357647396673E-4,0.7628543572419177,2.0138912054460807,0.7141215809521054,-0.18257574029487314
0.01,-0.005,-0.008329197212227695,3.194554579838484E-6,0.7388530494019183,2.0047286819502723,0.9834859436348958,0.019258713252003155
0.010071253100016806,-0.004864012990759174,-0.00809516382474984,1.1300556240297225E-4,0.787673605518378,1.9689161626145093,0.9168007217791105,-0.04440880390150862
0.009842960155646504,-0.0050024667597618295,-0.008324900843207111,-2.692612410005696E-4,1.0414181181188493,1.9275336677295651,1.0417502655102369,0.08497848467738979
0.009910778983695294,-0.004856859353132247,-0.008084109722563038,-1.3844184541805468E-4,0.7188300864688865,1.8905878293284353,0.9713129142727245,0.01320024296474108
0.009751826053089115,-0.004876268704037175,-0.008097950315974295,-3.9062874402840325E-4,0.6899117827940953,1.8219819371578307,1.0276512049551207,0.07833835280912317
0.009686089839949744,-0.0050098636880925584,-0.008313102969029325,-5.190621235156129E-4,0.6635669813374407,1.8495449407122975,1.0940109631967256,0.1503967603947393
0.009529528446938641,-0.005022183559254116,-0.00829258693648975,-7.798724913075111E-4,0.6524106535627214,1.767938641703673,1.1416591217347487,0.2193174501687185
0.00959067845875762,-0.0048793812111925135,-0.008069305838608695,-6.437998339565244E-4,0.7118505115720354,1.7380576885511836,1.0749481724205152,0.1437679676175498
0.009373420771600324,-0.005039415511198499,-0.008263004612308724,-0.0010484541590336698,0.8642873925502914,1.68483598142013,1.1867026404945817,0.2940100127607423
0.009433271357845848,-0.0048877225086568065,-0.00803417422513743,-8.886145371864648E-4,0.6425403469059455,1.6551702222724909,1.1159927131849539,0.20949793394150848
0.009274753951381954,-0.004917760154935383,-0.008015581808473596,-0.0011420207600670576,0.6121608874475851,1.5777288464918566,1.1587119132556614,0.2834104110634293
0.009217916319918088,-0.00506154425783226,-0.008227531488617814,-0.0012984488806654388,0.6144619110930051,1.6024045017704507,1.226858122196635,0.36839230954314733
-0.005475864446977091,0.012128895840071584,-0.003557288824526532,0.007531419824638973,0.5979711714824008,1.1347486426063442,-1.3776546271657228,0.8359360402402055
-0.005381167448833906,0.012255947420537759,-0.003524839442194797,0.0072240977545546614,0.2840388454920095,1.1114640034322523,-1.3199557331607503,0.7361170837708756
-0.005544967222482057,0.012269952191399801,-0.003789431820122548,0.007417500387060021,0.6095435220603812,1.2277468353325205,-1.3716342135263861,0.7528278491051612
-0.00541122549991139,0.011985736283431544,-0.00331358204137498,0.0076417182882783695,0.4830351928209371,1.0424113213644812,-1.379834590749052,0.9199626642936135
-0.005301863742827998,0.012126866825360098,-0.00330085135041494,0.007300731514076901,0.31189854235337205,1.023487349506209,-1.318621390281922,0.8065001116516158
-0.005351115767339395,0.011840618209004684,-0.0030698440886018047,0.007742915875065592,0.4704893160120571,0.9528372220439372,-1.378468325680341,1.005399350853865
-0.005230286664475793,0.011978827797560607,-0.00306410480814371,0.007396659044319887,0.33664138350981593,0.9328831802123471,-1.3172957274088366,0.8892233356717495
-0.005164995613388176,0.01182747356102499,-0.002826090802722971,0.007488466045685405,0.3523193185059181,0.8436015055235996,-1.3116796846938639,0.9734140022501497
-0.004968034589846894,0.011810366202091804,-0.0025917091444062385,0.007243597231533824,0.3397518207454207,0.7650761458954216,-1.2256916958266653,0.9056217600206401
-0.004805993787715828,0.011140850602806278,-0.0016629090889181276,0.007605125854884813,0.4062976325559922,0.4462832247380774,-1.1806084277715492,1.2698687832730668
-0.004818540732366662,0.011308472275503979,-0.0018839533815472027,0.007500890220729036,0.382988231809237,0.5183076140292943,-1.1912307385838987,1.169777981292276
-0.004904991554222035,0.011649403033879421,-0.002356920928229252,0.007323038879623669,0.3505465975886053,0.6807787402484231,-1.215324831798023,0.9868685300182541
-0.004855310010280619,0.011482007708558563,-0.0021220288064481003,0.0074093068829505756,0.36467570272076705,0.5987883655565457,-1.2041728271123968,1.0748950356798304
-0.005469310074328362,0.012398875327065432,-0.003769382580630066,0.0071231670974625455,0.353412885907571,1.210741388867855,-1.3148042383815255,0.6554138654717748
-0.005618465515670955,0.012408766398519252,-0.004004575001738496,0.007303523004490528,0.1259702791959551,1.3173492841443153,-1.3620399771598792,0.6705350016937789
0.005472478905784273,0.0128289110769743,0.004025604753967315,0.006467847718203524,0.2960078887608117,1.3302887264893364,1.1610924256395572,0.37267468991395225
0.005068372109711736,0.012310817820225212,0.0031522529660937787,0.006783312446352148,0.28579469161519006,0.9811326030598552,1.1750877862985403,0.6122300337051981
0.005290810508597325,0.012717344830188979,0.0037045792186714134,0.006463923451727821,0.2834918666493076,1.2036191041236142,1.1385482302952157,0.410976355113653
0.00514618287042266,0.012538788794350745,0.0034063546290707763,0.0065701543119162506,0.2742706736919978,1.0836305095561702,1.142882756179759,0.49034739395268184
0.011665149296043686,0.015040634882143942,0.00721019420731417,-0.0023816196309724325,0.6357548351660575,1.2278964351745174,-1.410599895633255,0.795171373225398
0.011789944209660494,0.014930095485960299,0.007271202098613495,-0.0026393880577960387,0.649174573958173,1.1840914757394887,-1.4476815810616823,0.8911220465583289
0.011951636790981192,0.014923910270643699,0.007083224692092659,-0.0028060447482703373,0.6225668532995224,1.0664926447080607,-1.4288610911249284,0.9628016690542444
0.012114530504427172,0.014869928062773305,0.006962199432323439,-0.0030215457174213767,0.6236539368813582,0.9657262874009439,-1.4221055172694885,1.0507484210029696
0.012891127589256396,0.01467701331249557,0.0061048477889878,-0.0037700171294510992,0.5602240121414007,0.4781974120753704,-1.2562705744363019,1.372399039196624
0.013379566763587446,0.014337119827570199,0.00565673930528484,-0.0044061293014725006,0.5692931486980704,0.2166588288365101,-1.1304139240465483,1.6333393433592884
0.013214327629537542,0.014487496967564347,0.005795945561596492,-0.004147993845178271,0.5575561333819725,0.30231530153779135,-1.1728887754946318,1.5286697276540855
0.013048817292500087,0.014600340846532346,0.00594618677241381,-0.003936613503729002,0.5534738797658411,0.3910261688206213,-1.2154984427322095,1.4417388527525226
0.012727090139660696,0.014767528645604518,0.006242230567531913,-0.003567414481303995,0.562905786078396,0.5689524226708386,-1.2867871257346941,1.287812501382443
0.012336175516591528,0.014935338458182115,0.00656493475654553,-0.0031038731951442164,0.5697051440332906,0.7906749608558911,-1.3428947367522992,1.0953181511596852
0.012570818072602878,0.01486421005368368,0.006342857624354892,-0.0033487611004657,0.5575559058236985,0.652306815926737,-1.3039988933277529,1.1976292331337746
0.012884706215501196,0.014844013637348502,0.005928480365554897,-0.0035252069683821595,0.5157782328278198,0.46447577903554815,-1.208730334587328,1.2744180423320188
0.011677339844287428,0.015211903215551367,0.006889674608842524,-0.002216373088377815,0.5739664559963091,1.1395786876467524,-1.3343681880936684,0.7427861306980423
0.01150691657590397,0.01527045301445714,0.006945893304877175,-0.0019855382838881576,0.5716563143057843,1.22429014712399,-1.3169640836686474,0.6548729436646071
0.011190687983331003,0.015205658101782087,0.007334520386374833,-0.0016778105656370995,0.6237006917669872,1.4689579773043093,-1.3358956692432644,0.5327489966310123
0.011340168512758875,0.015336828925788498,0.00696527269906787,-0.0017491060070768411,0.5679082180257259,1.2980896174313692,-1.2884257480344175,0.5662644984493267
0.010336813515527966,0.01530122547902059,0.007567251774651169,-4.8157053922773474E-4,0.6356127092378835,1.9024618396370963,-1.1338145352584956,0.1351196611261871
0.010509179327086438,0.015288062147504729,0.007547634649396726,-7.275010025021584E-4,0.6374144261040963,1.825069827236667,-1.1869966196181068,0.21001628164547156
0.010659099451184869,0.015219611184193738,0.007637291768991817,-9.64985176741312E-4,0.6502064098098174,1.79236769070219,-1.246628054145921,0.28377190125063695
0.010824197411947255,0.015255554760368863,0.007476191982335707,-0.0011728850609355205,0.6212970341499943,1.6680079963885055,-1.2693142782440765,0.3562075420019071
0.011010539909367968,0.015246494413326966,0.007381802683769096,-0.0014221915293976697,0.6181891968631134,1.55942356578782,-1.3014486403437129,0.44252523358179036
0.010253666685627886,0.01546204589442976,0.00724014453324194,-3.385974727404075E-4,0.581157173895102,1.8131609067642598,-1.0659774815851646,0.09686048162799533
0.010064362463595385,0.015470661545399236,0.0072393065158854785,-8.879773635635256E-5,0.5827703931865634,1.8845229729431516,-1.0060695105950919,0.025619267496174353
0.014070200379073418,0.014293556245311475,0.00462999034984513,-0.004390816783779447,0.47214037646062684,-0.06950554690843481,-0.8123728259593551,1.6078364160232754
0.014310082660348295,0.014190780073837912,0.004334868604719101,-0.004460088965211848,0.4443205028664002,-0.14420006025789764,-0.7133249772576827,1.6243266133184164
0.013674790596128547,0.014467053669966978,0.00510772636413311,-0.004202357564710982,0.49713671372356455,0.07809022003564858,-0.9718631019107505,1.5552410262321772
0.013917365830429457,0.014505522948782535,0.004747185002004813,-0.0041270519274831715,0.4426736289412432,-0.008932006342189446,-0.8607877105212556,1.510139176286024
0.009839124582140202,0.01545832459286674,0.007255176510663556,2.0983799082479026E-4,0.5828042673003965,1.9736722953165324,-0.9325179485593098,-0.05307125171452192
0.009640864363208938,0.015481981625388386,0.007171426688263892,4.6501083187813573E-4,0.5677922821413391,2.0104730564298126,-0.8557826804524945,-0.11478428894911197
0.009153855013954786,0.015189630371256839,0.007590726201660514,0.0012353122887642162,0.6295539174166761,2.3562216986510114,-0.6533053652002303,-0.2731304754173093
0.009301869792369674,0.015289250706886536,0.007454443336490825,9.806984721772978E-4,0.6057090471557905,2.2467116086016854,-0.7262072363631533,-0.22571525871444464
0.008697716586114382,0.01508542854208566,0.007464480031892616,0.0019105002085917251,0.6190701700256223,2.4488441312583284,-0.41672374898799164,-0.36871343022944064
0.009006121054250598,0.01520043661847957,0.007470956853113934,0.0014252304747883878,0.6164555208046575,2.3542369934316842,-0.5829898748873575,-0.3038653276043091
0.008838681568862248,0.015168050074779688,0.007413409362410073,0.001664252704610027,0.6025853795959913,2.3828979703418534,-0.4997476005203733,-0.33817190907655353
0.009427481678169378,0.015476825810536046,0.007117651782143152,7.38339733133309E-4,0.5651691566812658,2.0629132996644297,-0.7723468020264859,-0.17676120106942872
0.005717678771535905,0.01346084213915917,0.004533653898419177,0.005646240273381268,0.29549552059679457,1.5610974934908415,0.9507696969137297,0.052327155704940016
0.006001321618850493,0.01353529907724727,0.005001345158959558,0.005671783386925425,0.34397615323401637,1.7487730442670733,0.9725843986780695,0.020852460177450922
0.005820422098523358,0.013583877351141808,0.004689152744749874,0.00550123847745725,0.306557752376923,1.628413200189318,0.9117328634466703,-0.0012752450191421884
0.006112758260268753,0.013661609849135661,0.0051679385615758765,0.005499969628369904,0.35569389195224815,1.820776857488891,0.9224201001697915,-0.03800140974829195
0.006236315571709585,0.01378170983541681,0.00534459994598158,0.005331086602957998,0.3702857831619532,1.8956699457580661,0.8713275089381228,-0.09250148411288113
0.00559855142158848,0.013335774890695963,0.0043430638912633915,0.005773597435135328,0.2869301403635906,1.4794957252013656,0.9813623027858204,0.107597607420395
0.005424076483509688,0.01303464562309839,0.004022707202887177,0.006112419370378218,0.27913358886120543,1.3406090957297752,1.0615925573213516,0.2467873594399477
0.005480875234665913,0.013227234131709668,0.004150570526305243,0.0058639381532699765,0.27394039580583623,1.3990072044688429,0.9986631168395009,0.15371546233451996
0.006370118541282344,0.013885789830046697,0.005534578184265033,0.0051797492832098314,0.38950732279946526,1.974245275320712,0.8240667569278454,-0.13967413722419783
0.006529692301198696,0.013941281441518774,0.0057915628366972715,0.005105794114796157,0.4099455187235942,2.0755023666803516,0.8001674046417511,-0.17067917524682827
0.007127259826579638,0.014484186580114303,0.006339100501159828,0.004064910167067216,0.4536229500658146,2.2770782921644277,0.4221265060112264,-0.36181528346047315
0.006994279948396355,0.014382128935406874,0.006232394519005118,0.004279952268332169,0.4362348498086806,2.2433745259594677,0.5033193818921166,-0.3328499806766397
0.006906535310880738,0.01424430132222005,0.006224851377320216,0.004540934146413521,0.44614623405034254,2.244428796812611,0.5981386099206716,-0.2953655273512644
0.006751486386078801,0.014197317761130954,0.0059940012145650945,0.0046457569774479,0.42326654848815776,2.1573770809352646,0.6390331426535898,-0.26881213271450716
0.00661939305695718,0.014088903130182585,0.005848725453132639,0.004843928918614639,0.4024319428386161,2.10114793897876,0.7091903801342854,-0.22681296675119336
0.007087011975572449,0.014671942910273308,0.006054842721609009,0.003782851558602965,0.42347308615287,2.156994830785457,0.3276167134460027,-0.38101473676200465
0.008525797344238834,0.01510290781647259,0.007264532702198514,0.0020969822108016785,0.5933729928816164,2.411245684860639,-0.33915585010430993,-0.387539974026518
0.007716597599557614,0.0148537688135607,0.006729596194315784,0.0031660646846697698,0.5184134912503974,2.3619852679631026,0.07582106928347558,-0.4252184275723166
0.00835833517198697,0.01504781950818473,0.007196533257404921,0.0023398010530568726,0.5766235604602601,2.4267880189980287,-0.24888342659844645,-0.40711304122696657
0.008225168321148082,0.01497205616930545,0.007188284827287991,0.002565094473523594,0.5843702830645613,2.4569344790310548,-0.16550477387660395,-0.42016299612334473
0.007892999138780405,0.014919423288255622,0.006862768593054243,0.002938650674970514,0.540224435492486,2.386946317235737,-0.01342316934014493,-0.4277448536088401
0.008074116485603659,0.014963454551492365,0.007019631851771222,0.0027223153144165287,0.5643765969965074,2.4178589351963518,-0.09966681289827194,-0.4251314036287203
0.007221280476848253,0.014781773935738304,0.006122806669026826,0.003563934326534213,0.43244587462179424,2.17087870175352,0.24659511106358625,-0.3991230398416066
0.007368735389929454,0.014890358947623535,0.006193768962675153,0.0033365110945119737,0.4410092707170033,2.1815400645336855,0.16153433697939026,-0.41249273878475595
0.007535698367216109,0.014992197461147086,0.006281299515727773,0.0031020895397729977,0.4524352159172073,2.1934022528999537,0.07312167090766754,-0.4203280803500129
0.004609914841998161,0.009646693678967441,-4.933872723919268E-4,0.007652878904760165,0.6027161152229744,-0.13412414093899383,0.7782429455213137,1.8960810864297033
0.00460719824947028,0.009826195638250481,-2.4188968421415548E-4,0.00767978480574917,0.5832970666310516,-0.0800152231026775,0.8399746202650372,1.8322920204109712
0.004651138323538068,0.010185518556373898,2.692297465171964E-4,0.007749777655165214,0.5550712806812906,0.04233111318698965,0.9608438239568137,1.7132991615141677
0.00462045744954826,0.010007498421453794,1.3593934605102868E-5,0.007711367208002745,0.5669061976767691,-0.020949372817009773,0.9008996481750974,1.7705028019792446
0.004803028897183437,0.011334658218448678,0.0019036168465526597,0.007458990975498548,0.3775363975030013,0.5247001465566954,1.184570873398439,1.1460395432140162
0.0047696836733872195,0.011164268511231997,0.0016679677103490665,0.007537140388265221,0.3961882256474516,0.44730480688856494,1.1668900107712394,1.2371157809867297
0.004701082679822628,0.010357316458605478,5.250887681502559E-4,0.0077995031505890345,0.541558138417849,0.10998585683542435,1.020756844565952,1.6626494436040937
0.004777798017304559,0.010498541287920275,7.511972503650579E-4,0.007881408754872268,0.529884161502779,0.17503308466055464,1.0781507106012727,1.6345850304196758
0.004750033625087031,0.010992070367058158,0.0014322960192504949,0.007618612723959595,0.41983363949460567,0.37255592882078453,1.1471811415657658,1.333083679891683
0.004739131161964468,0.010648573586963654,9.547506705009627E-4,0.007770534916450879,0.48044642877149807,0.23064214240663047,1.0959716132364632,1.5281289002605645
0.004739718806827812,0.010819264683202767,0.0011935534215525513,0.007696565567723378,0.44848864389743953,0.29993375294624697,1.1233803121254156,1.430548818648749
0.004686084421689411,0.011646244430264359,0.0021519018587357716,0.007047394961361811,0.3057636822832814,0.6054980600485491,1.126821931523457,0.9044355828539178
0.0049360094093037505,0.01214965119374811,0.00286807129587976,0.006829842293944067,0.2832679132413803,0.8712323341815783,1.1579280048453222,0.6770006889586967
0.004750256143990455,0.011818508243310934,0.0023795208500870003,0.006965578010493095,0.29395762948245313,0.687711347951972,1.1360292680619255,0.8227058362123415
0.004830597298528528,0.011991717224800367,0.0026185402301202904,0.0068842138535439995,0.28461421156385075,0.7765312190741023,1.1443482448832911,0.7429777221166428
0.004633478324549876,0.011472183801081323,0.0019270468367893062,0.0071275982902087925,0.32141076651016576,0.526872802531762,1.1153661676469577,0.9886617585953973
-0.005039415511198498,0.010626579228399678,-0.0010369122079259597,0.008264403774646184,0.4494761616840182,0.29246313374404836,-1.19755867722308,1.6976639244679326
-0.0049037485142506415,0.010728242160624471,-0.0011397634348534965,0.00799026533665917,0.5160573130081434,0.2863777949800597,-1.1680680579497247,1.5809388431697713
-0.005022183559254116,0.010470471553061363,-7.803096598959508E-4,0.008292725959447292,0.5357489759124996,0.22093560846569416,-1.1545347373137684,1.7799745085916303
-0.004896123988805056,0.01057250435342844,-9.010935578117243E-4,0.00804176427966964,0.5872829751926112,0.2198237077855227,-1.134340553057406,1.66698186496304
-0.004886089128600762,0.010398397113914212,-6.283408634983695E-4,0.008079171155264535,0.556185878314175,0.14504614587804718,-1.0881166006907799,1.758514423424166
-0.0050098636880925584,0.010313910160050264,-5.334767686607637E-4,0.00831214109329847,0.969055232159724,0.15146948246846223,-1.1065166598301686,1.860071851709165
-0.0050024667597618295,0.010157039844353498,-2.5505428039129715E-4,0.008325246734366892,0.5204775067741754,0.08107392379501081,-1.052575442822355,1.9394898504441738
-0.004856323497293778,0.010243969766067758,-3.81368009647026E-4,0.008062960433839807,0.5864374490684012,0.07667611390345509,-1.0353714905073164,1.8232409624514732
-0.005,0.01,3.2638117302821585E-6,0.008329321262069417,0.6531020178211154,0.018684998581068063,-0.9972228497931616,2.016109042885794
-0.004864229166151781,0.010089362143932183,-1.4061800195920647E-4,0.008090835049038793,0.6701703086965746,0.018348933661500283,-0.9887888926261333,1.9032068743373565
-0.004869670252553059,0.00991886869872955,1.2832589251333967E-4,0.008098850493106354,0.6435722699991361,-0.04532266963220902,-0.9291591689383137,1.9841320259316735
-0.0050024667597618295,0.009842960155646504,2.5385005080529754E-4,0.008325394717773169,0.9739222085574819,-0.0409733424771605,-0.9364851760604163,2.088911505150784
-0.004762293024767567,0.010836143766800218,-0.001228065920094265,0.007721384706498197,0.46559422047313465,0.31094947325822814,-1.1348732433926108,1.4331916913964429
-0.004626505033976844,0.01100975762396168,-0.0013840357997346351,0.007433682796878906,0.39693780098200604,0.3504918251941068,-1.1015559900877516,1.2604308844245524
-0.0050098636880925584,0.009686089839949744,5.253709312131518E-4,0.008312618668075438,0.7009940636283246,-0.09984955104123272,-0.8698428400320868,2.159183368533194
-0.004860531480736546,0.009758404555776173,3.7923266996909384E-4,0.008066589331049175,0.6694902608161272,-0.10357757345809626,-0.8651263632794235,2.0448191604849484
-0.005022183559254116,0.00952952844693864,7.832863832452963E-4,0.008292432566708884,0.7959235454946044,-0.15217249105823444,-0.8014358406431782,2.225541686118462
-0.004876537147353929,0.009602832344018306,6.236245848774143E-4,0.008058820574166696,0.7284163886042051,-0.15351351786326436,-0.8039330661416176,2.1121688920055743
-0.005039415511198498,0.009373420771600327,0.0010333785680750674,0.008264986398065305,1.0475352218494878,-0.20068878851464197,-0.7289987300298847,2.2874614412579217
-0.004894258586457268,0.009429456994107651,8.960256446991979E-4,0.008032082649213285,0.7114288220343621,-0.20650918811367155,-0.7288082143874369,2.1797757465267256
-0.005061544257832261,0.00921791631991809,0.0012962272753699467,0.008227743847274236,0.9550695226813146,-0.24640962750915615,-0.6517993992299354,2.34382535062213
-0.0048977327215886084,0.009272682797976783,0.001134595916578853,0.007970845614642412,0.7154094392716926,-0.2509422319958969,-0.6554187936623611,2.2237863277517165
-0.005088549402048354,0.00906316862569595,0.001558591384772882,0.008182088826095446,0.9044082809694487,-0.28729733767144977,-0.5718044113035571,2.396693587926326
-0.004914411492679418,0.009111561010909895,0.0013799592923483138,0.007911895037496106,0.7497413742312969,-0.29125075676147366,-0.5782495413272849,2.269211882171279
-0.005120404840570064,0.008909334570059206,0.001818178458793416,0.008128331203025951,0.8826043712191732,-0.322928969484151,-0.4888561201364044,2.4448701558068935
-0.004943071852874029,0.00894871025371332,0.0016298126178630045,0.007854184558844122,0.7778094982818846,-0.3267750355004178,-0.4976665381182523,2.3134787798694414
0.00577835898009388,0.0073208682191713715,-0.004471594880358875,0.007027192260698003,0.6380972802529091,-0.3353893180558816,-0.5094614404349699,2.4949860347854527
0.005604591744521332,0.0073058168562098735,-0.004165842482599497,0.006800368042000904,0.7852659752310355,-0.36194227638174675,-0.43944857630717143,2.383115094877295
0.0058645967077086796,0.00718958373010223,-0.004683205883995385,0.006888043026900621,0.8021632996754237,-0.30140241975867366,-0.5934028679280469,2.457563229879628
0.0057047643853719125,0.007178157656467921,-0.00439440894884989,0.006691696190098308,0.7838492872061296,-0.3321399017960802,-0.5238492601771637,2.3595294142482306
0.005954915005069573,0.00706107377027107,-0.004892365703678563,0.00674094880053316,0.9386399585807493,-0.26268589203325654,-0.675332212430035,2.410729027720018
0.005801150169367373,0.007038725676682252,-0.004612979948115461,0.0065428778691371285,0.711942332008313,-0.2960573267349902,-0.6078536777171809,2.3151783478001398
0.0060492245102820915,0.006935465283302502,-0.0051111302820408015,0.006576696275600838,0.5368536718420972,-0.21901485301540932,-0.7551374589559955,2.356362683465319
0.005883959731325644,0.006908418557506485,-0.004793071711158372,0.006383287766731035,0.715875734780221,-0.26099328319171583,-0.6761675170503382,2.2622506525844206
0.005992920403740761,0.006793570781391617,-0.005007488070928725,0.0062583604814693125,0.696378620031103,-0.21728574762488842,-0.7515418851030377,2.222440218092133
0.006147433031857423,0.006812880963004882,-0.005303842783281858,0.00642231173528181,0.9591777717966332,-0.1708395168912892,-0.8277365924018362,2.2990823329772367
0.004624920654591494,0.009471825027942691,-7.390006467509984E-4,0.00762655431635595,0.6234653621917211,-0.18300980642355166,0.715478278547815,1.9587458438871848
0.004648345048090242,0.009300998028156256,-9.800174362522677E-4,0.007596193609603144,0.6433023391088478,-0.22704575443145994,0.650879629649782,2.0179757414947517
0.004679750174859766,0.009133582524506498,-0.001218026938645581,0.007561939823869519,0.6617523400454864,-0.2666028279290724,0.5841152573526579,2.07383629625127
0.004720951362374303,0.00897019873344094,-0.0014542989326775263,0.007527623487708635,0.6798715238655825,-0.301801920933703,0.5153746633719414,2.127832416091639
0.005411071571526305,0.007293363640155629,-0.0038665002399767847,0.0065729370288599475,0.7020267610622729,-0.3806989827526008,-0.33805747712158146,2.265727608911179
0.004937515570768074,0.008509395474495437,-0.002194927851204229,0.007487594775915032,0.7529922017118335,-0.38470802580403746,0.2890892344340499,2.309264619797547
0.004955627433528426,0.008368805224414627,-0.0023745550145191957,0.007378387294547008,0.7546064152621045,-0.3980354536867136,0.22235646933231365,2.3097202430862662
0.004770871657144895,0.008810156588774473,-0.0016903428075995925,0.007492214841685174,0.6969495358192005,-0.33285708519049906,0.4439845154766519,2.179593554989543
0.004825332033090629,0.008630765199821377,-0.0019519600959785313,0.0074314519162730925,0.7090732390812605,-0.3624439702721741,0.3600302682061271,2.2254889361650636
0.004994320290943252,0.008207975390285642,-0.002588310007289034,0.007265006927221083,0.7509404109983121,-0.40975199434398907,0.1437885766065704,2.314399439801846
0.005324659121277733,0.007444558632506689,-0.003653066538948828,0.006703993530545787,0.7212292680178493,-0.39833506844912786,-0.2570232657520217,2.2894459081590863
0.005262857798742366,0.0076062423268993306,-0.0034573544448706327,0.006863089276584877,0.7425143773320535,-0.41080566913499234,-0.1803399783622581,2.3222830915933383
0.005239161668823007,0.007757311373414938,-0.0033086191281197198,0.007041137426310311,0.7641299911205581,-0.41788678651701733,-0.11775155987902128,2.3658009030201725
0.0050529283142711785,0.008043642629965061,-0.002818294791021286,0.007159356015295743,0.7454926297508936,-0.41747626854197145,0.059634714709572934,2.322323234394952
0.005129713439199443,0.00787605187150534,-0.003065574220874598,0.00705612301799535,0.7381208169071471,-0.4202046869685426,-0.031118675304622093,2.330369513736404
0.014462556039332955,0.013616324902626282,0.004210473579402695,-0.005202090832631662,0.5286549917276058,-0.23583470383625227,-0.6257388774309743,1.9078092373513196
0.01450124020672759,0.013392745158615034,0.00414925724983154,-0.0055101269445086845,0.561212343629567,-0.2675281445704051,-0.5822400981683489,2.019796990474205
0.014657713645335479,0.01325207376388782,0.0038985351171040264,-0.0055901792702199105,0.551764027256609,-0.3086148109941911,-0.4876801266627742,2.0289551916545325
0.01467572859903067,0.012783052898490884,0.0037312028224106212,-0.006273608686101452,0.6328189447398289,-0.36076161473477925,-0.3726548468328574,2.2705528575336213
0.014826014262728782,0.01257603687531126,0.0034071703421246434,-0.006389456630842429,0.6236930504185781,-0.38915168726627275,-0.24391217574560645,2.275775891501789
0.014901789501148028,0.012352455285727601,0.003162121741361768,-0.006594403779129713,0.6338566214380529,-0.4054248748074388,-0.13623252260818555,2.319500319852495
0.014782555577590294,0.013026698844337402,0.0036632580924702758,-0.0057974145899713165,0.559821939725181,-0.3473601790899576,-0.3853267914654444,2.0841589222101997
0.014607985208561032,0.013842419436521798,0.00399325753323711,-0.0047967324946113915,0.4568584756857486,-0.24337565466478342,-0.5742320982446305,1.7352006496254992
0.015234972235498877,0.01173365152429108,0.0022492958555070755,-0.006794794602042821,0.6029961959278487,-0.39134271688340044,0.21509465767799033,2.2376023517243824
0.015387489182747372,0.011651362413593599,0.0020265416680192525,-0.0066176938033514435,0.563785056717779,-0.374009993718664,0.2811924357791763,2.1237730572920417
0.015094688567642733,0.012059436526131973,0.0026948346791402585,-0.006671279162169537,0.6114166241099516,-0.40945337206193494,0.04257761415514822,2.2734960532146293
0.01522108974732302,0.011913619311149901,0.002429766045719183,-0.006633498590913891,0.5848800056831565,-0.4008334328059638,0.13584081314365795,2.2122002587406486
0.015112260813588305,0.01226916494975637,0.0028355490556035714,-0.006396849796730656,0.577278940208259,-0.4073698936985051,-0.032207181561605625,2.1942925859990066
0.01456377756021104,0.014291882140294199,0.003984134841211765,-0.004240641411090753,0.39106213791520583,-0.20054205526007657,-0.6017886180134179,1.527242158606489
0.01471381487305235,0.014110478485487344,0.003830624437297961,-0.004403044534081517,0.41133791949766857,-0.24172323781006438,-0.5401633435527897,1.5764240976216428
0.015299777881642308,0.010167911443271442,2.421875826710643E-4,-0.007610644388007032,0.6581960032191153,-0.06581519472587966,0.9328026032488558,2.076973192037121
0.015244463441871019,0.01032856383390243,4.829606193820715E-4,-0.0077054373353317145,0.6879649064167769,-0.12321581040577682,0.8720337937088427,2.175553858634482
0.015261989792878544,0.010660245941393169,9.471885286688039E-4,-0.007552570349057381,0.6659458497484035,-0.2199544199472606,0.7193489739482021,2.234471075383484
0.015294646060085413,0.010492546798849386,7.014684294530003E-4,-0.007549052760580154,0.6694206036129869,-0.17093666594045961,0.7941339531186942,2.172559223973718
0.015307628525157786,0.00998163256469682,-2.5170676278411585E-5,-0.0076021205571829556,0.6630652590489031,0.0022634492755958563,1.0035535327690859,2.0022347327563783
0.015248071020996307,0.009835185312336637,-2.4116491921481606E-4,-0.00772398590568779,0.6799209428368548,0.060318723558105546,1.0709953518156585,1.990539321192643
0.015293932568160381,0.011329446908112805,0.0017703552477502551,-0.007056894916884277,0.6224454994035907,-0.3479696081132297,0.40888765080246225,2.2378361172259034
0.015466903154341412,0.011493640791349829,0.0018052269916616758,-0.006619383970516759,0.5553759038743217,-0.352732199981959,0.35778639202281065,2.0764802165955616
0.015379183589804182,0.011088307779987901,0.001428371528010138,-0.007074142323786039,0.6125342222310164,-0.3026540481886217,0.525808086128547,2.167364365620578
0.015397824033729388,0.010853896230407523,0.0011326045134596619,-0.007177870200136993,0.6217775078175664,-0.2547189582010266,0.6302436428348672,2.137433740387486
0.01438153448432905,0.007591233601480755,-0.004015362054889678,-0.00729748672158911,0.9280405019348531,1.4619958290421093,1.5330941303001324,0.8385105276551461
0.014543664278999738,0.007586189579889943,-0.0037323204900472783,-0.00702924610017966,0.7372077666418835,1.3283861632117302,1.4780609114889636,0.8217268178151845
0.014455032777517945,0.007730047808600203,-0.003782403179199163,-0.007420788744255717,0.878246503763043,1.3626793224622762,1.5474012807063173,0.933739347563273
0.014303711841978798,0.00745479580756053,-0.004236684976672457,-0.007171335768958879,0.8057067553947451,1.5581787783936203,1.5133865827794486,0.7451078811672401
0.014462489100977569,0.007451063549409056,-0.003952840234440975,-0.006922761782526828,0.7558772704906805,1.4223503212946873,1.462843236739116,0.7344892946966207
0.014221641019906126,0.0073208682191713715,-0.004452714267337357,-0.00703911032762005,0.6110506091083915,1.6495169888684302,1.486386388229908,0.6526248961836115
0.014385044768829531,0.007312424207037058,-0.004159944678499631,-0.006788515716716666,0.812849662640943,1.5121785036430977,1.4378161124567335,0.6430717944857715
0.01461944676023654,0.007728576556836782,-0.003508049450778533,-0.007137658926852148,0.7505446715122864,1.2337226971146957,1.4890141290309538,0.9126643161888347
0.01452413555302291,0.00787110415992842,-0.0035412121650916077,-0.007538921130550497,0.7231197760582763,1.2631689245329003,1.5567038235644606,1.0308199234532942
0.01499138844633585,0.00880343827651668,-0.0018634911630564831,-0.007773267574371329,0.7413581262554106,0.5827530840893073,1.4151936501622153,1.5696178162884216
0.014842921746160495,0.008756573701192635,-0.0020653100621188017,-0.008069120977762394,0.6259844416038921,0.6774200623093992,1.483226892471604,1.606328839508192
0.014801469324203571,0.008605047553236286,-0.00232564056655176,-0.007997926158567118,0.9049421030322956,0.7734977488879907,1.5107850189478569,1.512387657686791
0.014962771186670833,0.008644847159779425,-0.0020984934804989413,-0.007684426294742342,0.7285110017234028,0.6682395631995625,1.4388457923800662,1.4738838001828194
0.014755282782341355,0.008454915646326118,-0.0025699804222657236,-0.007922792799642685,0.705169301520106,0.8684030504748718,1.5315338571961743,1.4179978584973911
0.014912988230899697,0.008495108533626658,-0.0023372423024535707,-0.007629639471876226,0.7249128744235686,0.7590509420214585,1.4639779245994673,1.3898549961545223
0.014679452957399057,0.007876225878529906,-0.0032954516176358192,-0.0072626730292281875,0.7620052533941778,1.1453897070768686,1.4990368978708235,1.0079130090510644
0.014588774500088612,0.00801426371656846,-0.00330382420066506,-0.007646105525876366,0.6991133744279057,1.1652384629550554,1.5594907681198944,1.1277345693734562
0.014738439543075478,0.008032987035849226,-0.0030643720025544125,-0.007385111042655985,0.7314026352272981,1.0515141849152527,1.5033163295227006,1.1085591576423808
0.014648884232660607,0.008159381790995322,-0.0030749111648839464,-0.007740916356031212,1.0586536550246186,1.0672383838757715,1.5551656397604736,1.223420800065038
0.014704405031812395,0.008306313695911128,-0.002821036335461233,-0.007836844055849852,0.7609992649630714,0.9657376098332607,1.5458983203283914,1.321191326145295
0.014869944164207706,0.008338900209431335,-0.0025706591525479603,-0.007535461238190149,0.751910262866928,0.8507206951535319,1.47912656111042,1.2930649807763128
0.014819466645874963,0.008192231835824489,-0.0027938391660041217,-0.007449622543196685,0.69793798149035,0.9388747154444722,1.4895752186525277,1.2042412326726089
0.015289390834190193,0.00967967366170129,-4.5861270506607855E-4,-0.007604565593947431,0.652225652239676,0.12429333605546085,1.1128236677062235,1.883957663546344
0.015285360276161737,0.009497539119375224,-7.172155671220458E-4,-0.0075603838308456435,0.6574710109896674,0.20265422466325797,1.1674562873523913,1.7959470842226037
0.015208698043995359,0.009345047797897703,-9.625922596570462E-4,-0.007665452874401816,0.6759138030807265,0.27838811247080186,1.2323847665038246,1.7701880936714631
0.015234111508220804,0.009178900391584938,-0.0011782823758208713,-0.007523693981337114,0.6520646168597204,0.35245027938090945,1.2600190142394618,1.6545524562812943
0.01521225881375356,0.009001795163362903,-0.001426930912523581,-0.007458559838032511,0.660747724649556,0.4381356338003393,1.297813533141287,1.5610373291951996
0.015126873750939077,0.008861593587233648,-0.0016716569894749344,-0.007533479839863586,0.6827172726268755,0.5213085204574209,1.3496314474997422,1.5254502012012212
0.012947806699152953,0.0058056946203882895,-0.0065670791108323875,-0.004613863623194859,1.0109894420466896,2.4330054947975515,0.6806570035351186,-0.26038529881851963
0.012810416269897774,0.005864596707708681,-0.006884196684126198,-0.004688670845378912,0.8216455928561018,2.5611820094152113,0.6521556582441915,-0.26726109919283236
0.012679131780828632,0.00577835898009388,-0.007036048471542195,-0.004457683367161942,1.3589456537553606,2.594666509361546,0.5579995730600501,-0.3056508851522503
0.01282269468336357,0.0057020117850409575,-0.0066852432980533455,-0.0043887308065993025,0.9807413388906471,2.4535818658349604,0.5922681896101286,-0.30028656762698375
0.01267862501193409,0.005628875415314552,-0.006851444716054716,-0.004197748169885077,1.0001243810907605,2.4927904657024844,0.5071265992895152,-0.33200193647212034
0.012545204192439475,0.0056962881580212045,-0.007163224822225569,-0.004250454187571631,0.8113616072273979,2.617062254974938,0.4658170367158265,-0.33843032350115604
0.012263424912567968,0.005376894468153859,-0.007193997943162589,-0.0035203013909389995,0.9724379508498163,2.517228071533705,0.23147157206913746,-0.39912880519404176
0.012269952191399801,0.005544967222482057,-0.007423731378802014,-0.0037767001689043797,1.2446635120749099,2.640389933083902,0.2730182041289682,-0.3830423305539259
0.012411911869486173,0.005439698704348159,-0.007054389676356777,-0.003728933786292427,0.9889045511893751,2.5014514673957247,0.3216719501534491,-0.383686341298032
0.012408766398519252,0.005618465515670955,-0.007294891878841967,-0.00401983069340932,0.9710796677079151,2.6309151897535563,0.3714395254222011,-0.3640712032786308
0.012537297329808395,0.005522928100328144,-0.006960729898705768,-0.003942270973113935,1.0526672983579404,2.4989431257727683,0.4064972169765433,-0.36310508606223596
0.013614027401020485,0.006138495131415343,-0.005581430834903104,-0.005215871151733476,0.8490878022012144,2.0970574326553924,0.9566163331626506,-0.05499365084718948
0.013466127738837205,0.0060730461288398645,-0.00581925419458416,-0.005130467496410941,0.8821161520653737,2.1845120288946007,0.913720779706941,-0.09922128158063144
0.013383992966800845,0.005930506834907131,-0.005881624188204342,-0.004882344634205713,0.8653383341640791,2.1956874351317874,0.8240979995160388,-0.15802550927612424
0.013238085831912364,0.005822161335952707,-0.006065214872248243,-0.004691445684890771,0.8932842760679377,2.251267946519752,0.7458194312668077,-0.2093645800597241
0.013086146646958006,0.005767422141993867,-0.006287595862630431,-0.004577298668016606,0.922990639473203,2.3245093106670334,0.6892932686414706,-0.2453269418379575
0.013908869475069545,0.006654159413217367,-0.0051750537562096285,-0.00604545250962065,0.8409147673072476,1.9443697159800937,1.2368071051101595,0.21949594694791516
0.01385256696814258,0.006812880963004883,-0.005306843152956937,-0.0064197600089899555,0.8059878797053791,2.007166348508749,1.3180709574190537,0.30392445370019017
0.014004674873363536,0.006783106862888022,-0.004995480191691926,-0.006219058587156697,0.837384300649029,1.8707527266579744,1.2901182930042074,0.29958923516280683
0.01395077548971791,0.006935465283302505,-0.0051097654821679,-0.006577840971736282,1.0166005156733278,1.9239654000426416,1.3673460081250797,0.38639318929367317
0.01413540329229132,0.00718958373010223,-0.004681631182160206,-0.006888789705302674,0.8777925232084732,1.742450648346204,1.4515340286630078,0.560357538837282
0.014317288173655032,0.007166610174824125,-0.0043406635688675406,-0.006613813625586208,0.8010177307316101,1.5902077944553206,1.400403893305593,0.5480521284953824
0.014045084994930429,0.007061073770271073,-0.004905175947830012,-0.006731642592605208,1.115488653706573,1.8356022548669042,1.4118495059375649,0.47164255743139205
0.014117114006974725,0.006915500834326436,-0.00477098049223371,-0.006369295705924511,0.7671077353007688,1.774180490751603,1.3364070010849582,0.3868411748268888
0.014223953366290489,0.0070296964669703255,-0.004550384894919838,-0.006471829106620139,0.7627075002611438,1.680208996237784,1.365936681062155,0.46070769489206104
0.01396460491348611,0.006483976305167026,-0.00504621609352783,-0.005685141193079499,0.8010235015043502,1.8962119876903933,1.1301799633874372,0.13351132743604618
0.01382468426550436,0.006072343061503081,-0.005186655668058897,-0.00503243605155021,0.7630290429597579,1.9376661304405538,0.9143635621285214,-0.057424059855974534
0.013976865585362267,0.0062649950426811405,-0.004983021195737903,-0.005292534490906191,0.7513569721885519,1.8681394106597327,1.0070646046176694,0.03028776255119909
0.012248731882627623,0.00522981030821104,-0.007027445541466307,-0.0033015227328528156,0.9400180742660986,2.413530020401261,0.16659613517368752,-0.4018960298052695
0.010483733234057227,0.004684982093369812,-0.007742944134585573,-6.98885222559423E-4,0.7608264651842093,1.9916748992166815,-0.7158173821079554,-0.17881527200743907
0.010657776711456199,0.004695109816182569,-0.007696323662106235,-9.463625779276096E-4,0.7776080372026936,2.0472391290243412,-0.6452191370528793,-0.22417632774487392
0.01082681672077407,0.0047225628947897445,-0.007659674672369076,-0.0011904398233008194,0.7987809333421244,2.1063363176472705,-0.5746053444982228,-0.264408747354242
0.010937985519782667,0.00456056418000316,-0.007371884673707426,-0.0012490482300192062,0.7323675861480629,2.004921328955121,-0.5136579272227396,-0.2827243936078338
0.012139368248709584,0.005119298640548547,-0.007032078947700432,-0.0030670454598600437,0.9022205755069698,2.366413524609733,0.08349009822299157,-0.40684465255327934
0.011979926719924691,0.005024840201962126,-0.0071057586387869446,-0.0028103636269308486,0.8902737174960533,2.3364920844079857,-0.011199622818868236,-0.4072752987029206
0.011157349933155649,0.004803965809042058,-0.007577792677006312,-0.00167642116534968,0.8425690216945556,2.2179561880711094,-0.4260125275153402,-0.3311259122196577
0.011321456707403806,0.0048626413925312965,-0.007537822325147628,-0.0019282922882032372,0.8645423915930533,2.2739821297193035,-0.34583340429059545,-0.35809292642602775
0.01146550250919081,0.004952009693287014,-0.007542928043331227,-0.0021816322219349853,0.9126127509772319,2.345351170117827,-0.2672833241080739,-0.37940009917569045
0.011627781371987203,0.0049390976555670945,-0.007370402795541666,-0.002357556049213423,0.9002356380406829,2.3258120494017835,-0.18971186086582303,-0.3924605897871403
0.011802030995846235,0.004962940500604821,-0.007223532571611328,-0.0025679095924082576,0.8930236234065788,2.3228647939093032,-0.10441681399399087,-0.40204618518267704
0.011112075894137697,0.004593735808354821,-0.007314790374767968,-0.001479375534638029,0.7508645609100738,2.0528320694013114,-0.4422111250229976,-0.31478645589612464
0.012408766398519249,-0.0056184655156709526,-0.007305240179428916,0.004001370004845784,1.333177074533841,2.623046719108697,-0.37113929830826414,-0.36085247491479916
0.012545204192439471,-0.005696288158021204,-0.007172711367600675,0.004234183034937095,1.178610641856863,2.6054636272626395,-0.46712561496237487,-0.3370946939169799
0.01255921432943203,-0.005512245900814788,-0.006913953441919549,0.0039396960649241385,0.9526713046166976,2.485089639337485,-0.40872617823168556,-0.36303257034781694
0.0122699521913998,-0.005544967222482056,-0.007424045060486539,0.003776408050026285,1.194046996269697,2.633032345007274,-0.2758122094577515,-0.3791411374198244
0.012406924536362506,-0.00545162486920008,-0.007077760383818758,0.0037421195057551443,0.9613191273152264,2.51442433472357,-0.3198442801332662,-0.3840526278432106
0.011693686304088874,-0.005295594968187607,-0.007834407924906714,0.0028279778242731404,0.9183706976863294,2.5988298050711967,0.10893987993830888,-0.3958199673091729
0.011666106364267934,-0.00513209440855527,-0.007607987366509941,0.0026013177823793372,0.9878073175428254,2.479274582300255,0.13819298400695768,-0.40598479562273154
0.011840618209004684,-0.005351115767339394,-0.007743943453313831,0.0030673787852510265,1.0850126401970839,2.6193620565039537,0.01466875200447887,-0.3998915210464841
0.011808376467709608,-0.005196517666768207,-0.007541468639505841,0.002836825618811149,1.033908574351421,2.508782506915036,0.052135173160780764,-0.4124368596611368
0.011964666055316542,-0.005260378531747636,-0.007441653248800043,0.003082690976555467,0.9877936174517735,2.5252678160300275,-0.04480531558698426,-0.41419492168248623
0.011985736283431544,-0.00541122549991139,-0.007646931171393364,0.003301685988038076,1.278988258387659,2.631015773125539,-0.08170571772897486,-0.3985720994960769
0.012128895840071582,-0.005475864446977092,-0.00753697060476576,0.0035454458295930444,1.085651935099306,2.634835358267694,-0.1799092205670589,-0.39210537397535594
0.0121145220036483,-0.005313155239740956,-0.007318006993123931,0.0032994272103907397,0.9912699955330954,2.5241270358481134,-0.13475676500383937,-0.4106150402542709
0.012256155580747233,-0.00538142970372182,-0.007210742067522708,0.003519858658041948,1.0034719579671207,2.5259489918050186,-0.22440293249946217,-0.40060973033611685
0.011330901107117472,-0.00486610098573851,-0.007536150476597514,0.001942744950586885,0.8668781716735702,2.27819495576199,0.3411253958617992,-0.358783169242243
0.011465640452802158,-0.004961952843460185,-0.007558156772951486,0.0021906991634006398,0.9161565316915642,2.354355252367662,0.26727570211056045,-0.37946515256422
0.011631154152310258,-0.004948874023036419,-0.007381759850949778,0.0023709686763658797,0.9020689926767692,2.334434185715875,0.187098252035778,-0.3924834475699324
0.012679131780828632,-0.00577835898009388,-0.007033832300438532,0.004461138636833344,1.1159029818172324,2.583060370810863,-0.5610895978012956,-0.3071577710832093
0.012703651686548042,-0.005587740534288562,-0.006765402654395705,0.004141842894742595,0.9617589922193189,2.457304006580671,-0.4969655053499578,-0.3354280958708657
0.009115812568083251,0.004942447153599129,-0.007972450759285451,0.0013928948519727688,0.6311049874517666,1.4934669539165217,-1.1956305410577748,0.3595560309948978
0.00906316862569595,0.005088549402048354,-0.008183178186158288,0.0015527763843738987,0.4437744883209834,1.516333467887688,-1.2571527061751016,0.4412014245605895
0.008909334570059206,0.005120404840570064,-0.00812726688391206,0.0018226352033721925,0.7581942068018387,1.4292992448403634,-1.287310304465957,0.5231052945251933
0.008957820220654318,0.00495719147203939,-0.007898851844381369,0.0016310916469519118,0.5846112597634918,1.4027455049813355,-1.2208040178278041,0.43027833971831236
0.008756573701192634,0.0051570782538395065,-0.008065780871726796,0.002078687849436896,0.8105547605996438,1.3434654656991663,-1.3135643293038077,0.6068242623508538
0.008809223309657796,0.0050006377558047006,-0.007858935174748038,0.0018696962043355124,0.5111080215374598,1.3266736952798868,-1.2498538033107949,0.5077551514638871
0.00845491564632612,0.005244717217658645,-0.007921021385943503,0.0025755121931281184,0.67242719183551,1.1717159301165536,-1.3529539583959067,0.7754372258860643
0.008306313695911128,0.005295594968187607,-0.00783841415590629,0.002817172376225595,0.48242072946160436,1.08596864988205,-1.3657114493601787,0.8617816586404102
0.008343300937946692,0.005139227247077121,-0.007640145926735336,0.0026021056172624226,0.4990172041623038,1.069325727228325,-1.3044859024472693,0.7573105657367639
0.008605047553236286,0.005198530675796427,-0.008000789186364241,0.0023161593315792427,0.34000207515172826,1.2588612050702102,-1.3354776306571028,0.6881226291320889
0.008490774758419558,0.0050849401478768996,-0.007710535557302909,0.0023660087151156843,0.5325319707297594,1.149080381037075,-1.2894342429453867,0.6741605339165194
0.008647247102059654,0.0050551155738328005,-0.00780877267621474,0.002134716299451249,0.5521319387899856,1.2410599081652036,-1.2784157460591958,0.5986046753626612
0.00624944398096624,0.006693441434347547,-0.005508685087839406,0.006247306763980197,0.6832476889104139,-0.11834275520072783,-0.8997322145402501,2.2330358056799056
0.006093874453833722,0.006649748776581222,-0.005197552939190925,0.006059644215516909,0.6323017095632112,-0.16754853896851,-0.8225878739465812,2.1470869778602353
0.0063551565897494505,0.006577264761224859,-0.005705696736282149,0.006067989678079123,0.5660813716892689,-0.06168447651853957,-0.9663610197835729,2.1647236725716983
0.00619609110178547,0.006536380286574555,-0.005376910846853146,0.005905557460501793,0.6658138601079947,-0.11940793259719128,-0.8832531905313753,2.0886812536898027
0.006464466094067266,0.006464466094067262,-0.005888955341155353,0.005890334174580412,0.7574873372411175,-0.0012641391228916249,-1.0272798226792985,2.092488885186197
0.006315262232969219,0.006422803602305509,-0.005577551696497182,0.005745017970960351,0.621849632770526,-0.060748785432417025,-0.9489153495594135,2.024612660737471
0.006421719075723132,0.006309907593114381,-0.005742407233063087,0.005567734920534165,0.6040127644981877,-0.0060771142755809545,-1.0006325776963,1.95249613412348
0.006577264761224861,0.006355156589749449,-0.006075770988131665,0.0056975671217415315,0.4633794362328653,0.06309624597445358,-1.0841829945143282,2.0136451049319306
0.006548651697228389,0.006206643795131162,-0.005936378765421122,0.005400235947203401,0.5828074086844451,0.05912617917503981,-1.0579540213348648,1.884446401293452
0.006693441434347548,0.006249443980966237,-0.006242455422019078,0.005514466701152049,0.8205308355226713,0.12991816575423232,-1.1341332413096155,1.9334870271871811
0.008159381790995322,0.0053511157673393935,-0.007748588268622659,0.0030553289397934123,0.293795877521804,0.9993097467289663,-1.3727327904920321,0.9476446819137808
0.008191081030557565,0.005188770385967492,-0.007542795408174543,0.0028339520382280425,0.5367269514777241,0.9821285934966067,-1.3117754057666906,0.8411726792031188
0.00801426371656846,0.00541122549991139,-0.007643848217281206,0.0033083431707926544,0.5511857102966656,0.9120842496999626,-1.374403315948439,1.0381661515572234
0.00803022999225753,0.005231513177008293,-0.007409892040193453,0.0030582821832901754,0.4990643910546288,0.8869321714952781,-1.3079427560491457,0.9217115646535811
0.006812880963004881,0.006147433031857422,-0.00641380833649875,0.005313859430632231,0.7326787379432811,0.19952929098243358,-1.1815011784384504,1.8478462651373622
0.00667200264426927,0.0060803304249932326,-0.0060980611754679346,0.005175933625600203,0.5066785378845059,0.12728911441367455,-1.104476907373903,1.7885174522757585
0.006935465283302503,0.0060492245102820915,-0.006587609675600522,0.005096983016333145,0.3101697931799392,0.2724195902122687,-1.2243652414270465,1.7603596616894592
0.006780625850744908,0.0059763847501338565,-0.006230007152050434,0.004983426250477012,0.5458806051534061,0.18624204500788502,-1.1381216314575917,1.7068531107838538
0.006912830424929454,0.0058986011429547035,-0.006411112003557865,0.004823625248900534,0.5467215428927585,0.25922966740915965,-1.1827488458800437,1.639263693094705
0.007061073770271074,0.005954915005069572,-0.006736875516044192,0.004898248399218035,0.6509203018037887,0.3459557790867433,-1.2590145908590216,1.6759045725826265
0.007189583730102231,0.005864596707708679,-0.006883522381501472,0.004689732549900544,0.7415939761115345,0.4217430999946727,-1.2895106184438863,1.5857390521496002
0.007048234737265735,0.005794052251061357,-0.0065638163695311965,0.004603026575579857,0.46419158766002866,0.3359657555473694,-1.216641202765995,1.5445268549821909
0.007871104159928418,0.005475864446977092,-0.007532425811017075,0.003555135373506261,0.7198283221550715,0.8275859901320496,-1.3723451448109916,1.1307952947303952
0.007878595313302709,0.005298800656646523,-0.007304777929173184,0.0032928340344278713,0.44632596155535736,0.8023873080542802,-1.3081498138983554,1.0108036812943562
0.007730047808600203,0.005544967222482056,-0.007420363162499936,0.003783774311387133,0.5838624944850341,0.7443508697231461,-1.3660200160869147,1.2221755125899716
0.0077482164685134065,0.005377876633031102,-0.007226831438880692,0.0035179469171174927,0.43846029042150203,0.7322123337497324,-1.310527493928905,1.0994604884573056
0.007591233601480755,0.005618465515670953,-0.007303410471492053,0.004004692122350421,0.32525143633354014,0.6623769807552405,-1.3554578436964364,1.3109913626758694
0.00759499618939728,0.005460613195040887,-0.007105097538404641,0.003761967613825381,0.4936641858532436,0.6449118558043522,-1.3018651722564565,1.1979707326437803
0.00745479580756053,0.005696288158021204,-0.007171152933526337,0.004236648495068578,0.47595339210825816,0.5798029059206066,-1.3381288853529665,1.4016520482768298
0.007447707311548563,0.0055241105013674385,-0.006954227325400354,0.003962465642527797,0.49810159652657154,0.5591897639097755,-1.2808903991029938,1.2782904173716132
0.007166888220474267,0.00569531970804532,-0.006676802259554637,0.004390176072026546,0.4596669244063963,0.4015602292685641,-1.2372460113158115,1.455182025283419
0.007320868219171371,0.005778358980093877,-0.007030743532914246,0.00446575798209152,0.5895977489518215,0.49952860503116475,-1.3158525541455512,1.4931054472072678
0.0073024920527346064,0.005604117514773209,-0.006809680687990095,0.004174846056624195,0.47550444693795874,0.47719591365819264,-1.2594175959126905,1.3655872071786652
0.010307788793957268,0.004699638250950224,-0.007809177818165282,-4.496355143601533E-4,0.7466793480450455,1.9447346637220775,-0.7879190833015387,-0.12799614743140156
0.010162518274828912,0.0047486712473297785,-0.007906589849584318,-2.4295287757871358E-4,0.7398954623042091,1.924093435732822,-0.8532027078442376,-0.08012098346933746
0.010013554417559025,0.0046970616950153645,-0.007836181257681573,-1.8954052540259854E-5,0.6893960749036312,1.8251986951060342,-0.8930010161644911,-0.0316844120319258
0.009828737136887762,0.004692705163958751,-0.007822104372845003,2.5228238306333224E-4,0.6666062003991016,1.738598532400003,-0.9492471330411466,0.03305193677905866
0.0096717251527578,0.00476225547746806,-0.007905120793662306,4.94304169845297E-4,0.6619565015517588,1.705829120879983,-1.0140759526743437,0.09858158433822084
0.009183714601019953,0.004816334178567259,-0.007816419173064831,0.0012271840522537778,0.5827617619510397,1.464413018381267,-1.1358960632709278,0.3045998622525132
0.00950702412754166,0.004720534769327798,-0.007800813492261084,7.252891813595056E-4,0.6079118872575071,1.5926042162168825,-1.04131993955332,0.15793402971608686
0.009330476519128456,0.00473493373242919,-0.007760829477947738,9.827966072368242E-4,0.5880293910536009,1.5037553611506331,-1.0819335191662793,0.22986915623612866
0.009063168625695948,-0.005088549402048353,-0.008184042397164077,-0.0015487459808949527,0.4354701290346659,1.5182069971901362,1.2612609539903197,0.4432061297111249
0.009110732711855248,-0.004938374897698468,-0.007963387563624484,-0.0013973635048328,0.6422352380895598,1.4878093818119014,1.1938569276787463,0.35958489999582804
0.008956980318937435,-0.004949509634232876,-0.007886662713239302,-0.0016270072139155881,0.6069868217840058,1.398228547994241,1.2171273857590454,0.42761289869734326
0.008909334570059206,-0.005120404840570064,-0.00813020699360084,-0.0018097408731798277,0.5265650537922254,1.4308430682222337,1.2907883567414857,0.5229408303950591
0.01132155936045727,-0.004664407038575741,-0.007264606820201069,0.0017732054913277776,0.7813546493208817,2.1199610770901365,0.3515157265767765,-0.34736801813622536
0.011130823953228397,-0.004610252037581989,-0.007325526234153701,0.0015131594747538717,0.7581983875565195,2.0658483916138217,0.43412401114683447,-0.3175038716074107
0.010929177641372434,-0.004571718970642242,-0.007392260967482579,0.0012450680119275726,0.7351813862511859,2.0094252485662505,0.5190675067387919,-0.27977147304157945
0.010324930748449992,-0.004703083411602359,-0.0078109733150535585,4.751138465157689E-4,0.7476474936723182,1.9532328081302828,0.7831184201908807,-0.1322368932384251
0.010162745921160607,-0.004754156030025296,-0.007914836081914534,2.436663223646301E-4,0.7427689318292698,1.927852327617763,0.8554224160704059,-0.07915094091394693
0.010687659704992577,-0.0045659987369162,-0.007497894649158696,9.344216686590312E-4,0.7192123799080642,1.9568276559649807,0.6176464946567296,-0.2280501666728554
0.010436206960052121,-0.004511675231347222,-0.007505270953771542,5.851088177938718E-4,0.6765741222124605,1.850195323837953,0.7048583291822914,-0.16515288903029715
0.010001879831445432,-0.004690169163127486,-0.007825947146048869,1.7965487992251828E-6,0.6893785439004255,1.815210727726485,0.8959384325271452,-0.02708312899899512
0.00981942128610331,-0.0047026978454673615,-0.007836342787602863,-2.6710258976791074E-4,0.6704825397973188,1.7408150047563018,0.9560707564216848,0.03833870844064413
0.009662047756685709,-0.004766565016938175,-0.007909745360562572,-5.097565584545505E-4,0.658860517640068,1.7028671652976661,1.0193864627263236,0.10439652237239241
0.0091755557996449,-0.004819075488134607,-0.007816232868437087,-0.0012403064850257464,0.5777397936505236,1.4601606362741677,1.138815205641066,0.30998968608737565
0.009503516209745903,-0.0047269447846203004,-0.007809278399293357,-7.320240072893903E-4,0.611554533396207,1.5941523256551704,1.0452926217269616,0.16161832732798165
0.009323754118633842,-0.004742331007977151,-0.007769013489421411,-9.952378174156765E-4,0.5914585574120547,1.5039960457987824,1.0866343267395286,0.2351352215986213
0.008796540936511612,-0.004975444986363747,-0.007811777919893276,-0.0018685220028061432,0.5578835767735053,1.3085690103770597,1.2405737982501979,0.5033479254336425
0.008756573701192635,-0.005157078253839507,-0.008067945029413917,-0.0020697441452134065,0.5859229331505209,1.343268149880517,1.3154341307730344,0.6055149309357086
0.008605047553236283,-0.005198530675796427,-0.007997644418932864,-0.0023267084328765274,0.6304938787542903,1.2561904815489777,1.3354886458207897,0.6901958399801483
0.008635823478425371,-0.005014757768671074,-0.007739964411732267,-0.0021144844959329746,0.5190772412319281,1.2209252943840723,1.2627162829750285,0.5845271715125033
0.008454915646326116,-0.005244717217658646,-0.007919439809930557,-0.0025804485647535633,0.6710172862503564,1.1699489062087065,1.3515943500452938,0.7770459646176123
0.008477808970838196,-0.005065270565710577,-0.007669873970940516,-0.0023616718128339066,0.4880354838162047,1.1357353224765037,1.2824029863400401,0.6696297830728896
0.008306313695911127,-0.005295594968187608,-0.007833882009993224,-0.0028299103447702403,0.7368187784521517,1.0849836427591775,1.3646029658229735,0.8662342529855466
0.00832477031493623,-0.00512492507134757,-0.007600857937390057,-0.0026076549146948104,0.4609693305893751,1.053477754198408,1.2988018154973524,0.7571875545811126
0.008183139768051968,-0.005191255222518419,-0.0075367010816164036,-0.0028439252864004786,0.4651109526153781,0.9781266590988605,1.312198275756568,0.8440816485212911
0.008159381790995318,-0.0053511157673393935,-0.00774517639623119,-0.003064519109212509,0.5104888172636538,1.00069031060584,1.3735192848056903,0.954519170419482
-0.005328680423816914,0.01238389436045635,-0.003553513336793555,0.006981047046164486,0.3263248103120798,1.1284817071744184,-1.2608060265872962,0.6333850515415879
-0.005204776173396278,0.012279520593895013,-0.003304381432474492,0.00697912822438634,0.3237713479359296,1.0334747453924213,-1.2382457409549443,0.6708738087067244
-0.005111741789635338,0.012127542454200647,-0.0030587503402147646,0.007061792832812957,0.3233835821820162,0.9396098928868292,-1.2342210006494527,0.744250948255587
-0.005037932050573185,0.011968206546311864,-0.0028252669269530077,0.007159551957986025,0.33061789258468594,0.8512378725688764,-1.2327355883427116,0.8260889276321857
-0.00475864358687468,0.011794256576220971,-0.0023652298454887766,0.006999043045459911,0.30140058650527896,0.679881685519745,-1.1414233820905897,0.8417737776654635
-0.004836169678522515,0.011949061586456738,-0.002587228424323982,0.006935750843713755,0.2945847571543246,0.7618296292900979,-1.1523031620029462,0.7723607674190474
-0.004620211750333771,0.011228754849510506,-0.0016451760663231342,0.0072887804326517225,0.35894718318049107,0.4318236829488196,-1.1101876602854521,1.128691876093397
-0.004637648028035034,0.011429966040787325,-0.001884891718801124,0.007165622532077594,0.32913181793791085,0.5108477242715205,-1.117446360887266,1.0164610698201877
-0.004688475671736908,0.01161900718252972,-0.0021269193670669048,0.007074037138732018,0.3127122845437961,0.5944011406961539,-1.1290405883703458,0.9229982256761341
-0.005531677984458464,0.012546686068628835,-0.003970079570824681,0.006969721575088481,0.3649023230081718,1.2899914926060676,-1.2926710938517363,0.5687474296430425
-0.0056962881580212045,0.012545204192439475,-0.004237705100177505,0.007170600941801168,0.3961045292333809,1.4102556902746548,-1.345494339014132,0.5868025409128869
-0.005358687522971619,0.012542260383447324,-0.003705576701598583,0.00678734995533311,0.30244445198289766,1.1927831671207543,-1.2239411473608708,0.5349484057052195
-0.005614135511506573,0.012687222994813068,-0.0041844314602008945,0.006834876801998675,0.34093507133601225,1.377464723207466,-1.272993246257527,0.4898083974022573
-0.00577835898009388,0.012679131780828632,-0.004459243540397649,0.007034994772436384,0.3147012145762471,1.501496908160922,-1.3240863336018143,0.5054589747949498
0.005219005995835768,0.012930652298862163,0.0036937444545848083,0.0061002421839885185,0.2565665885091107,1.2081661599527906,1.0373223811321708,0.2785996044973631
0.004836277559045146,0.012317399922259721,0.00287996629768057,0.006532376259172275,0.24912277100325658,0.87788536515346,1.0832869444975748,0.5506356269151627
0.004888117852485921,0.012520479170824272,0.0030695319016587337,0.006345705715195246,0.23536847379527684,0.9551524139060595,1.0527673883116782,0.4459715219323161
0.005019772294158036,0.012752957954396274,0.003354904094042724,0.0061743275903386845,0.2379863574260309,1.0708533176459876,1.0321539194538512,0.3444480258277605
0.011891888739863452,0.015122252936814743,0.006817207369528002,-0.00251636515218014,0.5743674736389348,1.0319866323512696,-1.3521351072439136,0.8604362714343059
0.012125163653756673,0.015063997346544261,0.006640655632938739,-0.002783411190128832,0.5631917319769917,0.8973414830368333,-1.3386269579204055,0.965884695841356
0.01182638335595982,0.015323765418644188,0.006556369620248805,-0.0022476260772723976,0.5217729305793873,1.0036639922539405,-1.2795852665391967,0.7562367441213088
0.013063565014946472,0.014814462010602387,0.0057094307949152314,-0.0036256343366504267,0.49700976220220827,0.36610330659854057,-1.1493223706951043,1.3169081642358742
0.013490050295240499,0.014650508583363572,0.005249103301253977,-0.003932607166257422,0.462745754126292,0.15836458526473887,-1.019473903659816,1.4499649608758318
0.013230761715182655,0.014698348651383636,0.0055803096294332714,-0.003831925815839357,0.509551600312837,0.28650796032968096,-1.1148470406223463,1.4012000072083945
0.01233272807103729,0.015177335382783947,0.006228865700426017,-0.0027982582297434175,0.49389659620706017,0.7329239567390479,-1.2526560223808612,0.9749902970257379
0.012768394822225368,0.01497006494320348,0.005943441695566955,-0.00330575304230901,0.49729712160879574,0.5143887919091651,-1.2089508794973678,1.1855243983494912
0.012570395038359421,0.015103326201078541,0.006037451871522273,-0.0030328607257912275,0.4868853745576653,0.6054314401559319,-1.221698293787821,1.0738122665118033
0.012985781650161638,0.014991306676472776,0.005637673084076113,-0.003364090217405263,0.4603048804047374,0.3907279489942105,-1.1281924795522815,1.212426019763493
0.011657401551349911,0.015416988495863287,0.00656246232445559,-0.002006851644492411,0.516403794910062,1.0697306005923846,-1.2557068349522638,0.6647334080309206
0.01148034612968035,0.015431586567230938,0.006685614940508873,-0.0018218449981706783,0.5269054314687357,1.1677961604478617,-1.255484588101737,0.5967394749261197
0.011160249800130336,0.015426707890524374,0.00693082364415674,-0.0014826226866815166,0.5575138292354747,1.359712368787308,-1.24427229720434,0.47024826698200545
0.011344800664671632,0.015536975283570263,0.006608357094688487,-0.0016041917177781744,0.5029192737225207,1.1969983525866232,-1.215835217966951,0.5177363107835145
0.010448640677808377,0.015468895331974392,0.007185193805901322,-5.909200384516079E-4,0.5752126145503614,1.7177569437605131,-1.1164226315136843,0.1735665176752195
0.010676580205756521,0.015443099222234975,0.007160278918028943,-8.915189214161325E-4,0.5742953060255874,1.6214011053111048,-1.175927279581919,0.2686291376488748
0.010932230512288858,0.015473957392417645,0.006980046608792661,-0.0011899329915955653,0.5495698368069194,1.4627075839604782,-1.2054429156289685,0.3690550652131504
0.010170268501414618,0.015618255345543989,0.0069386108321286295,-2.1465977180178076E-4,0.5334951517612607,1.7314683806560993,-1.0042012984657374,0.06149839761456584
0.010332161765850202,0.015618131751688639,0.006917614538653765,-4.1207028689559404E-4,0.5318181194034527,1.6659254851313552,-1.0450983633771966,0.11822397732082005
0.009984704510816764,0.015680110364574174,0.006826476288253621,1.1463111590364941E-5,0.5177858891645412,1.7539519789393074,-0.9391965205171481,-0.0020907486136765405
0.014370265749800127,0.014658247504168696,0.004111465941044066,-0.0038530267082219913,0.35782866145896625,-0.13498684547307158,-0.6676431429219446,1.3884479241037564
0.013865298335291515,0.014812953802081988,0.004645348191618829,-0.003735274961859532,0.41672091829156493,0.019649623182138143,-0.8428677102892629,1.3470776270319453
0.009736234275114804,0.01568419140038387,0.006796109060633563,3.076279968303764E-4,0.5101472039385926,1.8250139038734918,-0.860741843364612,-0.07924489213414358
0.009539912432590975,0.015624842294165497,0.006865071079228827,5.535440312775527E-4,0.5262271921230304,1.9167554213508713,-0.8020351692125839,-0.13661319008622716
0.009092847090704737,0.015365242715386385,0.007183581192933949,0.0012093391390424876,0.5748815692123292,2.200897765187063,-0.6340492993089631,-0.26753847337579045
0.009239561863573682,0.01548320643463302,0.007026956972526267,9.679265890700864E-4,0.5474451052470067,2.086997356301549,-0.696707020542776,-0.22383400615754306
0.008655974095561042,0.015294402503352277,0.007011406376930754,0.0017760958790870901,0.5491453565421066,2.2579844323352223,-0.4362008632883799,-0.35155656361372883
0.00888891188994042,0.01538725091852227,0.007010644605220779,0.0014400862654076515,0.5463987157401773,2.1892028843867126,-0.5474128427223274,-0.3056167239235473
0.009329429981465643,0.015668363001356843,0.0067163910458802175,7.84231018095074E-4,0.5017157686629989,1.9225243203358051,-0.7249751568447835,-0.18738793144560886
0.005561605952522328,0.013491269544035293,0.004291185127037561,0.005514234184159023,0.27021995236397645,1.467086557548036,0.9018169815799555,0.03489497684444246
0.005634486999357318,0.013624766698206442,0.004394358230272024,0.005349840841004269,0.27408605876633435,1.5138822885746261,0.8568091785170334,-0.018677685816835602
0.005923118103872173,0.01371845930186887,0.004831321341705659,0.0053274473615703005,0.3141501049115489,1.6906636050434567,0.8611408593989035,-0.05817079739999071
0.005733019060322373,0.01375874673453803,0.004524566838732349,0.005189492219203167,0.2798480706849236,1.571374919092629,0.8115815367729917,-0.07055621859919216
0.006040394936088374,0.013855639200702083,0.004982656827750222,0.005144925736488128,0.3229608513089394,1.7557258624108891,0.8055400527876099,-0.11366100256566207
0.006188142804582069,0.013981207580020338,0.005173742894664139,0.004977270510323729,0.3404453407213363,1.834450282893768,0.7529433260037591,-0.1632552837026171
0.00540353079533348,0.013424621687832865,0.004057642819004163,0.005525520827921571,0.2506071614969059,1.3733588518677873,0.8948302741139277,0.05706726528775275
0.005198981219053711,0.0132290605410633,0.0037477573743587953,0.005675967914916105,0.23358390802527657,1.2441944215246092,0.9230157997573862,0.13051261262597788
0.00638122571203796,0.014107443670379052,0.005424594751137093,0.004797884042413102,0.35991670552192945,1.9360511880995583,0.6926833663758364,-0.2154538869886002
0.006939157282096035,0.014558932709640171,0.005952402473923888,0.004006095303898866,0.4124131442063796,2.1275386633379276,0.41090118465628306,-0.3561397091052521
0.006779909710237911,0.01442117349260764,0.005836353834279247,0.004263106685244173,0.3994377931158422,2.0909567429923968,0.5037322583253073,-0.32167101979731066
0.006547119382834936,0.01429411550840877,0.005567703224750372,0.004495507474248182,0.3689107500192251,1.9916503669884442,0.5885074340224986,-0.2763540943352942
0.006923302467431164,0.014749330056250893,0.0057306984144012574,0.003726801519776752,0.38112369611659747,2.035624642224292,0.31883773793758935,-0.3766418721069946
0.007035168061995382,0.014873900757541187,0.005755857736032381,0.0035135195641527654,0.3839360984151458,2.0352765068953933,0.242386374289234,-0.39401078346106866
0.008407318622653592,0.015259804363199814,0.006853956314940463,0.002072104328853397,0.5298969197953695,2.255833696758621,-0.32446802069287095,-0.38301093981287554
0.007723973677997141,0.015075119631274196,0.00640236049937751,0.0028701301687390295,0.4703210968198421,2.213060530037518,-0.016351342485942885,-0.422349514237439
0.008168557067834729,0.015160002159088443,0.006785692227291259,0.002405890816019826,0.516386185802182,2.287978973807743,-0.20512888393294862,-0.4091821504296166
0.007934890652320175,0.015130560264792576,0.006570791617597543,0.0026420434408465604,0.49610462228251,2.24486062940629,-0.10704675640136065,-0.41850579633754
0.007176256489451972,0.014991097846720761,0.005813453941503521,0.0032978098901272897,0.3912080839676178,2.041634148448239,0.16330210317851765,-0.4069673243595168
0.0073266551442699845,0.015128469061313161,0.005841646557640399,0.003050782940135902,0.3946046630939204,2.030188103006751,0.0742203930476603,-0.4144536811509756
0.0075262962764235395,0.015233543244417743,0.005948666227029561,0.0028117809994218732,0.41281443805837315,2.0437661726757814,-0.014792386112175334,-0.41651645155083755
0.0043978225324886435,0.009528703868610032,-5.960705122886556E-4,0.007324323575379284,0.5344449719146452,-0.16743638189980733,0.7034857787809247,1.7862588139969773
0.004386433309514298,0.009717653860192082,-3.547995337843557E-4,0.007351161345718533,0.5140087791077247,-0.11749661284098588,0.7617736270188903,1.722349017413374
0.004487219770746079,0.010298255928008936,4.043192823208277E-4,0.00749696043221338,0.4732726698932413,0.06875125705557529,0.9431712234950175,1.5568162105717722
0.004395349557860198,0.009913600225115823,-1.0483811300796005E-4,0.007386461824439146,0.49607966553522526,-0.061049255512400695,0.8211739865710826,1.6602375620450907
0.004429897101568366,0.01011089077025121,1.512783517216875E-4,0.007435788774803955,0.4823426045030967,0.0018269187876691578,0.8822529804263074,1.6041910680239704
0.00459074702294973,0.011296178289017642,0.0017018968258460823,0.00720445747101866,0.3392516082068124,0.45104797018986004,1.100881612811299,1.0747351858951968
0.0045691945261488115,0.011111695735382635,0.0014743470416280768,0.007296636854060707,0.36300212986380664,0.37800343528041885,1.087191001512435,1.171810337263073
0.004559295545393367,0.010517689022473391,7.136670781851079E-4,0.007550521075794978,0.45953540191339615,0.1548078483959516,1.0117637441474983,1.4929362821127954
0.004545862686572139,0.010919064234535676,0.0012278523301783742,0.0073724796131410695,0.3915113351245328,0.30093758702621937,1.0642658924337007,1.2706016645259517
0.004525646908641113,0.010727808538511987,9.777171116705462E-4,0.007431383384107247,0.4158752029869082,0.22688112499518873,1.0349104300822918,1.3643284441077073
0.0045189619705998055,0.011800736538872737,0.0021511845414509153,0.006720754379225861,0.25802328429810334,0.6022651609408656,1.0488850972281114,0.7567921605025251
0.004462623346878411,0.011618037541850276,0.0019383597228241967,0.006810731292635541,0.2697679439438169,0.5263878068731761,1.0433364914702492,0.8402238838063018
0.0046926101479563545,0.012183824917826547,0.002628272703306181,0.006534177258817504,0.2440444434050402,0.7803898449167693,1.0578844958195368,0.5914130000050921
0.004589426454685223,0.011989586359852294,0.002374797473868068,0.006623026653903145,0.24664505166338532,0.6851765881360147,1.0518669532664424,0.6714351089724272
0.004407297186191658,0.011437474089738955,0.0017227032444166216,0.006883163606819534,0.28462238441499094,0.45144216850576463,1.0312596832114111,0.9207959528342693
-0.004732680674202423,0.010659695917264922,-9.676977460446645E-4,0.007755776816027405,0.4810730240001249,0.2347304187297329,-1.096623357641044,1.517613599574564
-0.004776754373410485,0.010494787160598791,-7.452875967825234E-4,0.007880187187696053,0.5292615461348894,0.1737646041094043,-1.0775704430898807,1.636024107676263
-0.004710240040914575,0.010339214404501447,-5.006074242538736E-4,0.007816497890111752,0.5426267064305642,0.1044815024251108,-1.0194945957569892,1.676977144209545
-0.004692459091989804,0.010161026593098869,-2.3753282298779156E-4,0.007814269477849647,0.5571819760954829,0.0370133717225313,-0.9660436014625055,1.7511544286291871
-0.004752109738995123,0.01000026375193571,-2.176544309412842E-6,0.007913400232979406,0.6057702226282193,-0.018493190291529203,-0.9305818216036446,1.8646987196930769
-0.004702424607829685,0.009839923963243239,2.3298833773842634E-4,0.00782625788612497,0.6171134506526864,-0.07561353093457178,-0.8643729860232979,1.8965450166716329
-0.004552067940060395,0.010774570856957951,-0.001048705804102464,0.007448043863407679,0.4162736602115702,0.24738084082864664,-1.0495959546484874,1.353686826743061
-0.0044324546031764295,0.011140098650291985,-0.0014260450394713003,0.00710455010136384,0.3337096480416378,0.3558617899755535,-1.0368808279627653,1.092526105135652
-0.004346583177981791,0.010943507927821948,-0.0011597557850995786,0.007102633628148328,0.34246245232993616,0.26996808923375143,-0.9949640369458418,1.158527871089552
-0.0047022264288282154,0.009659752333069692,4.960714896338568E-4,0.0077957179843187755,0.6307180343748425,-0.13245700027878274,-0.7983866027720249,1.9610258082177257
-0.0047653945737028015,0.009508203854447502,7.334098186888181E-4,0.007852978468492103,0.6755046242413475,-0.1784448256204939,-0.7473666319868525,2.055815472405692
-0.004727892492745276,0.00934398381423828,9.550041868902831E-4,0.0077346139095489244,0.6780782250953555,-0.2220571933532327,-0.6746310814282136,2.071582759230275
-0.004733754363879351,0.009170758349672908,0.001197161866132136,0.007662242368323516,0.6894942954358316,-0.26333924929547886,-0.6012816746695413,2.111505526653937
-0.0051570782538395065,0.008756573701192634,0.002077736605445948,0.008065869739812425,0.8162027439208913,-0.3531841221514695,-0.40254466845424614,2.487237536493731
-0.004980175397460265,0.008788137952034232,0.0018779494563117706,0.007794153427817196,0.8053782913607698,-0.35667407626553743,-0.4155969655565515,2.3533124640411773
-0.004761522505608205,0.008996039141520654,0.001446486215779556,0.007604158233846625,0.7018734449408609,-0.3011675027482515,-0.5256163486765574,2.1585591411644844
-0.004792910530271347,0.008823689477485611,0.0016897555727654306,0.0075348212688783126,0.7109128895474323,-0.33359081659297624,-0.4481806454481115,2.197663253777572
0.005521060268812654,0.0071408168816459935,-0.0041076579664530285,0.006446959978385705,0.6821141264578002,-0.3554987669652528,-0.42786735182908514,2.2425443032328336
0.005657244487765032,0.007043676370808098,-0.004364170192687266,0.006417640654246918,0.6968609633800587,-0.32462926200819664,-0.5207579817551198,2.2515789185750994
0.005698172983181014,0.006879192595764013,-0.004477278680068291,0.006179754788768866,0.6593273941865063,-0.300036856039367,-0.5675317365824221,2.168370116627067
0.005807375316313056,0.006742483237627452,-0.004683789691378484,0.006032707302352971,0.6354237461603075,-0.26175968951643386,-0.6424281723338493,2.121925867112854
0.005944890737818039,0.006641786626274146,-0.004927270400693166,0.005951455523072469,0.6363964602817259,-0.21450741971393944,-0.7274965295794091,2.0976186692623195
0.004422149822135096,0.009347317310673089,-8.297122849022204E-4,0.007298237169640711,0.5552190750513847,-0.21164533862864474,0.6449577151523121,1.848018045748464
0.004454348956696492,0.009171419159603034,-0.0010581771729916629,0.007267233164222431,0.5748124975887686,-0.25099925496323117,0.5849548619143191,1.9053492744724803
0.00418209687224468,0.009396779023077576,-6.892516098197325E-4,0.007012743257803864,0.47515055349560104,-0.19578665844372534,0.6316118814504356,1.6834697748747385
0.004497255444353982,0.009001009224475779,-0.0012838700385508156,0.007236456222877097,0.5948042750255996,-0.2859144224084345,0.5237199686329824,1.96064696812868
0.004556698559751185,0.008837982531743076,-0.0015101721354391416,0.007215899234742689,0.6169655058328419,-0.3167219534884507,0.4616672780183788,2.0184172759551875
0.005294547664477592,0.007100486537013021,-0.003784766963896954,0.006180247223249922,0.6275503172296913,-0.3766943516866393,-0.32774570052844126,2.107292051136657
0.005200516679832595,0.007284397177040689,-0.003568355271961247,0.006351130442896673,0.6457582054764194,-0.3952642790155947,-0.24618488717282452,2.143818895264772
0.004789881239957242,0.008425233146260206,-0.0021546719799017022,0.007204103364523187,0.6921777156608818,-0.3828001341365826,0.2753407086951576,2.188400146222062
0.004804052518196999,0.008251752037834409,-0.0023480990296593997,0.007058923712907276,0.6762804683509936,-0.39715325548603436,0.20245905673537348,2.1799597990810624
0.004611869215582082,0.008677206927687154,-0.001731297899179888,0.007176517165538102,0.6378932301506549,-0.34362908732078085,0.39602760467250736,2.066118434841991
0.004643018688530706,0.008516114757073655,-0.0019313322618384275,0.00709126782885879,0.6368551768698455,-0.36485436721124015,0.330069220163301,2.087037633522111
0.004849381525122397,0.008070426673712782,-0.002567092307330599,0.006930685303705541,0.6758632482303203,-0.40836026723044716,0.12157977278401579,2.1814584036938753
0.005117564452368916,0.007460382640378615,-0.0033578351608372042,0.006505283730116817,0.6579313727123438,-0.40826315696481247,-0.16522889325184534,2.1713593939370757
0.005053815923286269,0.007666758785933085,-0.0031373110447971736,0.006702265381440205,0.678644323806865,-0.4163116123879513,-0.07896329121522329,2.209161337975331
0.004908534668982706,0.007877500553591528,-0.0027996311490799523,0.006789495803548584,0.6683663960854594,-0.41505453404755016,0.035986039145223865,2.1782827260469344
0.014769316061489672,0.013542850080313217,0.0037774177465467605,-0.005097028199652618,0.47852060809422514,-0.29726740287896286,-0.47965569278902376,1.8310995771510608
0.014870005900295042,0.013247932023260252,0.003600906488531662,-0.005409262184257325,0.5047757084589558,-0.334456728651375,-0.3915439879507735,1.9266566813114037
0.014946331628775617,0.01280100944621919,0.0033536717260099105,-0.005932289732404152,0.5471848061282976,-0.3796001384317343,-0.25952511128171624,2.097174612411021
0.015041229103987946,0.012534621878253408,0.0030939789436008123,-0.00616574645035817,0.5653830363182156,-0.39867224167876175,-0.1469945129249468,2.1482498021980665
0.01501393303602878,0.013055340193740576,0.0033592492280673956,-0.005528475036285608,0.5088570784411589,-0.3622481884483747,-0.29578037427755605,1.9428615901597488
0.014962789330682045,0.013957422530051087,0.003547888375305504,-0.004461038636670758,0.3963081128120116,-0.2923768538942167,-0.43610420261532296,1.5778224692893394
0.015419634627658758,0.011826822896941107,0.002157511878273497,-0.0064076894899485195,0.5373308791198289,-0.38417289606990246,0.21833243143467876,2.0710996077209587
0.015599773605279104,0.011656876714684253,0.0018537638043636874,-0.006277345967180786,0.5006082486602376,-0.35893603965204957,0.31234907933777883,1.9594987348175048
0.015359832262282025,0.012118430384434253,0.0024504762140717634,-0.0062129501921285865,0.5355686188404692,-0.3998631729922269,0.09716456541517583,2.0574970435754536
0.015300005434102107,0.012423420507901281,0.0027228612890614675,-0.005966508626183247,0.4996834391440542,-0.4026659352280923,-0.01911958422826591,2.017475958284698
0.014975284055460763,0.014434892260044786,0.003498928114435963,-0.003929091120419697,0.315773487816946,-0.2532304146415931,-0.46435915438400344,1.3702744442644563
0.014969294634371563,0.015069891917934824,0.0033730794455924854,-0.0033200665490814144,0.275034410089303,-0.21590793179949935,-0.4739847989554849,1.1461206843758038
0.015481359905167889,0.010060766019152801,8.217992862116243E-5,-0.007233812643981653,0.6060282135462178,-0.02344101054212785,0.9383663813903623,1.8832523274945439
0.015461436206013578,0.010330578999831842,4.382651445572664E-4,-0.00724331807957408,0.6124354541518809,-0.11184093265574527,0.8440936818731791,1.9846591689470965
0.015470480076482902,0.010587861826142634,7.663636611954747E-4,-0.0071528332550968845,0.6066214877992655,-0.18465038010137466,0.7405112125448189,2.0357340770444767
0.015445316289442419,0.009818982240628783,-2.3963023750917355E-4,-0.00729604398948794,0.6115089336798071,0.06460931984368407,1.027285904907101,1.8189706197358915
0.015588919916063582,0.011241099886086745,0.0014599722421184001,-0.006596619866736805,0.5397516731730497,-0.30980592777009264,0.4718603270947766,1.9879348182764591
0.015709142429987246,0.011450268325946072,0.001584116502149863,-0.006263143478391212,0.49790622896975567,-0.32965076237930707,0.3993282652030053,1.8987950681412276
0.015658233332037277,0.010986559045718164,0.0011497860582533794,-0.006626828828758765,0.5378623156541118,-0.2619704503818125,0.5711781579495089,1.9263906737390475
0.015681196762489965,0.01072236500835324,8.479687141057342E-4,-0.006705602557423071,0.538556186361978,-0.20523303971244297,0.6717042976261817,1.8807248639617529
0.014717965632938784,0.00757988922523805,-0.0034628488493741506,-0.006754438326392641,0.6985007379762709,1.234679114757524,1.4024257469716759,0.7755964640225694
0.014625669668531455,0.0074361403649610145,-0.0036931504273031127,-0.006665821951415668,0.7133661439468862,1.3300490305661012,1.3927007223641092,0.6938053398431173
0.014535410868052673,0.00732547954598894,-0.0038968353873345464,-0.006609942039346449,0.7207136921951213,1.4137986544692471,1.3864528784622843,0.6318818382559435
0.014516288923655422,0.0071592440189616234,-0.003999173992555563,-0.006359764273814724,0.7006005802499272,1.4663124776123362,1.3266879584663052,0.520051497646226
0.014796813978436628,0.007727748556288743,-0.003243438842453364,-0.00685077247450677,0.684269281301502,1.1430855378257136,1.4104873113393435,0.8609773790520511
0.0151442125497541,0.008687851458368805,-0.0018735525864562019,-0.007351938974640332,0.6572545934583895,0.5996830086785278,1.3558124226939194,1.3976874613883286
0.015091574652243214,0.00852127370690197,-0.002118975876242121,-0.007299680341438558,0.6676147984812268,0.6911123428970364,1.3825780484937946,1.3129902319597992
0.015014399531760255,0.008387318829450539,-0.0023496869559018,-0.0073091486498159195,0.6789890738986966,0.7769514674733109,1.4134842788665352,1.25766546005337
0.01486960859550913,0.007879279055450198,-0.0030223130331896836,-0.006944519081717234,0.6761717316995757,1.050970726968772,1.4140241666152706,0.9484745699587053
0.014890010608218691,0.008063426786205155,-0.002830777174527302,-0.00715249892855623,0.6980928496648222,0.9672134301778822,1.4368458222279705,1.0749236942345586
0.015025034713340848,0.00820457013891216,-0.002528768206332435,-0.007083326214424978,0.662079702946415,0.8545166593601897,1.3951936129734082,1.120783350075871
0.0154780278369025,0.00956028697348979,-5.721554219525544E-4,-0.007176998477880905,0.5934696817803385,0.16438387965124213,1.0923865083609785,1.6784435235276245
0.015414835258873886,0.009310733599684397,-9.149489479209798E-4,-0.007214699582287208,0.6090437298648533,0.2718022634419283,1.168782925511073,1.5991343302996046
0.015405996240217164,0.00903105434578275,-0.0012660322740780247,-0.00708667016959313,0.5951495020058984,0.3924750427480524,1.2181514282846126,1.4479387552902472
0.015335748256939192,0.008808752446081994,-0.0015765148783429027,-0.007073865272372427,0.6123643060974425,0.5011400537912268,1.2686473457713097,1.3606242781824192
0.01299417919852085,0.005626574322472398,-0.006321641960594578,-0.0043169566890779104,0.8996062882727455,2.311812076964093,0.5933851663170349,-0.28708813586509807
0.012836609494504844,0.005530932050399191,-0.006490361187699374,-0.004107991840017068,0.9162058166640449,2.3493038229237126,0.5048380221893249,-0.3236097345362546
0.012675471813711753,0.005477685131826386,-0.006691606423491927,-0.003949123530628383,0.9355921981705698,2.401429984510565,0.4296166014508137,-0.3500320535168109
0.012410037619738785,0.0052593974114670825,-0.006841119766334793,-0.003463614843129546,0.923208058585414,2.3759638940108387,0.24189145008270166,-0.3909635067353224
0.012570443577344643,0.0053420244654780215,-0.006703343106271894,-0.0036852990692184426,0.90658185394296,2.3638766658077226,0.3322759010994702,-0.37294213995065845
0.01360579692943667,0.005919082679881166,-0.005491203372322249,-0.004833319684072283,0.7968981129972202,2.0435985717412914,0.8313890347580585,-0.13283652786027086
0.013442317403628593,0.005735929900540349,-0.005663369086986469,-0.004548353055592349,0.7985504083009727,2.0870640787099277,0.7243037104350659,-0.20281681632230805
0.013220510816319997,0.0056110124285855874,-0.005939762153181241,-0.004336015303824863,0.8298554829824856,2.169582551151265,0.6303459607827974,-0.2587807711564329
0.014081702887528911,0.006606748094438618,-0.004846224400813583,-0.005826602590085504,0.7721258910554797,1.8166585587437332,1.1779109823943754,0.20312184490991606
0.01414660161733675,0.0067734182295751165,-0.004728216589281056,-0.0060757750367611135,0.7848437060039699,1.765571423835015,1.2523257233661556,0.29840503714485667
0.01442139767095731,0.006987844406702146,-0.004211486613790994,-0.006181974281762978,0.7187550036089166,1.5573456280583147,1.2829440448755458,0.41922972200366077
0.014304444737090012,0.006858245864615033,-0.004438307750712355,-0.006079788463256497,0.7470463665405677,1.6507964081992268,1.2560880979922804,0.34633100616507934
0.014171448781947156,0.006417384995714365,-0.004679054592780399,-0.005436440877617263,0.7167318973199618,1.7517334376427047,1.0622836650960956,0.10874731317929669
0.013909339268887119,0.005839504651368188,-0.004975575026062953,-0.004636046680803838,0.6852015377427243,1.832440951719377,0.7990209380752589,-0.12221084072172095
0.014091346850592192,0.006010925098051457,-0.0047455085961853605,-0.0048339673060700155,0.6693208327938648,1.7555451564968598,0.8750876603122247,-0.052406513639549575
0.014257760941648373,0.0061657158045449745,-0.004519402797956751,-0.004990289772450306,0.6442748613086806,1.6741905640156016,0.9337411305021605,0.013540563964437832
0.012347840298272132,0.005040504912151363,-0.006677797334587995,-0.0031296582115711608,0.8384448548874366,2.247318731057431,0.14512964017135796,-0.3991753847119752
0.010394036213322917,0.004502276410087403,-0.007502197612876133,-5.268417917119811E-4,0.669261958039674,1.8312144180888559,-0.7173502899929877,-0.1549606912036229
0.010586590123299386,0.004491094686233157,-0.007431304772635234,-7.753303150548828E-4,0.6795899635878979,1.8793626943319623,-0.6454318960596187,-0.20464808363509687
0.010767030341955905,0.004525920928278957,-0.0074083957928075305,-0.0010188484647627733,0.7091272716620423,1.9475216736682415,-0.5799824903345357,-0.24679844724545782
0.010881135347782987,0.004361283975336449,-0.0071411324594627115,-0.0010811336154915982,0.6500926072394906,1.8532730189751963,-0.5195836954422416,-0.2665976715385134
0.011050086571073089,0.004390310542473309,-0.007090612010551626,-0.0012873714587257384,0.6663301982175917,1.8993657064966996,-0.45864905428279673,-0.2974264109179694
0.012167776293399693,0.004879449092922503,-0.006717246628095241,-0.0028032859314301513,0.8025914579650256,2.189512575313776,0.03458405786713778,-0.4035598458373069
0.011962996789993843,0.004792796098459877,-0.006843010730705551,-0.002539765522137277,0.7948559241525898,2.1712006355847406,-0.06411411013085623,-0.40031043664205157
0.011297266560786598,0.004634943426255749,-0.007243224226669536,-0.0017231278764588225,0.769092380087124,2.0977485997842806,-0.36317743077870834,-0.34384211242188445
0.011516002997754274,0.004731080342266946,-0.007194593328222939,-0.0020431137734017828,0.8032441531189213,2.171430405477589,-0.2642617901294633,-0.37308812244604617
0.011747152357651508,0.004740219037676226,-0.006996306970558767,-0.002288911752991653,0.7879802186807038,2.162989899132984,-0.16370138060727824,-0.39030286477311743
0.011235666863167543,0.004405372700207262,-0.006997973367185426,-0.001498329601394236,0.6743497009159093,1.9291642968955458,-0.3884835026045846,-0.3261420526371772
0.0127209369966301,-0.005390818667109289,-0.006530744229374095,0.0038387572501874176,0.9031506740687364,2.3230937002209164,-0.4046865252956177,-0.35200092786854387
0.012368495201579118,-0.005297705339228763,-0.00694500077212067,0.003488331101761946,0.9483356587671372,2.4189957396294055,-0.24059053944736072,-0.39262703459848425
0.012542417869761558,-0.005294601857641119,-0.00669335837319715,0.003599798649840107,0.9126450141741226,2.344458407327084,-0.3054515723548418,-0.3774360454992437
0.011800644279305158,-0.005013811877651313,-0.007293810382644744,0.002621694044479974,0.9069135213645853,2.363710083684435,0.09559902090321161,-0.40365818284713734
0.01192702543320785,-0.00512039758852797,-0.0072944955293918964,0.002871615380553378,0.947113997848106,2.422233912083911,0.01153378315577831,-0.4096235683794651
0.012099229627476874,-0.005130675863655348,-0.0070979724756512685,0.003046645707054868,0.9281390957943146,2.3879608498797715,-0.07093936532271596,-0.40796664552340106
0.01224825052565555,-0.0052049188903067955,-0.006997741132669963,0.0032686570843260183,0.9302770297244526,2.3961396452123647,-0.15799555015191524,-0.40213617756443726
0.011527117827596103,-0.004757011670299702,-0.00721988083418424,0.00207765759344586,0.8176375665687637,2.191381637950732,0.2553100518364455,-0.37463633794944534
0.011475177569459252,-0.004524200205135885,-0.006971425846710258,0.0018318395268454083,0.7215981015101609,2.021628190011923,0.29422360555782906,-0.3588840419356681
0.011772102942831484,-0.004793654474399862,-0.007039237831132719,0.0023646282139531682,0.8147371950993584,2.2003567564253417,0.1441876415982948,-0.3933742548931614
0.012810416269897772,-0.00586459670770868,-0.0068884073627696685,0.004682577091681711,1.0653011635673995,2.5542112480808354,-0.6531386518654109,-0.27089537390700147
0.012844353154474792,-0.00567366090266198,-0.0066194061128520025,0.004347815427209029,0.9629735351295631,2.4264649277950845,-0.5845806246960988,-0.30167397868187606
0.012874395012363421,-0.005473619018275846,-0.006375215399072897,0.004031350240032777,0.8875532749983309,2.2933301685581786,-0.48623898720871495,-0.3248987770672605
0.01293892622972893,-0.005954915005069574,-0.006735879222451473,0.004899405136480318,1.0047513577575564,2.5183844124549153,-0.7430482101042322,-0.22823478805696784
0.012980506883663563,-0.005767828022423881,-0.006473958188065877,0.004554992314333559,0.9634974258417807,2.391930367296117,-0.6707226592428794,-0.2621283837970947
0.013064534716697501,-0.006049224510282093,-0.006576482744948246,0.0051113562854291205,0.9307592261949761,2.475647625772439,-0.8302146512905407,-0.17918461731009605
0.013110452192291415,-0.005869863222091237,-0.006331086080610382,0.004763842829332467,0.9666459235867401,2.3547550944090996,-0.7551495973525291,-0.21698014777312194
0.013187119036995118,-0.006147433031857422,-0.006411871680317816,0.005316517693040043,0.8553968177126073,2.426604823309659,-0.913569999934294,-0.12409012103353084
0.013230886536033881,-0.005977530372299321,-0.006194329093997573,0.0049723315363119636,0.9740163445524203,2.316400307923264,-0.836658919885509,-0.16707877895513798
0.013306558565652453,-0.006249443980966237,-0.006248095344939849,0.005508045927010502,1.0712483224236158,2.3710166508054,-0.990672193979561,-0.06448319210489524
0.013336003931626279,-0.006083549843850072,-0.006069721131662814,0.005169345085660685,0.9494597516904962,2.2791927002621772,-0.9116373379447067,-0.11531398641739819
0.008242286799274016,0.005045151353937231,-0.0074031025622241925,0.0026183904183776576,0.466677461792606,0.9618335987307193,-1.2534004228974334,0.7637479730800983
0.00901364256096809,0.004787476082714555,-0.007680424087670847,0.0014464383611268216,0.5362954479981794,1.34565088570449,-1.146338598581191,0.3691487299526876
0.008836735775602176,0.004818194792649183,-0.007610582963071068,0.0017003835450691547,0.5239175080886734,1.2522344200969913,-1.1724348067979775,0.44882230660376715
0.008697863607508285,0.004914873342127597,-0.007645913238897756,0.0019514592009927723,0.5213919384185475,1.2103005747387598,-1.2171682764702014,0.5325853761309487
0.008367348896189147,0.0049642898214005155,-0.0074213879076910376,0.0023966700682182505,0.4726791980678686,1.0136422035537545,-1.229929972695808,0.684433646366771
0.008526542862889194,0.004907369543820027,-0.007491544828348687,0.002157525475058704,0.48011107799853564,1.0944178328363632,-1.2137891976064574,0.6014923833576961
0.006174650556308586,0.006389785071805126,-0.005310557655680499,0.005626181870791505,0.5892203595143859,-0.11542384327120954,-0.8583393173954736,1.9763536164334696
0.00601096182094729,0.006471375733809143,-0.005034956855354077,0.005692386715491314,0.5943137921238512,-0.17944484123475404,-0.7651712392601383,1.9987908099924125
0.0062513616789944965,0.006258343163097001,-0.005413990999566236,0.00542187169133456,0.5642026044488023,-0.07761721813146959,-0.8906279243275055,1.8952713818968745
0.006375155431953024,0.006127811570447484,-0.005587151383477853,0.005224758039592661,0.534966507303015,-0.02057756202580915,-0.9431126305075795,1.816436691737488
0.006526612510225097,0.006055536809072717,-0.0058213057147547455,0.005120796220497548,0.5403332716110927,0.05209544253169307,-1.0150568960764668,1.7707780531038135
0.008064492792843572,0.005030571593140504,-0.007189388783171206,0.002786458281051973,0.4359013167111491,0.8361140567776315,-1.2234332948281994,0.8268125693394273
0.00787916132959457,0.005108052737776419,-0.0070674610113056315,0.003049855348693162,0.4370015297597803,0.7390921769208204,-1.222984242522827,0.9261005020160685
0.006610816375367784,0.005905702446792342,-0.005886346889476458,0.004864525791045978,0.5069120899028622,0.09240537363870406,-1.0272523563831395,1.6672788366066327
0.00675437494611018,0.005801714338839988,-0.006065214221531717,0.004679461242172541,0.48046818773693595,0.16288657363098633,-1.073441670574179,1.5895760785018933
0.006913564611394796,0.005756299660464367,-0.0063010971190344805,0.00457585391623386,0.48886473519866225,0.2498302378076888,-1.1381986687511394,1.5412672236382148
0.00700434786915464,0.0056194273136008915,-0.006340806669790327,0.004325172285768155,0.47213441979776977,0.2895708390537879,-1.1361003136774908,1.440020563101001
0.007722405876421011,0.005195177343069043,-0.006972702867461526,0.0032917040618928865,0.44314055450328343,0.6617205223389494,-1.2243387865420734,1.0188499609833548
0.007613204696386314,0.005317207005270279,-0.006965638973717961,0.003540815205616864,0.4496039522496507,0.6214309345217192,-1.2454899826803547,1.1147404523799538
0.007454231896151291,0.005346753237106732,-0.006772227802966136,0.003692521903779531,0.4319078590672754,0.5233035574625938,-1.2087194521819924,1.1785254770468654
0.007288904356209573,0.005418960906370614,-0.006602388268121232,0.0038940484387532466,0.4391242746710223,0.4327009902970181,-1.1792327701071237,1.261740207703365
0.007135708003571752,0.005511188196641613,-0.006455194346499632,0.00410590260927245,0.45308664621545613,0.35371107894670956,-1.1539723782143232,1.3495594895057776
0.010166211921356253,0.004536121716172873,-0.007588739719876774,-2.2540384833956388E-4,0.6560899926092922,1.775145053345751,-0.8035329640221126,-0.08775770691395299
0.00992023469015109,0.004490026826802287,-0.007531838020714038,1.1002793744983797E-4,0.6058155592758648,1.6454255804754094,-0.8668501934296636,-0.012619879714164383
0.00965085642728672,0.004541474713751235,-0.007573698486448096,4.8068030104524465E-4,0.5827644877591266,1.5545255265332059,-0.9507584663417357,0.08338822197632248
0.009146448727779265,0.004605458619647981,-0.007492448462360002,0.001173756158853963,0.5197326021553009,1.3261095129629261,-1.061700487351599,0.27821150815682977
0.009390623435252758,0.004542737944714776,-0.0075060050229605315,8.294927070552236E-4,0.5427832188032298,1.4243980625139743,-1.0032040689977075,0.17648845909504193
0.01028888156624597,0.004333874309214223,-0.007295162193447941,-3.579581026786209E-4,0.5954902610661945,1.6856805958417858,-0.7180712741250416,-0.13216297431639715
0.009015553949620447,-0.004783923680325027,-0.007676000471199411,-0.001441948795821035,0.5320462147889103,1.3443401297403768,1.1446898491056994,0.36872368518199217
0.008847023681414747,-0.00478952177950568,-0.007576002218845998,-0.0016670829656585814,0.5080952277253735,1.2429704238821657,1.159752179807411,0.43903961701292243
0.011292631880204393,-0.004420518512824576,-0.006979750853231856,0.001569776812211359,0.6775990455635402,1.944359923930149,0.3689816721945925,-0.33365001780689435
0.011071522129360259,-0.004424734278699261,-0.007121730534760819,0.0013312969323569256,0.6840953755372476,1.925979240091238,0.45325949298557655,-0.3013462447463974
0.010866068766893056,-0.00431382524673207,-0.007090152342663146,0.0010435334616589298,0.6280799062894485,1.8186343256165338,0.5218061943676277,-0.2628339586549824
0.010167786174158856,-0.004530178093185177,-0.007580269937280998,2.2715997603966386E-4,0.6534468593170898,1.7719529663615252,0.8017111040668753,-0.08839453722144734
0.010610234112366713,-0.00424642435081003,-0.007106731773808213,7.240739454585748E-4,0.5924887248752765,1.7196243435339833,0.601411683386741,-0.21034616203028147
0.01033860875554719,-0.0042349010741178725,-0.007160649150596436,4.0175571979137755E-4,0.5676978650627346,1.637037792175405,0.6838006334611486,-0.14731137787742113
0.009908036556899771,-0.0044918263918590495,-0.0075338319944141295,-1.2661884905209122E-4,0.6038760370342025,1.6417462094781332,0.87026634019638,-0.008739247624405618
0.009644116560246122,-0.004542027988960331,-0.007572983098725324,-4.897883109413562E-4,0.5802882235916945,1.552593450416751,0.9519005267331658,0.08538120495392452
0.009140479242727026,-0.004602242439117292,-0.007484387639298192,-0.0011797853298059432,0.5165625518882657,1.3226506279296188,1.0600759304176648,0.27904506348006514
0.009367229006306281,-0.004543640973996831,-0.007498558741654587,-8.603344003109189E-4,0.5373065584156093,1.4139940313484993,1.0065034253647787,0.18444382912242863
0.008673671060581327,-0.0048194029392391955,-0.007490578439134323,-0.0019062306280576019,0.49061526324898813,1.1482234822143527,1.1774933486460009,0.5171239219688167
0.008504375257585928,-0.004870106639766936,-0.007419547569488454,-0.0021505742342004647,0.4790494400632824,1.0627844986423491,1.1967034965669414,0.5998617005505363
0.008014263716568458,-0.005411225499911389,-0.007648324620356944,-0.0032985700240797506,0.3447485423942369,0.9168417597811676,1.377286716494772,1.0413913988944339
0.00802332890234686,-0.005251566197101217,-0.0074277040117351695,-0.0030886054084035513,0.5100339438909636,0.8860010330682523,1.31482394236277,0.935354045574024
0.007881891053336738,-0.005295260554173083,-0.007304345963928143,-0.003285032275139529,0.5004830029710609,0.8019233553650608,1.3074480698652613,1.008652944370408
0.007871104159928416,-0.005475864446977091,-0.007539023468720368,-0.003541006558289619,0.44207437507100633,0.8310024147415097,1.3747767158779316,1.1315724829936014
0.007732164613533447,-0.005357027122154179,-0.007178780869780534,-0.0035029608247363,0.4756501911872684,0.71640220638337,1.2995091279617361,1.0928174862119138
0.007730047808600201,-0.005544967222482057,-0.007422051439473679,-0.0037800765102249776,0.508174688468465,0.7464584412180247,1.3670713835315809,1.222663910335303
0.008340425540901435,-0.004935671194918866,-0.007355770673042955,-0.0023977790526049053,0.47147937461481476,0.9837469199217933,1.2156835408407174,0.6862660711616603
0.008184677435355085,-0.005015258523515697,-0.007301482256574427,-0.002647637464345528,0.4650250208559985,0.9118570536501692,1.2347418798676524,0.7758995011425244
0.00806549489116069,-0.005115073100659808,-0.007298212426525149,-0.002882146464727191,0.45963583022895865,0.8670921839059208,1.2609283495610384,0.8618559371053747
0.00758406606694595,-0.005430635364936798,-0.007054657092922558,-0.003725897810109032,0.46241250185404986,0.633262523207061,1.2894571927636191,1.1815857440535689
0.007591233601480753,-0.005618465515670955,-0.007297997520613949,-0.004014367842118076,0.5528833438150051,0.6635872552328801,1.354318551880726,1.3138306842794123
0.007454795807560529,-0.0056962881580212045,-0.007166171242874365,-0.00424519993086808,0.6200314451152364,0.5823985377303974,1.3368536080572777,1.4054960215534005
0.007439760129759206,-0.005512772538247736,-0.006929997669146817,-0.003949441268609259,0.45384463630700195,0.5527048839100718,1.2761734540158114,1.2726355446715178
-0.006577264761224861,0.013644843410250553,-0.006069721744635655,0.005703851775033901,0.32664153334992646,2.178466579076945,-0.9745875781387688,-0.056769075390120466
-0.006464466094067266,0.01353553390593274,-0.005893549805713754,0.0058858760449842324,0.5523964341368378,2.102956085774113,-1.0336006552917458,0.0033574821354310307
-0.006428299697776356,0.013690749907018998,-0.00574075030186539,0.005558083134761793,0.41353422007878265,2.0468021616287246,-0.9506441295910063,-0.06488574236793082
-0.006693441434347548,0.013750556019033765,-0.006254820622144684,0.005500319271175366,0.7853637089565749,2.2553022699227823,-0.9085596130398935,-0.11392210378712125
-0.006538365837285747,0.01380646990430865,-0.005891831089419469,0.005361607434470369,0.40006046610266394,2.1103599697101316,-0.8872544773634022,-0.12172128682229029
-0.006670557419727051,0.013898278135372172,-0.006087300113638409,0.005201000772329119,0.41224909025979356,2.189793895640556,-0.8305283522282335,-0.16877993985504888
-0.006812880963004883,0.01385256696814258,-0.006415761649313348,0.0053118340134230045,0.4084914304115173,2.325748533647727,-0.8413549655020951,-0.16719329970261784
-0.0067894270866041525,0.014004079029856512,-0.006233619140080728,0.004998888804700441,0.4992409030663795,2.2492604520899433,-0.7597763300078445,-0.21789983854509135
-0.006935465283302505,0.01395077548971791,-0.0065764907544124925,0.005111292899745918,0.35560968098189427,2.389727916937469,-0.7687998046931589,-0.21720080481440576
-0.006906012252234028,0.014109336490405173,-0.006359406310969789,0.0047888333482508086,0.4898870645414893,2.2979417464990646,-0.6860470245707789,-0.2618991413405473
-0.007061073770271073,0.014045084994930429,-0.006737591047512803,0.004896929505582627,0.5547355945837379,2.4504887671286637,-0.6900204939788436,-0.26260358714323434
-0.007041190044039889,0.014207027812116581,-0.006510651880037179,0.004579452380779325,0.48899716475589944,2.353825283591991,-0.6089877951681889,-0.3016725850091219
-0.00718958373010223,0.01413540329229132,-0.00688742296517572,0.0046839848781191455,0.5480006966112639,2.5057710338925556,-0.6093403446655805,-0.30262155479856717
-0.005141706727759531,0.01248952173655725,-0.003371194702594401,0.006632225391635277,0.28169928215792434,1.0661679142532305,-1.155463268119947,0.5199871926850096
-0.004985861352734655,0.012294968143044573,-0.003039963860504337,0.006714509071459401,0.27653939168270375,0.9365285572476028,-1.145812092549093,0.6014683092656307
-0.004912180380363133,0.012120229806091667,-0.0028175643165507798,0.006837201227517245,0.2857280584307018,0.8496413850109569,-1.1535424544045443,0.6890323332401639
-0.004528230402522341,0.011779467489639116,-0.0021414673601524697,0.0067491788988845005,0.2638458532841914,0.598239677978846,-1.053466672214334,0.7696230310824089
-0.004625959624397384,0.01195823396272904,-0.0023851603002075015,0.006691548322229149,0.26088142915271423,0.6871171952688173,-1.0688079038427591,0.699520597698323
-0.004732173821943872,0.012088278494859533,-0.002597070807710505,0.006674880707051764,0.26235093368504214,0.766781953846375,-1.0888457608613598,0.6559829250603446
-0.0043987684029447045,0.011340831276212038,-0.0016190394377831277,0.006938913027137321,0.29346287527292364,0.417493375231296,-1.028437048551356,0.9662837725890814
-0.004445814712849136,0.011577525856983914,-0.0018878644501690571,0.006823255524954198,0.27721636971478564,0.5074945166947016,-1.0380282855770107,0.8544265319959293
-0.0043138763085645,0.011766775823149986,-0.0019530937561994285,0.0065358004550348705,0.23181765994837128,0.5308550189586162,-0.9790052672433569,0.7071665052607135
-0.005954915005069574,0.012938926229728932,-0.0048960116581936155,0.006738361321049138,0.44101663427576226,1.682204934119337,-1.2658289794711077,0.3486186801727107
-0.005864596707708681,0.012810416269897774,-0.004678806525877135,0.0068909109252387225,0.3358704679355707,1.5919013492698115,-1.2975680742677296,0.42600566510541865
-0.005783630289274099,0.012965621254318478,-0.004587751235212619,0.0065286481523241366,0.33480031541798483,1.5465194337688304,-1.2142915749041592,0.33217284728710733
-0.005699107886394624,0.012832332403825695,-0.004394751864345025,0.006679786079000063,0.35711413767458705,1.4659306483441046,-1.2448599458365328,0.4066505782186143
-0.005433181124252072,0.012697787115488452,-0.003906001088395892,0.006632962125379414,0.30352952187927906,1.2758507395175724,-1.198043838596815,0.4490542490299218
-0.005237760515141733,0.01269948753216849,-0.00362248670492387,0.006441021494028345,0.27848778250912565,1.168945642041418,-1.1253008562059994,0.41323613412605215
-0.005543363795593472,0.012825341481856439,-0.004136833125809621,0.006541500946254088,0.3135894851585111,1.3689391426919124,-1.1882314327407466,0.3870384898862871
-0.006355156589749451,0.013422735238775145,-0.005709481649266483,0.006064498636662217,0.6267944125131502,2.022709361033344,-1.0890155222369087,0.06626480227112973
-0.00630225651674593,0.013574640772604276,-0.005543854163794147,0.00573815957136889,0.3453109014434749,1.961245732491286,-1.0083308571731813,-0.0027033412227476703
-0.006049224510282092,0.013064534716697497,-0.005100787943461708,0.006584727296409372,0.2912817960468486,1.768667699164096,-1.2297000758849255,0.27413071048673376
-0.005881936454304609,0.01309563436780132,-0.00479227847544082,0.006380746877898138,0.35450231465835613,1.6352674680569612,-1.1817382919123973,0.2589818501734267
-0.006249443980966241,0.013306558565652458,-0.005511429092843127,0.0062449060820613566,0.48451239481195446,1.9385494400372105,-1.1402939210887173,0.13214306089430208
-0.006187592369122125,0.013476084086150773,-0.005351942950847209,0.005874621867124999,0.33955168112960094,1.8791555562029012,-1.049409064854905,0.05095050958086566
-0.006147433031857423,0.013187119036995123,-0.005307719852196959,0.006418980921753516,0.3762494463436807,1.8540441259368634,-1.1874657190205193,0.2015133111345552
-0.006075097947197482,0.013357107983904387,-0.0051582098239188546,0.006036154893936337,0.35194588682768474,1.7953660037204155,-1.0947241736622688,0.11521345519974026
-0.005972367239426951,0.013227702897551019,-0.004971129930355071,0.0062084937901146975,0.363868936403909,1.7134959685694018,-1.1396010878230989,0.1855736311494833
-0.00629026597596899,0.01371899709910778,-0.005466303489240406,0.005461186842601529,0.37777653577769366,1.9381972473220983,-0.914651829429484,-0.0685504890047478
-0.005011563630733173,0.012699256075195295,-0.0033208702287718804,0.006236619314697573,0.2442103658732437,1.0547681464856702,-1.0464669508802513,0.37337137462068964
-0.005134651256994581,0.012856059001180638,-0.003552555164668057,0.00613576912518691,0.24930514381967947,1.1500662636307106,-1.0376918511203783,0.3086643118799212
0.004895969474487904,0.013022049047806161,0.0033043340458972646,0.005743668842528662,0.19982986861574384,1.063764754990167,0.9126280022034493,0.19700579776468563
0.004600929775685432,0.012440234341876409,0.002700717471211904,0.006178962136829994,0.2067948066962262,0.811924608817819,0.97301585485888,0.43185712190044584
0.004657172505892514,0.012762676191837269,0.0029267763418747736,0.005876043153319188,0.18552309312557214,0.9082435058162711,0.9161640572301809,0.28600309490722425
0.012111660764718313,0.015374408612349802,0.006196448439795984,-0.0024311940399432026,0.4825668715292425,0.8108544091478559,-1.221756118380009,0.8262603827195523
0.011842341929577057,0.01550010624597991,0.006269259684398139,-0.002096994805908443,0.46390443271438436,0.9215251234155748,-1.2092449013202513,0.7015748534218049
0.01333938416098722,0.015076526009828499,0.005117063839226651,-0.003347326916111855,0.38150313447770406,0.20852673164917082,-0.9856498455084813,1.2122469292040228
0.01250785626494792,0.015451221884912101,0.005690211916780216,-0.002598293967240545,0.3889559819308719,0.5613589195094488,-1.107974672289098,0.9015665918983489
0.01287198385368102,0.015252201410884625,0.0055027860948844475,-0.0030026701338591185,0.45152401422481897,0.4080521910492077,-1.0766449484353122,1.0624786769003813
0.011580734537001026,0.01569713151778337,0.006183340680571419,-0.0017156971879819568,0.4522276877655847,0.9924453429262039,-1.1550734222346708,0.5552468582584024
0.011162553874664364,0.015779845290524782,0.006321590538798695,-0.0012683416975556427,0.4457118498744573,1.1708781777948365,-1.1216307782758201,0.3967989342571068
0.010525400971155641,0.015714780042368575,0.00669327404900952,-6.176994993696714E-4,0.48504100254396415,1.5115272916330094,-1.060747581311847,0.1826777939538162
0.01079723511036571,0.015718599707352735,0.006596624554272427,-9.250405944521924E-4,0.5019405337058809,1.3860827843955381,-1.1040756754948589,0.27867714280168077
0.010215621527719109,0.015861116376300964,0.006491722096660753,-2.4576149344518195E-4,0.4640806337787859,1.5459565023519561,-0.9606683041032491,0.06749138062229922
0.009880922559996468,0.01589416345091501,0.0064371759184162465,1.1951148356775751E-4,0.474398809422922,1.6288674257704734,-0.8706016294510229,-0.02787901965711319
0.014148328448044664,0.015470865927892059,0.004004931654054514,-0.0030132859772949738,0.27774760442844554,-0.054384889477580974,-0.6803492921421449,1.069989680027361
0.00848831432443858,0.015486593128257873,0.006529901719485506,0.0017932118789510923,0.47890211902538943,2.087108374536629,-0.39642634932556087,-0.3520470267228173
0.009538025897864176,0.015928901052243098,0.00632720978871437,4.7939907969361345E-4,0.4480328519320352,1.692886886490658,-0.7719430930404282,-0.11873731048550108
0.009046180775158971,0.015616349938999291,0.006681964941348837,0.0011234184297723878,0.5010188871936566,1.99632670485405,-0.6226340490197176,-0.2539621916499519
0.008723889356467484,0.015589165894037518,0.0065321540312037124,0.001482399029634426,0.4721691167394529,2.024163495030701,-0.5022907635050572,-0.3118578932547415
0.009201907706667482,0.01587487735728365,0.0063110386810305615,8.426680359871449E-4,0.4448044103476077,1.7827342739437895,-0.6712904980498781,-0.19723619527856143
0.005406736733775547,0.013666040617247594,0.004063380887359723,0.0051884531931980565,0.23738885175817084,1.3911739380097663,0.7954184079439557,-0.04133619023113105
0.005553608851248038,0.013778263722522104,0.004258843062564699,0.005091432590953426,0.25792732077183794,1.4711307898507133,0.7729022786595572,-0.07913765905031567
0.005830792649179686,0.013915583598448376,0.004635452790135324,0.0049867515187024805,0.2874179165767265,1.62170955994012,0.7509689111749395,-0.1275543271419626
0.005629243253787328,0.013915500508572546,0.0043422511259376805,0.004924130526972846,0.26179562087841557,1.5103250118677212,0.7251273388427344,-0.12517236820030497
0.005947829004488408,0.01408496155270333,0.004754067537596711,0.0047641210372896545,0.28668736825610797,1.6750339221930945,0.682741583512451,-0.18448799271486152
0.00615297306188574,0.014171701390874026,0.005024762970564718,0.0046687994584950765,0.3155693981819822,1.7798811432067692,0.6533973190466467,-0.2169573593285336
0.005136143600477852,0.01363372613150357,0.003706038578897855,0.005111698084888291,0.2092434547187171,1.252773319594619,0.7524111402604367,-0.04300705966749552
0.004813363812762445,0.01340293399803315,0.003295041272838514,0.005239864350007585,0.17118142173443063,1.0809958236386823,0.764786373779374,0.025710500870012264
0.006261015145583993,0.014389055534607002,0.00506203806805649,0.004353824139793578,0.30743462827240314,1.7950234276540158,0.5483920018232343,-0.2750380898105298
0.006728912838504117,0.014699116957974831,0.005502018175327652,0.0038517878946505574,0.3527948659302604,1.9548196819731596,0.36938058490760667,-0.358076662881913
0.006486410758765437,0.01459189944466364,0.005246381638785511,0.004048291906822206,0.322975455211634,1.862548937935933,0.4431805859990599,-0.32655417237581913
0.006815594077459758,0.014925445288634119,0.005411258760019972,0.0035207571828594804,0.3332976072754921,1.910943442614396,0.25440116429013276,-0.38679358509633394
0.00697959681516312,0.015040799794880974,0.005509648499744382,0.003316480375463954,0.3587034477179353,1.9320484093862178,0.18233566921313446,-0.3996540130893776
0.008231217673157635,0.015488335952206268,0.006311305644043717,0.0020280899679944136,0.45326887676454325,2.053780123756162,-0.30095088743925763,-0.377321885713199
0.007749563574007591,0.01532531153737317,0.006076521747253434,0.0025636461856378035,0.42414262606451186,2.058047878168938,-0.10876885132741076,-0.4119499658939764
0.008000133969697537,0.015340050421271654,0.006317912967427122,0.0023600747411345155,0.4642900075229076,2.1102928994622707,-0.19094565384984916,-0.4021031254277176
0.007063144951117011,0.01522957096144309,0.005416228173189604,0.0030566820864645493,0.34624397274769264,1.8735779984051704,0.0948891696992345,-0.405780944499375
0.007283228518036577,0.01539429448304993,0.005485496652058203,0.0027685146945657536,0.35080528336888545,1.872560361118742,-0.005330059338758073,-0.4096411946487966
0.00753867908242325,0.015485884084184165,0.005648656003658583,0.0025289310823655756,0.38043833206737465,1.9032480172321111,-0.09269657829434877,-0.40732960729271833
0.004153847081327842,0.009590272255575112,-4.624852883558683E-4,0.007030599359582625,0.45385716788376124,-0.15175845696522242,0.6834312143289852,1.6165079689878448
0.004144004053216019,0.00979919190668293,-2.2126672207065657E-4,0.007054021690551234,0.432671499983634,-0.10060309970561836,0.737295735777868,1.5479041553993118
0.0043435637637735565,0.010416388403938132,5.29964691842217E-4,0.007280654961601985,0.415064543210695,0.09316817168439752,0.9248842802683633,1.4200417649637849
0.004248564560545863,0.010240622900093031,3.0039497909437794E-4,0.0071861804833042555,0.41525769370297944,0.028441836104976036,0.863775089175382,1.4444971492447733
0.0041750208499240354,0.010019610878311635,3.349697539742888E-5,0.007105699443223887,0.42114170297542747,-0.040808637141713004,0.797236270914118,1.489870518788232
0.004359498762479559,0.011257544055584122,0.0015077343383000992,0.006946920715314588,0.2969122892539123,0.3802362967216197,1.0155051169666471,0.9995775010479092
0.004398140987796737,0.011041343664696439,0.0012959465618699532,0.0071174969962631476,0.3385190782694035,0.3154986652227734,1.020891090626954,1.1320483109392736
0.004297569615014243,0.010616851504293688,7.605144306484423E-4,0.007169796700746192,0.3730654423143634,0.1541205830286898,0.9439557276060969,1.2995273352332146
0.004294695882042326,0.01085008532355611,0.001030189546228335,0.007081478007870255,0.339630876754409,0.23099096419177548,0.9710477608623324,1.1836731374795468
0.004359595089614838,0.01195613405800679,0.002140559974430115,0.006423754170508701,0.2169623352624567,0.596612690037054,0.9730812679779459,0.6245930200133167
0.004265692243414805,0.01177595214621587,0.0019210688861615187,0.006481076004080052,0.21562523995246272,0.5167081063292668,0.9593969672292263,0.6895097761336698
0.004263755318196465,0.011575851976248922,0.0017505090076409655,0.0066284642440828335,0.24433541630369554,0.4567904077558859,0.9724636853556262,0.7929504390855162
0.004362420390490052,0.012214360464422383,0.0023255604765295436,0.006195803815067637,0.18882465170316046,0.6678336618025156,0.9371123230910767,0.4923382229449574
0.004132775705970894,0.01140544583380055,0.0015117071327699517,0.006607077143522458,0.24736892499659782,0.37284948385561356,0.933143088898435,0.8332594843730322
-0.004564049720918945,0.010513726876871477,-7.096619415459248E-4,0.007557759030251481,0.46254167285292974,0.1535760520978318,-1.0121816325620692,1.4970518291370996
-0.004511748498983391,0.010250539409136797,-3.439610330195238E-4,0.007537669941410335,0.4872971394395496,0.0549579819009518,-0.9392643353831547,1.5924816178088408
-0.0045420148475463105,0.009997080454895228,-7.947251081771663E-9,0.007595320673623251,0.5324002330279328,-0.027864228806282258,-0.8799680237465572,1.7213970942242014
-0.004507670415625017,0.00973221560602886,3.569256106149659E-4,0.007521552030770785,0.5526287889239039,-0.11113678875300227,-0.7889681987320473,1.797497752377896
-0.004274560666849568,0.01067835276834001,-8.258275901595272E-4,0.007120770725448262,0.361735257452755,0.1698360688337381,-0.9442682965021847,1.2565896308948947
-0.00417026113444633,0.011174444478421407,-0.0013156081562348822,0.006779564915560518,0.28181652945687263,0.3132301329028962,-0.9482760864161627,0.960682803525552
-0.004023663668398886,0.010883591521717867,-9.566502463495104E-4,0.006756655841301695,0.28035129888676275,0.19908968830181553,-0.8879424357397268,1.0393376829875238
-0.004546955262276415,0.009483913819370984,6.981349468746146E-4,0.007517561254891851,0.590515037371392,-0.1799105725054376,-0.7092294979187076,1.9004627666337708
-0.004532465758371032,0.009243627339063578,0.0010051043573294477,0.0074060576856315235,0.5982460040043406,-0.2373872137278119,-0.6178352744497312,1.945923634559622
-0.004568501212283563,0.009056655994328252,0.0012566461429912206,0.007363025473520804,0.6195469201613056,-0.27829640640681935,-0.5463824213213019,2.0038083012642605
-0.005198530675796427,0.008605047553236286,0.0023349331886796288,0.007995338969489412,0.6834787497525546,-0.37729889449614645,-0.3137645273223941,2.523223507814416
-0.005028639737947882,0.008633641725961547,0.002123471542467396,0.007739983344201745,0.845409573091371,-0.380604793306864,-0.3337784243379333,2.3913971152565074
-0.005244717217658645,0.00845491564632612,0.002574272885964359,0.007921564962736102,0.9453111268012044,-0.39400901234865565,-0.22533550236400443,2.550497079062362
-0.005088994885836612,0.008491400423163395,0.002362306598898856,0.007698936500043698,0.8568220477027303,-0.3984825011675525,-0.2540742509254268,2.4301456336812746
-0.005295594968187607,0.008306313695911128,0.002816584041137864,0.007838518382403173,1.0664375464297646,-0.4063824066614248,-0.13327748053135147,2.5690636154475106
-0.005140445120930551,0.008329563894534863,0.002613267452529044,0.007608823995651094,0.8031549249703985,-0.4141015586997762,-0.16079005309904895,2.451157188470227
-0.0053511157673393935,0.008159381790995322,0.0030723809451226485,0.007741809400957576,0.7742136187597871,-0.4138730216334577,-0.038593594974136794,2.580613913133443
-0.005183313195806631,0.008179286915907354,0.0028332735242908194,0.007502079986649829,0.819437239613647,-0.4232189101464899,-0.07661470390201093,2.4560854428115557
-0.00541122549991139,0.00801426371656846,0.0033120350589670618,0.007642533890232685,0.790000844920414,-0.4141772684733758,0.053678459705746535,2.5863559537968137
-0.005250528258450767,0.008040314068112335,0.0030628607860040875,0.007428955230645723,0.8619486895990011,-0.42621906483469457,0.0069164870805645115,2.47123299444728
-0.004838515185944187,0.008656542421713105,0.001931874466962035,0.007472442721386744,0.7197353400917449,-0.36113312610228304,-0.3700118759080134,2.237345029186884
-0.004604360754769936,0.008865915483817167,0.0015088312092545132,0.007297914338416526,0.6356331196471389,-0.3152731798970417,-0.46960437944240097,2.051989601649367
-0.004629630770367379,0.00868664599287893,0.0017339751534877644,0.007207197341572912,0.6407870864692491,-0.34398252233411825,-0.3965032238665957,2.079711572382212
-0.005325910579819747,0.007886135763041277,0.0033144948213582903,0.007331705274933435,0.7993341561632271,-0.42365620348174554,0.10242316376811002,2.4772311551931345
-0.005475864446977092,0.007871104159928418,0.003537223884915177,0.00754085027864899,1.1895585400489135,-0.4085756598736905,0.14590056744240928,2.583158600576964
0.0054665714959950444,0.006919654489468118,-0.004100594350978203,0.006058174123566907,0.620927760794835,-0.3441929299661589,-0.4382847066093944,2.0925417254931467
0.005590640059549644,0.006717997807302076,-0.004336158159389703,0.005841837727393342,0.5935557707809749,-0.3074860105073902,-0.5241954253281861,2.0281157073736584
0.0057698829375453144,0.0065217965893406595,-0.004636069577481554,0.00564549721015055,0.576454044874258,-0.2524459729269672,-0.6310852897963454,1.9695881068821919
0.004215419811235431,0.009211066432346362,-9.0845016950998E-4,0.006985613182398328,0.4945255518625708,-0.2349329378730014,0.5780820490462405,1.7436928814874488
0.004255795753493026,0.009031151142585745,-0.0011231789700304872,0.006952450976957888,0.5129983529232711,-0.26967424674222973,0.5231851395274769,1.7989093421646591
0.003973569870583473,0.00925691838515929,-7.692090308438186E-4,0.006731193871765811,0.42518821537907475,-0.2191743079987232,0.5663123377722344,1.5876383299217192
0.0039251297430484096,0.009444139157732357,-5.645545750426782E-4,0.0067366325335204294,0.4035419678413465,-0.18209606495656458,0.6090087552125353,1.5178831777922193
0.004312984701571834,0.008859923578272345,-0.0013367721042984897,0.006927614522221465,0.5319053944271385,-0.300437281469152,0.4679672191354964,1.8554428674325774
0.0044253537101572775,0.00870899291559292,-0.0015653946479716764,0.00696629084680569,0.5704216866667102,-0.328170204623687,0.4145361700493798,1.9372446064378963
0.005137632474755168,0.006864193846725072,-0.003656281385123862,0.005736643402970306,0.5447052391390478,-0.3753249645508792,-0.30539048582103107,1.9327910898903606
0.005028827801686596,0.007100321028221827,-0.0034282424567593397,0.005960171251482792,0.5686640281429255,-0.39444835936745526,-0.22183540976119187,1.983999449929809
0.00500376545165261,0.0073059061094442055,-0.0032991685285745703,0.00619808859734739,0.5981977326214526,-0.4043492749761596,-0.16619432846185075,2.0495302881458106
0.004658927344223023,0.008126716050960317,-0.0023249852952846807,0.006764003176219935,0.616629410666678,-0.39670022986631154,0.1809903079103599,2.0613899685538515
0.004559330257701679,0.008316342776494243,-0.00206147628656755,0.0068226680056725515,0.594674061995819,-0.37881793033155015,0.2640191195341317,2.0177093387612053
0.004427791718134721,0.008520953977042786,-0.0017587911096315588,0.006836529020143972,0.5626452704461488,-0.351611729106071,0.3476344045893272,1.943508085719187
0.004645528915538964,0.007924924001046536,-0.002480808345291996,0.006552376422796608,0.5924508222985264,-0.404855781209176,0.1146727316088497,2.0215198580321307
0.004859556402622245,0.007454354601374185,-0.0030415407858325316,0.006248232402826799,0.582058669189056,-0.41133417356774454,-0.08040315676631334,2.024927883598574
0.004719215047840476,0.007678599302129025,-0.0027400279706690854,0.006369640564496582,0.5804533796196384,-0.4118777764589021,0.022091117174426415,2.012231356510324
0.015367026588070515,0.015891977964293633,0.002841079808254502,-0.0025866072389954986,0.16084897217315555,-0.24538418925393896,-0.3522844951644191,0.8774013159025902
0.015217397855857628,0.013393613769132957,0.0032068963269026576,-0.004947248348674087,0.404078729151233,-0.3607137737462677,-0.277533225208303,1.7211481523366978
0.015341462470728193,0.012832646152268494,0.0028826718560227152,-0.005460999850299762,0.4742421675445008,-0.38953873475089346,-0.11922158726327169,1.8493309277412586
0.015396526715011636,0.013954203318979464,0.0030746792834263465,-0.004231689932084336,0.3395241151261518,-0.32525743861060863,-0.30484993637292723,1.4329421355323022
0.015936339753852734,0.011593568962648008,0.0015565526254949353,-0.0058360184376671865,0.42698852342116017,-0.32721478417559297,0.36499561523514873,1.7349847017666937
0.015679132483087107,0.011925596897626898,0.0020121953150751735,-0.005943091940005953,0.45125516432047136,-0.3721026161429389,0.22481269923834382,1.8674413579491846
0.015692014162572147,0.012410951601532244,0.002320217685769385,-0.005509150163829433,0.42516072728718196,-0.38816588409453834,0.0722578780331261,1.7752324734493115
0.015914418278452434,0.014596480721490685,0.002626186912506208,-0.0034139490519262414,0.21335121622516956,-0.3319701506322769,-0.21690122421457408,1.133449682786467
0.0156273449877663,0.009918987471612437,-9.495856599714929E-5,-0.006941915802054289,0.5512902143960179,0.023720305111155224,0.9514468382141456,1.7156328053904892
0.015725589174217854,0.010149490081354028,1.7972971440155823E-4,-0.006756742819418176,0.5309490354248757,-0.05173053111142636,0.8608022628033879,1.719259442151338
0.015724263534630172,0.010429308180611146,5.025637669875811E-4,-0.006718906520025905,0.5282918310079036,-0.13148525161219002,0.7707400830227381,1.793973234397374
0.015678842145097613,0.009684103212720525,-3.7287088043901014E-4,-0.006816162981084395,0.5317313845199053,0.10583479841485112,1.0056809480616646,1.58764347114679
0.01599831790658881,0.011211899009044478,0.0011950585696894024,-0.005968827364814821,0.43354332205123625,-0.27544429301535245,0.4955003959926732,1.6995586697614464
0.0159023241453426,0.010878722022821717,9.266612481346572E-4,-0.006267858284333999,0.46882582627575003,-0.22431740102325523,0.606334143949861,1.7401730682149321
0.01593397078221356,0.010595718866784384,6.267013159140411E-4,-0.006314288639483199,0.4928174427061534,-0.16239340820206638,0.6959921480936467,1.679296914789316
0.01630970536209942,0.011387115511923429,0.0011852005458748026,-0.005461785452937169,0.37581603078147097,-0.2678525626408614,0.4560159058982228,1.4836079016911399
0.014895376960645444,0.007569118867022658,-0.00321507378016786,-0.006481353512963472,0.6417192743113893,1.1491858695404256,1.3300315360296653,0.7227368220118793
0.014806976671231452,0.007405603492970664,-0.0034362591142520498,-0.006372777648108168,0.6471010502065538,1.2417915739318994,1.3148706020092435,0.6342611185222311
0.014687561878269383,0.007268525589575946,-0.003682540182119873,-0.006323103397895365,0.672198777277568,1.34158297625705,1.3108433389836402,0.5670792138707431
0.014610312372283921,0.006957423134389344,-0.003916079330909059,-0.005935102147375126,0.6577854215911662,1.4467954695509577,1.2154649829079232,0.3845752854485515
0.01470794342052609,0.007093288474875319,-0.003724045843341273,-0.006035473897831023,0.6398376105046925,1.3671514909464249,1.24000800625672,0.4551571866436491
0.01499908142418732,0.007733159076843847,-0.002965904549011709,-0.00654823267799835,0.6288447266928805,1.047444721310743,1.3305427700700625,0.8041378838372567
0.01531135885285636,0.008553226088045977,-0.0018805974873363322,-0.006915655757911663,0.6011217177847082,0.6167779546013686,1.2902851350278677,1.2166648277226118
0.015205599190970222,0.008358364606639128,-0.0021811145926483085,-0.006925059886628576,0.6253417819231945,0.7282722549330831,1.3294534840599848,1.1438906649420513
0.01511252384413929,0.007942375580655466,-0.002665030895025191,-0.006630451602172884,0.613186387772468,0.9269200938029323,1.3268886489739649,0.9061018096012023
0.015272359972454592,0.008148402710071976,-0.0023119805847677164,-0.006600623939528603,0.5763268991184872,0.7912271562957199,1.2891708604334167,0.9784975520736481
0.015704621939758884,0.00938550452683744,-7.128708964075618E-4,-0.006693350049795163,0.5171643413772031,0.21120567190597297,1.0620949018692694,1.4431471172017938
0.015598767426674782,0.009130509639220822,-0.0010456893597574366,-0.006777423798031786,0.5526381799390183,0.3204960969877157,1.1354934861045012,1.38368327087107
0.015653612140895324,0.00884477299911724,-0.0013242933152073642,-0.0065256529711192,0.51117880935002,0.42226461692296186,1.1500715860837165,1.2075899592252137
0.015539077809991001,0.008620968309210868,-0.0016312677733680478,-0.006570208561080487,0.5526245493824199,0.5328785662911164,1.2018830740627822,1.1424124774580964
0.013039439359171252,0.005448467079439378,-0.006098394998180851,-0.004045180059644955,0.8312961820672093,2.192020376003045,0.5149990668326224,-0.3084855738449151
0.012809246900327545,0.005301978568301474,-0.006313924242061146,-0.0037474583899351553,0.8358440719938002,2.2274538383670195,0.3915374130233685,-0.3516380834563449
0.012618685649671205,0.0051262478682444455,-0.006414054501842359,-0.003410144251363919,0.8177191859588041,2.2060131804928367,0.26757692286024765,-0.38009699217138304
0.013726621515895175,0.005655268811543922,-0.005181312855026238,-0.004397756645986215,0.6987195013294207,1.892063883576439,0.7077709660432222,-0.1896389453169015
0.013481184455467017,0.005489729290862302,-0.005463930434365359,-0.004168433381576118,0.7216875060752975,1.9726850535555815,0.6125256460219389,-0.2504126290723802
0.013266563089952438,0.005383153791507186,-0.005712567221199443,-0.003994512368082556,0.7509496061308086,2.0428857310753146,0.5338145328715074,-0.2916798942090766
0.012654811484217758,0.00483722556017861,-0.006107148189422491,-0.003065022670743964,0.7082826789386115,2.0246822569409098,0.18913035675981352,-0.3879972546530354
0.014335776662597693,0.0066070720758207345,-0.004411218988846311,-0.005630225826374581,0.6927690746534826,1.6472470676531523,1.126386819248659,0.20362177976425835
0.01449071088242055,0.006776781887614163,-0.004143425384808685,-0.005770244007917067,0.6662412626317772,1.5404820397183896,1.1688154400854653,0.2887687139629591
0.014697886173966664,0.006778675626011288,-0.0038315322401185625,-0.005585125903331305,0.6028771323961578,1.4104957479840257,1.1223667835335915,0.2880055776371284
0.014462738061196988,0.006323977168374491,-0.004224498489646942,-0.005105453539726288,0.6118764969647722,1.560787104436134,0.979251618426777,0.08487778784498085
0.014042766952009574,0.005597894739306978,-0.0047144090657445245,-0.004258502167178605,0.604788454958341,1.7091577325499132,0.6961858466230545,-0.1737854752039312
0.014158058460909655,0.005792862384752137,-0.004603382230716967,-0.00449319540605624,0.61157058008747,1.685928832687765,0.7762784602934292,-0.11561149406558109
0.014354504790166828,0.005903456957150224,-0.0043522075811723605,-0.004572173913405927,0.5787456843502943,1.595694315569567,0.812787759736047,-0.0716898528903354
0.014489661572699566,0.00607355556940601,-0.0041819905822247806,-0.004738872249684594,0.5677875020142884,1.5393554355602774,0.8702993304646751,-0.0114413983811619
0.012415799593824453,0.0047024862469370755,-0.006262266288601152,-0.002776811258316443,0.7026659039196764,2.014870803172066,0.07830736715863469,-0.3980855607565838
0.010478109924626227,0.004253652602470898,-0.007153160130343905,-5.711902232630751E-4,0.5844137289453605,1.69114479614168,-0.6435950496437278,-0.18156135404286508
0.010694476018114442,0.004305834421251021,-0.007150042555449389,-8.414489295427836E-4,0.6201251899109778,1.7779281961084477,-0.5806640508568525,-0.22826722291216925
0.010864240546758944,0.004181262336484793,-0.006932780944730507,-9.818062860033495E-4,0.5845474645687622,1.7335579027977928,-0.5105080379046432,-0.26016207397048874
0.011132858470405588,0.004242237633703226,-0.006869645581530579,-0.0012938823830958087,0.6160350455570635,1.8101282553531266,-0.42282584507000365,-0.30438146371675967
0.010997303223024824,0.004239394512996337,-0.006938032666859431,-0.0011502754443909558,0.6164416219241281,1.7915862042375212,-0.46939847697407017,-0.28366635766770126
0.012174394193565679,0.004577773153272182,-0.006400787831659173,-0.0024857832573514653,0.6863295765168518,1.9924369117874179,-0.02794905349087146,-0.3985642162764888
0.011906764543665465,0.0045714762817902765,-0.006653533527713304,-0.0022725616263963677,0.7153303002697774,2.0256501567044953,-0.12301209825478551,-0.3910380729042621
0.011441046957479904,0.00441286448049715,-0.0068664874451583825,-0.001713961019486931,0.6751936213409276,1.9444612678310202,-0.31063091965326173,-0.3515997017076788
0.011667337446662023,0.004443923347368342,-0.006726848625479758,-0.0019534123001887656,0.6746086472313976,1.9621894784737377,-0.2237523063786672,-0.3734038781043573
0.011323037806921572,0.004154213693094201,-0.006663145532660425,-0.0014284451324875892,0.5903742024109694,1.767841142688354,-0.35595794416975646,-0.3255600311903683
0.012898957239969146,-0.005267389489082644,-0.006155310862783825,0.003732714182020209,0.8065761126470982,2.1689029250402694,-0.4049125809382134,-0.3453695114707263
0.012742913585978746,-0.005186095022136877,-0.00630223056670983,0.003553598875833033,0.8122549868208934,2.19341972239428,-0.3292039597399667,-0.3668890319135165
0.01240362470944789,-0.005121249451813203,-0.0066945202006820715,0.0032721352728301433,0.8616016094765165,2.2837019459959387,-0.19192159099875425,-0.39433693003382747
0.012596318690425181,-0.005091296163037187,-0.006410722501775973,0.0033511963607404994,0.8099843408387043,2.196363986950182,-0.24931068719765967,-0.3835167837427541
0.012002805431615353,-0.004918818657501821,-0.006949585348587849,0.002710925656854469,0.84297001254742,2.2548069537344575,0.024166642258244022,-0.4044423141481675
0.0122474285360359,-0.004985295641206307,-0.0067417205765197856,0.002989259393938725,0.8320336338270188,2.2417788753454584,-0.09071364140951915,-0.4026632962368469
0.011700293749939977,-0.004527140955803773,-0.006792257637046355,0.002052132064960537,0.709602832950086,2.0173259413633757,0.20528353500193577,-0.37862778769416344
0.011534488946063083,-0.004251860785579534,-0.006625964051130655,0.0016869157640727593,0.618135836577275,1.83633503923766,0.28425913450893786,-0.35279668391608515
0.01197060221622205,-0.0045962696621061425,-0.00662140819723757,0.002349693182213186,0.7177906911788096,2.036312583832111,0.09516654404523539,-0.3945500529936013
0.01302200462318099,-0.0055672931941390105,-0.006224394515786633,0.004226761273991458,0.8744134414718415,2.2623553031685764,-0.567726287949951,-0.29243065798531614
0.013059861636783908,-0.005352927230814101,-0.005992208032463601,0.003907509340082392,0.7932814197435624,2.135412096119057,-0.47948509661123045,-0.3190893531419432
0.013162188590927193,-0.005674460724813528,-0.006082090681690349,0.004431082290219503,0.8634101961272463,2.2318642101047286,-0.6508843920265309,-0.25366504996155864
0.013290336351824791,-0.005793863996823557,-0.005953843112314303,0.004644742591393151,0.8560820116136928,2.203388505350915,-0.7352552798027882,-0.2085068725302157
0.013399536935283595,-0.005920492987406768,-0.00584785933043954,0.004863435158961902,0.8566450840375589,2.1793530889596173,-0.8184053395725351,-0.1584171825613935
0.013422735238775144,-0.0063551565897494505,-0.006071439254648231,0.005702106545287751,1.012049179771282,2.3064550475735768,-1.065265419079779,7.137795200044365E-5
0.013458106781544785,-0.006186659810716294,-0.005897821063864865,0.0053488724427657895,0.8977481249906277,2.219552692381981,-0.9844449490055175,-0.0569361281629896
0.013479653436251113,-0.006039034353753246,-0.005774985583924852,0.005066176984638374,0.8683345223321852,2.162765699154472,-0.8926734800368393,-0.10924494459868057
0.013535533905932737,-0.006464466094067263,-0.005888381343684725,0.005891042998861993,0.9072892286281925,2.2374193023939184,-1.1350841530330855,0.06886794242796353
0.013568393066636217,-0.006290447414118597,-0.005736767075683809,0.005518945754698226,0.9092827828457102,2.163299023320627,-1.0493830253834473,0.0015230012270019912
0.01364484341025055,-0.00657726476122486,-0.005708186556837597,0.006065765807238469,1.1628816452041075,2.164890078174029,-1.200493872342519,0.14167564328923024
0.013692125743693512,-0.0064217759600099945,-0.005547227350762637,0.005724331373569906,0.8645809641368788,2.092122997071382,-1.1253125332705676,0.07873602873828224
0.013750556019033765,-0.006693441434347548,-0.005509393962542033,0.006246682365396261,0.9618851499753678,2.085073429449077,-1.2620465360564113,0.21837355513982973
0.013811333868397738,-0.006525788312351223,-0.0053437709881673555,0.00586270168804813,0.8368446118697593,2.012328063085606,-1.1780887105413986,0.14442886203710137
0.008216888376170559,0.004859908358548836,-0.007136792945378581,0.002454570340698447,0.43507584781912456,0.8746018020351894,-1.1711784370746277,0.7038091084203256
0.008880945060653195,0.004613430223878459,-0.007356277589941504,0.001510033556728431,0.4781524451216505,1.1771564474835146,-1.0880535470010975,0.3805552865271546
0.008634686232431162,0.0046995674294949795,-0.007299689784169415,0.0018603500012287098,0.45842946445698857,1.0694029824736824,-1.128965205104535,0.4963768030061936
0.008382785405901648,0.004746732296475118,-0.007151918891108589,0.0021772623598226002,0.4341586504263772,0.9358126363251263,-1.13882151858634,0.6032611013047262
0.008965132043364417,0.004365058123841347,-0.007087140229780749,0.0012698367197917623,0.4319233873995138,1.1071556841694024,-0.9890560860551064,0.29188845105475
0.006063177707590488,0.0062498540893907275,-0.005090334582850963,0.005340945337380917,0.5440586745696101,-0.14756309523322023,-0.7833304813704177,1.8617011787528648
0.005860097797476499,0.006306977041488773,-0.004772484788943229,0.005350448125721664,0.5288325079857097,-0.21381532005655873,-0.6791424629846357,1.8616526098261015
0.00615820506942253,0.006049897051518781,-0.005196440614907444,0.005045402164228218,0.5038066903283847,-0.10529354186035213,-0.8152945975299858,1.7457566389751467
0.006373985482460608,0.005895087824238674,-0.0054877807467644075,0.0048336799653527695,0.4832588012341578,-0.0195690631287286,-0.901406099121247,1.6608958616938574
0.00803525953038713,0.004820029578990625,-0.006904557946887921,0.002586070071063342,0.40103726733233647,0.7485978755471654,-1.132062446336248,0.7509603983471639
0.007880025267912441,0.004899820907000298,-0.006827261829252937,0.002805734086605579,0.40198679614807736,0.6777995834429987,-1.1381411074523975,0.8340708641139898
0.00769921932007098,0.004992430576828793,-0.006718422966258329,0.003055160252925532,0.3968685016134869,0.5918404313561646,-1.1367539705916183,0.9312767529195701
0.006552555939829882,0.0056901086194381155,-0.005670567139800512,0.0045140837113417384,0.4494730072863086,0.05550617027826937,-0.9465011932024657,1.5309598714821024
0.006780987119224893,0.005579448094580384,-0.005957200459028734,0.004316492601530326,0.4416047378506827,0.1607339869436409,-1.0229146109964,1.4456291000946624
0.006944463307843596,0.005422027457113306,-0.006091606125039214,0.00403847731021413,0.4199082773477622,0.2331013568419861,-1.046159756464698,1.329969137414608
0.007504448644604706,0.005128183105517929,-0.006614806428027634,0.00336059740229631,0.4045170786212732,0.5060104887888253,-1.1388277061970387,1.0511558372188832
0.0072873285108983905,0.0052105743497248905,-0.006403311441458272,0.0035968115189153826,0.4047580789092073,0.39513627643109284,-1.1024024159741683,1.1466970559139202
0.007107027016558503,0.005307069147462225,-0.006235843796163307,0.003814211264502519,0.4067902836035104,0.3074885280363975,-1.0722888817309864,1.2370767193361176
0.0073208682191713715,-0.00577835898009388,-0.007027085791498678,-0.0044718071134642184,0.7236140131574035,0.5032238910568183,1.3153868262039132,1.4981677051481619
0.007302236975730496,-0.005603393995868473,-0.006808865654323947,-0.0041738782410647365,0.44408796128032274,0.4763799925398979,1.2603015451009458,1.3652855899241765
0.007180983357139363,-0.0056985193812771825,-0.006702957219190464,-0.0043896303760973315,0.4500122434756522,0.4097605128941005,1.244601225651688,1.4556401333596483
0.00718958373010223,-0.0058645967077086796,-0.006886322006977493,-0.004685785744149193,0.6508055862198519,0.42555365013784563,1.289523856953799,1.5894111356196923
0.00706107377027107,-0.005954915005069573,-0.006741020183057522,-0.0048923164484497616,0.41713173469535847,0.34956786539741386,1.259263969328006,1.6776245495887718
0.007042943567313314,-0.005800186351171606,-0.006559671570515085,-0.004616062768274447,0.5132116068553046,0.33169370592118047,1.2166766402345977,1.5518426289878928
0.010076562600435556,0.00425358623947906,-0.007214318805277667,-8.848783231839335E-5,0.5433946217358944,1.560616127994348,-0.7620092254481948,-0.07792290928692959
0.009784351222272758,0.0042152435197199715,-0.007158884985795748,2.62855574018655E-4,0.4959881816923009,1.423893289441786,-0.8225434442157081,0.002724708158765999
0.009489074305812866,0.004232279708892444,-0.007127728965783009,6.15848424404297E-4,0.468135475621299,1.303696743559261,-0.8835110434962162,0.09510736173865932
0.009232023724723122,0.0042924659717245035,-0.007119730460821388,9.337401078579113E-4,0.45002334898879776,1.2110115292135326,-0.9386368959240429,0.18728131985120766
0.010320126478033265,0.004046874315935184,-0.006938009512058329,-3.468436684762931E-4,0.5107214311657878,1.5161432814156688,-0.6525973402485205,-0.1484771498834597
0.008722617640715592,-0.004609680157545566,-0.00724534341759473,-0.0016930664691050341,0.44973035209143625,1.0836069864232556,1.0914272578367579,0.437699386816457
0.008916778182122071,-0.00459916927932767,-0.007357848341822904,-0.0014576643790904346,0.4787356346977603,1.1924233063699605,1.0792410888484925,0.3629049875035006
0.011160960610263355,-0.004135596472511676,-0.006738236643268932,0.001264152605342465,0.579597164010014,1.7425098842820739,0.4088550974575323,-0.30529810972164123
0.010821934133892949,-0.003984142708927188,-0.006732786753673639,8.60088151735162E-4,0.5195719644394624,1.5999467195949941,0.5018301967565839,-0.24842614294917195
0.01004110983941214,-0.004219894638658533,-0.007172892279070221,4.43682735387676E-5,0.5311940666908962,1.5247088778966964,0.7640696953180551,-0.06826822729339933
0.010501094469510336,-0.003928981676049504,-0.006771946219190492,5.179301293209973E-4,0.48541839031586287,1.4970737231535514,0.5846024580600152,-0.18745990055085515
0.010208199609381834,-0.003996125397735159,-0.006894892469759818,2.1928618856051214E-4,0.48775891704436686,1.4510575212167023,0.6717652782593742,-0.12105331893456503
0.009762194733821498,-0.0041923873874137865,-0.007127332253127952,-2.862608860273534E-4,0.4879583489501697,1.3993526601284467,0.822229320363809,0.009929225791095913
0.008996796989032064,-0.004405796123109063,-0.007152417804318298,-0.001254925593135198,0.445792551041302,1.1424182209903477,1.0023439783445458,0.291902176236193
0.009456608224814223,-0.004221004086830734,-0.007104502448582698,-6.498984734779905E-4,0.46101830416646333,1.2808917865563367,0.8869820580554887,0.10697636730636682
0.009186536988408406,-0.004312258210648111,-0.007124482918744399,-9.937216246265071E-4,0.44965024428027306,1.1961120352524206,0.9520003832346992,0.20879437577013404
0.008535920377246849,-0.0046555373478705045,-0.0071646138654047785,-0.0019357031602345281,0.43452232944547803,0.9923681430658845,1.1086929979652502,0.5190383798013628
0.008361866702803354,-0.0047280331477535685,-0.007108663199474555,-0.002181245058562587,0.4260427087738861,0.9156998407103124,1.129607652131895,0.6051915963544089
0.00790732270945709,-0.0051139451923585145,-0.007108593908705752,-0.0030319388258524247,0.43417586816193304,0.7595500854183851,1.231961385337996,0.9200560885862435
0.00774264751386506,-0.005161464216502382,-0.00695913740667655,-0.003232140423060094,0.42971952601301266,0.6650732967586613,1.215367055013761,0.9977824924720998
0.007581599369676025,-0.005232474479432247,-0.0068266480957847675,-0.0034475847381176265,0.43063003333656963,0.5791929994679955,1.2018574516349092,1.0827631477369863
0.008188270409740656,-0.004808764680086234,-0.007044942261655321,-0.0024313481150154653,0.41771823921516377,0.837779340176218,1.1473230986458436,0.6963250654113896
0.007996004653171265,-0.004917269725909736,-0.006974550003235345,-0.002724883074695841,0.41615815102419396,0.754539796070481,1.1657591188678025,0.8048985540415946
0.007428071017397756,-0.005316696393856706,-0.006702952092907981,-0.0036658111012677027,0.4367182736611483,0.5004947328942002,1.188500300763599,1.1701556829451594
0.007277203271365346,-0.0054102400836816165,-0.006576659029132784,-0.0038868540914522554,0.4455900484765869,0.4243925289345543,1.172326995582513,1.2599365162269367
-0.007171450814764616,0.014298075426914669,-0.006643730994739428,0.004372668901910278,0.5352872515827061,2.401339804784769,-0.5302205183776171,-0.336132564960587
-0.0073208682191713715,0.014221641019906126,-0.007028297048288632,0.004469812252676788,0.4354921985100027,2.553322149636317,-0.5258429252182186,-0.3378051496367667
-0.007297814201251106,0.014392736294841972,-0.006748840892980486,0.004151480936137951,0.5480620074385278,2.4346722339048985,-0.4474108230210661,-0.36606757600254963
-0.00745479580756053,0.014303711841978798,-0.007166684162272427,0.0042442823428067945,0.5301541454858881,2.59471557622853,-0.4378929045446447,-0.36737193443497307
-0.007434144110411075,0.014481263624082905,-0.006861541597623166,0.003928672111749139,0.5469044393986443,2.467993693572683,-0.36216403706786543,-0.3911481721809602
-0.007591233601480755,0.01438153448432905,-0.007298222537285427,0.0040139191415811,0.6043094589023015,2.6300176416954626,-0.34727779834752553,-0.39081108709472984
-0.007576641445833553,0.01456150348021877,-0.006978892804094153,0.003707618365384757,0.551951034977134,2.4995758122527216,-0.2756149260438212,-0.4108311962644489
-0.007730047808600203,0.014455032777517945,-0.007421891103642216,0.0037804309703328744,0.6576484376381653,2.659005554755465,-0.25477959041097176,-0.4082250256177895
-0.007721894943098762,0.014633541485347791,-0.007095875396499203,0.003488725973115954,0.5613585797013929,2.527407918459755,-0.18853919289181562,-0.4249431232162055
-0.00787110415992842,0.01452413555302291,-0.007537569156008776,0.003544216506172968,0.6932619916628004,2.681489793062506,-0.16073214877965172,-0.41975432431288723
-0.007869773771563051,0.014699324911783862,-0.007209840881316292,0.0032680985578143295,0.574860308284224,2.550242942749937,-0.10008918837373477,-0.43363030323611845
-0.00801426371656846,0.014588774500088612,-0.007645291594063522,0.0033054185719732765,0.7075327464266143,2.6972110210665114,-0.06552305414894564,-0.42547030377214307
-0.006366699042667121,0.013859244390096337,-0.005539988966821081,0.005225652360454588,0.3773344692915081,1.9741383754754764,-0.8376759126798232,-0.12990391380262925
-0.006509168875156667,0.013977487524037827,-0.005728699385497272,0.0050348991303338815,0.4031419312293208,2.051829430671934,-0.7749143445741713,-0.18231980480838492
-0.006660932367449683,0.01403692051142414,-0.005963574008192008,0.004937019865529445,0.4230523548310615,2.1445663447242413,-0.7395255511721786,-0.2149121350606115
-0.00674399862661807,0.014172092679879273,-0.006001324246908791,0.004689619279456779,0.4179225653483231,2.161058481931651,-0.652375047765268,-0.262165887833183
-0.0068840205226529455,0.014294909494209432,-0.006133239601239292,0.004454221274026753,0.44088292003805835,2.210076443631639,-0.567430170459622,-0.3049616879177845
-0.007034999174214442,0.014359357173948473,-0.00632763845171954,0.004306582434365501,0.4631017706835722,2.2804451477732295,-0.5100823588138292,-0.33253335840179005
-0.004854471113572581,0.012491948792556495,-0.0030151011162810365,0.0063492577479057075,0.23745591460591883,0.9307726748334312,-1.0487372924205351,0.4571563614169725
-0.004750829262828219,0.01226514264000609,-0.0027493203850360638,0.006506294176442281,0.2427450381587216,0.826745019313916,-1.0628080416628356,0.5587422368733465
-0.004366691207869312,0.011973551458915786,-0.0021614662652760003,0.006416832310318033,0.2204911446431254,0.6059347664530693,-0.9756348124251047,0.6161124638557482
-0.004536376156603249,0.012164002906572708,-0.0024574659612556678,0.00640203050555484,0.22827653796954941,0.715558768564589,-1.0054095691493223,0.560976254925646
-0.004116582829810985,0.01152930936672466,-0.0016090908481751313,0.006512179122681574,0.22441861840187152,0.4069029225988161,-0.9268166830001032,0.764082717284606
-0.004083589444269165,0.011895559512014448,-0.0018745621472843947,0.0062219793639885085,0.19294183397955209,0.49756698464156063,-0.8877809444730033,0.5774758354088975
-0.005722238750981228,0.0131110745620204,-0.0045173055053733474,0.006227413101218179,0.3173720296606437,1.5316463444752402,-1.1203372201055986,0.23477299944299626
-0.005576196916483993,0.013004314712628843,-0.004252172442018262,0.006284923544687406,0.3035429714341487,1.4238623379124415,-1.122681062975775,0.28196589663114624
-0.005346766202412496,0.012911321267066244,-0.00387094745328084,0.006235029497116359,0.2762086034507709,1.2742223811566797,-1.0875075609836253,0.3079066111614595
-0.00613789751217083,0.013655421314516995,-0.005212842012148268,0.005521007160604764,0.3584419516931356,1.835548925312014,-0.9294684699616308,-0.035397135699877104
-0.0057927021649509325,0.01325737259718843,-0.0046548730816371835,0.006031346315994452,0.3122130591943107,1.5947288914334983,-1.0685127823637899,0.15702015724536386
-0.0060059405112762275,0.013540733280714149,-0.005007299226898458,0.005665549012203738,0.3378675236599404,1.748746444454815,-0.9695766017257054,0.01875960467650187
-0.0058878093279691665,0.013404448682719354,-0.004818646988319787,0.005839343513075821,0.322935784397894,1.6671208319076138,-1.017045127735824,0.08392481941232305
-0.006152013458078813,0.013874336917839753,-0.005157518892255114,0.005145535217108025,0.33431906780709636,1.8239194514971282,-0.8064201024400887,-0.12549991755584713
-0.004758839888436694,0.012733529467116249,-0.0030314535914934674,0.005986389658682658,0.20446639410184894,0.9471647805734179,-0.9536557064047954,0.3111281218342737
-0.004941937579461118,0.012923965766395411,-0.0033303685705770958,0.005897766729092111,0.21978933434287432,1.0693151566972388,-0.9552870822310316,0.2454235091142926
-0.005135235124320182,0.013045818810856195,-0.0036198462988624364,0.005882135736015128,0.23625941721621357,1.1859666987384891,-0.9717262940525654,0.20955686552241978
0.004467503215379627,0.013054059337617739,0.0028317707897986665,0.005435855916318191,0.16171470589561251,0.8863834554256037,0.7809670018754816,0.12866634884386727
0.0044029012084866575,0.013521243530780122,0.0028674249327625104,0.004924879082641747,0.1238040703088696,0.9339502247594773,0.6506189294699576,-0.02918389112158375
0.004169201273965978,0.012657879879626265,0.002387993866272755,0.005641073564918206,0.13486028517265217,0.7079480327692281,0.7953500267459438,0.24663619694370895
0.012101065886542174,0.01587849868642873,0.005538792996784483,-0.001979307761255458,0.39219497970029227,0.664079586476875,-1.0472923383191606,0.65911081007956
0.013059303975349308,0.015921561015946946,0.004697945306922877,-0.0023886112673610197,0.28041553862014373,0.25534028986651736,-0.8877147420389181,0.8494165710011686
0.011471923238664864,0.016196031123371736,0.005554209914437392,-0.001311067746128318,0.3487339930754159,0.8401876826809019,-0.9902452125700559,0.42769084394415696
0.01068906898476655,0.01618166804458643,0.005895944622031656,-6.648839953888703E-4,0.3872115960181612,1.1767171565247618,-0.9594308920158359,0.19073815593015933
0.009926823400033518,0.016320705634429944,0.005777935401658321,5.369459737379307E-5,0.3497165033649469,1.3415513423308865,-0.8146647908908156,-0.016700954956407003
0.01115455170797061,0.016657460731566688,0.00513135237492569,-8.790858997618383E-4,0.27839622819176035,0.821895046589228,-0.8770774190573267,0.27407342991154365
0.013810144570052568,0.016684642449989226,0.003605959950406738,-0.002040874793431354,0.18409270575634465,-5.340937758524076E-4,-0.5896822465287549,0.6723654423713264
0.015001150592418251,0.017042059543266593,0.0027289622410202165,-0.0018666145006292043,0.09568964166702074,-0.1609562874196196,-0.38838886259860483,0.6666001650775808
0.01620642459900051,0.017454803763324568,0.001989360796604729,-0.0016248342613725574,0.07717209088898302,-0.22763943960768993,-0.22315126228628304,0.5583977804217569
0.008423171524290288,0.015801257074637313,0.005988813401886981,0.0016168290909347124,0.3930883749899387,1.8508835783715334,-0.42261717424279316,-0.328127204499896
0.009232333343927696,0.016261986703613424,0.005733057182568026,6.835314216708301E-4,0.37587753208620645,1.5206788344582194,-0.6612461967161102,-0.16754143255948054
0.008840783529415605,0.01594914180045606,0.0060321632594689855,0.0011511488836741992,0.4322636750419599,1.7605782911293673,-0.5560022915737978,-0.2586094126533864
0.009385554910933647,0.016844968554964392,0.005024287260080446,4.0373623348386627E-4,0.2863249677469249,1.1693990941067733,-0.6242754360052117,-0.1237387926022547
0.0053551721794335766,0.013956871928996872,0.003966898626023289,0.004782927671630205,0.21638190730168466,1.3725445969617645,0.6706942013675319,-0.14160565267336425
0.005667389229911266,0.0141292987868898,0.004340536911298328,0.004638319180137482,0.24493266450651882,1.5208776295772346,0.6344287234682303,-0.19292122005161438
0.005910524934299494,0.014365623872659904,0.004586786140092764,0.004359783196041535,0.2828037027758134,1.6197640426345004,0.5529288915512259,-0.25412599476796327
0.0047786841586889214,0.013957465399428014,0.003289610830481648,0.004606604373103722,0.1579850815700555,1.111214245129398,0.584495334518734,-0.13770324057280312
0.006092197893526762,0.014753547619840022,0.004613923398132152,0.00387280120306199,0.23183641755781445,1.6375495082506502,0.3859793940950261,-0.33591480622742903
0.006487331708427676,0.0149624153182972,0.004964052629931052,0.00355544303742389,0.3040867640777663,1.7480015782914549,0.2735270621580242,-0.3737667372452726
0.006739252573237089,0.015227108846859632,0.005050931881038278,0.003177532158497937,0.322380070109513,1.7609694709794292,0.1492368499825486,-0.3961325639978532
0.007827214893627702,0.015774695853213838,0.005569100073461522,0.0020805526205010323,0.36343822804211146,1.809300794164585,-0.24052747159067667,-0.3863700133832562
0.0069139709890871405,0.015583570117377968,0.004915869445780479,0.002743578824359549,0.27356495417296184,1.6961435848066113,0.0028887967810407953,-0.4087579107423492
0.007330624664898538,0.015704729429563438,0.005203530676128364,0.0024316253126610626,0.34498894863336577,1.7483159377238064,-0.11309036848655021,-0.4015008305372194
0.0038714925974414126,0.009653233516988534,-3.4025603751096085E-4,0.006724810007962829,0.3748026707187941,-0.13832805322161582,0.6509982345379438,1.4325268318751403
0.003871744974731023,0.009899658277936037,-8.773940881057903E-5,0.00675373702060124,0.3595909485178299,-0.08298655459547259,0.7043161632156124,1.3600639098999128
0.004075349663543028,0.010442658878835052,5.065223687695648E-4,0.006944374101090961,0.351166203419871,0.07445041710176292,0.8520263439775057,1.2632337934774345
0.003960564851622743,0.010153701189790773,1.7816896632885163E-4,0.006851463775044748,0.3483104484628061,-0.014973928012872973,0.7751976735497751,1.3204721107945538
0.004078047524744255,0.011096055027934459,0.0011904855038752397,0.006721983539394239,0.26876457968837747,0.270153331872292,0.9147125281196874,0.9638624990428967
0.003989154524264449,0.010748125653311638,8.054832499460968E-4,0.00676774314354664,0.28756569608820043,0.15411435440976998,0.8651023401706349,1.0874187896022558
0.0040614743888843065,0.01200003478067067,0.0019286590004720025,0.006121264023201816,0.1794643493996886,0.5184527573178864,0.8667118013838976,0.5210926645309223
0.003972555466842043,0.011664417008917776,0.0016214212703346605,0.006286650836322682,0.18787762770016794,0.4085911395016781,0.867720795621031,0.6499471844371095
0.003950970731916638,0.012332605634141215,0.0020381379865511747,0.005771103833860926,0.13085197834384563,0.5709894197166356,0.790304266336647,0.34657356188755056
0.0037074295600885857,0.011401316303833724,0.0012660196718542306,0.006211409408595949,0.1800674114253852,0.28228803675755937,0.797590131734799,0.6881728132293183
-0.004230876153326248,0.01040018441785419,-4.8768920357062474E-4,0.007138900665950126,0.3836829114135402,0.07514116122843208,-0.8879662322874114,1.3622576010119134
-0.00424024667135646,0.010134188833250972,-1.70773789447407E-4,0.0071829753600864245,0.4205885588570136,-0.0047694391561490706,-0.8371923494277932,1.4786861616288602
-0.004280419332928854,0.009849203046891113,1.770126863871128E-4,0.007228934287702839,0.46262517774833706,-0.08516648918858648,-0.7762067316269824,1.6093224945126963
-0.004271982007411265,0.009563420020415101,5.216356472884267E-4,0.0071699356955558504,0.4907115318045769,-0.15980185567483,-0.6928786499566111,1.693101512552466
-0.003934629072880095,0.010543294982769026,-5.838253908776377E-4,0.006766017855762405,0.3090512456842252,0.08816341382964941,-0.8280415523282915,1.1500222873690529
-0.00370351853915395,0.011209264793058197,-0.0011122846908174697,0.006301567493669313,0.1968165702037965,0.22907911783736945,-0.7938545835229657,0.7661952896420833
-0.003712429419081579,0.010752684179896603,-7.259392215558866E-4,0.006485094675587255,0.24567697223964197,0.11360754064268266,-0.7758408933183524,0.9623847614250934
-0.005544967222482056,0.007730047808600203,0.0037851096723476563,0.007419380864827594,0.7906658753382015,-0.39841619456200467,0.24058628367586885,2.5708078589331653
-0.005374568167429395,0.00773798670362303,0.003515177153720079,0.0071895918000560765,0.7795748913433735,-0.4175326641983304,0.18466754577482056,2.45485801739432
-0.005618465515670953,0.007591233601480755,0.0040178802218389055,0.007296166478326896,0.7158365962236392,-0.3816994252306021,0.33130581201904524,2.55445250549789
-0.005452012376550966,0.0076039169083792135,0.0037344248289272295,0.007091586973353307,0.8323190307527372,-0.40497326980329157,0.2682767513146449,2.447535013611917
-0.0055456807335498145,0.007455644712270327,0.0039834705336530656,0.00697565840330091,0.7727910847774151,-0.3841255238062525,0.3638378849575583,2.4322264826805413
-0.005696288158021204,0.00745479580756053,0.004232553919894676,0.0071736996687502596,1.108220915317503,-0.3588579016442428,0.41994230100919516,2.5299095827964106
-0.005778358980093877,0.007320868219171371,0.004465836898549584,0.0070306838630148525,0.7710427948399287,-0.3311657870353092,0.5094416076526027,2.4955624966511865
-0.005611495020356486,0.007311979593307759,0.004175661878366433,0.006817394881374866,0.7403872351329168,-0.36259478152142005,0.4417677649905701,2.390909622046769
-0.005864596707708679,0.007189583730102231,0.004687938515287435,0.006884819970610997,0.6079692452334577,-0.2979130757222477,0.5940333618233138,2.457576053411056
-0.005697526788631575,0.007187329848324316,0.004378778814848203,0.006699557630489204,0.7875845684945167,-0.33542492661083184,0.518937866834265,2.3624381016496865
-0.0042662880294246025,0.009322469533485742,8.029020413351547E-4,0.007090038078403158,0.49977046249079,-0.21468052064209805,-0.6179990351099137,1.7487745828402204
-0.0043333699200450645,0.009087911922028048,0.0010988330974141,0.007072933814872929,0.5327202890131605,-0.2630071375918673,-0.5465955395026828,1.8347851447459342
-0.004426197515453629,0.008928095713745523,0.0013278864995839388,0.0071037497049563705,0.5708966574711035,-0.2951885823644525,-0.492935629093593,1.9177541223529588
-0.004908415752925354,0.008504047769220355,0.0021746504963352504,0.007440718334697553,0.734264353171,-0.38378560145824686,-0.29255706592389147,2.2862049429637596
-0.005008934902005602,0.008374056027272795,0.002422208288822175,0.00746035847808926,0.7744164783056909,-0.4017378062990023,-0.21485153583894484,2.3520513259794447
-0.0050074784741289124,0.008206538427801571,0.0026040118360326774,0.007281824203887929,0.7565971011085678,-0.41171891763486007,-0.14066180521930413,2.325227798025539
-0.005064612398293131,0.008036710245776128,0.0028389985581315567,0.007166652726496393,0.7435251501849373,-0.4190260983715937,-0.05415300449926921,2.3300519113179976
-0.005182409299847746,0.007915036211086598,0.0030968914087522374,0.007174592550990022,0.7718875923543888,-0.4224088138205899,0.03415245754966746,2.381425670109124
-0.004691260487973757,0.008503046528670968,0.0019847779036129584,0.007143101316702615,0.6574683635770278,-0.3700032745715029,-0.31734404337579036,2.1225375293371407
-0.00440251590782391,0.008744601542039326,0.0015133042225467035,0.006962638781494273,0.5623933011363514,-0.3225143892172859,-0.4270243728230004,1.9169825547418642
-0.004448212015634621,0.008526072989542886,0.001768783994905448,0.006863628820347265,0.5698903212015086,-0.35231551827690827,-0.34835332795020607,1.952445448807975
-0.005199158658999126,0.007748485531872693,0.0032621073861671276,0.006979382880546426,0.7514748645126629,-0.41893660952116324,0.10469610452503157,2.3367290628558233
0.005308665688933199,0.006652780379637512,-0.003939812111422813,0.005564824870246606,0.5258312153797621,-0.34458726549751617,-0.40315680319730035,1.8971653534500241
0.005527898226434843,0.006506813105756292,-0.0042689487389893825,0.005487175342271663,0.5375928541999871,-0.3016367728903818,-0.511724806014797,1.889642538107611
0.0056046152112746855,0.0062599536175304655,-0.004389193385984689,0.005171800230007545,0.4906199268513552,-0.2705324255708567,-0.5567789862250416,1.7771764161008192
0.0039997092404760615,0.009061132715243201,-9.74059379402434E-4,0.006682625899414783,0.4412374688366533,-0.2543670454440254,0.5146296984507522,1.6381451210980238
0.004040206628473458,0.008865108797734392,-0.001182435678794811,0.006631775197784267,0.45337817116665774,-0.2861821862594547,0.461687586734917,1.6881031597053908
0.003740988295332693,0.009300287543849928,-6.519761286195489E-4,0.006509790545329189,0.3700030475127418,-0.2063400122788545,0.5492305215814725,1.4462285058121678
0.003776710151923001,0.009126788661917821,-8.233049165326378E-4,0.006485805378190555,0.38112049518091456,-0.2356489240642114,0.5122722134244627,1.4984555579124137
0.003618635063362378,0.009466092592812706,-4.6918708169125996E-4,0.006437734894536154,0.3307222866119744,-0.1752628346734532,0.569976467007958,1.341756837521367
0.004138605626528681,0.008620550377317458,-0.0014664139735570275,0.0065930516173990155,0.48634070598818113,-0.3238921854293432,0.39063974080966385,1.7669545129437074
0.004944285526454118,0.006557357588223225,-0.003495983746506838,0.0052389345841268595,0.45588741173705444,-0.37416987710356026,-0.2767000932226819,1.7435458783909994
0.00478289667098445,0.006854563057786734,-0.003225369664239359,0.005493453242225463,0.4775415137840398,-0.3951690694122079,-0.18382866410145196,1.7994242076855562
0.0047535514838863285,0.00719236403986379,-0.00305663442572203,0.0058575213304898205,0.5247846055667384,-0.4058557761071175,-0.11169904308580696,1.8950554525554983
0.004390045856947195,0.008057581100778664,-0.0021375076280425015,0.0064198133786725,0.5308259864447956,-0.38691348704722545,0.200601295538714,1.8954039446279063
0.004201594441180586,0.00831604836469276,-0.0017774643696918896,0.0064468959163164275,0.48906091025601034,-0.35823697462963056,0.2981778511986441,1.8075160454141128
0.004357844521351659,0.007732992991794001,-0.002341899683129743,0.006100724358662785,0.49880059443428876,-0.39914864607252015,0.11298442014891007,1.8385425242476623
0.004490009855261011,0.007415064879034815,-0.0026628069901280093,0.005896757857165234,0.4888312902763557,-0.4076702942996156,0.007576234900331984,1.839827011523516
0.014588774500088612,-0.008014263716568458,-0.0033188797320753117,0.0076395196114091525,1.0789100328730583,1.1605405778589413,-1.5567913813703835,1.1255182282651202
0.014648884232660605,-0.008159381790995318,-0.0030712801264950133,0.007742192939670421,0.8877466044220089,1.0593934660268765,-1.5530271350489135,1.2214065808912211
0.014760524919728358,-0.00802476077690746,-0.003040544040945153,0.007333270099624044,0.6907185940470891,1.0405588078991483,-1.4921185402344281,1.0971186291179882
0.01452413555302291,-0.007871104159928416,-0.0035452277496072445,0.007537168656327757,0.7609395277573987,1.2578492971681516,-1.5548197382587519,1.0306538629280722
0.014679192356469854,-0.007885550069629923,-0.003286228483423717,0.007275549880100753,0.7146468182058477,1.1420831888412104,-1.500089912199483,1.014426297762484
0.014455032777517944,-0.007730047808600201,-0.003777752848314626,0.007423157233073028,0.7165608569623007,1.3544274098405582,-1.5459237068868477,0.9347991059860897
0.014611878349147449,-0.007732664858472792,-0.0035160422049899435,0.00715438971258571,0.7786700729083758,1.2400151152498997,-1.492208803780452,0.914843776288517
0.016847790228288917,0.015345887251965173,0.001985832058899599,-0.002598141259703529,0.12455539812257714,-0.30949280294472553,-0.10796794330595337,0.8186127757284102
0.01786824512389523,0.016390498067522918,0.0014286150189319197,-0.0018179120528725285,0.07870475188549603,-0.2655272845449593,-0.04748874485076117,0.5618534401562904
0.017441868860844062,0.019085177524684145,0.0011946987842409442,-8.989379658308395E-4,0.008899013098893306,-0.20272088993165763,-0.12366168075452229,0.3761999102378825
0.01617932607377311,0.01320956566909982,0.002230394659868559,-0.0043702892191408325,0.28450716193155806,-0.377697235379315,0.009526942449126231,1.3770923323001782
0.016320462695254626,0.011999085408564899,0.001599710554989016,-0.005102617297538581,0.3350335174439642,-0.3310787139208404,0.2941329469167595,1.4667440130182234
0.017387984569736618,0.013797926806871329,0.0015825023758394684,-0.0032365056571532747,0.17644996426272308,-0.3251423302986107,0.08407432038303918,0.9004008378490155
0.01591724174521034,0.009884448795942026,-1.1602463353048644E-4,-0.006415881614806823,0.46551406243491283,0.033223856607860015,0.8996127398575123,1.49930938160794
0.016044445292354863,0.010256922080764876,2.6999320040635655E-4,-0.00620194426076412,0.4279976228180172,-0.07542086027538049,0.7872953461732212,1.5377991803467193
0.01598579483922649,0.009545663242465566,-4.6750051742274845E-4,-0.006256824153874833,0.47456618230773284,0.1357071267805785,0.9531641427058586,1.3380113485656189
0.01643458283482061,0.010772166446882944,6.562096501520518E-4,-0.005529306270890052,0.38121497976628843,-0.16206694361087595,0.6145532675860217,1.358634412113881
0.016857895513357566,0.011362914807563481,9.410337247720751E-4,-0.0048426737382000155,0.28216808547562994,-0.2443361884303496,0.44251504606761605,1.2320092568345808
0.014976460515349309,0.007400335367911681,-0.003205836604145951,-0.006145283903227053,0.6045916966693936,1.151970965343627,1.2514642031380907,0.5989921384195287
0.015079344837589496,0.007546082547760927,-0.0029884605067409405,-0.006199290351900429,0.580456154970204,1.0638771544344119,1.254178985153495,0.6652606094688495
0.014938825371654333,0.007179611543114622,-0.0033624747803934077,-0.005897515439416258,0.5766081825551598,1.2219429336276804,1.1969941380312576,0.47459409158298443
0.014827927388560064,0.006948246258289572,-0.0036027980374433587,-0.005700927094542751,0.5931765698562348,1.3173038820589495,1.151894141397885,0.3655566123610218
0.015267884103047559,0.007653027971505822,-0.0026986446465085937,-0.006074857117506271,0.5472214966024093,0.9479933900378468,1.209729310607197,0.6839347033953799
0.015551940657240438,0.008322146001073087,-0.0018993373239894295,-0.0063180289283431695,0.5059160648492017,0.6383118409428715,1.1917027177279114,0.9640236516281073
0.015466701456582159,0.00791455722308004,-0.0023126703127132283,-0.00607746202704389,0.5260689640185391,0.7947140913494756,1.1840689526262702,0.7765003096309121
0.01607146413177804,0.009081730493443536,-8.805678229476582E-4,-0.005979879009007198,0.402857295552442,0.2777241029607506,0.9970880564350838,1.0983656909096258
0.01592914972309658,0.008563457634304902,-0.0014297408320818863,-0.005925817162883508,0.4580696692269223,0.46597095262602023,1.0669949559142589,0.9384298090946005
0.012685482987484379,0.004518360323449505,-0.0058228671311869535,-0.002725121307608899,0.6115974559711203,1.8428670864482777,0.11147326745287069,-0.3892477528320902
0.013140279941912405,0.005187888114311736,-0.005758030687213118,-0.0036955974439395185,0.7222582135240277,2.0157622451501034,0.4297429840099984,-0.33017640941822424
0.012923091544588023,0.0049731000329475035,-0.005887256194803151,-0.0033495755312662246,0.6995910723402822,2.002998583413628,0.3043311124536489,-0.36588440840193276
0.01383245189034862,0.005346863406991807,-0.004914286025150093,-0.0039575855702045385,0.6047296780459409,1.7518687208620025,0.5841186532393458,-0.24454777460384697
0.014147100188008101,0.005399050601047508,-0.004528251569976688,-0.003978738840550938,0.5518711085112099,1.6092684624004616,0.6152356857782317,-0.20775741698699504
0.013451400876891527,0.005178672044336927,-0.005338762046970758,-0.0037352865596498304,0.6532967701882684,1.873778161782596,0.4800119251398331,-0.3031329820489881
0.012947678847120732,0.004661982170935923,-0.005639931376022752,-0.002990068847523755,0.6130482707579793,1.8412416618940046,0.21357244859777924,-0.3766611991347763
0.014673603016491819,0.006497575719640389,-0.003913912587053471,-0.005207008286981605,0.575321196531349,1.4382186934063763,1.0161996403325977,0.16043942651409013
0.01488687721007698,0.006713351130122966,-0.0035854365943867373,-0.005329563910552399,0.5384804207756031,1.3118784426040504,1.0525810236283037,0.24905385074450553
0.014732981967116641,0.006141480792051103,-0.0038633457227530096,-0.004695111920090255,0.520208575365217,1.415727513871522,0.8653016806126425,0.01463894755904825
0.01438423576085129,0.005607053862100783,-0.004274700417215486,-0.0041772697353816635,0.5343849741760823,1.5328631553717362,0.6921050035738993,-0.14742498219155278
0.014640322103369,0.0058331471249092595,-0.003980170648470023,-0.0043609300798753544,0.5051493285863665,1.4374581489602412,0.7603964233933405,-0.07884849174355245
0.012414323239664082,0.004322261089880767,-0.005946237396603375,-0.002387479656102323,0.5872712531789311,1.798820785548502,-0.003938828543180082,-0.3922623562857695
0.010690093884695032,0.003977927018064824,-0.0067732337702223625,-7.234611537467641E-4,0.5083065804223662,1.5717766393773753,-0.5397659382026712,-0.22746355634149634
0.011058194107023099,0.0040218707010739015,-0.006669067605137817,-0.0011055475729965859,0.5374792966771684,1.65890531750199,-0.4380824645402344,-0.2860827803390444
0.01201153034840352,0.004175466931790699,-0.006187020851542518,-0.0020069233708136444,0.5730409899060983,1.7767799570684342,-0.13583813185535235,-0.38246357829203903
0.011606970069587401,0.004107653373790397,-0.006431426426504658,-0.0016466153603722827,0.581847958392249,1.7492276269221556,-0.26319053848924506,-0.3531205776176607
0.011362277682551231,0.0038614989135024856,-0.006355858577418013,-0.0012935287514055061,0.49781907755549304,1.6008518999505064,-0.3375841716671963,-0.3217489460110309
0.013086986913510441,-0.005124149879331177,-0.005786312223391612,0.0035959687198798412,0.7181921313144829,2.0104587232580466,-0.3931472094745014,-0.34101333557281327
0.01290968996897302,-0.005076171982756152,-0.005984743903086285,0.003475078034939149,0.7435165306001909,2.0611633506796654,-0.33342147016503937,-0.3599999891097021
0.012767989380191233,-0.004945506380343311,-0.0060610872796184835,0.0032505975347488646,0.7279867773541558,2.0449491259660992,-0.25019379369245237,-0.3781281001110692
0.01248959392275935,-0.004845692036936196,-0.006311417390427921,0.0029849972004855783,0.740427138608429,2.0800926666581243,-0.13819435794137658,-0.39542584344684667
0.012241066999260359,-0.004690418947024477,-0.006442676405616893,0.0026502419901953413,0.7211534396218499,2.0485554203864247,-0.019161923728326247,-0.4001886949733428
0.01145352355823945,-0.0038547810764728886,-0.006297824383526689,0.0013623094192642445,0.49932655221714023,1.6002252183064767,0.3120172162153789,-0.32825060910738973
0.011890093616554694,-0.004288776025513057,-0.0063880415279054525,0.0020111666926076535,0.6190199197439704,1.8464196353745874,0.16100189755706532,-0.37928259884105314
0.011757650956115352,-0.004009700233099071,-0.006236038907132524,0.0016965140522848623,0.5373144076879872,1.691055623420001,0.22144489725867142,-0.36010864648796714
0.012205673926113774,-0.004346372000365294,-0.006163094677575759,0.0022855575384298017,0.6133590837706326,1.844490365606848,0.0542957752579426,-0.3914054442376056
0.013215019012741837,-0.005459661151344134,-0.0058402506101106165,0.0040994803725381,0.7848728280657128,2.105061635825565,-0.558135821223816,-0.28616432182089246
0.013263505038205484,-0.005224857408448798,-0.005615347332740487,0.003771561726060427,0.70616879364855,1.97566496361802,-0.4668445937754337,-0.31369947932140646
0.01335905470088112,-0.005586979738036017,-0.005704262116570424,0.0043104288290477,0.780288394242899,2.0789740571762465,-0.6409327511642852,-0.24582095846688726
0.013482740998809703,-0.0057329758959009484,-0.005595702142620187,0.00454199214250589,0.7844271618204263,2.0605520862621334,-0.7277399207056273,-0.19770685159154563
0.013578625216730929,-0.005895693476049367,-0.00552523283026513,0.004799723760884714,0.797966254406862,2.0533409118025436,-0.8196871196993339,-0.1411897531183748
0.013635296450327492,-0.0061023266818601655,-0.005526284799402558,0.005145552377178856,0.8300523984653019,2.071545586014107,-0.9336716797602536,-0.06621225524341139
0.013711073166283408,-0.006269748755051621,-0.005457304948562662,0.00542449922976341,0.8467122267278777,2.0540252250208626,-1.0298075067506625,0.009976881163367516
0.01385256696814258,-0.006812880963004882,-0.005306025598603913,0.006420327316535054,0.8749284219729669,2.004088444237155,-1.3187666978502444,0.29887942493054864
0.013920772348179287,-0.00664729395664859,-0.005151938544720577,0.006024375015434075,0.8484897902261591,1.935078859062793,-1.233320609868617,0.2195485730032898
0.013873620578662732,-0.006346474294089597,-0.005184127311642511,0.005490206774815618,0.8102314188013694,1.9493221431934857,-1.063415826115673,0.060502227301143956
0.013986085415221653,-0.0064684792723079905,-0.005005905375214515,0.005645140432302396,0.792965456458279,1.8806691215418425,-1.1181017755761327,0.12716928086422044
0.014381534484329049,-0.007591233601480754,-0.004020131639097589,0.007294776873958099,1.0669722856940373,1.4553636211008858,-1.5311075981579265,0.8387340964859821
0.014546995128482499,-0.007586363886238215,-0.0037260215032759625,0.0070228447643864355,0.7437467595440621,1.328947616595067,-1.476785848805698,0.8197130093624673
0.01445744762045882,-0.007454688710553561,-0.00395879063136747,0.006934979068482881,0.7384484965522565,1.4273580725630255,-1.4659214804128682,0.7367436913872482
0.0143037118419788,-0.00745479580756053,-0.004240905941979349,0.007168803801343038,0.8799694292061111,1.5528142369039342,-1.5116212937659343,0.745548591339483
0.013950775489717909,-0.006935465283302504,-0.005097648282624428,0.006587123526341695,0.7354150801321374,1.9201867337987466,-1.3701003837620223,0.38350363784730074
0.014021539014270676,-0.006777233880870045,-0.0049643106725244975,0.006194142588720246,0.8578520178285061,1.8574840936259982,-1.2859486358511119,0.29990652030386084
0.014045084994930427,-0.007061073770271072,-0.004893474977059517,0.006740248150939726,0.8627451013332159,1.834283785296294,-1.4140242200757125,0.4702171668528567
0.014106536540751863,-0.006909947413160947,-0.0047924736637791265,0.0063691492483451415,0.8592279734017049,1.7851825640556778,-1.3354580026598724,0.3828103758078409
0.014375824488580966,-0.00731926340808636,-0.004172739671185845,0.00681173213260967,0.8155839517533666,1.520400666839035,-1.4435991301324427,0.647604919196248
0.014221641019906124,-0.007320868219171371,-0.004457361137092405,0.007036165588095414,0.686106201929428,1.6466681694056675,-1.4853852600685125,0.6524100104578265
0.01413540329229132,-0.00718958373010223,-0.0046840735837655,0.006887304110010692,0.9966100320495977,1.7427907960745241,-1.4521517509218327,0.5596117111943454
0.014203455223397388,-0.007048491167136225,-0.004584210649735596,0.006528933065641284,0.7990341474428105,1.6949400058411401,-1.3791470214497308,0.4731479733124992
0.014300192018367415,-0.007177904464601435,-0.004367424159518026,0.006654770695889795,0.8035526570742973,1.6033632830223203,-1.4100497745658471,0.5558607596262831
0.02055081204763472,0.021112783973581295,2.582551368451611E-4,-2.2667294679052782E-4,-0.013823216195844706,-0.11632638522897935,-0.01855564560383335,0.13915612530759727
0.025,0.018733575722169347,0,0,0.19237415894392731,-0.01165174112405907,0.06433450154420235,0.001220319151896365
0.025,0.025,0,0,0.002018097342282015,0.02335068323348033,0.0037343723029776028,-0.023996265843577884
0.008160726610618353,0.004603586677955615,-0.006783146980031163,0.0022634294317587767,0.37654024676359593,0.7526687758795906,-1.0630447048963954,0.6285443177665707
0.00867685629437766,0.004398725215795433,-0.006956445454912111,0.0016006122732320687,0.3992824072411867,0.9659895728064155,-1.0109669117603843,0.3965869883585194
0.008390519457111471,0.004445671947630735,-0.006803723666044454,0.0019183230108178913,0.37377811142721135,0.8275615896107485,-1.021825582919713,0.5032810378483349
0.00880878756224926,0.004150385848751012,-0.006755986153772865,0.00131864848465793,0.36508238265398313,0.9355002721780638,-0.9195593013047958,0.293499612748725
0.009040955726856656,0.004125126337651189,-0.0068433329624688986,0.0010717120008553488,0.38386351143562086,1.0376693951581533,-0.8999771684106694,0.21827716481554033
0.00585183933986418,0.006031898925207339,-0.0047257632766534744,0.004933334272437463,0.46687850834902356,-0.2032623818380035,-0.6622703927732775,1.6973302749395303
0.006035232851799933,0.005752673480089188,-0.004927654377920299,0.0045745347518843975,0.42806063522871846,-0.141443643011993,-0.7214980853311044,1.5608887466415948
0.006268831893940446,0.005552411873272111,-0.0051881372761367955,0.004313492549823847,0.40101766913327547,-0.061418602619299247,-0.7943575145413929,1.4554136739401082
0.007887562135630926,0.004662260560751565,-0.006582821865212206,0.0025478968800492145,0.355135590488552,0.6155171161084797,-1.047249782759861,0.7339564978095335
0.007714456498947473,0.0047855803945138775,-0.0065236571457834,0.0028063565981306226,0.3652143191297961,0.5506389159580564,-1.0604552664565978,0.8330902491396847
0.007495568989795235,0.004832938956632619,-0.006322035658228889,0.003003006929778508,0.34741673798714473,0.4395307218617966,-1.0285238156021494,0.9120464214705081
0.006526035989531402,0.005405922448582953,-0.005479731830073459,0.004097283378885073,0.3873569874909608,0.03365281652014595,-0.8722527737262862,1.3653907998527497
0.006747615577890926,0.005335482600018868,-0.005747919536145392,0.003964416052802495,0.39165474853886806,0.12894526497380682,-0.944530828052813,1.3059681765071065
0.006891094260660854,0.005179549390375853,-0.0058420684429380185,0.0037139075187251377,0.36659452466646375,0.18305710820347929,-0.9569761316915953,1.2042472648873066
0.0072634680107170725,0.004937597480514249,-0.006135906956471613,0.0032558644334684333,0.3523356392530204,0.33611022099510063,-1.0029405071577642,1.0149895189158018
0.007094632244552477,0.005100059667850444,-0.0060520061245317,0.003536985151160409,0.370383506815318,0.273711410548368,-1.0020749338723305,1.1288191734856867
0.006935465283302502,-0.0060492245102820915,-0.006577098598576497,-0.0051105731941510505,0.7879563459118625,0.2742109185409775,1.2224962951842355,1.7685023378178728
0.006909295643316126,-0.005884552319072493,-0.006394556448076628,-0.004799598143431089,0.508576951981725,0.2570574829093846,1.179261692428069,1.6284011989313327
0.006795188073906055,-0.005990088405596143,-0.006266283931815953,-0.005006328817112071,0.5161523525950952,0.194874801541951,1.149145541277588,1.7156811185767828
0.006812880963004882,-0.006147433031857423,-0.006419691756774885,-0.005307080513549692,0.5451721889188397,0.20188445693857524,1.181972951409704,1.8549170793960306
0.0071355109209808275,-0.005522781687289888,-0.006465521452773557,-0.004124354161764554,0.46076771988707493,0.35600171997956626,1.1589945200463312,1.3564599136003128
0.007040611191504066,-0.005648110342188201,-0.0064239762835669335,-0.004359920977226944,0.4757496402137386,0.3147702440722913,1.1620324086187814,1.4513218792314757
0.006880001330076809,-0.0057012990733050165,-0.006203151984097225,-0.0044913015388485635,0.4696863388570243,0.22522870762611055,1.1054995327725565,1.5108223062525978
0.009979569724554011,0.0038993767490298216,-0.006801139594769803,2.7455733149888893E-5,0.4330008004776917,1.3209999090285374,-0.7010177680464232,-0.07308620971070656
0.00958980957806621,0.0038747168380044543,-0.006740199925789382,4.2998334046946473E-4,0.39499806491512185,1.1625945177273882,-0.7628272478173379,0.024642734658345582
0.009248609191205072,0.003964230051890962,-0.006747798398836509,7.989882031137183E-4,0.3793191505349666,1.0604333505825592,-0.8303130563828626,0.1300451053311343
0.010368815485645676,0.0035631261487262715,-0.006434865128188456,-3.1959375701850063E-4,0.39196726878127125,1.252658100981024,-0.5499648492724032,-0.16562660106104388
0.008567742431666045,-0.004414717947357554,-0.006899111567373074,-0.0017223779560840574,0.3922262737269884,0.9113806771259245,1.0164208283364788,0.4394671437463149
0.008797842075322013,-0.0043738336381703175,-0.007002075768864287,-0.001456580517545304,0.40635646489425276,1.019024191523494,1.0006644637468962,0.35298633727762224
0.01110539418891915,-0.0037002962494922984,-0.006339795682743044,0.0010015696274672757,0.4560783328804093,1.482047702543441,0.39781254246184417,-0.28293594583463083
0.010709403040087922,-0.0035873614189693226,-0.006380735266494598,6.264175476629719E-4,0.4124524276075247,1.3553800588620282,0.4827499449366033,-0.22312049923880753
0.00993281087689508,-0.003852761331066035,-0.006748520591779535,-7.527673494491091E-5,0.4170672932085229,1.2787050805373072,0.7019576384300472,-0.059693120843462295
0.01026487569687152,-0.0035771196853294756,-0.006458616712012012,2.3044664874792393E-4,0.3829223630653748,1.2431805368185564,0.5765167064670801,-0.14480654976395455
0.009573344838745633,-0.0038196818831496325,-0.00667919924609313,-4.361385433680457E-4,0.37618449162785256,1.1282566272159409,0.7526032807996569,0.028200712668705257
0.008942110136839994,-0.0041403930353885,-0.0068124927205011065,-0.0011802342217298691,0.3815433146224015,0.992474587917858,0.9119029625784174,0.25571073720880033
0.009205930138821691,-0.003914685057210618,-0.006680858461373671,-8.238928845131288E-4,0.3670240189460299,1.0185009148194555,0.8204250779762906,0.13837149327474577
0.008385141852368664,-0.004490230629455326,-0.00684751219041039,-0.001957920768228642,0.3803151368127246,0.8386235117460501,1.0383531250788975,0.5218960478004409
0.008216869225856138,-0.00460735765759779,-0.00683665109878809,-0.002215158597567672,0.3867864466406053,0.7842076035568674,1.0692762456074028,0.6143832620626126
0.007769366992628583,-0.004950250973736231,-0.006755299180023433,-0.002952658659680409,0.3992758853706882,0.6251451685187656,1.1362759691021085,0.8913147141915069
0.007582908404944257,-0.005019252926691426,-0.006603560487842383,-0.003170835912269011,0.39322926552339643,0.5304229505283745,1.1191977518563643,0.9771423125753218
0.007418218170110823,-0.005108390591970074,-0.006482348368485417,-0.003388094801763781,0.3960689328254315,0.4527581698029958,1.1070143058412028,1.0640618617975246
0.008010770615448429,-0.004634719491096762,-0.0066748030284944195,-0.0024210072110564286,0.363999769464769,0.6745888825159746,1.055776685432372,0.689567149287336
0.007797765153298238,-0.004707056487035048,-0.006534180704034058,-0.002662079020469895,0.36140591695021923,0.5752850330016609,1.0486360201765572,0.7808008693020939
0.007258915076378444,-0.005197695240181675,-0.006352926911391734,-0.0035933332610203054,0.39912677099714683,0.37634909003793116,1.0889432750712362,1.1485690572769425
0.007089685250713937,-0.005302452428979639,-0.006207837446924601,-0.0038146161856811877,0.40563258486124854,0.29687587679540933,1.0654269845774793,1.2406857704498213
0.006355156589749449,-0.006577264761224861,-0.005708127399396576,-0.006065785808564932,0.5337371631122912,-0.0599129213042525,0.9666238580852292,2.1692165822338425
0.006464466094067262,-0.006464466094067266,-0.005891247344563436,-0.005888213711295929,0.6332777442976493,3.0672163200587773E-4,1.026916996960243,2.0975784437457308
0.006304670901760167,-0.006424400767086372,-0.005558040504296189,-0.00574404802464848,0.645061376661679,-0.06604601474561995,0.9432429513019124,2.023482264564628
0.006693441434347547,-0.00624944398096624,-0.006253480392478406,-0.0055017311467620775,0.4192122153830467,0.13211036841315887,1.13620490753608,1.9366016957041576
0.00666136959951516,-0.006095246446365704,-0.0060870681923525126,-0.005203621923371399,0.5928702208183435,0.12105525604568816,1.101659150033733,1.7996754043028638
0.006534352324622246,-0.006186558406397164,-0.005900690600235343,-0.005361006505239271,0.5698313536494347,0.05408585188229049,1.0494275129393686,1.8652313314219502
0.006577264761224859,-0.0063551565897494505,-0.00606744158640085,-0.0057062812042411835,0.8331196140050402,0.06426222050675669,1.083164002803053,2.0198179069485414
0.006430578845695216,-0.006302691462857524,-0.005756391326356952,-0.005556417700701256,0.5750565598191275,-9.693544830390476E-4,1.0062444917564572,1.9466632004136353
0.018733575722169347,0.025,0,0,-0.21092865353337797,-0.002057300968697082,-0.05720329760860026,3.540017885950208E-4
-0.007137175344203809,0.014473512436779037,-0.006368315031752736,0.00407871941015667,0.4635886470158234,2.289892108814424,-0.4255454519513611,-0.3611904293283857
-0.007267978206565656,0.0145786238591252,-0.006451305872846453,0.0038517277508784346,0.47802877971396535,2.3114269028990377,-0.33986503243705285,-0.38531971351535366
-0.007415061060864268,0.014670728355292269,-0.006559061488104075,0.0036314731593714428,0.49539411307966236,2.338717602098955,-0.2550979123819779,-0.40395770064102265
-0.007565971622155211,0.014748567312564256,-0.006675274674216217,0.0034223647232104032,0.5131117476393942,2.3663152400019,-0.17348864066313172,-0.4168956706440073
-0.0077167616705560264,0.014814180951136617,-0.006793508461798182,0.003222175196696511,0.5301569635136989,2.3921675316518693,-0.09464107036445753,-0.4247833739763944
-0.008020216295571264,0.014760936870677253,-0.007317092820449276,0.0030424256535569734,0.5901801350647854,2.566255885898346,-0.009676924031363712,-0.4367934598839552
-0.008159381790995322,0.014648884232660607,-0.0077457392477525205,0.0030626114135719825,0.7257619704182684,2.706440690682149,0.030760354205028474,-0.42533229177899307
-0.007873887349062098,0.014875339315310014,-0.006911798839877778,0.0030140294720579987,0.5457988565987829,2.4142315241232293,-0.012358002925433641,-0.42826759734875547
-0.008172396497860413,0.014816853058584179,-0.007418995211721658,0.0028151785390975823,0.591476448585603,2.5756256729455025,0.08108084244435877,-0.4341516787852822
-0.008306313695911128,0.014704405031812395,-0.00783935059280335,0.002814669297859689,0.8702194036438055,2.7106078503049904,0.128570377274197,-0.41920564092677154
-0.008330497690244784,0.014860414845997672,-0.007534381302632383,0.0025880899404883075,0.6171974150259715,2.5854304774784933,0.17242632471594999,-0.42529137901786135
-0.008454915646326118,0.014755282782341355,-0.00792038550507736,0.0025779529463450333,0.6314754721312079,2.706736205524179,0.22443789582153773,-0.40875283512081334
-0.008605047553236286,0.014801469324203571,-0.007995886566797639,0.002332847248134515,0.5549149384689303,2.6941380321797954,0.3186716818099901,-0.3928508091657145
-0.008494285295770414,0.014920588518277551,-0.007603483244199628,0.002326285539498889,0.6747344466680217,2.5711913933210133,0.27325857700094075,-0.40972734202115607
-0.00863554103378752,0.01497730622876253,-0.007634742436610011,0.002092338822306202,0.6622860365480258,2.5453088322828337,0.35828320972008815,-0.3913447233896423
-0.008756573701192635,0.014842921746160495,-0.008066843272798415,0.0020738854106671116,0.7106591820294862,2.673683064289071,0.4141437548386291,-0.36899089609419633
-0.008789845911427027,0.015019328263890743,-0.00769186871941105,0.0018538757485258934,0.6475583287265391,2.5241383187154978,0.4461954978003941,-0.3667971658446085
-0.00890933457005921,0.014879595159429935,-0.00812876132361796,0.0018162553659882327,0.7601354105251,2.6467729628184182,0.5077062128566687,-0.3387929348872143
-0.006310904520549585,0.014063036931329518,-0.005331291723810131,0.004861331091072331,0.3499373972416397,1.8979921707463774,-0.7138307116206765,-0.19723971194253
-0.006528801399207188,0.014199753085201511,-0.005606343338379568,0.004647981742285516,0.3793274781441336,2.007480545084857,-0.6409384130107253,-0.2516352171233566
-0.006689141287811476,0.014386518343606734,-0.005720033715662176,0.0043306118574141005,0.3897093355078601,2.0501142435489927,-0.5302108288816685,-0.30722446338629955
-0.006926631039084677,0.014518608803432885,-0.005974456685480739,0.0040716451078831595,0.42061033689756083,2.141468215530899,-0.4344371551164691,-0.34966897074982844
-0.004510249818614397,0.01247513890874739,-0.0026278341167725564,0.006066965522352507,0.1961748876444373,0.7842837153702087,-0.9356042136082594,0.39326839098786776
-0.0042323618172062415,0.012223875686545857,-0.002216023959861663,0.006080487485632297,0.17022440022782484,0.6275173581171348,-0.8958259050693993,0.4578280030812965
-0.003702325452665237,0.011737276932271619,-0.0015018792210822203,0.006016670976600566,0.13973054940988341,0.35801225269800446,-0.7720331052048767,0.538338818763041
-0.003849326961345126,0.012136251081998397,-0.0018546112717201494,0.005850850431261285,0.1476525343925704,0.48861779157992935,-0.7769463919232917,0.4051244113827256
-0.005574891227152746,0.013231777537398818,-0.004296799432746933,0.005923931206606622,0.2850504476573929,1.455088038958408,-1.0218634208568373,0.15724612104919597
-0.005350365367264003,0.013147196011375007,-0.003945201527639181,0.0058949779998287355,0.2568503470414964,1.3166476456740452,-0.9974943257032817,0.18258367655927057
-0.005959201035347784,0.013754303565189994,-0.004878637055115549,0.005284161060097811,0.308620179801427,1.7090609676952901,-0.846897099260071,-0.07316952496102924
-0.005679283583368541,0.013436505049067514,-0.004473293496397069,0.005666987185889546,0.2870313944605943,1.533189753784672,-0.9543426090418013,0.06426815375477955
-0.005799478388083546,0.013604999847661127,-0.004650876186926147,0.0054601490244701205,0.28743077874020306,1.6126403607555295,-0.8964539230086427,-0.010442119331451038
-0.006080487952925786,0.01414308977236476,-0.00492382948650595,0.0047010848018542,0.303285867683256,1.7398503446739395,-0.661173899841743,-0.2065682473305043
-0.005906880622217772,0.014000394638968704,-0.0047196646952228785,0.004882484921359846,0.28040810249423515,1.6556896512963288,-0.7175975795722639,-0.1568772443385853
-0.004713926926378486,0.012981701857890238,-0.003079156862424009,0.005669093205628118,0.18272182144823187,0.9731822204124534,-0.8709547117707821,0.1918575189418272
-0.004520727675436835,0.012828879912063901,-0.0028098240712072643,0.005706561505947462,0.17132484718256205,0.8629864125957575,-0.8583770058877003,0.2361441287441152
-0.004897859742051296,0.013186906740458845,-0.003356167847079139,0.0055447158524902125,0.19648050796429425,1.0864665497805015,-0.8572105278963572,0.12241340212573508
-0.005139811254755585,0.013248577199349729,-0.0036753904662099697,0.005616192210001373,0.224302896654239,1.216231840984515,-0.8998356420134191,0.11549939380919114
0.004175248969617629,0.013897978528022117,0.0026900459545737515,0.0044746475487896535,0.1282870626254777,0.8997819215981252,0.5173800432832395,-0.13807818315637665
0.003769483121097512,0.013305913276864976,0.002236736336337489,0.004861800372198909,0.0543476633628679,0.6923922359802799,0.5758438947040075,-0.008188116648937123
0.0036534938082539744,0.012634556737694067,0.00195051400206266,0.005344595358380783,0.11431330314686872,0.5441676551998688,0.6606513362055372,0.18990322353409836
0.011963009292574333,0.0171584452633064,0.004313008898667622,-0.0011405636430822615,0.1669286007097464,0.39047338139634696,-0.7342967187571031,0.3513952922726402
0.010534866254431821,0.017308657310547818,0.004531650215320956,-3.4509762068130984E-4,0.23993448781191123,0.7206048087422163,-0.688949119010198,0.1034808379534351
0.014420231112574346,0.018787289360224495,0.0023083051937880035,-0.0010477906340446688,0.0440065180722402,-0.12200070136230598,-0.33411298513243853,0.39980276078647914
0.016389040864147192,0.02199662688416145,7.755019732834854E-4,-2.7115417767499317E-4,-0.09807199644150115,-0.11293658342510592,-0.1552472686417793,0.193355006680237
0.0084187116544294,0.016555689070484714,0.005043303011658367,0.001174510032105928,0.29614721075272227,1.4014864730732837,-0.45309768433319514,-0.27809473738210305
0.009101558547887356,0.017764198399068412,0.004060072932198017,4.1287605168352585E-4,0.19425293272010727,0.8661489985639742,-0.5224972694099042,-0.11998135585150689
0.005315862636218725,0.014615098622179204,0.003765969590058048,0.003982586451471336,0.22581812459976186,1.31785729894649,0.4074908839443827,-0.28821010697670685
0.0044174719079696535,0.014422045621786232,0.002894175860927392,0.004061638170644448,0.0801629118820688,1.0165862773769323,0.42056477876181414,-0.244784754858376
0.00609135804461386,0.015591758097766303,0.0041086883926453,0.0029746145489825504,0.21475391861298082,1.4291300110506688,0.10414958840780465,-0.3918744034509767
0.007120600885682156,0.016318108332329995,0.004480325655440885,0.0020314224163806055,0.2579802888399481,1.4182866372322298,-0.17048315458528496,-0.37552740828394643
0.003513949842214438,0.009719679996089269,-2.260641427788625E-4,0.006387630477091955,0.2953601621441879,-0.12903174029724548,0.6018071179242206,1.2294627787695953
0.0036012867330558257,0.010066776604809535,8.087568008163519E-5,0.006485260258698259,0.29500011171251467,-0.05443045494782166,0.674599584708596,1.1632501304782181
0.003596434150314614,0.01046742560384136,4.390529936819797E-4,0.006443642433727068,0.24239320386306962,0.03595834531994097,0.7261649176968501,1.0227346643535455
0.003605463818242387,0.010979638598346301,8.865961831940713E-4,0.006312464398313768,0.2097242654991421,0.158078372749809,0.7617379295652927,0.8295395836329161
0.003459332673362346,0.01197940357117455,0.0014906569845871678,0.005690949790067692,0.0913348880305964,0.36551975720070123,0.6893200037841583,0.38480014187705736
0.00326876365323184,0.011352636058492956,0.0010202364703669415,0.005889966464535577,0.1428294207949675,0.2000751051631199,0.6665973181248496,0.5749505004475088
-0.0038976970344255938,0.010231199563139996,-2.5277542161417213E-4,0.006775129913383293,0.32123567230434413,0.0014424074474308837,-0.7744665499248143,1.255500771428706
-0.004050268377340862,0.00996690265825754,2.4624722166372228E-5,0.006954397320957746,0.3962798672037647,-0.06134822449689731,-0.7565456328690412,1.4364596658190123
-0.004070333678293211,0.009701410708498986,3.2337210280550347E-4,0.006952282478629402,0.41313597679609976,-0.12657647877224365,-0.6990378354406859,1.532828824020868
-0.003933788008680841,0.009436564642914098,5.741380250854877E-4,0.006744522036001294,0.40977448992814464,-0.18619540814392652,-0.6100998262771234,1.526244183379542
-0.0032872547189193475,0.011440430616239882,-0.0010935577582680848,0.005862340579277029,0.1483347669721518,0.2100221531563657,-0.6640974668108063,0.542860819893119
-0.003534663987661092,0.010389770430095075,-3.677795642611031E-4,0.006399858047854048,0.255899053737816,0.005994654979627757,-0.693152405936755,1.0280444625293812
-0.0032516215024938192,0.010789637744572056,-6.190825355299685E-4,0.006076919730186164,0.15229512095830364,0.0694226991554101,-0.6507151386227759,0.76688787344289
-0.005805694620388287,0.007052193300847051,0.004617567856785868,0.006570162960347767,0.7189689776044341,-0.29738140498837545,0.6080125930641307,2.3281828194749274
-0.005954915005069572,0.007061073770271074,0.004887696592021987,0.006744436349132026,1.0936935506710614,-0.25911874283333164,0.6741313569674282,2.4122660924908876
-0.0060492245102820915,0.006935465283302503,0.00510667981367633,0.006579993441616138,0.6921778269083195,-0.21565202242873163,0.7542045415685407,2.3570808803320777
-0.005884345539506613,0.006912015095173927,0.004794769113941024,0.006388830523471978,0.6786819864328906,-0.26224938223901256,0.6773791850929562,2.2666546972311132
-0.006147433031857422,0.006812880963004881,0.005311202858153472,0.006416186478050774,0.6823516700300124,-0.16789444234869513,0.8284448415516116,2.3000609477463585
-0.005983265553820966,0.00679343389199673,0.004990271004691744,0.006250630705842656,0.7061037288014594,-0.22068728585714917,0.748187423649653,2.220003545962545
-0.006249443980966237,0.006693441434347548,0.005504427232751974,0.0062511579942731155,0.8693558135305569,-0.11569012082034728,0.8984109445384355,2.2369420082496334
-0.006096426645834163,0.006664149170838749,0.0052029017647911915,0.006087904886396577,0.6482598724894114,-0.16881551752206245,0.8241377893882057,2.1600720966028617
-0.005271451936535131,0.007581993976424626,0.00348683321292527,0.006839072681944061,0.7286869325282334,-0.41027342436440545,0.19033057065492634,2.3184978541459476
-0.005393806537857902,0.0074725224963848955,0.0037368845526769166,0.006823318132316386,0.7415921975906415,-0.3972744771559408,0.28018555629531533,2.346272332880413
-0.005430024290661805,0.007304146036324408,0.0038898671326021666,0.006609512994212166,0.7166395449077009,-0.381001575991974,0.34530668968489703,2.2837054175203235
-0.005521091171180641,0.007149092936195607,0.004104438439298041,0.006460266404838722,0.6906554716676542,-0.3570097879274959,0.42645923726351515,2.2486547882460077
-0.005656631152200358,0.007053472741897964,0.004359642971956429,0.006433757009225567,0.6972977141186267,-0.32687578217397134,0.5182304951340417,2.259153109910461
-0.003979167219762997,0.00911937945712264,9.099852220423402E-4,0.006685437487758028,0.4278930293393946,-0.24559830315598472,-0.5318354564111553,1.6160790378509235
-0.004168384345950692,0.008876052637081825,0.00123887844381837,0.0067728073893885245,0.4931994204135515,-0.2920479547281254,-0.4711559438033051,1.7611281948091515
-0.004797383968243219,0.008299212021932987,0.002293784108871929,0.007096883878371539,0.6811538727453444,-0.3944047266188835,-0.22127864199485295,2.1822355188649563
-0.0048517024353199965,0.008041636306771134,0.002596073887825812,0.006903393224062074,0.6695698713338888,-0.40991052077417406,-0.10998556692322159,2.178080900260124
-0.004987928309827038,0.007822897932785965,0.0029367260593706162,0.006817981816355809,0.6856172382106783,-0.4175292765737692,0.00594034919946891,2.216186800016949
-0.0045054893028018735,0.008295690984392482,0.0020342238341928766,0.006745119924522293,0.5806231811616351,-0.37772060556107817,-0.2607309350891757,1.9807676068802087
-0.004138310044767203,0.008584826435169631,0.0015002748918955262,0.006570309600101648,0.47605444696375415,-0.3292241409191156,-0.382766957672327,1.7665582580620425
-0.004275332794859285,0.00835839866379937,0.001794551984618484,0.006550771533851564,0.5156710563747906,-0.35968054061307125,-0.30678762470269255,1.846934931244488
-0.005063608799218731,0.00757332121406985,0.003215539058470587,0.006595486058953717,0.6631715764892298,-0.4129347936207293,0.1144359776715781,2.182663842822896
0.005230560096866281,0.006283555221609058,-0.0038886334461296986,0.005040634857935746,0.4487289680757059,-0.3334544698567101,-0.40170361585674297,1.7060262486549982
0.005387410874434239,0.005908679779753077,-0.004093504572863677,0.004630475560021048,0.4047148116984853,-0.29391918951162627,-0.4690635492977013,1.5708422836068736
0.004731314863386438,0.006219180189238509,-0.0033170297635342545,0.004761493458790859,0.3874073091891566,-0.37604501957912434,-0.23815440654679623,1.5684804512156634
0.003726847338319069,0.008933909447857,-9.720930891240024E-4,0.006362533711802245,0.3851869112567132,-0.26282169457868904,0.46129564582296073,1.5012441580119678
0.0038090408324478117,0.008684598164739064,-0.0012218633539049755,0.0063158894398913454,0.3999237877978497,-0.29776564742345574,0.4053895060130276,1.5713028636806254
0.0034703684609567425,0.009155755584503938,-6.925943008445777E-4,0.0062224132772069575,0.31752333550963946,-0.22364533481028467,0.48735540415454526,1.334251706005405
0.0031898814411805746,0.00952345975771221,-3.376984741289895E-4,0.006092104873792115,0.25968364888643863,-0.16638340814123928,0.5125621345533053,1.1431287051955208
0.0037532673537350805,0.008388226843147937,-0.0014186293434613475,0.006101904793488325,0.4000988312983607,-0.3269094233977361,0.33137371428632584,1.5618475670888843
0.004476954291368802,0.006592391927398811,-0.0029731990884479084,0.005045027480062844,0.4002966841769649,-0.3967560157667904,-0.12981367063723612,1.6164412729074087
0.004297755984869765,0.006984502921415163,-0.0026685561667343202,0.005343764684494232,0.4136356425088476,-0.4034097778117132,-0.030170530044653445,1.6588486299606815
0.003917049661687253,0.007928462419684128,-0.001848238809376944,0.005917088160469229,0.41576210950539305,-0.3691820133933162,0.21833383237625517,1.6375382574551287
0.004002264826871571,0.007435350370111793,-0.002198922709345682,0.005580331637019406,0.4045123413106708,-0.3914645626649896,0.1031717922162456,1.6296948870459806
0.014704405031812397,-0.008306313695911128,-0.002818822882987683,0.00783764869477101,0.7489449670517326,0.9605880885022344,-1.5447166852848209,1.3183843923539353
0.014828039014325846,-0.0081749077715344,-0.0027999528302334775,0.007410740114526083,0.7167083200320978,0.9423554144478391,-1.4831455577736927,1.1874612029846803
0.014953942322077883,-0.008033490137570981,-0.0027764800657810707,0.007001812573804164,0.6758169750795674,0.954674373791159,-1.4044268552030255,1.0262610408692003
0.014864320730656869,-0.007880971516524591,-0.003027186723737759,0.0069539706001916024,0.6925633680497595,1.0548916494969125,-1.4167845307941989,0.9487614867964648
0.014746548962212187,-0.007760246127175386,-0.003290549727981594,0.0069763414389135085,0.7120097744554373,1.158933154661033,-1.439622243557562,0.8965802103390319
0.014729958356324608,-0.007594250355267608,-0.0034342121409225335,0.0067563537265363715,0.6959151064028924,1.2264289008155702,-1.40183686818376,0.7799577507463616
0.02074038683864774,0.01686132371047283,5.077596632605423E-4,-9.966024111990213E-4,0.08782319822117325,-0.19693358135905223,0.059872873999871075,0.3048359864119358
0.018941408882997467,0.014763270402439934,0.0010121187778456648,-0.0021354880663592424,0.09419333987144742,-0.2625100506456976,0.09215050132690829,0.5539106776857508
0.0175869963983033,0.01210430273901597,0.0010318883712426578,-0.003899599577196805,0.17558471077864485,-0.26712627015308654,0.32059927145943184,0.9365023946670392
0.018857967556604457,0.012768054057216385,7.99945770062022E-4,-0.0028314854205414865,0.1191782694356045,-0.22229317792850792,0.23762492925742446,0.6043623053968299
0.016557587002387745,0.00969888628487268,-2.2581747569888099E-4,-0.005457042022202851,0.32793410921863403,0.058121111413756414,0.8043510438394135,1.0865430523132105
0.01763184861489186,0.010554268218817317,2.988124100987794E-4,-0.0042467762421337365,0.20017699187011154,-0.10217504741480475,0.5279726597277614,0.808448844990741
0.015265243261369429,0.0073056954603163615,-0.0028978349964863784,-0.00568038851752644,0.5132375250207925,1.0386632842408574,1.1316250233409402,0.4934994791232118
0.015158492498580764,0.006902294454763182,-0.0031952062202524807,-0.0053210147422651155,0.501515697776224,1.155248640858307,1.052432936031835,0.3193340200484482
0.015568202411719047,0.007555519973592665,-0.002441281003950173,-0.00560058136498675,0.4452047828310638,0.864763656594185,1.0985177859152992,0.5629566948229472
0.016060645709841417,0.007863721962423634,-0.0018462700215746053,-0.005278422371922094,0.39990579139450977,0.6369774838499483,0.9861213601631728,0.5761137392575089
0.01669815788883326,0.008647406040561047,-9.87948133814637E-4,-0.0049992726742933875,0.2949914230866282,0.30356149885346273,0.8504286406514975,0.7075598364377537
0.014374778699948021,0.0052732878681692385,-0.004230712759478581,-0.003783711472158082,0.48281547990591117,1.4961938609058971,0.5755011307528489,-0.2192145879686139
0.014090829440001472,0.005182694798742573,-0.004541715275595693,-0.003724332650065357,0.5336995827440808,1.5909539701682753,0.5356270437655406,-0.2506800026695168
0.01295187321036348,0.004402299000124321,-0.005471578518728125,-0.0027147182713297894,0.5579839867180397,1.7202920478810935,0.14807405942011506,-0.3811932096599247
0.012744441874583507,0.004183287113780655,-0.005540036928516247,-0.002421578069372748,0.5111572962032219,1.672762352388747,0.05939517107513722,-0.3877943559731227
0.013351939801138466,0.00484195650643245,-0.005285026224615145,-0.00330543246049967,0.5925415676052358,1.7855149556404135,0.3485314780214684,-0.3438061502145526
0.01381594941532528,0.0049149699616746305,-0.004778020806078094,-0.003431782904456718,0.5279870468481381,1.633047037151907,0.4295995119647406,-0.3045020658260573
0.013266987420798276,0.0044755512686187075,-0.005188832269020113,-0.0028883280213440653,0.5121695411345576,1.666546014900338,0.22774966729683407,-0.36646538716924176
0.015164588216085528,0.006363866899129633,-0.0033170259773404984,-0.004692396216281138,0.43465363518239475,1.2020934023872256,0.872555567216284,0.08718579075465906
0.015002001946630397,0.005882485774575821,-0.00356279043000757,-0.004247649710948415,0.45294888101733566,1.2757589359114159,0.7463879429413641,-0.05148733689678927
0.014845265254062386,0.00535334747878921,-0.0037239995982658865,-0.0037432021766434227,0.40923349136387716,1.314521151747691,0.5888392668576273,-0.18404981623038127
0.0125601746696753,0.003759941972222225,-0.0054511560857702585,-0.001975441005277214,0.4654703653039189,1.5036612612181572,-0.03857481809096492,-0.37694177942207036
0.011046694632663568,0.0034728686005117046,-0.006174328837172472,-8.560829387922142E-4,0.42165053193291435,1.345979258250862,-0.3896896637758896,-0.271333653008135
0.011776491796560507,0.003550888199042223,-0.005868570492963015,-0.0014118441500164914,0.4107986323267841,1.441699817476264,-0.23455009592461876,-0.340771875189322
0.012412241681881125,0.003038684104579991,-0.005177001212372441,-0.0014046103510679886,0.353083613213284,1.2220555956185062,-0.1082561513025426,-0.3523498929850855
0.01330744195681955,-0.004968928477739664,-0.005406337767969917,0.0034477575748493353,0.6321339328618637,1.8429694959343672,-0.38181125883221384,-0.33479775873178635
0.013044882535265917,-0.004851068528800066,-0.005653242816044025,0.0032388899859165654,0.6489131021081102,1.8920243224180473,-0.2907201115291156,-0.3635647532637401
0.012824067462171363,-0.004628563337248604,-0.005754771119284393,0.002904245851404443,0.6183818951705603,1.8562054034737405,-0.17630414643247672,-0.38353329332604086
0.012530550554574112,-0.004457728497737659,-0.005939241338252792,0.002585625737923983,0.6134823739759342,1.8446589333020154,-0.05973648542529487,-0.3932470637191918
0.013335741605844852,-0.004740352858071664,-0.005249316814934244,0.003182519618674427,0.5734173586366772,1.7397400528613098,-0.3100213497977095,-0.35139725991772003
0.011446904665181862,-0.0034527619030703125,-0.005977394943375905,0.0011347716667072945,0.4261086544616717,1.393256512150746,0.29996958544512975,-0.31040958916935213
0.011829764050009016,-0.0036267518362649805,-0.005881644345819739,0.0014891941495264237,0.43502236918643206,1.4887153198156315,0.21625737562235622,-0.344499369505312
0.012097557694993625,-0.003984526238407632,-0.005962390399779707,0.0019083695985216865,0.5260362711649917,1.662171667438211,0.1289166865966251,-0.37648290025235087
0.012504172475077804,-0.004060512631402801,-0.005678906035871637,0.00219846545023785,0.5152251678234974,1.6549577029769347,0.01886145643796985,-0.3868459548445729
0.013425079607073856,-0.005350908154511921,-0.00546689132035648,0.003966868325281948,0.7009495570096557,1.9483006205524347,-0.5442418130735703,-0.27997070192199974
0.013486641102303333,-0.005092569556951784,-0.005247381250511148,0.0036277841835752095,0.6190719920560993,1.816315584834695,-0.453785390642698,-0.30709531259556555
0.01357971228378486,-0.005509782964898661,-0.005329818642392781,0.004197858868902762,0.6980263215862466,1.925424477983899,-0.6309499342856428,-0.2360886747866411
0.01368945672405253,-0.005690957766350585,-0.0052519049184119385,0.0044574052976904125,0.7126173426116317,1.92286944976128,-0.7225088093764015,-0.18460287498765882
0.013785066755661138,-0.005888373171024492,-0.0051849782030082316,0.004745711683161292,0.728581810577853,1.919127551224655,-0.8224163384268238,-0.12006706464682797
0.013881107983616331,-0.0060997716138058485,-0.005101267605845784,0.005059049834770434,0.7473138390543539,1.902329488798358,-0.9284074553827307,-0.040149278063944416
0.014102552854785148,-0.006605939844430055,-0.004810671896318293,0.005810404094516982,0.7732576352859802,1.8033972078296758,-1.173872589886602,0.20364630105517054
0.014042708427569417,-0.0062659599368834204,-0.004873478576062154,0.005262568739848564,0.7302348877319869,1.819419327342726,-1.002784640934822,0.03873521226206619
0.014157455450986465,-0.006406584054304828,-0.004702317441933223,0.005429111574900063,0.7201042207917249,1.7554226667489623,-1.0601897881423,0.10671840270749809
0.014635689520678409,-0.007432240272152185,-0.003679155400767582,0.006643697522517074,0.7202305040238298,1.32875198764401,-1.3880967661288703,0.6866635206188275
0.014512748216489766,-0.007329986043449982,-0.003931861302220679,0.006646249061592831,0.7447814775323701,1.4304053903824154,-1.3967496809708906,0.636004596206321
0.014196029884047279,-0.006751875824673296,-0.0046423224390427864,0.005994246827514846,0.7599568697073438,1.7345891515123082,-1.2308317363384926,0.2863538939697587
0.014241584046638403,-0.006915760500075874,-0.004541678216009205,0.00624422642324531,0.7771301332849223,1.6896038073818722,-1.3012541988808852,0.3832809432238039
0.014482124096352125,-0.007167850537792605,-0.004052830124888413,0.00641479210214134,0.7258150733199157,1.4888566880813594,-1.3428597969247658,0.528398648458444
0.014387331316760791,-0.007013647013879256,-0.004264281988659155,0.006262658600714567,0.7456113717461427,1.5780877505165272,-1.306509266796876,0.43762019141815617
0.025,0.014410572767669348,0,0,0.23774068136873408,-0.017454752216292013,0.1809212544397781,0.05941899701655264
-0.006693441434347548,-0.006249443980966237,0.006241438419855739,-0.005515614011484249,0.8296788701932702,0.1290222200393738,-1.1340106818713902,1.9338527698520258
-0.0066480570167162046,-0.0060804445700453095,0.006055370927796542,-0.005175417557544838,0.5110463834771731,0.11603529157087426,-1.092899459946955,1.7873069532446075
-0.006812880963004881,-0.006147433031857422,0.006413655201213643,-0.005314198284095635,0.6991959660657701,0.19739243373272372,-1.180386296683696,1.8484155983351152
-0.006577264761224861,-0.006355156589749449,0.006072863823393154,-0.005700656080371752,0.5646672007357576,0.06318427631441056,-1.0833571349988262,2.013274103460029
-0.006545478149372308,-0.006192215458918757,0.005923785050725191,-0.005373400176417821,0.5542823815341639,0.059752997450306274,-1.0556197244649381,1.8709681656238908
-0.006464466094067266,-0.006464466094067262,0.005889271011405128,-0.005889982358021121,0.6467131811708648,-6.128330173983235E-4,-1.026381572108526,2.0902965433234817
-0.006423184163870311,-0.00629938808254921,0.005740556578711634,-0.005548716691804824,0.610131184383476,-0.004832720397018282,-1.0008573837008636,1.9445736523544987
-0.0063551565897494505,-0.006577264761224859,0.005696807062091968,-0.006076445265431715,0.8814156118180111,-0.06113370886652191,-0.9637684789426384,2.1657502093561125
-0.006312112713807302,-0.00640949290325048,0.005568014518018288,-0.0057186440854398455,0.5882794209080044,-0.06095202239679092,-0.9472733228286007,2.0132258092245277
0.007903081523626381,0.0044366371761560015,-0.006377476645841528,0.002318772258685521,0.32485449606080424,0.5582822505882199,-0.9664229877289128,0.6489347077668388
0.008112250977203991,0.0042468303363667435,-0.006379368877660428,0.001999423515611944,0.3130532156569685,0.6125493379013354,-0.9252353516338419,0.527076566310179
0.00848019971490641,0.0040571224439953915,-0.006464842123837162,0.0015634937420840199,0.3099920458484177,0.7334050178752262,-0.8856332937934299,0.37116173982890466
0.008880794031741161,0.003805897122471698,-0.006442031730917085,0.0010804064301983345,0.31142751824898335,0.8269270829016869,-0.8028010272997992,0.20821138648505788
0.00564728485241313,0.00561279778157485,-0.004385541124376942,0.00432517651902098,0.36750963938042996,-0.23499990056357453,-0.5551729017640099,1.4641636116920351
0.005909771673216641,0.0053728303735573356,-0.004657972235187846,0.004060126941364488,0.34790762338715414,-0.1680580257147587,-0.631083407019278,1.3640343889993096
0.00621502975330376,0.005197530202915734,-0.004977900455119783,0.0038473895940329722,0.33765379454111194,-0.08075289287586539,-0.7174036273855685,1.276854728453275
0.007610140954134877,0.004527753400392375,-0.006177214108795661,0.0026035863516844925,0.31056232630643094,0.4302384193882354,-0.9480847100277404,0.7596200543931555
0.007247770545278688,0.004615206982601446,-0.005868286460635315,0.002892415964849514,0.2991834992258509,0.27368917573874635,-0.8963005247224131,0.8782375063332938
0.006591195652998498,0.005080553301272506,-0.005393754259114683,0.003658500604966454,0.3373440490423461,0.04403136417558219,-0.8255049210189308,1.1930105479325095
0.006922070588104821,0.004850464436981217,-0.005661949103976077,0.003291229562574123,0.31873606241541547,0.1589885505250479,-0.8749050929670315,1.041351360547148
0.006741101835027004,-0.005811600569010536,-0.006049455304268084,-0.004698488030026634,0.4933971117079122,0.1564845644027915,1.0704628526230957,1.5974173734174544
0.00664972628660164,-0.005954091622613055,-0.0059824998081332735,-0.004948511911695406,0.5154195237337414,0.1128545354193982,1.0592996056121178,1.6993680316372086
0.006922345479431756,-0.005473973891744215,-0.006098037800606395,-0.004122770906860944,0.42932576804369477,0.22607611562012855,1.054206888924833,1.3665166773576052
0.006686855821690019,-0.00559286529448666,-0.005821627935864452,-0.004353025700802488,0.4396589298805864,0.11628898592439486,0.986056226544125,1.4640958368463686
0.009754189705423542,0.0034469934452645732,-0.006346807555713177,2.2122875564925567E-4,0.31407390201586055,1.0170298739395618,-0.6292045500911964,-0.04592871752275462
0.009258401884021147,0.0035251160794365615,-0.006323817648428084,6.564739685832018E-4,0.29848073131534486,0.8740342144752508,-0.6987381522255228,0.07052059870124493
0.010599099144978396,0.002938000660160885,-0.005897804340636879,-4.0019958461339167E-4,0.2623092403147098,1.042284070233391,-0.4132717997987195,-0.21094694319071391
0.010018900502482872,0.003030956528369662,-0.006019649223350416,2.4364477217429337E-6,0.28845369923641706,0.9352476057692873,-0.5083676429902593,-0.12022030780279629
0.008371436001256082,-0.004272235125839497,-0.00660304032881157,-0.0018034801178099934,0.34124727328248466,0.7522379317653138,0.9578090892937207,0.4647741813250891
0.008593496643087067,-0.004086790785264112,-0.006564318174195679,-0.0014816901462294143,0.32866545013355747,0.8012418164806875,0.9011630203133053,0.3493321933796283
0.011039644020962686,-0.0031871363321535704,-0.005954639719885573,7.582754659347951E-4,0.3227701694774345,1.2177303466947913,0.36693563095841286,-0.2608318686147449
0.010538849402276118,-0.0031751472720868046,-0.00607818552132078,3.913080887769659E-4,0.33285973011788694,1.119371533206277,0.45282819038332595,-0.19603572920995013
0.009723536597027018,-0.0033634773395998423,-0.00626865385840445,-2.3917444865474265E-4,0.30393573861934636,0.9788629993438206,0.6118356394607964,-0.04610627605813893
0.010074523028638184,-0.003038481330996132,-0.006026270995667132,4.3893871584280946E-5,0.2721036398709835,0.9559272905483667,0.4975036676809392,-0.12736440742280455
0.009208157582950464,-0.0033194320364353467,-0.006136648663477652,-6.373660516605408E-4,0.25235390012347153,0.7864482065623168,0.649284310727519,0.05888572843366875
0.008868823061171432,-0.0036753410908113857,-0.006317809292288955,-0.0010306600895546526,0.2818575479840581,0.7805878637310864,0.766793070237613,0.19036136047299598
0.008117212269045378,-0.004344024593443511,-0.006476130799456205,-0.0020733974927644185,0.32678884024844174,0.6437155409369987,0.9634031111285156,0.5605747463849694
0.007261433033764583,-0.005003517019272152,-0.0061876923671208665,-0.0033386052021770916,0.3658910837462686,0.3455441185200428,1.0231033007949826,1.04853174410252
0.007589524913448347,-0.004782491242768486,-0.006381322180844771,-0.002888265616094478,0.35275587619199605,0.47782928692337595,1.0331275313246033,0.8696361055459025
0.007395754203256878,-0.004880138147087013,-0.006246147687697713,-0.0031175815627509968,0.35469675767101255,0.3946708284877621,1.0198205916880279,0.9604073748387245
0.00780722281093146,-0.004399499455215553,-0.006254630581248587,-0.002353129821041604,0.3120243999790056,0.5032360545262714,0.9421903497680953,0.6641434673661512
0.007613700934161353,-0.004558108033483516,-0.006205305539045128,-0.0026338466319974253,0.32266237507424805,0.4417135215185909,0.9616161060343416,0.7738622595478704
0.007078180643061611,-0.005044245278551582,-0.005988550890476227,-0.0034717751389574387,0.3568808687012086,0.2568795423446721,0.978981320972753,1.1052903629007425
0.006853271853369107,-0.005157257474720102,-0.005777119086487239,-0.0036963110000352573,0.36413376954528737,0.16245382899124663,0.9361738402999585,1.1987324702436677
0.0061900095656217445,-0.006526454818765012,-0.005364597563867751,-0.005884107472934954,0.6563116296510846,-0.12089758600381824,0.8810013670278783,2.0785207372506025
0.006249443980966237,-0.006693441434347548,-0.005510852230404844,-0.006245410117825759,0.6673625431238485,-0.11676086191100891,0.8992969499577983,2.236754821588823
0.006078493752434677,-0.006645591093326199,-0.005169058748051813,-0.006042936582135932,0.6537723037472825,-0.17300448309954922,0.8151713176967564,2.1396729852094194
0.006147433031857422,-0.006812880963004881,-0.005307118027719579,-0.0064194578552925,0.7890241806251946,-0.16898774713527653,0.8273846229197209,2.3001249776753965
0.006138920977394212,-0.0063531577339264195,-0.005240680425523438,-0.0055466692429161695,0.5684017509790485,-0.1273475750239855,0.8337332657608761,1.9450284086316152
0.006277785953731862,-0.0062772451429431615,-0.005467106080412989,-0.005463743768148863,0.5700331174893066,-0.0682812674990816,0.9081258030466755,1.9122617078551993
0.006500387839116571,-0.006013797219049243,-0.005754586698202894,-0.005045381793096354,0.51484177216988,0.03804595781387105,0.9915959324279574,1.7431245365685333
0.006355990308671036,-0.006129433602856695,-0.005554201823510684,-0.0052243030183067385,0.5420742575622725,-0.028905853922768482,0.9331361627293336,1.81637490296192
0.0060492245102820915,-0.006935465283302503,-0.0050991043534621226,-0.006586056762011108,0.9375904333533858,-0.21657656866161945,0.7519559960984076,2.3598011523213263
0.005975284153350583,-0.006776412334685296,-0.004977406342026885,-0.006214113513306474,0.6535885330642066,-0.2204155784640596,0.7467746907280568,2.2028948080756012
0.005954915005069572,-0.007061073770271074,-0.004896652516347671,-0.00673797615573598,0.773542337253354,-0.2595892761390924,0.6743892738951475,2.4120241571569223
0.005886510631955618,-0.00691207129219234,-0.004797599432128413,-0.006391124066513439,0.6828386276206794,-0.2609308451769076,0.6790103278478332,2.265879937735894
0.014410572767669334,0.025,0,0,-0.22178437733303633,0.06190812876484945,-0.19575516785347177,0.009338522542524165
-0.007082629414973032,0.014670098852003306,-0.006050871870578649,0.0037861008955583056,0.42968568854620576,2.159337869427315,-0.3307383077263201,-0.38048803426271377
-0.007240110735048852,0.014784153485253472,-0.006148187063141576,0.003551083861901103,0.44051089442125585,2.182398354226135,-0.24296136029772744,-0.4002654335081696
-0.007403657680010645,0.0148719321699603,-0.006267775867720741,0.0033426153719971724,0.45566233659268857,2.2109336949815463,-0.16293443137709837,-0.41307514977665655
-0.007560374109542987,0.014941041362096945,-0.006386925531828063,0.003154375613989634,0.47098708665171346,2.237452174143758,-0.0893310007912062,-0.4203827790569706
-0.007708045405822862,0.01498812944363612,-0.006512616747020833,0.0029922986966568308,0.4887619475376103,2.265611671893364,-0.024622716394331477,-0.42338443328032266
-0.008031391338324092,0.014936835786604395,-0.007013059434584219,0.0027958856971907926,0.5617954720089963,2.425673655211583,0.07339002492452956,-0.42658604402213873
-0.007879412739554456,0.015048556059874589,-0.006635010141142387,0.002786144941074998,0.5018646583408906,2.28486813229077,0.057709298102031965,-0.422507236577447
-0.00952952844693864,0.014977816440745884,-0.008291952303669503,7.876765853816935E-4,0.6715208172408337,2.4834697742983063,0.8590701272142689,-0.16357244940168889
-0.009373420771600327,0.014960584488801502,-0.008264290632344762,0.0010388497624759605,0.8657237762892471,2.532512470489774,0.7763187060269513,-0.21355651253073313
-0.00944434247924451,0.015108611640713195,-0.007927844356411072,8.627788244788404E-4,0.6795133609783149,2.393727881405765,0.7960835473755985,-0.20609250413223987
-0.008949474454411065,0.015053504122170552,-0.007751592473122897,0.0016107481204331484,0.6536376193030261,2.499210889104306,0.5353062082259821,-0.3359958796922458
-0.009063168625695952,0.014911450597951643,-0.00818200904826867,0.0015588315893948674,0.7470204753098254,2.6131563993100255,0.5988345368587907,-0.3028448047577016
-0.009217916319918092,0.014938455742167744,-0.008228218280277012,0.0012933450718037437,0.9382703829678899,2.5751526356343937,0.689285978473043,-0.2602714549824062
-0.00927674862412782,0.015094582148397068,-0.007878500018597662,0.0011184316061780778,0.6333234259793689,2.4370664431139795,0.7094182356583244,-0.2561486217322701
-0.009112808554170801,0.015084290775042515,-0.007801704154638615,0.0013609983416846539,0.6409188806189875,2.4650912471003177,0.6238701475958225,-0.29875072149108206
-0.008186492631063856,0.01498978886266102,-0.0071097591364757615,0.002582589641589278,0.5737855187741897,2.4328500486605624,0.15690992848153276,-0.4201332584181911
-0.008371682826089523,0.01499794624451453,-0.007309044251550689,0.0023794706232944064,0.595996728567311,2.4732430966168413,0.2409772377379115,-0.40936645174050834
-0.008506542115933678,0.015112681540332282,-0.007226917504985158,0.0021090404789999417,0.5741623627612354,2.3991127169821804,0.33439035144739154,-0.3868238523173612
-0.008660951951076617,0.015166853049112104,-0.007265964185360212,0.0018804476807056786,0.5872373840690787,2.371486482129375,0.4166348482141606,-0.3631238110073464
-0.008827201312298815,0.015195803873395523,-0.007347847486006284,0.0016561575246466476,0.5995048318126087,2.3567091674047123,0.49802455937298573,-0.33542115786916665
-0.009593849270073052,0.015129811734173092,-0.007933918010151681,6.280901691638075E-4,0.6964817680400116,2.339899681021635,0.8686164809827764,-0.15785623197894402
-0.009686089839949742,0.014990136311907442,-0.008312528360842378,5.263090500243796E-4,0.70232333727509,2.426096987907626,0.9392444130472631,-0.1071541712890564
-0.006251130900931919,0.014318122325592151,-0.0050877532508950656,0.00445364559389088,0.31333093668540046,1.8064652680554112,-0.578549246407234,-0.26178355177076984
-0.006042290523488543,0.014348832282862854,-0.004768717149215706,0.004396833404388361,0.2831750756053947,1.6854253586857912,-0.5598576365884405,-0.2582699346402856
-0.006419569209217675,0.014488431528873661,-0.0052255591648405686,0.004199738785340148,0.32766120556524075,1.8584006106125341,-0.49077485887216293,-0.3087319745945289
-0.006631826930088311,0.014645314470043639,-0.005410690996895221,0.003946251516933099,0.35038179855124224,1.9233508826054757,-0.4021080104212164,-0.3470483056703855
-0.006853619202886076,0.014777155888109097,-0.005604753591479056,0.0037062725922549916,0.37269938488186866,1.9894314583680541,-0.3126462119180142,-0.3775745328164449
-0.003989987268092553,0.012749366860141192,-0.0022616075244408645,0.005448811786928429,0.11425405270132037,0.6638570599024204,-0.7255182985186214,0.18585690922999237
-0.003246835187514205,0.012254419684610154,-0.001487756334466362,0.005388284510624799,0.06839810848747856,0.36874261282553145,-0.6046413404772021,0.2410329069158284
-0.005326408912615218,0.013484725849574958,-0.003954781083517552,0.005405624585229127,0.22824846823888695,1.337083186672827,-0.8561360099379405,0.027299233417325756
-0.005696512764454849,0.013870108213015885,-0.004445619407289591,0.0050158554773834865,0.26225139400462116,1.5432597217456674,-0.7543913174476873,-0.10940495038342081
-0.0055710992185058865,0.013647397537753734,-0.004296507857237152,0.0052923399369680995,0.25363705139928194,1.4765739368169657,-0.8341239025133682,-0.029753303649983277
-0.005857233743741205,0.014258203015115439,-0.00455299627664353,0.004502021384216174,0.2659372402006471,1.6025484280349975,-0.5916854805380362,-0.23127742194924125
-0.0056792839838766,0.01412472966781616,-0.0043536493887129275,0.004653076602996151,0.234658844116242,1.523454692848074,-0.6350288373434954,-0.19311436151988118
-0.004450269746506493,0.013235227403416771,-0.0028669192812190293,0.005235713858064551,0.15694807647436101,0.9009803556451831,-0.7281168763390928,0.06008305676159737
-0.004897244740302041,0.01351076765401699,-0.0034089833627654804,0.005154596729369329,0.1881111899760558,1.1225018026716347,-0.7418952211100884,-0.01114448335960485
0.003458824568082278,0.014304942068829329,0.00210609240294272,0.003959878150365707,0.08262652065136973,0.745889135215421,0.32093152809583897,-0.2476768743835782
0.0026578635730375747,0.012870029577980117,0.0013286734446471182,0.004747557981536265,0.020313421188322443,0.35844518928006547,0.3984639017314549,-0.017218201293285607
0.002462403872861003,0.014327109475787279,0.0014013119992256544,0.003774495088087498,0.025793930125450528,0.5772903831056865,0.24944111034394767,-0.22799049269799884
0.010888695618976249,0.019144643224191717,0.003044269819857844,-2.7246729438190495E-4,0.0930134124184088,0.2784745339057743,-0.44813850893795776,0.05718624560363461
0.012500943852501325,0.02193630378804113,0.0013995997993795156,-1.9068231740773198E-4,-0.018466204183116296,0.011743477483681099,-0.2653918826194211,0.11003063900519745
0.007594739193441529,0.017756424320247575,0.0036296493075571377,0.001053821596523662,0.20316735942139494,0.9694680316931308,-0.33878261261907744,-0.2511201464341364
0.00858343462173797,0.019157423082357794,0.0029642704454182203,3.7999253650890133E-4,0.15616227523040277,0.5227247191708754,-0.35025024581822867,-0.1262611037614169
0.004248550945099909,0.015676554801348525,0.002545228032293519,0.0030028679570235422,0.12585876663526852,0.9911873628009162,0.1496537924121973,-0.3526965012058291
0.005733644632155869,0.01725299192936161,0.00299818042343317,0.0018167586589662372,0.1757953025248353,1.038732033521917,-0.12893001319284167,-0.3405873468771033
0.0030637398463963118,0.010093417956390238,8.885967269842273E-5,0.006035627198998071,0.1998549641895296,-0.07344371151093808,0.561324642077054,0.9402346509736229
0.002992953740036912,0.010812273468651101,5.766387289644234E-4,0.0058883074689825695,0.14062652570215436,0.04781445749747082,0.5890149215133479,0.6952923385940678
0.002543579920507062,0.011615438150778307,8.555295630937026E-4,0.005351560221491397,0.058589723834264924,0.14009993435244675,0.47276042415655234,0.31333007131751356
0.002646823652327138,0.009579183409823241,-2.2229899523037853E-4,0.005746018283745286,0.17773535974948507,-0.16790507049879128,0.43431004782881877,0.9481054579041196
-0.0036367527251195924,0.00981225324550296,1.583783392542546E-4,0.006510314070050571,0.3061135238612413,-0.10881496824757045,-0.6409557386446632,1.2572863392932243
-0.0035547745822015983,0.009215471242002723,6.725037395288155E-4,0.0063159974941329996,0.33473130911708554,-0.214362138825082,-0.5103244156600172,1.3674124037730442
0.0011506732870614157,0.012080673836580458,4.343370048068965E-4,0.0047197771394225235,-0.03696498558689692,0.065919083633571,0.18758252848952317,0.06447548697675455
-0.002271039874226408,0.011355822130096975,-6.424438631566515E-4,0.005327665887338497,0.03572496546512661,0.0536193132781787,-0.4260814848942535,0.3404569314148311
-0.0027748541719658766,0.01020955286468981,-1.6240762776477838E-4,0.00583678670449591,0.1653917980061391,-0.08131808860244981,-0.509085198342169,0.8044604875321409
-0.005704711645753884,0.006887677024648111,0.004486452042484677,0.006199626849841097,0.6693918843172145,-0.30034876899713514,0.5702940857713105,2.177498101194906
-0.006355156589749449,0.006577264761224861,0.005704576342067645,0.006068999089581823,0.6019629349003214,-0.05891359604127854,0.9657793278665917,2.166837698862872
-0.006194987907159792,0.006537179270330516,0.005375966147655925,0.005905903030319771,0.6297110880320811,-0.12030346888179212,0.8842846451610215,2.089538502820181
-0.006464466094067262,0.006464466094067266,0.005891801292210012,0.005887588096466066,0.5825228024639951,0.0012618945930643144,1.0269462639787668,2.0947194397686317
-0.0063070083074089475,0.0064281281283032655,0.005563610963966161,0.005751401250663296,0.6429427797768955,-0.06565180932625185,0.94535080893688,2.0285030301287503
-0.0058082619017248765,0.0067422472999780925,0.0046855555235743125,0.006033013929913115,0.6392809047723933,-0.26266545069637215,0.6420502320493434,2.1232908063841607
-0.0059495119420742305,0.006652180419289672,0.004935162248529161,0.0059730793570703326,0.6376084047817575,-0.2154321119846175,0.7296166154329895,2.1089064068443593
-0.006014661310224686,0.006498253165543606,0.005044112227567162,0.0057416357651647225,0.607009377690478,-0.1813396849994003,0.7686112350844914,2.020766192858226
-0.00521278533040337,0.007364044464704116,0.003542838441749175,0.006472821680109673,0.6642163363130814,-0.3996245278578884,0.23107168240501413,2.186627927086008
-0.005316399640918046,0.0071223855118407765,0.0038076139885448155,0.006230887397063941,0.6347254868051744,-0.3765330067372641,0.332640671094238,2.129509658348016
-0.005482169293554392,0.006927947213143196,0.004122100528406788,0.0060833518263981685,0.6264427762979347,-0.3420984264423454,0.4458679898872956,2.1053108994324394
-0.0037425461265500493,0.008731392994164365,0.0011506662139009261,0.00628323279501916,0.38657598581319463,-0.2904319845492221,-0.414282986498396,1.5342949217054442
-0.004571035081409575,0.008063106869806626,0.0022969294008094864,0.006608672067727598,0.5786205210037735,-0.3963787918708162,-0.17208587943937736,1.997058320103905
-0.004677638678758721,0.007814763043008464,0.002598345256718532,0.0064726533738265896,0.5858544880962605,-0.4091019788718346,-0.07245980080935309,2.0168583018064203
-0.004804439953553664,0.007586420887664059,0.002895854608314006,0.006349315208516501,0.5876108451107559,-0.413171011440493,0.0292231065592081,2.0340026942894305
-0.004249530212597525,0.008080902575690161,0.0020007129885917974,0.00630918545290865,0.498812101789416,-0.3795960048370857,-0.2261867705864591,1.819052130162364
-0.0038890582673574967,0.008257168990711597,0.0016025166677825656,0.006127873806734947,0.4220179544991932,-0.34428979298455475,-0.29858075398803113,1.6306512538037556
-0.004905888605994059,0.0073360844909676395,0.003163459983370419,0.006149685336558872,0.5788820722802831,-0.40803836401341725,0.12728597890674678,2.0103887662076754
0.004291981335038836,0.006232502963198668,-0.0028686403358751346,0.004613655826908632,0.35216421925744185,-0.3889149766909707,-0.1310177406509345,1.4832257759027951
0.0050994015997205015,0.005438058086670308,-0.003742046103954398,0.004027614801724796,0.3117815329489239,-0.3187817284256002,-0.3692014515048007,1.3555994755554097
0.004890764146466655,0.00582581504592644,-0.0035235322087496987,0.004392312733416292,0.3501434606219278,-0.3507494359176915,-0.3063334357931249,1.4637735425627516
0.004451727267594506,0.005877219277779892,-0.0030755278216015366,0.004320665955258976,0.31384455499006064,-0.3769875714769211,-0.1928751485219381,1.4241305660284775
0.003341276487136193,0.008691629380271841,-9.888983659598434E-4,0.005945710477949423,0.3161151220243062,-0.28020989548719016,0.38601239150097927,1.3526874772454804
0.0028103365707656605,0.009148533916681216,-5.129430858297119E-4,0.0057556631350712826,0.21501438842508505,-0.21842524078720602,0.4079986032358823,1.0895812041374082
0.003219779536130181,0.008060763268554691,-0.0013149416706274098,0.005548384459195925,0.29587981593756685,-0.328898000682913,0.2688662851161534,1.3618166620415249
0.003931090661662646,0.006502651847421349,-0.0024810554056652716,0.004728942234869746,0.3281817872746308,-0.3917215545432098,-0.033568914963936804,1.4613691476430504
0.0035714670145090676,0.006963952350725996,-0.0020445151047624333,0.0049708741653979585,0.3217618571210154,-0.38254129338309184,0.07337097359731935,1.434718449360057
0.0033268258095244907,0.007543428058593106,-0.0016345922780913213,0.0052827912604352855,0.3141465837005027,-0.3591219480935814,0.17737811679743642,1.397312742012086
-0.006767411014895819,-0.00597009014471057,0.006203294720109043,-0.0049722306543466014,0.5137228063003364,0.18098241802501966,-1.1317700016772518,1.7014814186030793
-0.006935465283302503,-0.0060492245102820915,0.006580611805683431,-0.005105985267385722,0.5977034583526554,0.2688594158367112,-1.2227100831120299,1.7621105233047742
-0.0068971159555120684,-0.005867865085280278,0.006360363038306748,-0.0047726148935768676,0.5134229906459811,0.2517622654285612,-1.1695473591062095,1.6163589501839326
-0.007061073770271074,-0.005954915005069572,0.006740079850859986,-0.004893565312600499,0.5261539119322792,0.3431799391134877,-1.2602465346577134,1.6750051442454865
0.014755282782341356,-0.008454915646326116,-0.002567816730355813,0.007923559711424114,0.6954150818730755,0.8644349795413023,-1.5306554204335125,1.4149488160781436
0.014877908551680537,-0.008327493505437836,-0.0025723952813635573,0.007506358799609556,0.7333397893070689,0.8511203494653793,-1.4733373975836523,1.2813058316732004
0.014801469324203573,-0.008605047553236283,-0.0023213772751978553,0.007999340927105301,0.735059484614327,0.7708796920716513,-1.5098357669359375,1.508754849778569
0.014915870914107319,-0.008475968352719595,-0.0023556903198035215,0.007602702646075702,0.74144497049163,0.766238776140186,-1.4609773834444821,1.3736187272120814
0.014842921746160493,-0.008756573701192634,-0.002079936736016433,0.008065428098472039,0.9960658166619867,0.677846870391467,-1.4827106472524207,1.601066896253241
0.01496019926753249,-0.008646293501339745,-0.002097940389923701,0.00769134154829007,0.698249322289334,0.6664929814598125,-1.4379336377168006,1.4769143426813398
0.014879595159429932,-0.008909334570059206,-0.001818419209390264,0.008128223355062114,0.8032099889816443,0.5832296915581334,-1.4494905368992361,1.69295531708868
0.01501675269142953,-0.008802385839131139,-0.0018417607296329116,0.007718970677676923,0.6859522025429007,0.5706938028709246,-1.4025612738223654,1.557767991469358
0.015,-0.01,8.389792897055798E-6,0.008329220567328847,0.674859726011376,0.01978571222202552,-1.0762261390391292,2.2619217932663114
0.015142615935866627,-0.009919718081769509,-1.244375031620385E-4,0.007973240526367331,0.759857797920703,0.02264715548065219,-1.0624093696716042,2.1187771728066167
0.01499753324023817,-0.009842960155646504,-2.505512999740141E-4,0.008325359686966353,0.5808698999060201,0.08720429250288513,-1.1427090055546179,2.1908520320592633
0.014911450597951648,-0.00906316862569595,-0.0015560802558102313,0.008182515071320085,0.7061428651246241,0.49211911255133933,-1.4117300324869835,1.7842501059174065
0.015054981567286074,-0.008966008512843964,-0.001589706915098412,0.007771112054420022,0.7162384396938234,0.4800750579748307,-1.3664194876607427,1.6462624346877461
0.014938455742167742,-0.009217916319918088,-0.001296826805114176,0.00822769341221307,0.6645717799524155,0.40497496085252166,-1.368606519436371,1.872877663148665
0.015078351764348097,-0.0091272686614436,-0.0013470459616270142,0.007834119834583113,0.7340915162999498,0.3963537607618115,-1.3287699700840434,1.735310016214494
0.0149605844888015,-0.009373420771600324,-0.00104513461049061,0.00826349789232993,0.8181691020422793,0.32231926786954723,-1.320191532058627,1.9566936480047332
0.015093240537319782,-0.009284763935373683,-0.0011090948875085837,0.007894518838953866,0.7305768367571214,0.31744526053154815,-1.2879098747758944,1.8223680755131848
0.015155112383281242,-0.009768718426746757,-3.554536462864406E-4,0.007926194460275189,0.7289983667649121,0.08450487914953429,-1.1171334549542442,2.041460529680188
0.014990136311907444,-0.009686089839949744,-5.227157016171415E-4,0.008312647739343714,0.7899357282137828,0.162277224582412,-1.2063698540391372,2.1140678421444448
0.01514430006615867,-0.009603344997922697,-6.093198323873098E-4,0.007911870383816168,0.68394370563919,0.1585675899990937,-1.1781080454744577,1.9673952610019863
0.014977816440745884,-0.009529528446938641,-7.918556231437339E-4,0.00829151302086039,0.964183582761495,0.24182573404151864,-1.2660887734997854,2.0358709808493285
0.015114628855344953,-0.009440996363404572,-8.65991911386181E-4,0.007921329087102927,0.6832426551505703,0.23825547585008636,-1.2378093307149893,1.8998206404682698
0.015022569634313554,-0.008198006779280157,-0.0025373645765326847,0.007080177978073038,0.6619229017924017,0.8589291012654351,-1.3951109730998479,1.1154418468829184
0.015174118981249974,-0.0080475318130242,-0.002503992469004634,0.006651959029352447,0.6012869834305574,0.8590982535591912,-1.3127440467952962,0.951071611017336
0.015082349384431717,-0.007860871114813137,-0.0027637722267372556,0.006580072230821232,0.6129658311057283,0.9644614121864237,-1.3207013958924376,0.8601373135097224
0.014951669640942992,-0.007661957171660619,-0.0030760716958178097,0.006523744180822724,0.6352565452535438,1.0905692991338292,-1.33048747358421,0.7675838357728751
0.014861235755319833,-0.007414721364139516,-0.0033536698012567798,0.00631179147871927,0.6389781855733382,1.2077097688443443,-1.296451536669301,0.6285118240966713
0.021374299910287255,0.01285135574838991,2.832715190441422E-4,-0.0016051188319753055,0.10241259396559467,-0.13999375233715441,0.19546235324568542,0.283938494286815
0.019476265928286114,0.011129151418407611,3.0638219233855834E-4,-0.00281969442050091,0.0739448027765889,-0.12058611860308717,0.33011412246248056,0.42555711409832203
0.01769562821319336,0.008843209131693553,-5.679720706150486E-4,-0.004083489359025993,0.1603420789562238,0.16957006949195727,0.6425209599712236,0.4658490965906598
0.019076021608861977,0.009350359214080717,-1.778624248605676E-4,-0.0030936823606747582,0.10112946980997936,0.05152149557333061,0.4478728937873077,0.31334403405622663
0.01586749354373825,0.006902995437605929,-0.0024539935839052833,-0.004688445979911614,0.3611466312706289,0.8714132226793974,0.873884212033955,0.2284935274127276
0.017063355903879182,0.007547923614125888,-0.0013986677650322874,-0.004119487981190623,0.21915352552069303,0.46696985629432114,0.7162451509497071,0.2761067912824738
0.014406895099221573,0.004821268051338804,-0.004119338333894277,-0.003297419425564246,0.4100952430937993,1.3875531015356872,0.435639499500421,-0.27920033925475723
0.013271106340589554,0.003980630666448598,-0.004951584911391734,-0.002418747156655327,0.4150664355382827,1.476333228875458,0.12520219604700686,-0.374435638860218
0.01381233890477916,0.004490887999152244,-0.004639164183493688,-0.00297195339891804,0.4849459091752996,1.4994958368628009,0.3046318738486458,-0.3356690775527005
0.015641226204125135,0.005694402837155439,-0.002931682069211308,-0.003757706094855959,0.29423492584073907,1.0306557419657592,0.6298381308352753,-0.0965798303529201
0.015127768129433138,0.004772500435791455,-0.003442183961784117,-0.0031059988435872005,0.334661143907952,1.144955874424182,0.448560106173704,-0.23891294739935728
0.013291087406044805,0.0030683757000326464,-0.0046148245928380955,-0.0016913707278046145,0.29194988565142793,1.1851353824786894,0.013604068775725129,-0.36439940334700566
0.011425530921380822,0.0024145808768445283,-0.0053610876647634175,-6.831303651240298E-4,0.2456609665655492,0.9638388097949122,-0.23791891627209447,-0.2852324240053639
0.012934939641703603,0.002021384653683909,-0.00454634359310482,-9.802724706732492E-4,0.21112620261575146,1.002552076124586,-0.06764200509632075,-0.3343511979619515
0.013524021613392667,-0.004810494085820375,-0.005069575987481755,0.003292286697166785,0.5645638373559211,1.6953038563450047,-0.3565777447674039,-0.3352040964753593
0.013194210522318325,-0.004478574062823812,-0.005266766065687476,0.002864319715908279,0.5493922955996934,1.681281515586739,-0.21211177445957438,-0.37035159989207583
0.012918623704755872,-0.004211591378003901,-0.005391788139688027,0.0025162472929755124,0.5075906534320018,1.6446890649644932,-0.10151982346747668,-0.38332891100009586
0.013500695068023837,-0.004556385807274288,-0.004981197399908097,0.0030108590125105766,0.5097114352550445,1.6207426254088397,-0.28065094885723463,-0.3511190314950434
0.011806197507779007,-0.002894844020967825,-0.005444178744277237,0.00105290799118498,0.33686401070281086,1.167951657871294,0.21809815600164478,-0.31466422498380336
0.012367167734128277,-0.003574653120842887,-0.005482539206313018,0.0017454766806899414,0.4276688744544405,1.449490693139266,0.09706439220297074,-0.363929061576997
0.012887566989810237,-0.003797678966668068,-0.005198331402133967,0.002134251756326081,0.43991733522582377,1.4757542455020967,-0.029130924876339438,-0.37441748508059847
0.013680038981257088,-0.005234445857233375,-0.005065463883797265,0.0038191102057879987,0.611388576560942,1.7773250682738782,-0.531157886174401,-0.2703544744623246
0.013720703561777866,-0.004965360490042233,-0.004905241310004353,0.0034868787395576847,0.5531074553118858,1.6698164266834623,-0.4271003902793301,-0.3080847849107698
0.013848183484888829,-0.005461055026156584,-0.004932873248870693,0.004109632435408002,0.6167899336061256,1.763019272061788,-0.6336602505714518,-0.21604911773497948
0.013903309486936582,-0.005690468010671255,-0.004937334216053865,0.004419962089159911,0.6606868163853383,1.8005992593791365,-0.7326127502681462,-0.16223815415913717
0.014044224415668348,-0.005844240996099798,-0.004776410731226552,0.004605659179039438,0.6442603649640345,1.7558836735699732,-0.8003976946732289,-0.10982504238318382
0.014104321601088723,-0.00606692925169483,-0.004737456471066155,0.004915292518541872,0.6763964003813944,1.7576798485070948,-0.9027507437962798,-0.032157247845421726
0.014289516718222602,-0.006579665632115628,-0.0044902728552572236,0.0056218018258248825,0.709365789422872,1.6722116461432737,-1.1240798663613827,0.19431900588810258
0.01425332025409598,-0.006207849034493981,-0.0045309625249391515,0.005058676788399843,0.6535476114360533,1.6839058394875563,-0.9555945909238709,0.02829834132169767
0.014333808210671931,-0.00638802898996888,-0.0044197186652298924,0.005285382250820049,0.6637608997576561,1.646878019780821,-1.0274799500566714,0.10443815118271209
0.014705752046994931,-0.007213431273264223,-0.003679612557803218,0.006215525262598769,0.6644914542829355,1.3426231544611196,-1.2841993121890252,0.5272852803254469
0.014431214712459495,-0.006766014189741802,-0.004242591383436242,0.005806550404363237,0.6949419006898039,1.5737004029481643,-1.1807714282144228,0.2897025262703226
0.014610931538092302,-0.00695284682236311,-0.003918460102690026,0.005925872142253756,0.6622935628035217,1.4436501408528024,-1.213427962317952,0.3829184314633433
0.025,0.010729293840437144,0,0,0.0737105954056999,3.9969234930083266E-4,0.2516520858284357,0.12475883687489074
-0.006588773286029782,-0.005895301331631589,0.0058435426147681255,-0.004846668976423166,0.5075395721807069,0.08110880211164084,-1.0124104819085444,1.660346010753022
-0.0064790719360449354,-0.006027417203022423,0.0057241215146375665,-0.005066812737477964,0.5312493934081415,0.029528524690866868,-0.9828543970674773,1.7499571884013234
-0.0064002176314213845,-0.006150974190448727,0.00564034716082751,-0.005270775021703354,0.5486639196720161,-0.008972112537847354,-0.9613629582862021,1.8329097547661448
-0.00624944398096624,-0.006693441434347547,0.005511695247755205,-0.006244831751094555,0.5685289302555321,-0.11772011861910177,-0.8992600365867535,2.2344660990085172
-0.006201059120781391,-0.006545971615279193,0.005387711788531015,-0.0059256600692164174,0.6424067221117172,-0.1188023313725692,-0.8854124681232775,2.097113480717489
-0.0062395656333287365,-0.00622402325886059,0.005383405879902163,-0.0053572256786094735,0.5530740214291802,-0.08121546218135113,-0.878914008744946,1.869361979973405
-0.0061588818750495135,-0.006392216444399923,0.005283141295068999,-0.005623351664489204,0.5932227986448355,-0.12196562313799383,-0.8484630153446695,1.9744236431053643
0.0077447268984325275,0.0041427549042641326,-0.005985278524140585,0.002164744073136247,0.26367086908427617,0.4147824458497626,-0.8467782381715147,0.589651642592647
0.008032589919520055,0.003794396866408484,-0.00593782140599244,0.00171913729184296,0.24489952178360697,0.4588931598017328,-0.7738302267647802,0.4222358638324342
0.008455316818957637,0.0036198808418097766,-0.00606604529199876,0.0013207008117503605,0.2402308803152377,0.5853142754199703,-0.7463173374204402,0.2829140731304752
0.008750788799412176,0.0032033570060670384,-0.005891841336615011,9.216459504182758E-4,0.20917125223190527,0.5734202617162807,-0.6287680711852238,0.14188139560121069
0.005472194411391287,0.005166930628990695,-0.004109578597647005,0.003787393299759755,0.2967314174164193,-0.26019798133429356,-0.4666362749955813,1.273131239550205
0.005819901436770531,0.004954569441159708,-0.004440555235238348,0.0035723659993537296,0.2844916766705037,-0.1915824426171195,-0.5507621112796732,1.1874214524736677
0.006164852062534859,0.004766930163243307,-0.004757808415210584,0.0033516544644252425,0.2763373497984743,-0.10796830107855158,-0.6282464754635769,1.0918086966293787
0.007304863862213519,0.0041737952357813555,-0.0056189479397401815,0.0024249705725615817,0.23689792775716415,0.23346827902717313,-0.781274442718478,0.697860644097521
0.006893915697684272,0.004352236408142438,-0.005332631592053592,0.002760207562664456,0.24511074496257376,0.10136025451158935,-0.73997944921729,0.8365183449143307
0.006504360182536294,0.004555946895742318,-0.00503518741505296,0.0030734682966583027,0.25257535785542423,-0.016694694064054924,-0.685650722602187,0.9725354744622159
0.006509827938459033,-0.00579563823705648,-0.005659288311387594,-0.004682155259088819,0.47204454636405974,0.0403147648154843,0.9506333497763447,1.5987701216275756
0.0066350907312286425,-0.0053007947580727644,-0.005572967936293297,-0.003938749758110181,0.3785021813508304,0.07582003073540605,0.8923533017940964,1.300558387796143
0.006432766198297537,-0.005473886279627506,-0.005383582452218935,-0.004201505097302255,0.3989724754861416,8.649957091206559E-4,0.849259490187631,1.4077871429095217
0.00937837808796402,0.002817293205556005,-0.005815359816739461,4.0192854571443514E-4,0.1965732751466352,0.6687049520999676,-0.5124026096120219,-0.02586105296984975
0.010143328477422138,0.00219737437975254,-0.005523570796416319,-4.297007965509037E-5,0.17392865925569265,0.6950298507954703,-0.3325677148496901,-0.1692014473259844
0.008197074941097083,-0.003985306220907954,-0.0062082742607985665,-0.0017369437969800567,0.27860028951576354,0.5845537675249729,0.8474244825755798,0.43085354626443656
0.00841083640764762,-0.0036687168720083508,-0.006081697825559452,-0.0013826756202386151,0.25071921805990943,0.5901209453236765,0.7602904683800582,0.301526242596447
0.010645780155426941,-0.002350556042175724,-0.005541835830510822,3.154002823572821E-4,0.21091977138616835,0.8387471347255806,0.3239761286394635,-0.2126513952436911
0.009661309241673193,-0.0026335143733280404,-0.005741943798531945,-2.0953366541550015E-4,0.19571771384393344,0.6904571542966527,0.45531770129297594,-0.07551552868622619
0.010446022177416104,0.0010640388217246608,-0.005125524688337238,-8.990886245515937E-5,0.12483182336352738,0.5613004331024878,-0.15612122712522894,-0.20400177454315102
0.008951826695167706,-0.0026440180940172624,-0.0056127624263876425,-6.140898751973941E-4,0.1731064959652654,0.49642084735860764,0.48662967697601134,0.03925349554249993
0.008502740047170552,-0.0031007167732332456,-0.00571747667380773,-0.0010318776806313634,0.18512948284294467,0.46303676177539055,0.5992230619381881,0.1796117537966981
0.0078011397139601405,-0.004040372395936694,-0.005953297413288354,-0.0020455825603447,0.25086498928941664,0.4222638798701191,0.8247436424967015,0.5449871796992332
0.00715188268584699,-0.004783333406128281,-0.0058828201189136675,-0.0031250950627570774,0.32763311114771115,0.2581020117585234,0.9244966416685262,0.9713813767704808
0.007370558011426279,-0.004583843695691654,-0.005975063424501195,-0.0027990471401214173,0.3011836407527411,0.32853281824986175,0.9190984586792293,0.8421798627702136
0.007480426778219021,-0.004241762811823395,-0.005823891631315974,-0.0024054283899912483,0.2692578775220577,0.3214928050397936,0.8346400956015866,0.6849993157064351
0.006853895958296602,-0.004821216102027647,-0.005563851869740405,-0.0032788063282052043,0.307485826893031,0.13390336393447252,0.8512818843043882,1.039659622078508
0.006580697217522107,-0.004964411134058661,-0.005320543464184647,-0.00351825547984682,0.31618619416546706,0.035869329266976,0.7985963854345774,1.140769849789617
0.006013285467851104,-0.0064648002064164175,-0.005038842324605664,-0.00568276487589341,0.5912759117420877,-0.17848497603519398,0.7664869251752912,1.9959495673289431
0.005895176612555174,-0.006599271931363208,-0.004842245502391838,-0.005847246425463005,0.6166251512079449,-0.22554444741831312,0.6986891195593331,2.0554595099440753
0.005954641786730604,-0.006263781169197377,-0.0049169717875414696,-0.005322509603307569,0.5339712298277379,-0.1814584532578406,0.7278150499562033,1.8504456269489957
0.0061275959312772875,-0.006136561950761482,-0.005171457837133928,-0.005176965739693688,0.5197089292862395,-0.11909956059826811,0.8090731370568766,1.7972082896711825
0.006291060576830304,-0.005921814999006364,-0.005366460161154039,-0.004866775691447205,0.48387275527224577,-0.051934205102414636,0.8655095847151449,1.675264456902817
0.005864596707708679,-0.007189583730102231,-0.0046855416509050535,-0.006886307175742561,0.6958692276658726,-0.2977877727897618,0.593475536326056,2.456379309119669
0.0057852181429745905,-0.007047352343796883,-0.0045829454497100805,-0.006542798463028294,0.7463416433927575,-0.30186141892702945,0.5979733775078461,2.3146407247656495
0.005794243633658091,-0.0067527445285317554,-0.004660422961995352,-0.006041208020278983,0.645747585863795,-0.2663096360840665,0.6339917784199897,2.1238503602856826
0.005742457877493023,-0.006905873985015781,-0.0045456008052529966,-0.0062605648356225275,0.6749250669016408,-0.29387193590656446,0.5892737753894701,2.2027981949105424
0.005691420901002461,-0.007168008124915547,-0.004377408334451134,-0.006660353621448498,0.7314995392892173,-0.3343224512927056,0.5218092556305215,2.3466000045857096
0.005778358980093877,-0.007320868219171371,-0.004457421921520514,-0.007036165008160651,1.0200146884806347,-0.3309614945183411,0.5065453662642833,2.4967720125915696
0.005696288158021204,-0.00745479580756053,-0.004241820701022404,-0.007168264595286887,0.7934573424215308,-0.3587634388355163,0.4194502320245885,2.528527183415903
0.005614944711517626,-0.007313981114723412,-0.004179736887107185,-0.006824372069843686,0.7452375345830791,-0.36183158374851837,0.4432441056581083,2.3933119252181467
0.005544967222482056,-0.007730047808600203,-0.0037782068249291117,-0.007423006719227197,0.9970240905081623,-0.3972856973531848,0.23791533984478677,2.5717955832356907
0.005618465515670953,-0.007591233601480755,-0.004013449396683516,-0.00729849489365567,0.867194728767697,-0.38105628838724664,0.3298471895600736,2.5532957796236024
0.005444530354010702,-0.007597959635465994,-0.003728641717054977,-0.007073326410351571,0.772897673464877,-0.4050066097821812,0.2687415432631907,2.438641608281874
0.005521462755679459,-0.007461850897905801,-0.003941756385581113,-0.006956639465972928,0.7911475673445776,-0.38796853122696434,0.3503242019585835,2.420004577980744
0.010729293840437248,0.025,0,0,0.010701397182010691,0.12886637648115692,-0.26546093711646906,0.012366711901467408
-0.009753948577697156,0.015144918897708642,-0.007938719452100668,3.792346637030573E-4,0.6871740909251344,2.280328788073921,0.9424425547984008,-0.10208019090429545
-0.009842960155646504,0.01499753324023817,-0.008325059334325395,2.6082786782354647E-4,0.7694028304501037,2.3635642505653864,1.0161260968537618,-0.044949356977874506
-0.009917735745480964,0.015149687812941908,-0.007948866684165383,1.271451394630368E-4,0.6640908867670171,2.2183397398456095,1.0145266195811258,-0.040302994901503526
-0.01,0.015,-0.008329269954776362,-6.7702449261004536E-6,0.9416371787311003,2.297830623151119,1.090143810907179,0.02281210483245601
-0.010077397853049593,0.015137423733162923,-0.00797886974391968,-1.202364885973258E-4,0.6762953604179837,2.162128989492214,1.0837603600852697,0.025756543166407953
-0.010157039844353498,0.01499753324023817,-0.008325337077743142,-2.583269905509824E-4,0.7079342227754482,2.228047804542451,1.158682342866362,0.09233579788366268
-0.010313910160050264,0.014990136311907444,-0.008313366536496005,-5.139350758384974E-4,0.6080540731774539,2.1522130093090124,1.2215219874066676,0.16498810073934564
-0.010242334940995287,0.015137137723703967,-0.007959985008767713,-3.759998613539909E-4,0.7218553666535402,2.08554849014053,1.1475486726212114,0.0969861132611352
-0.01040014881822172,0.01514124636535592,-0.007912801710186275,-6.16371587774943E-4,0.7086557380720379,2.0032173565112323,1.200851967444348,0.1663302643319974
-0.010470471553061363,0.014977816440745884,-0.008292499613125927,-7.802063912669062E-4,0.7205823185669488,2.070364336337661,1.27957601760595,0.24361410352742452
-0.007039234027748733,0.014907147094025254,-0.005726983829464723,0.0034650877770508516,0.3866289844735285,2.0227763612205347,-0.22386912032511178,-0.3984943832295138
-0.007229294028116687,0.015008951460630632,-0.005863290942598705,0.003249069580143725,0.4053958552461537,2.0568147035027864,-0.14335934201143954,-0.4110865352800786
-0.007408286144864061,0.015080738517176276,-0.0060031717947827265,0.0030645406437830387,0.42065004260379607,2.092207001193674,-0.07193852199020524,-0.41803464523861367
-0.0075589028855668474,0.01514331044625174,-0.006106969009806992,0.002898422046831306,0.4341481477987576,2.1139785015570074,-0.008410070484017679,-0.42051314520371147
-0.007738555075381701,0.015138099488985327,-0.006328519000973217,0.0027847337017139814,0.4613306281510677,2.178271629036771,0.0429821864522725,-0.4210046753669764
-0.008055942516832454,0.015129540552519298,-0.006711740720881129,0.002541471794289114,0.5136121711401206,2.2788148653235747,0.15102022668928752,-0.4148208962210204
-0.007871721407681843,0.015224130863912146,-0.006355091113868475,0.0025868513576245054,0.464548907886825,2.1629426189181538,0.11238906366726313,-0.4154737148782378
-0.009361634306098878,0.015220088961979088,-0.007634866026655282,9.328936553400638E-4,0.6378608301263721,2.3011369870370038,0.7537973979091717,-0.21676306056689185
-0.009493605886487578,0.015263997968734495,-0.007591515673446319,7.290190702552581E-4,0.6241798738984771,2.235167354060097,0.813491836884973,-0.1742972562965077
-0.009013586116251674,0.01523916830186623,-0.007394568909080243,0.0013903982892420226,0.6062170790199709,2.3164446574258295,0.5905354763574263,-0.29625867913813564
-0.009197473624972205,0.015277467131723942,-0.007426344139492872,0.0011275657005368116,0.6123536881056056,2.2695700802287,0.67772640856504,-0.25219848178952725
-0.008280764775543945,0.015222048978303888,-0.0067964365302466394,0.0022339673951387207,0.5210303377564066,2.2634284397215527,0.2646862290081253,-0.39684086855521866
-0.008505455770004174,0.015325254379586626,-0.006827398228337418,0.0019106417453566783,0.5234210265828243,2.218905199731434,0.37709782428678423,-0.3670460057408653
-0.008701125563008486,0.015370744008704912,-0.006906570673501799,0.0016645118692265994,0.5336694007621476,2.199531547708514,0.46488177307465856,-0.3376516725402034
-0.008885566379248401,0.015354179390735186,-0.007073578792949094,0.0014678176022187885,0.5572822445006439,2.2179388223617624,0.5417243000655435,-0.3092892066788446
-0.009655580390120688,0.015293389145228896,-0.007575202265118775,4.913753300580629E-4,0.6231180972667697,2.169069500352459,0.8820263947244652,-0.12133591568574746
-0.006148146321501841,0.01458130733195952,-0.004785964744032243,0.004080754836280737,0.29114319641716996,1.6881632595105736,-0.45419760951335436,-0.3084888654484988
-0.005883472317414608,0.014486516096933985,-0.004489817045053175,0.004203411088364651,0.24635704541006082,1.578944186463459,-0.4946654889901744,-0.2797839407219865
-0.006326007673662305,0.014821447295093746,-0.004863653948205372,0.003754514049840254,0.28426887298560327,1.7204068364701597,-0.34677426397434424,-0.3516039008960001
-0.006811687499343182,0.015020649605615005,-0.00531896026962765,0.003395476007845662,0.34949911955659124,1.8687573756335916,-0.21486321038399803,-0.3916238923711654
-0.006621403865099896,0.014904650687894302,-0.0051775204503887486,0.003596802212584128,0.3105384745349053,1.8282853375372485,-0.28562180615900823,-0.37509372195104035
-0.003558737907266289,0.01328670477437536,-0.0020713720356857267,0.004791060912596423,0.05467500193620318,0.6280975225794957,-0.5395528021711377,-0.024816659699828086
-0.002287421138667647,0.013109833352772788,-0.0011646146255443084,0.004499062454221304,0.0018395814728224666,0.3539581565396345,-0.3319444587915093,-0.07092250858228431
-6.871953895836089E-4,0.01271883166702626,-2.9443773402639613E-4,0.004406205258581128,-0.023548609591834177,0.15716669067121306,-0.09444404682147385,-0.09096349874027522
-0.005260397220431527,0.01397136613144018,-0.003839294561193997,0.00474554064344622,0.17923311751178828,1.3105468723075866,-0.6437575601743494,-0.14871125892202222
-0.0055509870625239256,0.014445655631746171,-0.004093088579337757,0.004217801736425626,0.23572191449180166,1.422229967438727,-0.49345977402749236,-0.25879624211089364
-0.004394359781245816,0.01391869618254868,-0.00289256761594545,0.004515000909090259,0.13789407990077354,0.9616651195827722,-0.5313271296643531,-0.15096845383058213
0.002480749586892663,0.01563496320001606,0.0013823884259251808,0.002942426956161996,0.07710138095881051,0.7525769621684902,0.11116032236761299,-0.32857984391193923
9.041658411174498E-4,0.014257391732190091,4.8310963753733126E-4,0.0036338918842723856,-0.009062672155380284,0.4230677669216397,0.08052695539177447,-0.26701409724055475
0.00873907982383047,0.021624213258353432,0.0016849080921853793,1.0421937905137571E-4,0.11261187776749051,0.20829573951886898,-0.23712408602012605,-0.07429160428444696
0.006610484818756423,0.01949013510788292,0.002343691162266462,7.213791626865377E-4,0.15743335470582978,0.5755722541578551,-0.22235906595030172,-0.21949525811051207
0.0033753838455800166,0.01725000012006321,0.0016734768396550312,0.0020322309511543162,0.16659352555714768,0.8655633304521714,-0.008210100197996548,-0.3244883829634934
0.004682075036089655,0.018823382384265615,0.001921380952525136,0.0012039905618647874,0.1844792652879878,0.7026912971939021,-0.1223765858812508,-0.27206629500859003
-0.006789703249636108,0.005995072308036847,0.006260236509433473,0.005014883466231011,0.5058176852341406,0.19243635504744264,1.1478872754817655,1.7201119339353304
-0.006812880963004882,0.006147433031857423,0.006419683995175974,0.005307066311717398,0.49807913176562163,0.2011682506967956,1.1818292057120032,1.8524096414567435
-0.006935465283302502,0.0060492245102820915,0.006574448640991747,0.00511395579866802,0.8811731572957219,0.27235297272223086,1.222232801543663,1.7672921281953942
-0.006429078181150828,0.006314171064081366,0.0057581642072936845,0.0055768649702953805,0.5763677496521176,-0.0026887298069324782,1.006674235272645,1.956960988850094
-0.006577264761224859,0.0063551565897494505,0.0060664096991605515,0.005707425865759237,0.8630035238967574,0.06457845299239884,1.0825922221741897,2.0177209843363264
-0.006693441434347547,0.00624944398096624,0.006249912081131888,0.00550575543051324,0.5338906619899795,0.1318875282614253,1.1354241917513825,1.9345891122881624
-0.006535884223143604,0.00619401257366506,0.005907973133515745,0.005373932590455981,0.5525621372787547,0.0544264081426064,1.0517313725946638,1.872650907435187
-0.006655470406123479,0.006097369815100203,0.006078132960315684,0.005206391273654344,0.5798607253150588,0.11803127268070078,1.0994836133699095,1.8021809055379843
0.0018797410515292551,0.01036508444405744,1.580212606570904E-4,0.005372035240810437,0.05913186198417648,-0.10695054877246649,0.32948696742632905,0.5193287136392327
0.002114465760085032,0.009260486957384776,-2.9375485548276397E-4,0.005430545245335351,0.1732046736984591,-0.2059045624846459,0.3141438455582602,0.8342023805548129
-0.0028407255455780763,0.009432374961554888,3.50440787629666E-4,0.005834181724940272,0.18586535624516906,-0.18961346138383647,-0.4431245526899586,1.020817055223439
-0.0031208550188307725,0.008827760346007723,8.061449796752607E-4,0.005851561878509756,0.29104330978677084,-0.2594809368009811,-0.38928155896680716,1.2406995291914755
-3.819028272133643E-4,0.010673154272606282,-5.1664210832528714E-5,0.005008560454596155,-0.01663921826277025,-0.1307726422528269,-0.06392846486723243,0.2975704327152116
-0.001751252102630227,0.009859260532802524,3.663276766532333E-5,0.005349592158839144,0.09345718412969851,-0.15705251249861465,-0.29351496421503165,0.6389119798548676
-0.0056026258251245424,0.00669244205452621,0.004359082194254477,0.005811019671146038,0.5896397286987608,-0.30115506185063307,0.5355856417873257,2.0185984289548053
-0.006141359007264387,0.006364436523806688,0.005247034627230209,0.00556702645448713,0.5775199036294442,-0.12785195346371678,0.835873397580504,1.9546898292026198
-0.006278457306763372,0.006283922607979754,0.005469873135391499,0.0054757801596242855,0.5734465315240891,-0.06910761843464694,0.9088585085605183,1.918533211897513
-0.005791696684299163,0.0065145341806936916,0.004671637684938363,0.0056465797824241945,0.5755704637602815,-0.24586633933572283,0.6431995875953724,1.9711942354529837
-0.005937770843931038,0.006299115610130669,0.004894639955716428,0.005371983124916654,0.5397771925712208,-0.19067301698992514,0.718802452013155,1.8715905107158213
-0.005005220907399389,0.007094540937573484,0.0034019643472930077,0.005934368442134978,0.5534201505058373,-0.39585258645645705,0.2152092038448361,1.969175506177839
-0.005170154729647644,0.006872346070635341,0.003696304496761862,0.005769601710642326,0.5494244863269252,-0.3731954376600966,0.31675123384136145,1.9452643763142967
-0.005352048802589434,0.006666949141095842,0.003996008927595877,0.00561164746575825,0.5379173093108928,-0.340050806729202,0.4202546446584687,1.9161254272228987
-0.003199709644049601,0.008199116218251867,0.0012286072930972507,0.0056139411845401955,0.28820240400223734,-0.31944498223212897,-0.2898659701252995,1.3409847366103183
-0.004307067595296224,0.007766821788826964,0.002275524729166144,0.006087857329664058,0.480325552125812,-0.3967226538409126,-0.13189501149259522,1.8129943265328838
-0.00465207222750668,0.00738059677644585,0.002850304588744406,0.005987280152219498,0.5151300614753813,-0.41015494116916135,0.039822724487959184,1.900881795843691
-0.004538194268506014,0.007591027368261824,0.0026070943896169033,0.006114875030317569,0.5282969746710359,-0.40797170236801233,-0.03864223174789136,1.8974199564544605
-0.003949198233860696,0.007744228156603927,0.001986537964339337,0.005798699421080089,0.4112874386365852,-0.37918216191331405,-0.16652080511155856,1.6413011917276334
-0.0035360029552956524,0.007815749386649584,0.001642676901077908,0.0055808449036089235,0.3421617654178654,-0.3580288909064329,-0.2145523772971482,1.4787056829195349
-0.0046653488528755685,0.007080713097701959,0.0030070493036091547,0.005671252645167297,0.4937608375968732,-0.4053136080033859,0.10868476116719265,1.8229705835203351
0.004883361233661013,0.004934221090356026,-0.003492076265051576,0.00349723465168022,0.25787036134074853,-0.32878185279941247,-0.30182395517927324,1.1936565706005124
0.003821182043612584,0.005873963903259415,-0.002504682738501762,0.004152811285182801,0.2851371403144723,-0.38282587484642294,-0.07572212998213419,1.3357676304230655
0.004410780881127217,0.005378078602808246,-0.003065468893050684,0.003842360519229062,0.27856067412270025,-0.367141577968584,-0.2003592441284861,1.2905097841079949
0.0023213923365093545,0.008396968172683428,-7.388075208310624E-4,0.005268591355911409,0.17936168714264913,-0.27412087747290986,0.26466081335193,1.030935233760584
0.002630515814201614,0.007703986637569277,-0.0011438762805299385,0.005069483130902675,0.252674260461097,-0.3213502872567013,0.20552147004573929,1.1798602690459659
0.00312720330057682,0.006368597018530041,-0.001865297761059148,0.004364996764037687,0.265875995704788,-0.3726608132760094,0.045734971368853954,1.2822260942862214
0.002682000196790093,0.006997650925324276,-0.0014119032240015067,0.004671651292951478,0.2314399992549467,-0.34880925190040996,0.12764933067656217,1.2200598348348741
-0.007189583730102231,-0.005864596707708679,0.006892191786929053,-0.004676869638140369,0.48627706633646844,0.4201914445137329,-1.2926319719545756,1.5865767038915077
-0.007032762724404436,-0.005774106844558347,0.006520020651826997,-0.004574788065693129,0.5105440098963913,0.3266231508357358,-1.204613283991023,1.5319464214223875
-0.006719874289809041,-0.005778447210853851,0.005992453534974397,-0.004644539905214591,0.48460150035214505,0.14338434988988089,-1.0491793136967988,1.5764556980791011
-0.006863705919609776,-0.0056782771853532,0.006159125603591509,-0.004457488736179801,0.46822920949215413,0.21434914498916272,-1.0897498928860676,1.4976210214423646
-0.006522394223456212,-0.005683350212678417,0.005620657598515616,-0.004504784704455366,0.4466282905201479,0.04376047127282023,-0.9321168917720527,1.5266169285965991
-0.007320868219171371,-0.005778358980093877,0.007038858260290712,-0.004453302780914259,0.31266289923505,0.4998093130387453,-1.319705646362838,1.4968419462652778
-0.007169695652345243,-0.005689091210149395,0.0066752713115026535,-0.004379616075154504,0.5213152133438129,0.4029767291035569,-1.2353969103747042,1.4493852090288586
-0.007311105399043539,-0.005621249716235477,0.006840982910029546,-0.004197981346326284,0.514574889213146,0.4840540020923852,-1.2668843190472907,1.3745304515862002
-0.00745479580756053,-0.005696288158021204,0.007169587088807685,-0.004239691455628517,0.565863730404515,0.5794996779077729,-1.3396153437217209,1.4081836679230832
-0.007591233601480755,-0.005618465515670953,0.0072974662862331985,-0.004015299950139429,0.6192920256529483,0.6614604353476184,-1.355296055042605,1.3154073704844205
-0.007461266888219312,-0.005530453428817419,0.006982000360043129,-0.003963120816190925,0.4598950471515941,0.5696876519661656,-1.2872000022887693,1.276800131921117
0.01513300911614629,-0.010079999899604238,1.2474221217695502E-4,0.00799560811058399,0.735065890855017,-0.041509889906381554,-0.996806875657631,2.1919880223426023
0.01499753324023817,-0.010157039844353498,2.662756368653084E-4,0.00832495764187107,0.7556060049438506,-0.043731674372358253,-1.0039022593875486,2.327279128773387
0.015124331899636015,-0.010243671918114114,3.8025777880511903E-4,0.007996244639455571,0.7428537494056496,-0.10245070983109379,-0.9255081325061026,2.2577727392700275
0.014990136311907442,-0.010313910160050259,5.295109273568946E-4,0.008312392266654053,0.6454075079555786,-0.10395372138063584,-0.9261167962394522,2.388753036509757
0.015105369381333944,-0.01040417757506099,6.337368060896935E-4,0.008000515793880121,0.7525700860967514,-0.15731420642578564,-0.8521463939138151,2.322621459668263
0.014977816440745884,-0.010470471553061363,7.832518436970973E-4,0.008292353304580224,0.8260888303330014,-0.15812157207729036,-0.845645275118864,2.444610615089845
0.015091555432132983,-0.010560231037466087,8.781040458521286E-4,0.007975512000906014,0.6990741293892909,-0.20791640915843615,-0.7741568012843537,2.3741532539676915
0.014960584488801503,-0.010626579228399678,0.0010380445166166808,0.008264243369495411,0.9733133675296357,-0.20811963485741025,-0.7616056533143674,2.4938996588516504
0.015080164585080666,-0.010722953181309926,0.0011278999691789954,0.007923170574087588,0.7175731412515268,-0.2552328014941207,-0.6904641216269177,2.416058326521218
0.014938455742167744,-0.010782083680081914,0.001304910629277091,0.008226311909819893,0.7214811928010745,-0.2545523975372534,-0.6734142637726585,2.540124745361243
0.015050019073263489,-0.010882050691473131,0.0013789462957455605,0.007894322189198812,0.7524638987426188,-0.29533712614325824,-0.606705699362247,2.462828510106997
0.014911450597951648,-0.010936831374304052,0.001559351593455879,0.008181990296738339,0.8128105272565459,-0.29378948078856887,-0.5846812980096582,2.5819296160193987
0.014455032777517945,-0.0122699521913998,0.0037746643386644334,0.007424737104107755,1.0196729357772223,-0.385671366170009,0.28061699664504575,2.6888755637708557
0.01460739069783848,-0.012267236545305432,0.0035266782655693544,0.007167436453754404,0.7150226095224861,-0.40651429137811096,0.23084515665179017,2.577730658839529
0.01452413555302291,-0.012128895840071584,0.0035434710893875072,0.007537973893100301,0.9122012966456176,-0.3999319803197461,0.18302557713362755,2.7033308616324763
0.01506655356413843,-0.008360650379485976,-0.002321264525297509,0.007181866594657944,0.6545794045528783,0.7722565647087855,-1.3882580034631413,1.210682593669179
0.01505487629356898,-0.008531579344729496,-0.002143316749575332,0.007382262174796752,0.6778358935546508,0.6980455788676775,-1.3975391574149585,1.3373638009213962
0.015150386021953406,-0.008680338213150672,-0.0018771879245767602,0.007333983496183271,0.6615305770018342,0.6017068442257099,-1.3531046563862725,1.3876657503787075
0.015209953583525145,-0.008859967754735841,-0.0016088623279567474,0.007362087430589143,0.6522587540330606,0.5052844054764173,-1.3148334106724855,1.469671747349963
0.015253470443570508,-0.01001253391172556,1.823831913067214E-5,0.0077216906366319085,0.6657350593936504,-0.008584468971522085,-1.0032862322296983,2.0561342367012636
0.015303815077641223,-0.009867401404797664,-1.892680347566648E-4,0.007602721748028388,0.6450900662732272,0.04851151417502261,-1.0460838021121661,1.953351249509675
0.015228512318625782,-0.009347351956998418,-9.50541832301339E-4,0.0076236156263140755,0.6661259840826866,0.27560321821501754,-1.2240274586657764,1.7542046391561434
0.01523536283336329,-0.00903690811590718,-0.0013662551120659624,0.007435199085689932,0.6471851853108843,0.4187582011321032,-1.2825065603668875,1.5646391516281006
0.015238910054630626,-0.009201629538877097,-0.0011456304687973483,0.00752721999744066,0.6498168362987852,0.3420494174892785,-1.2524519153381668,1.6616239926294138
0.015312439001205736,-0.009698039013396362,-4.2829363126245605E-4,0.007557708345240673,0.6501576720120892,0.11671280647891692,-1.1000457286263001,1.870641318996025
0.015306145117262547,-0.009496137133163144,-7.120226352059657E-4,0.007515154778465352,0.6507873620393044,0.2023816877721263,-1.1604021773087911,1.7761941498808689
0.015234855372408682,-0.008243967068627539,-0.0022623251561694584,0.006760700336921876,0.5996670167008543,0.7616024346697498,-1.3086563972676453,1.0550500130119476
0.01500807007961965,-0.007187020279544025,-0.0032686072151197113,0.005825253557133289,0.5690018522261124,1.1803439126046893,-1.1769792947943243,0.47036529012945527
0.015419190633612757,-0.008063642334712653,-0.0022366851837098897,0.0062889369686870015,0.5293778821144537,0.7593774955987113,-1.215444963247468,0.8721805634437308
0.015353716494630123,-0.00784404298050485,-0.0024709178951525987,0.006162682054461626,0.5314598044850087,0.8536378098428393,-1.2105257790731005,0.7667961928097827
0.015271887698786008,-0.007619443375781518,-0.002712797109997878,0.006029276890832331,0.5357536971227184,0.9524982008415913,-1.199250666118523,0.6607079098934553
0.015136468098956768,-0.007399259144577262,-0.0030015895510890124,0.005941849214054374,0.5585813781185699,1.0701264160596795,-1.1947394103468179,0.5662098645371315
0.021555385550700034,0.009103876147640678,-7.011674686343053E-5,-0.001724729196240362,-0.009953119303634258,0.0166781234726814,0.27536672935266565,0.1148875922799083
0.01902097973723852,0.007121291153844422,-7.463985743191658E-4,-0.0026999214240989024,0.0393379133066404,0.2671648593153017,0.4211418871255391,0.03310265064924922
0.017037230330430288,0.005908917958626744,-0.0018628795495326965,-0.003218092363253558,0.15966749150310702,0.6541117531953785,0.5129717510138797,-0.07734534999767591
0.014543653806296363,0.0037311879418067692,-0.003808626341922878,-0.0023098862349396235,0.28733261670843957,1.1375797755994819,0.21289496005430353,-0.33843107434843067
0.01623266921787063,0.004210988008218763,-0.00260266941149213,-0.002425864022116271,0.17194099795561368,0.852580322872137,0.3199571443592275,-0.2635714568029241
0.014194085652334076,0.0023444902432888793,-0.003845171221295106,-0.0013321598700350777,0.21466323039794305,1.0043724683789688,0.041203495721388275,-0.3421470117618392
0.012199219582271437,3.9437862046250887E-4,-0.004619421370293464,-1.5197614266955123E-4,0.1463277978126721,0.7325335305483043,-0.024681558948468203,-0.2898731491148249
0.01068365895188402,-6.683360199168674E-4,-0.005031328471347903,8.092549598817007E-5,0.10094512223575973,0.5605500105658275,0.08869720355522236,-0.23127992043684012
0.012323303854898998,-0.001621500844401013,-0.004739744388952493,6.635545488949886E-4,0.19778741637458938,0.8852882804028025,0.10216654336018895,-0.31058300437906095
0.01435601981592106,9.583824280540798E-4,-0.0036214354421701925,-5.189891824481948E-4,0.15992483047838954,0.8274527462553679,0.010658790862681624,-0.3225931520064196
0.013851391619560042,-0.0046045346481647,-0.004632563343259426,0.003093783040491979,0.4821475304058879,1.5270056434899593,-0.34196873601669914,-0.3263356411852194
0.013570176619107897,-0.00405801595720404,-0.004721225058777412,0.002530979757282461,0.4255678114072183,1.44921084862526,-0.1861784700190112,-0.363436632649331
0.013077694415981337,-0.0030836217458867113,-0.004768138887579079,0.0016539533733263571,0.30446090669613385,1.2354777965862713,0.02231555990744738,-0.3664139725423684
0.014061799949082812,-0.0050847043856560165,-0.0045444139324175665,0.0036173518268824453,0.5021483937919329,1.5619780558916183,-0.493178875790365,-0.2695351705893933
0.014169707890522375,-0.005559458602334466,-0.004538719454865447,0.004177775746790732,0.5704755706154446,1.6225156443920887,-0.6826475420178347,-0.16814063171804297
0.014395157879460965,-0.005906301828865009,-0.004295084033456114,0.004559589268395615,0.561556748923941,1.5611466661138704,-0.8086945186559297,-0.06657091606720666
0.014536209747152681,-0.006488352012765212,-0.004112656786508038,0.0052938713104406865,0.622914474379154,1.525712967735319,-1.0379006840245386,0.15097199791542038
0.014458684544060588,-0.006241144237086769,-0.004233216595346408,0.004990684444626588,0.6096345097561447,1.5617248162075705,-0.9487219643857161,0.052992771954936256
0.014884811711163237,-0.00690866216587063,-0.0035372637646409063,0.005585714369487272,0.5772915466502723,1.293158943903193,-1.1215339335429686,0.33665427524613906
0.01477435534482325,-0.0066474757536301434,-0.003754014870263444,0.0053314367416153205,0.5707539569270702,1.3831233437231385,-1.0547564894336723,0.2182559186176574
0.013981386228482584,-0.0023139711016621706,-0.00397773720086827,0.0012838959333822792,0.22705090472815712,0.9851878243511092,-0.024734964900522054,-0.33970933804269937
0.025,0.007110403506374492,0,0,-0.19531770814184798,0.013284384678365816,0.24241743650548328,0.10664347982432616
0.014381534484329045,-0.012408766398519247,0.004018629482741117,0.007295604992873683,0.6205550953903983,-0.3656739197282459,0.37852198366252393,2.6680583089779426
0.014549676917645318,-0.01240993947203243,0.0037232799110111354,0.007030419062948695,0.7414412912007707,-0.39111608022210936,0.31637967452646526,2.550034972158505
0.014460272179321105,-0.012543117175627847,0.003956265682270748,0.006939347471928884,0.7663953036417831,-0.36764709996337336,0.40890749240043806,2.539612051264925
0.0143037118419788,-0.012545204192439473,0.004237447305729652,0.007170844534220168,0.8963786782802979,-0.33899124567907024,0.47125395737267234,2.6435911787654947
-0.006147433031857423,-0.006812880963004882,0.00530711873299537,-0.006419576108179812,0.8547294498827475,-0.17097601792443617,-0.8278407164286513,2.3006983868044526
-0.006089563971336518,-0.006657081650961865,0.0051896470513501,-0.006071238059025877,0.6673214944810554,-0.17022939803568468,-0.8188154302746858,2.1511454911786188
-0.0060492245102820915,-0.006935465283302502,0.005108979789022145,-0.006578468583081572,0.6952791335598419,-0.22002493907741358,-0.7534040411296612,2.359876081172043
-0.0059947992200136005,-0.0067828535190520905,0.005011715814864145,-0.006240036717048605,0.6804291707697078,-0.2142774545115709,-0.7552965644776415,2.213209893598609
-0.00577835898009388,-0.0073208682191713715,0.004464515791648274,-0.0070316414082663035,0.823749158462269,-0.33576500079361765,-0.5078713860383115,2.492763128461228
-0.005678076549693716,-0.007165884881394296,0.0043547106955275855,-0.006643709604440808,0.7458568127021535,-0.3350852104941137,-0.5150788322959768,2.3384334289818187
-0.0058645967077086796,-0.00718958373010223,0.0046870272524481985,-0.0068853076590272,0.7334389090816189,-0.3030583051744169,-0.5934529581092028,2.454771792091471
-0.005778225255291921,-0.007033442167967815,0.004574781956586257,-0.0065122381026544,0.7495258812425999,-0.3003829761619677,-0.5966822478174896,2.301392820582684
-0.005954915005069573,-0.00706107377027107,0.004904749263679227,-0.006732045138331775,0.6082526625752043,-0.26422023613084894,-0.6762666820759865,2.4105253130404978
-0.005882508104647211,-0.006917872808798369,0.004788667865583841,-0.006398218747515062,0.7455107766664332,-0.262050200176388,-0.673757322167492,2.267551936285283
-0.006392574931407119,-0.005831363611834969,0.005489823999689045,-0.004733530237535751,0.4703709643534733,-0.010272460905334962,-0.9003445576642687,1.6206298303602076
-0.0062974514802624955,-0.0060143610873933245,0.005410978592156283,-0.005016623001630016,0.50718789819271,-0.05126040957404082,-0.882331350897248,1.7342565187015817
-0.0060226380062776514,-0.00648859699163068,0.005057375036220315,-0.005728292132321912,0.5978575630148882,-0.17723520663412695,-0.772922803227476,2.0142694484864765
-0.006100665689899404,-0.00605650661529791,0.005107649998696152,-0.00504021399739813,0.49669961379364685,-0.12642576257451207,-0.786623465902194,1.7448446918256804
-0.00599498328057514,-0.006259295924921614,0.004980876655873926,-0.005330388365136703,0.5381731192023778,-0.17094610363770493,-0.7476011489434333,1.8564976113145641
-0.0056962881580212045,-0.007454795807560529,0.004238004845676411,-0.0071704290973350045,0.8918666514173718,-0.3625011581647864,-0.42013073879671753,2.524265949531794
-0.005586970407384849,-0.007305519713535637,0.004137994782198384,-0.006780086608259739,0.7492309131752907,-0.3642902066761074,-0.4320605190282231,2.373384774804764
-0.005618465515670955,-0.007591233601480753,0.004006190505407988,-0.007302473540355764,0.9847383152990733,-0.38348945142573343,-0.3302097175154062,2.5501957434269924
-0.005505678139737084,-0.007448400576789083,0.003925494925770123,-0.006916802809198372,0.7512536886217839,-0.38761706149032543,-0.34873421645020347,2.4041080259926892
-0.005544967222482057,-0.007730047808600201,0.003771256966795798,-0.007426675243069991,1.1200033991640788,-0.3990433245461244,-0.23847853480475226,2.57152916495384
-0.005437450444831835,-0.007593270045142688,0.0037213753172707265,-0.007057370232233792,0.7468162258183391,-0.40480307124663145,-0.2667028017551994,2.432169170479893
-0.005475864446977091,-0.007871104159928416,0.00354621323389667,-0.007536806616691722,0.9063342789947697,-0.41013092579202465,-0.14662925795794748,2.5836605723711683
-0.005385859526044222,-0.007734510890978184,0.0035330481866578628,-0.007199555328560435,0.7747830255117877,-0.4157597271406153,-0.18892945260404412,2.459504711399702
-0.005411225499911389,-0.008014263716568458,0.003316890228629067,-0.007640422060543126,0.7271049800917954,-0.41657801010459555,-0.0547750393229224,2.5859584842726515
-0.0053147020614375574,-0.00788586284150429,0.0032983811001893112,-0.007315785570116429,0.8471241510966668,-0.42360058322384564,-0.09627757854309126,2.468032544911211
-0.0053511157673393935,-0.008159381790995318,0.0030728848740989596,-0.007741674228054459,0.8215034675072145,-0.4160650086728457,0.038984719464907926,2.57950692508991
-0.0052380054486688005,-0.0080250642635753,0.0030620297994188614,-0.007392080349690731,0.8475930889201494,-0.4259473865942422,-0.009418756798004366,2.457505569508912
0.007505434153896346,0.0036771164104798353,-0.0054719418739178766,0.0019174190519608263,0.19351429115025376,0.22659384530735602,-0.6787107675418117,0.5100291369942777
0.008019016941066645,0.003147571085386635,-0.005494149661414614,0.0013205717072788076,0.16957599752799649,0.3058032102231038,-0.5883796948540899,0.2810987050729841
0.008542338573624802,0.002596338784479047,-0.005449048095249907,7.993483253846093E-4,0.13360322502861635,0.38105739155347634,-0.47941137750268925,0.09640922259387175
0.005360359612150855,0.004655259163949866,-0.003909217055812279,0.003261690139879273,0.23858070317140725,-0.27105526330421353,-0.4007388213308623,1.1042809703759084
0.005797201108025779,0.004567936114301311,-0.004313430908085383,0.003172528749804706,0.24634021692286395,-0.19685335214484914,-0.501882232294272,1.0533561224484287
0.006059500943494178,0.004238988625718388,-0.004474665585349118,0.002829836653060042,0.2016295200476855,-0.14695627756213503,-0.5240539595155579,0.9219205515731392
0.006890246473005715,0.0037971426223246674,-0.005045322176111578,0.002251063020046035,0.1738637786134005,0.04343886875771851,-0.6146863080140378,0.661946308587983
0.006502750171760606,0.004119657167414191,-0.0048420179102073,0.0026434845976775778,0.21166408794969865,-0.04330320873232565,-0.6015669391739937,0.8247627462119727
0.004713608965442736,0.004259983809733722,-0.003281062679280803,0.0028913147715393804,0.19738175346461137,-0.3287781103595346,-0.251071084290083,1.0367952485610343
0.0062277098531880746,-0.0056392226780246045,-0.0051636337392747525,-0.004434438583782525,0.41848593626147906,-0.07519497833955419,0.7903519947189678,1.5038688291136018
0.006334607817061325,-0.005142374473799442,-0.0051039636311275,-0.003772036000699757,0.33577267268307526,-0.04317261925854732,0.7513619958461604,1.2460624158495
0.0061826002355386735,-0.005366525933753091,-0.005000189064537023,-0.004062416700411511,0.3664272628188175,-0.0886304344109521,0.7330500710419038,1.3614518208831317
0.008945666172387703,0.0016795477968800038,-0.005181922883360446,3.650435051836114E-4,0.08055824633790996,0.31144193930362946,-0.2872106699443649,-0.03818062992387966
0.007888671252090222,-0.003500156800309484,-0.00563626086887035,-0.001602173323800199,0.18867829539397826,0.33342230551322716,0.6747692881247672,0.3866831045656329
0.009363631677635646,-0.001590259189147469,-0.005237244423791357,-2.134945708491003E-4,0.09487002196050319,0.4097894062897325,0.26917865809653124,-0.10156920719343174
0.009123996263654996,9.388251403583195E-5,-0.004956344681857759,1.5483689224443374E-5,0.0515186042170069,0.24656161541012664,-0.019887647950107477,-0.10580986669238944
0.008249145515402751,-0.002180639357331774,-0.005140587904409411,-7.576443489092536E-4,0.09929129989308877,0.21349411169084034,0.37853685719860547,0.10837772629047582
0.007804752031277425,-0.0028049325135211384,-0.005203398349553093,-0.0012199527895595437,0.11845817028124542,0.1895788413110383,0.49441720358605645,0.26864772363699746
0.0073162339271757235,-0.0038055529709825724,-0.00539961486082069,-0.002107098742830155,0.20504916178167001,0.1828970924428902,0.6873210114771514,0.5861098993218102
0.006958130113008847,-0.004352252146188052,-0.0053933695031229845,-0.0027397107359958166,0.248022003785829,0.12175755555355304,0.7531494803210917,0.8261634004678768
0.006582251034182804,-0.004614875958963559,-0.005144905222585932,-0.0031217190807773854,0.27229192332276736,0.013542755839254248,0.7168090576166619,0.9848651320416655
0.006223176224430818,-0.00475133688488141,-0.004817461613111492,-0.0033285051780684066,0.2712796987710617,-0.0898461405454999,0.6422629982070357,1.0792819422841602
0.0058224558251077805,-0.0064005323392099115,-0.0047192047340886755,-0.005480801190310005,0.5490783136357978,-0.2286490165111553,0.6608024157954598,1.9071013008556574
0.005687141962453003,-0.0065554313148577445,-0.004505276896655884,-0.005651059783932678,0.5669262018547702,-0.27334103943390003,0.5869013471001311,1.9643480905253623
0.0057695551629282655,-0.006205332251449705,-0.00462580595787631,-0.005159223090049874,0.49854981251591657,-0.23094672328865165,0.6308225560768956,1.7799833146975892
0.005856037355824978,-0.006022302533420326,-0.004730374799942935,-0.004921084197404343,0.46990038993586863,-0.19975175838428885,0.6642904955324899,1.6913379094845384
0.006023289880997278,-0.005814794605478705,-0.0049280508560847055,-0.004661094549490453,0.4349895696611346,-0.14467752507068113,0.7233887846128737,1.5929622449299303
0.005606699390738257,-0.0069967081578995475,-0.004296568022960843,-0.006295253891660901,0.670547501169051,-0.3293005652471395,0.49951246659716436,2.20012237621283
0.005578651042067744,-0.006767220860416399,-0.004309167449338,-0.005909727243355402,0.6057013383809399,-0.3124620547490942,0.5152509102626875,2.0514469073163
0.005475864446977092,-0.007871104159928418,-0.0035472971505917127,-0.007536084359581449,0.8473794493724857,-0.4080754764202981,0.14632105407737633,2.582174416420183
0.005377135560020511,-0.0077453852626355795,-0.0035124556015195397,-0.0072038455474292456,0.8021844275843794,-0.4175736666472268,0.1817620874768675,2.4588508788350825
0.00541122549991139,-0.00801426371656846,-0.0033032467048256455,-0.007646271861682767,1.0595486182109926,-0.41279718087912415,0.05208044742625003,2.586184850457473
0.005255567785996024,-0.008029782907381494,-0.003080328707046005,-0.0074229936181341785,0.8136128543350257,-0.42610525293117724,0.013953414178278856,2.47121772049224
0.0053511157673393935,-0.008159381790995322,-0.0030705347393004223,-0.007742720287162211,0.8334365841678254,-0.4125491099436563,-0.04044152369002432,2.581365258884692
0.0053083273728855756,-0.007882224369460619,-0.0032946289929607422,-0.007302676006447067,0.8028944719701508,-0.42477646415214393,0.09831354012454076,2.462591448868705
0.0055108806739453745,-0.0071390266472522185,-0.004092360062427406,-0.006434993788413247,0.6910596133589363,-0.3574705986667181,0.4232351462894872,2.2366807297279876
0.005461644647632631,-0.007320144402316131,-0.003929280306863598,-0.006667048608820699,0.7271239345135391,-0.3790757954670113,0.35612974529787894,2.3075256296571554
0.0052916303105495985,-0.00761647499952386,-0.003489946127136133,-0.006911603898550775,0.7498903086936377,-0.41141314047502336,0.1880770895352426,2.3443672445385295
0.00531121645801425,-0.0074391842766572324,-0.00363695395642103,-0.006681488375803577,0.7104006931508103,-0.3995518204868729,0.25199560993589726,2.277729563886004
0.007110403506374536,0.025,0,0,0.2757531385376886,0.101403683859136,-0.23396898630580767,-0.005280238742732262
-0.009827452177374433,0.015308983004310326,-0.007572522006930866,2.4476053628453344E-4,0.6275988388247775,2.1034338486735717,0.9512874004383142,-0.06195710201590086
-0.010004592834504238,0.015309319697877405,-0.007583801375716014,-7.916235209578212E-6,0.6309680803494203,2.0401327816385346,1.0199931966580567,0.0028703850128180483
-0.010162250181389164,0.015271507705606636,-0.007660455943290923,-2.3695564893838912E-4,0.6395203839028187,2.0058280641214346,1.0852239716849241,0.06517216244742957
-0.01030986787176037,0.015305217790673202,-0.007561857284151957,-4.427800442582664E-4,0.6205124979518994,1.9104653491813064,1.1258665325973851,0.12610064995217482
-0.011090665429940793,0.014879595159429932,-0.008129568548999041,-0.0018127688267125883,0.636442997338285,1.7206150162430875,1.4612101687460661,0.5901713966757668
-0.01093683137430405,0.014911450597951645,-0.008180909562504094,-0.0015653742169637723,0.8766349579135465,1.8113865127319781,1.4241511354880936,0.5017508894434756
-0.011047325196289101,0.015026809901555045,-0.007822146633003029,-0.0016294190093153087,0.702032808489773,1.6795143819281748,1.3966847697815055,0.5025862615391762
-0.010782083680081914,0.014938455742167742,-0.008225170559519124,-0.001312607058726247,0.9549386545216484,1.8999096427540472,1.381110401418985,0.4133818771458071
-0.010877183991648425,0.015065866679164937,-0.007857816680683137,-0.001360572583817542,0.6534245191779694,1.7715240674009063,1.352178789268706,0.4069823819170622
-0.010626579228399676,0.0149605844888015,-0.008262961140887365,-0.0010477783996758374,0.8406486147252726,1.9859698911817907,1.3326168175197852,0.3266085104873822
-0.010725768630552546,0.015104854499275495,-0.007860564895389792,-0.001117475995273872,0.6586771661473964,1.8429542619075405,1.3051036059178303,0.3243256699915304
-0.010565520779188967,0.015130743278184955,-0.007877818709242708,-8.685950785819095E-4,0.6809815576792225,1.9204888880483384,1.254436849931092,0.24361217509012714
-0.010496678192749373,0.01530896440628532,-0.007503605909677317,-7.032367150648697E-4,0.6223131682455906,1.8145854314680214,1.1782180170723644,0.2053494852187396
-0.01240876639851925,0.014381534484329047,-0.007305422833491373,-0.004000979285628257,0.5457035136916837,0.8450565435179973,1.535573983728461,1.4556683296470299
-0.0122699521913998,0.014455032777517944,-0.007423560327852588,-0.0037774056063506543,0.7105043148693747,0.940835902904135,1.5511795949746963,1.3630267835592704
-0.012411369885155892,0.014544231326062366,-0.007036442496923172,-0.0037337450153239883,0.7296437993969862,0.8299396903896749,1.4797959911071201,1.3278349105012461
-0.012128895840071584,0.01452413555302291,-0.007535281283711277,-0.003549020127360093,0.8806400484412107,1.0385876984410234,1.5603481620056956,1.2657630366512895
-0.012254556577949665,0.014618673420283466,-0.0071694037311502415,-0.003499108346416257,0.6824152903397752,0.9346658954553693,1.4963285213665367,1.2283566702575597
-0.011985736283431542,0.014588774500088612,-0.007646442901131085,-0.0033026696061148456,0.6323392712615522,1.1378320543414076,1.563895643749581,1.16581446704383
-0.012119472437234187,0.014690704606557067,-0.007254368624353485,-0.0032772254058730833,0.6869118089496138,1.0203813364553638,1.5001034835306852,1.136800473368708
-0.011840618209004684,0.014648884232660605,-0.007744438510317195,-0.0030660296835354427,0.7697287644163932,1.236031476174694,1.5616053086255783,1.0694906222227614
-0.011971645029901355,0.014743533037021545,-0.007373453876118929,-0.0030637991536802485,0.7116826345895775,1.1177658944830229,1.5065921418347001,1.0507431907117828
-0.01124342629880737,0.014842921746160493,-0.008066261650142112,-0.002076317896357451,0.9270552755784546,1.6259531191425054,1.4935359841543636,0.6846726176168058
-0.011202976877598235,0.015001749061885417,-0.007747234946448863,-0.00186291598692118,0.6861993576463102,1.5859483164156478,1.4248965116108148,0.5852042999097794
-0.011351231442974202,0.014953355265686398,-0.007709857870666126,-0.0021028576669555803,0.675459180657714,1.504479450001929,1.4549600477395488,0.6738731806497981
-0.01139495244676372,0.014801469324203571,-0.007999011520861956,-0.002322202497621913,0.7448911509735127,1.5305314309745999,1.5197615824885142,0.778798122311619
-0.011693686304088876,0.014704405031812392,-0.007834743069922247,-0.0028269957878707254,0.9382936219843067,1.3340692588782048,1.5531505239895285,0.9718146393624322
-0.011813679299485699,0.014805744209747413,-0.007471657807073019,-0.0028187100804284108,0.6639622359163185,1.2199190701662364,1.5024814561257864,0.9508681850695283
-0.011545084353673888,0.014755282782341356,-0.007923455574980233,-0.0025678235924262247,0.6090055634655794,1.4336745319630548,1.5391817536238352,0.8724136104361854
-0.011514749901359287,0.014908231021836433,-0.007630878638558404,-0.00235496662670634,0.7196143678422214,1.40469487230357,1.4772197447751092,0.769842116149159
-0.011665493955794373,0.014871539528241412,-0.0075308571872307875,-0.0025738232492182778,0.6843127134058301,1.3082306654801759,1.487642167845334,0.8538188578084372
-0.007017539700509516,0.015182364668202697,-0.005412964105888579,0.0031269496001250885,0.34905869413557206,1.8855224949565292,-0.1214822199152918,-0.4051190816215464
-0.0072653485486359635,0.015228877817125282,-0.005652917244601776,0.002961971584910434,0.36956792519843307,1.9554150753126884,-0.05230871938582723,-0.4123704705227221
-0.007435176262539581,0.015288299338805655,-0.005779038035638741,0.0028023593175343156,0.4062002126264394,1.9831244775318155,0.0077449393159908135,-0.41398170275354734
-0.007664919307858418,0.015410306483827685,-0.005873671706417254,0.002533931020146566,0.39602934016166,1.9844433346685848,0.10370054824340427,-0.4092107227894881
-0.007993146882546355,0.015396706345492372,-0.00622506446799322,0.0023095447899877703,0.44357771073853286,2.077605583408928,0.20214959360469606,-0.400848172712527
-0.0093652783415077,0.015388425856190557,-0.00727331385831028,8.538606663156307E-4,0.578031564779356,2.148941281236737,0.750454577816424,-0.19982393049676728
-0.009535894563766146,0.015443827160446197,-0.007219908131292732,6.123354359602798E-4,0.5695780091503061,2.0683396639553178,0.8163472278057871,-0.14872532292030394
-0.009034726981748743,0.015446919301241903,-0.006989738655113886,0.0012337742378173888,0.5372654573803545,2.1376608098562326,0.6113435471317042,-0.2723195654904024
-0.009219646136079207,0.015487546477565612,-0.007009001571361477,9.916265696615066E-4,0.5410330497814714,2.086586030592375,0.6874340477367118,-0.22792353059705567
-0.008254019714833496,0.015541018438830458,-0.006250540839150547,0.001960558282308496,0.4441369002097679,2.0279531553062378,0.3234348317621261,-0.37200604105869967
-0.00855051233897845,0.015589213415540296,-0.006412679896773459,0.0016525226738940684,0.4666062290597144,2.0238808951966907,0.43509058010018936,-0.3366740847342374
-0.008840157093121428,0.015583121477700568,-0.0066211712367320805,0.001366466526494756,0.4897049735468185,2.0363385968285566,0.5426751149353343,-0.2949981100492807
-0.009722339265234749,0.015470095635086684,-0.0072105875321095345,3.6283264494947495E-4,0.5681157611388751,1.997460810069452,0.8865783986817674,-0.08975114499185556
-0.009605701198805425,0.015602242912769407,-0.0069224502740592945,4.8198479311798174E-4,0.5230429087626964,1.9199902908724547,0.827021544759738,-0.11835240019177462
-0.005829557350546579,0.014941847584524576,-0.004199235434859966,0.003659644734462158,0.2111846912095307,1.492262643675996,-0.3146415197615549,-0.347985091544964
-0.006523751077677609,0.015344035535346169,-0.0047228390460073225,0.003107082742007598,0.2868700822648464,1.6479105070144713,-0.13319286235002928,-0.3954364852645362
-0.0015412489723241486,0.01453474054666401,-8.397880649085677E-4,0.0035406238574576154,-3.9943627850780593E-4,0.5029031081212355,-0.1326962410760725,-0.2723708847073479
-0.003311353472291885,0.014678696654144832,-0.0019758848983412775,0.003655316702159021,0.06823417338157918,0.770845455485298,-0.26511221665095935,-0.2848277053077925
-0.004887331261513765,0.01482856985876167,-0.0032585977504082514,0.0037446116822903723,0.13674954454603686,1.164810287149132,-0.336879238236267,-0.3102258813049184
0.0011455666637836754,0.01675535357979908,5.738583567236238E-4,0.0022896049123688846,0.11874568105831092,0.7553969909963936,0.016902588197493938,-0.32136841477329475
-5.538382078891085E-4,0.016088589920083635,-2.9118442939344853E-4,0.0026302835700042575,0.10553604220257498,0.7117808580220388,-0.019429621802028927,-0.3237019433741521
0.004879201464255853,0.021633180771810454,0.0011350300987477931,3.563884834706243E-4,0.2426831415566317,0.3072123513052027,-0.1227676319308163,-0.17804640593520518
0.002394992890698175,0.01946280516649964,8.845659644503154E-4,0.0010726442878129057,0.21164596180487769,0.609243690788391,-0.05203750443911568,-0.2644029358117998
-0.00706107377027107,0.005954915005069573,0.006741293921097488,0.0048916642535954446,0.46268908962388694,0.34775388813652724,1.2600822395936138,1.6761815043813313
-0.006904862386382018,0.005878805467582114,0.0063830007217725625,0.0047889744175489725,0.48660842150696476,0.2556447476378066,1.1765090514129597,1.6241469507181778
-0.00718958373010223,0.0058645967077086796,0.006895235670558321,0.004672612020229722,0.2753438745648491,0.42458442179534533,1.2921798922562882,1.5888829625828176
-0.0070339418754224205,0.005795665933345538,0.0065399709968573735,0.004611135327993653,0.5550905689453448,0.32724380402267966,1.211696816157895,1.5485771878644472
-0.00718539509314137,0.0057151704091863344,0.006726041848031823,0.004415831822977848,0.4915392940535738,0.4144989253262101,1.2507262602604745,1.4663323475189347
-0.0073208682191713715,0.00577835898009388,0.007028656379096893,0.004469408695013862,0.7976229510969194,0.5022260859694233,1.316762353647326,1.500848244680295
-0.007454795807560529,0.0056962881580212045,0.007170279696803745,0.004238268679289908,0.41378307783106755,0.5830472716466574,1.3377943835303556,1.4065184269424738
-0.007591233601480753,0.005618465515670955,0.0072961206571477,0.004017772418809014,0.6844720307470199,0.6633612045226971,1.3534127123592612,1.3162462494951483
-0.007450090969450932,0.00554249473453348,0.006978679869058151,0.003988367699897823,0.47298932151610734,0.5634487780463537,1.28959933597618,1.2903134738386595
-0.007314520549930044,0.0056150028840000355,0.0068408198731992045,0.004185543229009491,0.4667185642017588,0.4852949211476974,1.2680205450805546,1.3707944082086365
-0.006745391319852894,0.005814393030190872,0.006058693879154648,0.00470244499423638,0.4989775044657514,0.15822849517007898,1.0733107771650563,1.600087554552913
-0.006650745525586987,0.005957715601436971,0.00598622878701373,0.004954748891677498,0.5188787238325706,0.11284551786808113,1.0606526807256884,1.703201652146125
-0.006366385313005391,0.006134457559677873,0.005573854531536222,0.005235137223693894,0.5482410179876126,-0.025300364767755896,0.9394041489252928,1.8217953161587646
-0.00649594854638115,0.00601396624373448,0.005746946023485821,0.005044910157989801,0.5181638804901817,0.035248888609046354,0.9887638033578686,1.7440143498217011
9.63984800452413E-4,0.008890980614940947,-1.931434354970608E-4,0.005024748361457845,0.09036307971783389,-0.25133561380445496,0.13272887070985198,0.7311367124564229
-0.0022665191957745357,0.00856044631406477,6.506761806569257E-4,0.0053020808333553585,0.17858426600009977,-0.2669989103127386,-0.27568510263007845,0.998435739406679
-7.658350183174566E-4,0.008812977976989975,1.6934153469641758E-4,0.004972472797499284,0.09510308244636446,-0.2488805547565953,-0.10222247323998775,0.6980855615379847
-0.0054929803448151475,0.00642152685482341,0.0042262853989417605,0.005347253007220079,0.5126024235146516,-0.3022176905615226,0.5015604143705127,1.8341760010714807
-0.006129280773608429,0.006144924353505776,0.005176113380558136,0.0051908225857049866,0.522443858337967,-0.12002370964476203,0.8097053179445844,1.8042660687868062
-0.005637367031341947,0.00620279535204319,0.004434430156462839,0.005103306423540816,0.47683610875964316,-0.26124288305663773,0.5713649432720443,1.752417548156498
-0.005829935584821185,0.006021497663416174,0.004692160708685781,0.004911310158054432,0.46176986121682334,-0.20603120586705734,0.6534705222697715,1.686425019143359
-0.004818868969091841,0.006760387601343497,0.003297855725666494,0.005404900177912775,0.46323685451610336,-0.39139383576085224,0.2069514304709692,1.7768643035895628
-0.005092805650190828,0.006620117824590584,0.0036623912006811506,0.00539543108027181,0.494345477180809,-0.3648153746688483,0.32344401819033347,1.8127550386153932
-0.005240479286512221,0.0064292908426789135,0.0038851735290330197,0.005229932063165372,0.47011495988306856,-0.3398705567486448,0.39635748310354074,1.7727227267375156
-0.0026519554251275093,0.007698499364298553,0.0011564434972229998,0.005077408494516419,0.2568064276705715,-0.3242937466891046,-0.20048104174513623,1.185697056508972
-0.0031726590703980203,0.007609901392152865,0.0015053529511688272,0.005249010368272326,0.2984719100968624,-0.3499160864501622,-0.1932801284294029,1.351775664428269
-0.004251761243465951,0.007310747847146329,0.0024835697498635794,0.0056281465623502286,0.43989543215360305,-0.40234323066862954,-0.033907679534373326,1.7097030358475886
-0.0035615488626699783,0.0072634393084599624,0.0019222882013950962,0.0051956458944427,0.3404116239361441,-0.377631737733288,-0.12017476433891448,1.4535995345072619
-0.004383927413545287,0.006680987466326427,0.002857060148228669,0.005091589204674688,0.39673472032279194,-0.3975248050929625,0.10087959026092597,1.621391452015929
-0.007730047808600201,0.005544967222482057,0.007420824832665499,0.0037823382238128343,0.5672137249313458,0.7458383480954343,1.3648888149359586,1.2232671626633513
-0.007587020626184382,0.00545569519693085,0.0070886642995383305,0.0037594976041806995,0.4383672054485583,0.6407565660450166,1.3000384579403101,1.1959427337481336
-0.007871104159928416,0.005475864446977091,0.007539260288828436,0.003540640311126861,0.3492806770094187,0.8300633503131764,1.3721003155878495,1.1319075686583246
-0.007726519878521793,0.005382179510399705,0.007201941020894735,0.0035418726939404413,0.4895010773865219,0.7186142456805994,1.3091081345422528,1.1103491577739184
-0.008014263716568458,0.005411225499911389,0.007641980071595201,0.0033130816375487025,0.7177218374141617,0.914206619635603,1.3739315406635602,1.0432756342714384
-0.007888590571217973,0.005319629183129847,0.007344304139601922,0.003310044285548983,0.4712663329641256,0.8137805013405927,1.3200654232584583,1.0206674063873482
-0.008159381790995318,0.0053511157673393935,0.007746040168893823,0.003061694590452824,0.423674849570207,1.0006889338378888,1.3711306285487348,0.9512093689426299
-0.008032075669999158,0.005244086531406569,0.007429094796314608,0.0030702002049944853,0.4697750459242322,0.8911355837836902,1.3150885291430614,0.9286471236539587
-0.008306313695911127,0.005295594968187608,0.00783814391965437,0.002817893591390284,0.4596707882656505,1.0866846780228923,1.3638790043589133,0.8639568408958068
-0.0081803853937702,0.005194507371418568,0.007537717542196628,0.0028517646329168814,0.5210620311139779,0.9765296334266705,1.3145636768520086,0.8487595274216103
-0.008454915646326116,0.005244717217658646,0.007919854759754453,0.0025791502160865437,0.742298520395963,1.1724858733686307,1.3514153094667016,0.7774592090115942
-0.008343899288793947,0.005142322583730135,0.007644381939149711,0.0026045112223219663,0.4907868011587934,1.0705662988436921,1.3074082896671622,0.759507055769869
0.0030130744785031747,0.005702869396823263,-0.0018897631462364783,0.003852423785160558,0.24621922743405814,-0.3705342677330298,0.006094488269652041,1.2148962583896528
0.004088090076672894,0.004576573571473604,-0.0027884365738584456,0.003115004726124663,0.21130902946470528,-0.3624240470964643,-0.157725396913352,1.1217051858070215
0.003492404943879132,0.005041719127105528,-0.0023132959540018254,0.003422242582800472,0.22419930328434887,-0.37332814518378304,-0.07037943683014374,1.1837756223877631
0.0016099621418025237,0.007402448670551948,-7.210898149853071E-4,0.0046255921747373405,0.17811706492804122,-0.31183792252290404,0.12857063498703714,1.008431248615978
0.002215046593082112,0.006100983608047943,-0.0012878492353099137,0.003991541110067255,0.22600242874181278,-0.3470419647675009,0.06806492953930497,1.1361296916274946
-0.007014175417026906,-0.005588590324248969,0.006330960752772753,-0.0042730756939641165,0.45547840340456575,0.2915038052330787,-1.1296202181940178,1.4195598863013306
-0.006677028791433201,-0.005573604286742847,0.0057946012819794016,-0.004324269466532083,0.43495267390121733,0.11100299126341633,-0.9761375314332982,1.4503589192667743
-0.006839138549753275,-0.005485290093692173,0.005981115368638612,-0.004161329410267777,0.4258642427910611,0.18541686936369003,-1.0221428723949704,1.3807848589273863
-0.006283309558880516,-0.005574807756022749,0.005217850447391391,-0.004344530246929815,0.4078596005193052,-0.055679542151965404,-0.804219122928712,1.4674307676385803
-0.0064709253621172995,-0.005446734111122629,0.00542386568371784,-0.004159875508476404,0.3961606092395422,0.014535172690155558,-0.859329543522959,1.3907262266877927
-0.007730047808600203,-0.005544967222482056,0.007424241904646716,-0.0037758072793002036,0.35990563631140277,0.745301420067115,-1.3667549373903765,1.2217778596221434
-0.00759509017032249,-0.005449032964677899,0.007092029983300027,-0.0037451246016906568,0.48107642962312763,0.643580198852611,-1.2978380445182414,1.1891462391241348
-0.007739153305349741,-0.005388921518463182,0.0072270949375429884,-0.0035413317062997023,0.49291054424319564,0.7273389176572335,-1.3125415682395216,1.1097866444546456
-0.007871104159928418,-0.005475864446977092,0.007535666492434682,-0.0035483792914802518,0.5862245828473227,0.8282666281708181,-1.3725004785744364,1.1323168827432695
-0.007166716582144958,-0.00550216241521108,0.006495449936298025,-0.0040794695531413605,0.4426590085113889,0.371315181572687,-1.1638319058743296,1.3382924145944477
-0.007328312619400432,-0.005473921495759239,0.006716714494356825,-0.003956357208235679,0.4559785980071229,0.46808749767770436,-1.2154263831017984,1.2834687217948364
-0.007438334239981567,-0.005344187322886481,0.006746318545077381,-0.003699354232437613,0.4428114736117121,0.5130803662234156,-1.2037133797234196,1.1821577694945649
-0.00801426371656846,-0.00541122549991139,0.0076420462924886865,-0.0033127837921498563,0.6580922847241039,0.9128788832359338,-1.3740952482847526,1.0410061844650809
-0.007894967737777817,-0.005311481605911982,0.007341780194099074,-0.003293692275470829,0.4499886954479804,0.8157315381366604,-1.3162811024534526,1.0122587345775995
-0.008159381790995322,-0.0053511157673393935,0.007746131045482953,-0.0030615685076553173,0.4087033100819026,0.998711309533938,-1.3712975723900633,0.9495678890206231
-0.008030148338306979,-0.005242428677114284,0.007424140970762078,-0.0030708922457334024,0.4775992817502627,0.8891371684881652,-1.3123362814548465,0.9272880910883184
-0.008176525356810687,-0.005195170490544772,0.0075346163927846295,-0.002856276253069458,0.5089966730486064,0.9742869590669924,-1.312789474769877,0.8492686295075423
-0.008306313695911128,-0.005295594968187607,0.007836725886705549,-0.002822016685512014,0.5455490950329556,1.0834338943348234,-1.3636839909438452,0.8631080225364803
-0.008334891715346753,-0.005138786418485898,0.007630706256838105,-0.0026100489320719645,0.46810394836064834,1.0644161426341425,-1.3041697172080606,0.7596221037372578
-0.00845491564632612,-0.005244717217658645,0.007918160877928699,-0.0025845254535822844,0.8015967782923908,1.1680136152417713,-1.3511860683741095,0.7766794185956319
0.01502007854608904,-0.011039540970542414,0.0016252852002558143,0.007847005103952103,0.6996627839958883,-0.3310613773533185,-0.5181635525293479,2.5001863566878098
0.014879595159429937,-0.011090665429940796,0.0018072302101121611,0.008130792607172387,1.054002447647664,-0.3274497397527472,-0.4940691719826065,2.6164658577107347
0.014842921746160495,-0.01124342629880737,0.002069463021807938,0.008067948468197226,0.8121533234888908,-0.3570960124579341,-0.3993542644056451,2.6461998658220103
0.014999250673842009,-0.011200845842902901,0.001864378637665614,0.007758192341138329,0.7080280312023347,-0.36205220159327994,-0.42718873580497435,2.5203822496669033
0.014801469324203571,-0.01139495244676372,0.00232181812109265,0.007998974908517104,0.8765302310211206,-0.3799935256704196,-0.304657143577056,2.6719249493145205
0.014958673145693447,-0.011358950519249376,0.0021087226217316652,0.007694356875980176,0.7375979133836764,-0.3862567957815865,-0.33544454962285103,2.5466037496461227
0.01467625001632953,-0.012109497346784138,0.0032893457576863654,0.007293178786423704,0.7718991990540406,-0.41845864046791287,0.13017840239193548,2.5936442478078123
0.014588774500088612,-0.011985736283431544,0.0033136718294062505,0.007641695743705945,0.6574246926948172,-0.40907695914446623,0.08646602875438741,2.710373123456107
0.014648884232660607,-0.011840618209004684,0.0030632189066558037,0.007745455382805177,0.9672524302699516,-0.41093548229859805,-0.013042268901699945,2.7117782834258812
0.014750636553136812,-0.011966989016677814,0.0030502147151649397,0.007368191232943998,0.7522595994896135,-0.42408928413435837,0.03648263711414702,2.5875158652576906
0.014800089391947394,-0.01182043248997646,0.002834319146678071,0.007474811044135196,0.7468840099418211,-0.4231322309830135,-0.052897189257567014,2.5932347482764673
0.014704405031812397,-0.011693686304088879,0.002825660566975962,0.00783527981056169,0.7221215680718737,-0.40731024472370686,-0.11050114786860465,2.705372834020723
0.01475528278234136,-0.011545084353673888,0.002576679868911351,0.007920569164914092,0.7728502618477223,-0.3971355488258921,-0.2077278714312184,2.691846032746474
0.014915831598813887,-0.011519362795248499,0.002352473352576569,0.007613832914828135,0.7338380089135956,-0.40514453426912395,-0.2394512299938387,2.563061416216309
0.014863717560782199,-0.0116656578919622,0.002584222103537134,0.007547913734376744,0.7720101868846801,-0.4167862955706048,-0.15088270367479006,2.5793492219878407
0.015270013183894612,-0.010161782296837486,2.3586678367570958E-4,0.00767624107756472,0.6642921348298777,-0.06346952357047553,-0.9403271641658372,2.096346239494473
0.015249475064497295,-0.010345233120166766,5.065300637503542E-4,0.007689804737524418,0.6674877468505187,-0.12737970774474527,-0.8644682218116264,2.172100702971463
0.015198825289117663,-0.010491566226072122,7.339958962050126E-4,0.00775965497462275,0.691929186985566,-0.1767172204774164,-0.8018255568797448,2.256244225486479
0.015226572407718249,-0.010645638460892434,9.433389047083085E-4,0.007636745356742749,0.6824268324441601,-0.2190414132750976,-0.7267990697275365,2.262629445675726
0.015213749245031303,-0.010832266281185578,0.0012084395048718001,0.007568831011896926,0.6724495495241115,-0.2667097003110481,-0.6367385235247953,2.3007128068074674
0.015136215723260543,-0.0109786286614149,0.00145577273503548,0.007641437660973696,0.6996604124353653,-0.30507912730021164,-0.5608396931702441,2.384001598193398
0.014732615455696844,-0.012401270729928757,0.00343315753272749,0.006770528633258047,0.6874393820512986,-0.39922049669582704,0.224938172195458,2.4203767492862274
0.014752758747446859,-0.012234353760047464,0.0032822581012507757,0.006984285367554408,0.7078220677755719,-0.41070390570770454,0.15174708636271295,2.478827021941815
0.015415165773530205,-0.008945254167282176,-0.0013630602270169863,0.0070182712919645415,0.5879671535814025,0.4239404499786322,-1.224990966583299,1.3966055211793795
0.01528781423328985,-0.008470052880255105,-0.001987558188057584,0.006886559490304396,0.5998158648779918,0.6541377578321653,-1.2981330542705491,1.1758314299668593
0.015387861913267097,-0.008730740115294075,-0.0016253352769538103,0.006921140197041715,0.5809911697401575,0.5201752174752087,-1.2528368724794345,1.2841427503953649
0.015417898904303786,-0.010033767875618906,4.673409691977535E-5,0.007363828171558575,0.6165716058819347,-0.015711429155642605,-0.960028833906965,1.9244409167853698
0.015454776923627794,-0.009826558874541312,-2.2990330446683572E-4,0.007276800156030866,0.6016126079503287,0.05967871768080595,-1.021034164021219,1.8155939270519161
0.015391902373595237,-0.009321160171540102,-9.122551701420514E-4,0.007266680901807348,0.6119252756971334,0.2687278786439406,-1.1737442438352466,1.6223788563799146
0.015418996859812479,-0.009130295711287057,-0.0011391851595567127,0.0071196334340774,0.595293998924295,0.34477467688102176,-1.1991186456639114,1.5009837305249862
0.015480943018833364,-0.00963434220474491,-4.7707720659523654E-4,0.007190137030981608,0.5904950663910283,0.13290178314356152,-1.0700826386349738,1.7121919345111538
0.015505382998491479,-0.009463458543756128,-6.876903598857372E-4,0.007093943459812539,0.5755078673989986,0.1980052941091733,-1.105884506883441,1.6145728547240907
0.015600459449286067,-0.009056872046814912,-0.001129523710237757,0.006740170007140162,0.5400932527953296,0.34381874980984856,-1.1421107125559369,1.3436285138326387
0.01550556159499324,-0.008312142740050241,-0.001947290380512949,0.006383217392295804,0.5248232878560413,0.6440623791106347,-1.2020982070296078,0.9837554121825499
0.01562960221858045,-0.008118907179728067,-0.002002251878154914,0.006033189044389959,0.4775547477718286,0.6764193441538292,-1.149414653255703,0.8330371202726742
0.015252398079585778,-0.007176555675071892,-0.0029729406413334415,0.005544318280771443,0.5042497063850733,1.0676576620171967,-1.1014903410584946,0.43088939275718924
0.015143223414516944,-0.0069551958231758625,-0.0031921841983410413,0.005393011658815353,0.5172454329481118,1.1548619192944312,-1.0685337743951315,0.3378194450819063
0.01561207088848128,-0.007869611650934975,-0.002200135126127184,0.0058380770244066535,0.470643208948085,0.7539632030219908,-1.127262715668025,0.7113489152770578
0.01556399374692718,-0.007605615776872874,-0.0024140689242385907,0.005648013643812295,0.45839044510054183,0.8426641374587104,-1.1027227376661608,0.5893094170001025
0.015469514010069782,-0.0073306564222873315,-0.0026623879265880094,0.005478761817427767,0.46136456282151134,0.9456906378022599,-1.0777637192520861,0.4726882407740188
0.021938049030708007,0.005435543330248158,-2.7641272403015974E-4,-0.00112606324743091,-0.14925069972986907,0.18285323992160654,0.22062635953199639,-0.07327188259718802
0.01876896599024369,0.0036607673793183633,-0.001284627885109161,-0.0015173135782071353,-0.01896297671723284,0.5011972491811559,0.21368664284090946,-0.2275858217069256
0.016053079182061385,0.00220239650086064,-0.0027010602530469947,-0.001208449130185958,0.11577323488630864,0.7996400652991252,0.10655862850469257,-0.3169767860131884
0.014432645464115507,-8.442158330332478E-4,-0.003569957586015395,4.5603280356743437E-4,0.15134523295819155,0.863078883546927,-0.00727604110108533,-0.3278586882421017
0.01597089660429652,2.720166888565789E-4,-0.0027148307315342296,-1.4660001700972583E-4,0.09070093570675054,0.7549815632198911,0.008694770720699057,-0.31439522038400397
0.014345789378833627,-0.004384423302544755,-0.0040857439476368355,0.0028828565381051907,0.3662134943308993,1.3334845514496954,-0.32970072877005935,-0.31651711033827173
0.014537119769994881,-0.0033928514343087796,-0.003773051082082589,0.0020492354446241205,0.2710140449762734,1.0981916071467728,-0.16332753535759895,-0.3444905638516746
0.014765572127096713,-0.005369981366558133,-0.003810210525380146,0.003778929251617261,0.43868619921085644,1.3315976068085205,-0.589909805959107,-0.18683782019709658
0.014828065006728805,-0.0061874386164643275,-0.0037497158460177283,0.004696523826801379,0.5151757881194454,1.3596234506352336,-0.8745360464743006,0.035948350067738215
0.015151010061857513,-0.006607297666718307,-0.003287020065497768,0.004972386337838071,0.48441640296826033,1.1970418191813836,-0.9528620339639805,0.1772087017261885
0.015536167637422198,-0.0026276656506811014,-0.0030246784806479236,0.0014984307480191159,0.15522302015867048,0.8851161367155326,-0.1254318665816103,-0.3259356442649714
0.025,0.003548999430447187,0,0,-0.42028208369551406,0.0011979730717174932,0.1424703764751209,0.025136958692679217
0.014221641019906124,-0.012679131780828632,0.004456640533880702,0.007036557621915902,1.0022913463015926,-0.3069946623123255,0.5633764725374284,2.610562153825591
0.014380433133151588,-0.012687168904898245,0.004171205752796419,0.006798883361281628,0.6988231429263703,-0.3382000084453482,0.501748936069874,2.50538504157217
0.014639540562307577,-0.012559595197608393,0.0036741305348023273,0.006661729754051353,0.6775877391280906,-0.3806708617048957,0.32278454586864286,2.4085244786910955
0.014518568156511487,-0.01266581854917051,0.003925129106889992,0.006654051664033626,0.7016651922405441,-0.35803813781624877,0.41746047685197957,2.4307985577916242
0.013797497494953674,-0.013451191999008886,0.005376776375534846,0.005914577716141096,0.701087155241973,-0.05493039010075651,0.9886258071939574,2.226505913927538
0.013750556019033763,-0.013306558565652453,0.005511568375910779,0.006244958456570857,0.6800763838457472,-0.062115570509777285,0.986465542331831,2.365809479349727
0.013644843410250553,-0.013422735238775142,0.005696088639330272,0.006077038898843666,1.0330554847202194,0.0018408873372402939,1.0590438276702685,2.3015763082117937
0.01413540329229132,-0.012810416269897769,0.004686325761307767,0.006885694423153898,0.6832785820034234,-0.2691861578478562,0.6552012023883362,2.571307776431114
0.014309737679468304,-0.0128239833387431,0.004354495014442986,0.006644184774949506,0.7174930491945521,-0.3072186699158368,0.5822633122684496,2.4617149674709675
0.014045084994930427,-0.01293892622972893,0.004899086192921408,0.0067361620892413725,0.7202533728217041,-0.22562689645152725,0.7419984168800623,2.5295950241470115
0.014212548744100807,-0.01294828715234593,0.004569838835786419,0.006528458305520515,0.7596308303914004,-0.2680045193480672,0.6679989319749698,2.432006335003443
0.013852566968142575,-0.013187119036995118,0.00531245818006975,0.0064150141054951345,0.7051802131123656,-0.12148533307445541,0.9090075188245783,2.424216265240549
0.01391333299736834,-0.013331843538134484,0.005169711925126333,0.006070983501698243,0.749872970449089,-0.11815043608809982,0.9101634080895343,2.282864930981265
0.013950775489717909,-0.0130645347166975,0.005100319427921514,0.0065850352279048,0.9848010556204255,-0.17643981206089074,0.8257441025235804,2.480638809739571
0.014017229474677666,-0.013217904741266684,0.004975277264733058,0.006208861473777882,0.7095198259634917,-0.17129404462734607,0.8351672673105953,2.3296121101033083
0.014107657660904441,-0.01308139010961198,0.00479251652233289,0.006387153318424119,0.7107739296079281,-0.2196647838378731,0.7580833168473323,2.389440942211623
0.01353553390593274,-0.013535533905932737,0.005893341985972546,0.005885839919750841,0.6589239158909801,0.07138306153566953,1.1303430990179184,2.22972395455431
0.013697868021464039,-0.013579745086794865,0.005535463566074188,0.0057158988029460305,0.6950021777064844,0.006016837388761558,1.052706663408243,2.150933369428351
0.013422735238775142,-0.01364484341025055,0.006074477468948128,0.005698948177328773,0.6802247131206499,0.14426455715847525,1.1951415638466154,2.158080691735584
0.013581201840711302,-0.013682702169922352,0.005721513483434185,0.005563058795171155,0.7436282130528409,0.0731777502257624,1.1182400070371992,2.0923425615586417
0.013187119036995118,-0.013852566968142578,0.006419869378520304,0.005306579480128792,0.6719188972183687,0.3022399549170767,1.3112005061679624,1.9974235287211866
0.013064534716697497,-0.013950775489717907,0.0065823321727837315,0.0051038328827522385,0.7413990284849789,0.38579115588688434,1.3614749892503564,1.9149252958422487
0.013217007055813438,-0.014006947538392905,0.0062207493350826745,0.004993533892598574,0.7227761830828953,0.30190394951485205,1.287360605796179,1.8609370586997571
0.013450036478941912,-0.01379613767146139,0.005919037819381175,0.0053784954641600685,0.6888263244852646,0.15339513039937105,1.1866691909773535,2.018310902608014
0.013306558565652457,-0.013750556019033765,0.006241943033495286,0.005514918288667173,1.034811752899742,0.2208841963745347,1.2546020259005903,2.081293877787669
0.013341916570443504,-0.01391342672748277,0.006053165130872936,0.005167571521251561,0.6823387595250533,0.2234395046006488,1.2351940509340429,1.9325499629603604
-0.00547719290880399,-0.007146610284940785,0.004036489911752961,-0.006414042561389425,0.6830100294074342,-0.3610430831586846,-0.40404925195871755,2.2230544558216803
-0.00590405479351225,-0.006617609037391484,0.004856683162807019,-0.005884347704597338,0.6212209223579553,-0.22466359500338995,-0.7038987174690546,2.0708912826239385
-0.005847586826885236,-0.006778521341933009,0.004748055062989795,-0.006123905635640074,0.6552284911491454,-0.25557854680573344,-0.6624156612019436,2.1596305240880644
-0.005581528722228036,-0.006998480176792479,0.004255133953366192,-0.006276233161467778,0.6639645241886649,-0.3328334777648135,-0.48557829789133283,2.189683589282462
-0.005706303296920022,-0.006867012149057334,0.0044935767072756885,-0.006165719018453159,0.6470668169682533,-0.2975156802915775,-0.5718285242966239,2.1635899233829963
-0.006105526019235363,-0.005799539430063113,0.005042041508172606,-0.004651831770789175,0.441221737613092,-0.11879567221961905,-0.7587234548790729,1.589283795006788
-0.005813099806620981,-0.00642856581798455,0.004704906528439796,-0.00552050969239072,0.5559794849153072,-0.23501311867254185,-0.6544085698372396,1.9230605081968528
-0.005865802036095288,-0.005985313375250908,0.0047382628629937034,-0.00487032845457907,0.45809115493132196,-0.19463854690567148,-0.6681598598528836,1.6717725620841664
-0.005747291132240923,-0.0062127572336325605,0.00459298127591565,-0.005160918955970806,0.5008992730569972,-0.23666894158235716,-0.6209377816768525,1.7796826677279391
-0.005385361894630397,-0.007296167051517755,0.0038268282179526165,-0.006550161960780222,0.7006019413243493,-0.3830748861091269,-0.32469259144966106,2.2524920892854996
-0.005309321976895435,-0.0074493309171749485,0.0036282229019278093,-0.006693555672509413,0.7204635718941738,-0.39958377158800995,-0.2486328333521439,2.2824942171160783
-0.0052595252889908045,-0.007604948911078731,0.0034535508820316223,-0.0068570349343716796,0.7421861238823682,-0.41113477217095934,-0.1792195961103704,2.3200874504940736
-0.005251260451581908,-0.007766870920007266,0.0033170404293386448,-0.007069152933042765,0.7679922676615305,-0.41838912827254376,-0.1185043579455077,2.37787877363279
-0.005295594968187608,-0.008306313695911127,0.0028250959768188195,-0.007835492606701463,0.8713533981595022,-0.4088205820152046,0.13208278414261374,2.5654284145233293
-0.005169012852668562,-0.008173724789647091,0.002821817270515691,-0.007474577193501644,0.831458458643052,-0.4227737580718178,0.07890265794683128,2.4449802243564958
-0.005134257136804314,-0.007883069122735672,0.0030647826985472876,-0.007070638104227727,0.7388287174654854,-0.4203556815795118,-0.03051903832222302,2.3355961910236918
-0.00504730337079393,-0.00803378523482781,0.002820942207999298,-0.00714004242768198,0.7366186968928998,-0.4173676891619946,0.056672126708763766,2.3153942038212487
0.007109729665300793,0.0030343406922110094,-0.004867888927202421,0.0016053957300191967,0.12481286507990318,0.02170118331159518,-0.47636392562514424,0.4379130271710702
0.007736920656754711,0.0021075669962512546,-0.004886858291923348,8.920454725210618E-4,0.07480266325701146,0.08606343382778793,-0.34857279517481077,0.18003674707770598
0.0054601780444156,0.004027252998375734,-0.0038820496566806277,0.0026924337227268763,0.18788626811919773,-0.25276610478932904,-0.37258420599195125,0.9180273204489724
0.006158196924977408,0.003541156040627129,-0.004347673777312472,0.002209372686963211,0.1504722072302632,-0.15135892099638373,-0.4361075765406789,0.7070441866397358
0.00391382654380386,0.0037203450507584403,-0.002620522418364315,0.0024493555221107694,0.18235081580971826,-0.36044407967284786,-0.12396718243770087,1.012175241410101
0.004621040360273039,0.0035026562760541308,-0.003130891113274109,0.002293922423365249,0.16786159899289857,-0.3356100144114754,-0.19660018295094842,0.9121716334957679
0.005926714289005619,-0.0054626760132254855,-0.004703388462203636,-0.004173717917080735,0.36345194446865986,-0.16480238030941274,0.6482056218664782,1.4085420173347891
0.005936640244646428,-0.005049409038951624,-0.004597826878630146,-0.003678026817836601,0.30513172907834823,-0.1630205405855832,0.597520706286116,1.2197487145694617
0.0076102295445869324,8.822828318045416E-4,-0.004561303622200649,3.6694365034884764E-4,0.03040903314663193,-0.019242521409883386,-0.1392931017878857,0.10924567469019508
0.0071879217506472665,-0.0030954999284150335,-0.004953848969697364,-0.0016286638048721505,0.13046216644435746,0.05330314865436384,0.5029776183174691,0.43721220075927913
0.007768193530747135,-8.23082023780261E-4,-0.004619005501304348,-3.224992578522356E-4,0.02300435950771854,0.007889054647164785,0.1272693434226626,0.07321019259471505
0.007195281591076331,-0.002147649708316156,-0.004629150646998385,-0.0010442826289206843,0.06689985291915569,-0.02332370121326019,0.32496177468065585,0.27791120530937224
0.006635401515213535,-0.0036031888815233138,-0.004747148291804456,-0.0021688149543628997,0.16732211910810416,-0.046382927424048696,0.5256763198249247,0.6537574721219469
0.00629401051275727,-0.004176384805575139,-0.004669706159703587,-0.0027385555048635712,0.21055163554190395,-0.09635000456026212,0.5652001845272929,0.8710830544587856
0.005887959728865648,-0.004544859339034028,-0.004398750767377305,-0.0031448715334911276,0.237781657239919,-0.17674829149603263,0.5212795374876488,1.0338893974302483
0.00559683495816165,-0.006307745851905051,-0.004379107390703726,-0.005235163583809693,0.49576660165093506,-0.27672596784902814,0.5501036531688853,1.8003169842294733
0.005435478177017391,-0.006505064568571858,-0.0041387525176339755,-0.005434783082039512,0.5162560319173349,-0.3176928359126254,0.4704447861339389,1.8615455990251666
0.005576403387094796,-0.006014845440464081,-0.004340587418299434,-0.004823682282837337,0.4383001812335779,-0.2643040265273881,0.5441962054513821,1.6494096613781533
0.005678081201249125,-0.00569292997801417,-0.004437203190096879,-0.004431745195859684,0.38477948757073127,-0.23001610893171895,0.5743705134387652,1.5063533544968466
0.005389694107668884,-0.006930353442318887,-0.003983487330952228,-0.006013431901006681,0.607185863451373,-0.3543762101484989,0.40055258847338254,2.0628398118181326
0.005324223826671787,-0.006694289199303505,-0.0039519408341137496,-0.005632471884572597,0.54382009891128,-0.3457126179113908,0.40530729203447946,1.9218523306679338
0.005295594968187607,-0.008306313695911128,-0.00283005168007928,-0.00783370768550996,0.7555697598722952,-0.40648954064418946,-0.1315743649344165,2.567189322582353
0.005186207343644856,-0.008186854673349722,-0.0028279487512645335,-0.007515294295182968,0.8604980400740717,-0.4226639382541985,-0.08142439121030108,2.459086601562395
0.00512170475577827,-0.008323808592415743,-0.0025994817892578503,-0.007575025213997419,0.83688728594378,-0.4151647708467801,-0.16256061995293966,2.436873160100206
0.005244717217658645,-0.00845491564632612,-0.0025760674022754374,-0.007920758391060002,0.8866586707743487,-0.39310947843905014,-0.2240072263082191,2.5447275747697313
0.005119284627553752,-0.008060669765260505,-0.002879771861999542,-0.007269667334673696,0.771490379758648,-0.4207122377246654,-0.047115945832989205,2.374840051780548
0.005200786066541929,-0.007737607286916599,-0.003273379308401128,-0.006966860064116881,0.744228031358626,-0.41828652436835906,0.10842221377325227,2.3313040181348303
0.005129200792831926,-0.007895055105199522,-0.0030480772483204356,-0.007080237436193099,0.7501106442849962,-0.421439266969887,0.02399773902296593,2.3354728553147903
0.005245007231561866,-0.00717104279747217,-0.0036855153024115093,-0.006235732602296337,0.627971322362252,-0.3858981339914195,0.29235009600144085,2.1146227967197433
0.005123244265973588,-0.007559432200737589,-0.003301204691665226,-0.0066413211393794224,0.6812052032112375,-0.4120394226595378,0.1402681879213941,2.212891393812882
0.005090672036520998,-0.007347163258370053,-0.00338815828895941,-0.0063315053067799455,0.6267272351476381,-0.40375293682329544,0.18923542379701747,2.111691169085169
0.0035489994304471924,0.025,0,0,0.44730370754424237,0.022458170458721793,-0.13461983325444082,-0.013500566320803783
-0.012553491956507257,0.014489284443119031,-0.00688217333335758,-0.003914840049262264,0.7277970020355761,0.7343959725353418,1.453628740363875,1.4050684743198854
-0.012545204192439477,0.0143037118419788,-0.007173996813228749,-0.004231737204174964,0.5979484182537846,0.7483166825892719,1.5115184239834853,1.548328996441616
-0.009910516251208805,0.015486486837018415,-0.007200418474239331,1.1447628075949606E-4,0.5671009303574079,1.9260095886124058,0.9524328942118924,-0.026872312270782548
-0.010170127153471629,0.015473959946032841,-0.007222491140281244,-2.2688284922602308E-4,0.5717257113047337,1.8406570008456684,1.039001167582841,0.06500469456321221
-0.010384047038036616,0.015500522583351934,-0.007133834482371382,-5.009773566779164E-4,0.5634458738880088,1.728091971226233,1.0912363139727015,0.14528245048025482
-0.011157195735670852,0.015173894549660956,-0.007423588000135908,-0.0016601655475162527,0.6299203982540909,1.5128169776759313,1.3474843673812773,0.5244962260504176
-0.010991260818199372,0.015156840107083753,-0.007581040565060706,-0.001457095532828886,0.6546737158317849,1.6324560547340206,1.3346279440017015,0.44949068464089403
-0.010849760583627108,0.015251146172645553,-0.007469620203675168,-0.0012094197364180593,0.6362554357802997,1.6585464817023132,1.2762930594497994,0.36818324561267407
-0.010673360933398946,0.015291140217737823,-0.007473630394184754,-9.519472923306785E-4,0.6268838632740441,1.7323413895302977,1.2269418769746154,0.2842200432206114
-0.010595359948389026,0.015482867056407274,-0.0071084837634864785,-7.743847708503599E-4,0.5617811159586535,1.6374194581978065,1.1463366425374053,0.23120100003805175
-0.012543110842930506,0.01467205755207725,-0.006643095126151057,-0.0036147741813578947,0.6153895885784708,0.7070028414568547,1.384947908215264,1.2974604854619354
-0.012383694075038646,0.014687470629967076,-0.0068638179486379975,-0.003489786763509144,0.6440474621313225,0.8190566966330353,1.4299879483402522,1.2394197682970103
-0.012264480176870173,0.014802355368288209,-0.006862854453027302,-0.0032350405678119166,0.6309777235111245,0.8778118439808437,1.4168711208697733,1.1388149246050283
-0.012106099446616777,0.014881034312273972,-0.0069541755997035186,-0.0029992322644528165,0.6227948511235574,0.9695048407342667,1.419990812424034,1.043023045758818
-0.01192992333088209,0.014882210816997192,-0.007181898729963956,-0.002838699854293267,0.6511920301171154,1.0991849938888762,1.4508481657738184,0.9716977616960312
-0.011328017161907093,0.015133917748819664,-0.007362054776954911,-0.0019047977847743301,0.6363803447012902,1.4204302064841927,1.3752863688871484,0.613743421616134
-0.011468876987241531,0.015047174771416396,-0.00740113076100392,-0.0021540587663234443,0.6475738359552561,1.3667827199948444,1.4146901784514374,0.7044335227462476
-0.011790943307603195,0.014986899272021943,-0.00716529593663838,-0.0025729267071798218,0.6367393237593237,1.1607274224314281,1.423533037780915,0.8703236108617322
-0.011625397128259345,0.015045238581076942,-0.007242908058992145,-0.0023328896787975545,0.6286820401121621,1.2540780675653467,1.4109689156267848,0.7771842916802524
-0.007235923021534918,0.015584526496473836,-0.00524386708756403,0.0025907168099452995,0.3388514329820706,1.7705206426388338,0.05560412793417397,-0.4049814115199819
-0.007843037728920301,0.01575174240555147,-0.005607173557219643,0.0020941800244049166,0.3737519178455449,1.8035411043487948,0.24081370034612393,-0.3756059927001449
-0.009372862300440746,0.01564481144466714,-0.006773033002763502,7.459127859856032E-4,0.5084644008997451,1.9330743359613725,0.7389819865486215,-0.1781814939368438
-0.009127889431726634,0.015680108654004515,-0.006609710065096795,0.0010060945498926888,0.480673122934363,1.9410598684051708,0.6511895898107923,-0.23130739604051467
-0.008312716150552107,0.015878749566334945,-0.005807747606021183,0.001647295761769446,0.4099203888102485,1.7837163374737062,0.390222356273235,-0.3302577328745209
-0.008682544019336451,0.015845083931569155,-0.006095636684700901,0.0013606676007771972,0.4081805130041724,1.824665154772239,0.5025100105591439,-0.28958677227700846
-0.008965932363076662,0.01586368222510514,-0.006222653863916294,0.0010808926729125566,0.450281492530966,1.806304651491487,0.5951798314578526,-0.24331016021071877
-0.009775297590288005,0.01567958761533451,-0.006806602886251944,2.6298179968412016E-4,0.5058632025406729,1.8169455839683397,0.8740016656068946,-0.06566117515677593
-0.009582780453181708,0.015764520021538046,-0.006615493659888462,4.7156333888261954E-4,0.4789965847452506,1.8022866502586132,0.801608847611919,-0.11637189930257505
-0.01281041626989777,0.01413540329229132,-0.006885847189587883,-0.004686317715023671,0.8425223514992047,0.5622098863589731,1.446710123433802,1.7351566741923186
-0.012679131780828632,0.014221641019906124,-0.007028076728000085,-0.00447002967723574,0.948767142666673,0.6528791409807537,1.4813535158816615,1.6439305197498808
-0.012838668557935203,0.01431349774718519,-0.006615456061379685,-0.004352387905067246,0.6513474703284107,0.5491925356176307,1.3990403357743684,1.5914312607757164
-0.012704122015850805,0.014420375001452088,-0.006719104407531208,-0.00410965807773967,0.6734680434327561,0.6353288031063452,1.4219980393548564,1.4887781785075835
-0.013064534716697497,0.013950775489717907,-0.00657709071754226,-0.005110613689595463,0.9306081151359292,0.3874912257529924,1.3619970667058725,1.913676967866279
-0.01293892622972893,0.014045084994930427,-0.006734694373485623,-0.004901027537373133,0.876300626635099,0.47347093597238094,1.406773949964261,1.8251585374934327
-0.013100966728290758,0.014111644139902688,-0.0063486760634335,-0.004785818183313049,0.657326744962028,0.37756315623149844,1.3265236533910212,1.7749777352855063
-0.012974812870327352,0.014213498986736503,-0.00648101221715779,-0.004573554605200232,0.6715305946610267,0.4593286741600901,1.3643282625047775,1.6865239804903192
-0.013187119036995118,0.013852566968142578,-0.0064175619209313325,-0.005309513434626674,0.7347918341576499,0.3047188831988531,1.3126109026726973,1.9975568924127989
-0.013222409591665601,0.014004242783289492,-0.0062133293511915655,-0.004997948298959553,0.6887465603394985,0.29722532416109043,1.2836186749651357,1.8645522204112412
-0.013339804517017911,0.013910524140605746,-0.006059270115794826,-0.005173235430649742,0.6943509926963808,0.2224990569791838,1.234895512156738,1.9367649924819261
-0.013306558565652457,0.013750556019033765,-0.0062444011667057535,-0.0055121685958146064,0.9296933709014391,0.22340108771123768,1.2565309733586674,2.0806728464561095
-0.013455599835782034,0.013795906292133401,-0.005908153627464476,-0.005377724167729252,0.6996833885193104,0.1492379017832137,1.182518915882972,2.0190722726486015
-0.013422735238775142,0.01364484341025055,-0.00607403004870584,-0.0056993710677643375,0.7128613711307755,0.1462699962889093,1.196818797868112,2.1581732834783947
-0.005589844607276609,0.015827487788959024,-0.0035617299263689347,0.002826796360589453,0.1819698892882862,1.2657696850581084,-0.09208261932151061,-0.3742899499812944
-0.006657095149132496,0.01621009753360485,-0.004203772726922496,0.0022707327748790335,0.25294382736206206,1.3974783121865002,0.09169350509849289,-0.3836124902845141
-0.002281587606021068,0.016687564364079064,-0.0011657755170824782,0.0023379349083946853,0.1355089308027357,0.8053852498764463,-0.015323081651769608,-0.3320340956729511
-0.004227295541066384,0.016391654037436847,-0.0023648286544565647,0.002511604042290443,0.13498017822973077,0.9800101100630113,-0.03493646700702196,-0.35302958985138927
-6.174964165005179E-4,0.01868034848780935,-2.572890178625894E-4,0.0013986188850688955,0.19910068694813182,0.6942013203223206,0.004960682788013821,-0.2830928745906394
0.0010683747435945164,0.02203172948567155,2.342210666233626E-4,3.3470433688678394E-4,0.3143110178141672,0.28274273060199234,-0.022576949576522374,-0.18608430460116712
-0.014588774500088612,0.011985736283431544,-0.003309370552042513,-0.007643518894647579,0.7294371296433598,-0.40799146941674697,0.08562742639948201,2.7063601455228024
-0.01452413555302291,0.012128895840071584,-0.00354331200241821,-0.007537923312852861,0.9234782524742432,-0.39950198674578946,0.1826343489043526,2.699195624807775
-0.01468351944161852,0.012109925244690232,-0.003280489526566798,-0.0072797827109938205,0.7395453346557942,-0.4186414530869578,0.12808405400323444,2.5863146843458487
-0.007450488524432776,0.0053936530855941455,0.006816288745626306,0.0037630312218211335,0.4530461924190855,0.5303932164891719,1.2269045235448348,1.2063780895397391
-0.0068842314480828575,0.005697565730044426,0.00620725166303463,0.004484333047173162,0.4695258876141479,0.22620271207910045,1.105930048480891,1.509530162108762
-0.007045902480930281,0.00565971325771237,0.006442265725098549,0.004377769256177033,0.4688966799786242,0.3174957157191245,1.167920728520207,1.460215408392631
-0.007150018629144892,0.005528792329487561,0.006493853938540284,0.0041282992079284256,0.4573131221535794,0.36447777451434255,1.1672816697853288,1.3587162266814763
-0.007305007015029538,0.005445752827195367,0.0066535092844967544,0.0039257671145022785,0.45186418609204587,0.44705738571688963,1.1962760529958896,1.2745207935435061
-0.006705331644433637,0.005600787793313066,0.005855121131316713,0.004362178155753924,0.4406204929855349,0.12534845895918093,0.9958133952903246,1.4670337605697756
-0.006517799710163529,0.0057910136255353555,0.0056698636297227295,0.004674250949681963,0.46991027219230874,0.0432817661211421,0.9527636924964289,1.5955256506638993
-0.006290383644244529,0.005922703315261876,0.005365535932832301,0.004867668741765217,0.48294286960166016,-0.05220238909435481,0.8650157786906724,1.6757920254193566
-1.3713274083963657E-5,0.00730590772132558,1.0527459848125156E-5,0.00441972135913325,0.14219521663972426,-0.3052142689476884,-0.0028333234840575467,0.8954345770782792
-0.0016545924861015417,0.007301613688528633,7.62144622268606E-4,0.004582573712181491,0.1818530382300118,-0.3170645495044964,-0.1248131274736213,1.0211836431313672
-0.005280174138490257,0.0061390478061149716,0.003958511849681452,0.004879801343323268,0.4325720788243837,-0.3197038547553864,0.4274950781685947,1.654403611962864
-0.0060194202313152935,0.005825808337818294,0.004924352359564496,0.004675667075303191,0.438599492576123,-0.14357103836091503,0.7250673224697904,1.5967770921758324
-0.005505096516818235,0.005901127201860194,0.004240284808288151,0.004652965641619335,0.4050534626449393,-0.2734796403437553,0.5139444936462344,1.5832912028118644
-0.005746015227478378,0.005757143809163723,0.004533428638372623,0.004526566506356473,0.406076134620818,-0.2169371212686571,0.6024552046461628,1.54035949391231
-0.004863310738500182,0.006294666510986104,0.00345001972334029,0.0048967213983765285,0.4108955645712515,-0.3710206254511701,0.2711295262859694,1.628995404948626
-0.002840307122421961,0.006892179270878449,0.0015426869572450054,0.004655571856100722,0.24831385144667165,-0.35855786222649705,-0.11341432841933982,1.2503123605452362
-0.003730379794827671,0.006651385631229301,0.002272477366178964,0.0047826382257390365,0.313275636470159,-0.3910251916350596,-0.011645058873053544,1.4330983313144634
-0.004149429570145942,0.006108373023321886,0.002758158613170962,0.0044494555876582196,0.32532356837766047,-0.38938201229590835,0.10871282060047227,1.4217570032710851
-0.007564073815243228,0.005252156718371677,0.006823987221102336,0.0034862651410028024,0.4346098703400498,0.5707461007427169,1.2042797936647054,1.0989419045299391
-0.007756000076819863,0.005229546643358592,0.007056192598410058,0.0033095347050967304,0.4476514656889331,0.6930165932159127,1.2474629308903007,1.0261170579946643
-0.007892154323901833,0.0051278126778529646,0.007106972845756385,0.003062561274553262,0.44589159483652646,0.754368104860443,1.2352864142664297,0.9313449578868166
-0.008057678223541156,0.005060228688787246,0.007218589808680872,0.0028263488836547342,0.4467214779784494,0.842344923510456,1.2359825704619762,0.8424180939741968
-0.008222440608999737,0.0050589233204888055,0.007399444414065338,0.0026543811740497524,0.46802914239125065,0.9527242708719722,1.257851465141939,0.7786575633805474
-0.008605047553236283,0.005198530675796427,0.008000068863524083,0.0023183970958664413,0.40170230684286196,1.2600084812158037,1.33428135837612,0.6893026851746988
-0.008493353060942507,0.005081744278857509,0.007707757851773785,0.002359168363091304,0.5155633397025752,1.14911864121049,1.2895472955427747,0.6724769549836153
-0.008646714982454732,0.005049104613449003,0.007798973577737535,0.0021300671161388405,0.5562150961872206,1.2378594205382258,1.2765577668642507,0.5964599603794584
-0.008756573701192635,0.005157078253839507,0.008066852617895462,0.002074584769064165,0.6664938662246797,1.3454913094873184,1.3132474004019226,0.6074402978633423
-0.008909334570059206,0.005120404840570064,0.008126051888435277,0.001828753724084708,0.8707571200878043,1.4292358127398523,1.287129990965097,0.525792118409268
-0.008800258180345485,0.005005898580175501,0.00785967381667145,0.0018856885912566866,0.5084898996260571,1.3219445887415178,1.252526424403502,0.5138698101950676
-0.008356273318557742,0.004955091873112188,0.0073971772327008,0.002399831453274373,0.4705962926333677,1.002249411873924,1.2257575613446745,0.6867335006218026
0.002331131423228711,0.005019318024157766,-0.0014766706768447396,0.003292802216499979,0.20463037413594273,-0.3565067838793697,0.011031664672789711,1.132497753931088
0.003114557892123407,0.004125093748079666,-0.0020534265003296667,0.002713367801681753,0.19957944544757633,-0.3632999978135381,-0.05093841707702861,1.0908287320843844
8.613048953413382E-4,0.0056280762468300626,-5.069907711454406E-4,0.0035735082691026733,0.1863224448569591,-0.33546856666676034,0.0253990704408466,1.0529914083059626
-0.00701149681106303,-0.005386712218397418,0.0061628013868924025,-0.0039659601986838725,0.4214279231749071,0.2675461149268194,-1.0628267022686726,1.2979222632959166
-0.005964282424372709,-0.00541573325203221,0.004738396983735348,-0.00411660973613702,0.3555006347398783,-0.1560926526130871,-0.6538380732599873,1.3845952774867465
-0.0066452182897381975,-0.00536881245789195,0.005625996660365708,-0.004030477037930473,0.3916572687186188,0.08545550110799294,-0.9134008481645769,1.3354687553903315
-0.00683791851005287,-0.005302314145244321,0.005852734501063885,-0.003897109433361192,0.39203148326508236,0.16815536378350093,-0.9702566721540136,1.2775476688074658
-0.006229992880816324,-0.005260940291419124,0.005021525678067505,-0.003924926335950964,0.346899559399139,-0.07725666589439452,-0.7303193845778847,1.30516504121608
-0.006464249931871137,-0.005215567753020083,0.005300779509479285,-0.003850075417897859,0.3558789850544443,0.004486971303108148,-0.8090843312648834,1.2694272149264592
-0.007599526337803166,-0.005269556578240191,0.0068923744193796705,-0.003484957542607884,0.4342821580774679,0.6000377464392046,-1.2229061932508076,1.0959985189440766
-0.007765938204282211,-0.005245188114739084,0.007088381466213897,-0.00332168694292547,0.4525525341064188,0.7049355484703493,-1.256524107842006,1.0288438957774557
-0.007214744240319936,-0.005285866053631138,0.006370528102731559,-0.0037378437505059194,0.41474325221742164,0.3660986236525425,-1.1048340739189986,1.203829306861954
-0.007423424188311515,-0.005137415793926469,0.006517559998408993,-0.003423588576702706,0.4025282701778394,0.46027201215373564,-1.1192083241443542,1.077567306353516
-0.00788717270992191,-0.005128157248831509,0.007101123023284947,-0.0030674050437724007,0.44704022159162476,0.751216026125677,-1.2342656222955941,0.9325465348306244
-0.008478596932199408,-0.005072882442396819,0.0076816978507722655,-0.002367588647276799,0.47139712402461537,1.138904496026891,-1.2845388300966254,0.6721867769384594
-0.008605047553236286,-0.005198530675796427,0.007997189142964633,-0.002327846207874501,0.6717416857132288,1.2537642712692127,-1.3343226977152336,0.6887670855429499
-0.008048578717767674,-0.005057421450146655,0.007204630929172188,-0.0028318102275538396,0.4436564388794005,0.8350491508656258,-1.2331385883190864,0.8441350113579295
-0.008217211320691642,-0.005054238586766163,0.007387744189443786,-0.0026548711035940917,0.4721106657948367,0.9479379141878116,-1.254255150782286,0.7774140353624708
-0.008346107909629126,-0.004955523571664105,0.007387800783535584,-0.0024112539808921088,0.4783347477915166,0.9954123563965762,-1.2241255726075897,0.689848124813473
0.01515845073681061,-0.011144438953303026,0.0016576052946632198,0.007473151792707001,0.6866606427405205,-0.33367913493829354,-0.47882713041239405,2.3672634185378665
0.015127505002091427,-0.0113297982728737,0.0019138346993651052,0.007380248414464253,0.67998253414409,-0.36296178957425185,-0.382801884535748,2.386972210240998
0.01505372252599561,-0.01146968655164164,0.002149021825986307,0.007392852316656391,0.6961853894183311,-0.3850275341479185,-0.2989861593355313,2.439191953117648
0.01485287387742022,-0.012104433681516058,0.0030357358322866093,0.007004157968893635,0.6865735312241857,-0.4161004082415723,0.057453792617048687,2.4518912648014752
0.014917966625816615,-0.011938682230864103,0.0028011097142047786,0.007111052264143031,0.6927857787873809,-0.41639659678356794,-0.0375032645247366,2.4541912330797615
0.014938855517502847,-0.01179377967104806,0.00263240805296733,0.007252515223262661,0.6999082583717319,-0.4134330790471926,-0.1110568668064795,2.4777908810017797
0.015052668122675632,-0.011650333267127952,0.0023522002136008263,0.007207089167894225,0.6737852735460342,-0.39881720645631763,-0.21145128627884982,2.4099095226573897
0.015419246005779862,-0.010267297292416948,3.6302505471766275E-4,0.007339852489864316,0.6143370481002991,-0.09536725413966425,-0.8714816053611941,1.9991773130612953
0.015376951534829942,-0.010503604542045445,6.909912140625188E-4,0.0073707954566570606,0.6248651070702002,-0.169353605132307,-0.7806806872484584,2.096921418539375
0.015390367767741983,-0.010756783975071783,0.0010163871339582105,0.007242915231254954,0.6168744343869709,-0.23518416661602148,-0.66849847998596,2.1307083923587133
0.015347783961144987,-0.011015447973557215,0.0013633583392169098,0.007185021671374304,0.6206388860484825,-0.29505913661272504,-0.5528466349804645,2.194005623540283
0.014859479947834042,-0.012551113922243638,0.0033438725106047277,0.0063772824298848,0.6197594064025608,-0.39225555251998623,0.2204779595364287,2.2627803549527887
0.014933121046590524,-0.012306393386586179,0.003085445017517246,0.0066081326266999255,0.6377043863742012,-0.4077285904758479,0.1061537195577176,2.3135439576939514
0.01563869670205171,-0.008857765559258698,-0.0013213307731476844,0.006561461145589183,0.5192488443732076,0.41301217022138687,-1.1462015853159004,1.216110283847135
0.01562543324294755,-0.008571663152649763,-0.0016145565031768785,0.006396533140799424,0.5107492368076892,0.518020111277107,-1.1628359396567756,1.076065312225592
0.015570468105306625,-0.010171936993800309,2.1876991929560026E-4,0.007045391910804796,0.5665605036359002,-0.05870241440877542,-0.8806998157934082,1.8448375939260493
0.015615162377857685,-0.009969740794809678,-3.521031189770481E-5,0.006966674966386155,0.5475564306758834,0.00847836522504665,-0.9415187677357792,1.7431517335584779
0.015598403161924956,-0.00975606195388035,-3.0178032567758947E-4,0.006981883308623553,0.5617442770217126,0.08255603917307272,-1.0060530074298528,1.6750109973692502
0.015653365684227115,-0.009288215748832901,-8.43831714305592E-4,0.006751414860592359,0.5294635226099569,0.24732217741455947,-1.09217418077,1.428012412947156
0.015694487183798365,-0.009577504230336289,-4.964519055124461E-4,0.006766675427278477,0.5214288980945573,0.14006370450691816,-1.024988517443484,1.5291674805550104
0.01587607222680884,-0.009062829047413727,-9.905781058496823E-4,0.006275226948218659,0.466122339965044,0.30102840584289176,-1.0525283347938392,1.1974848910475666
0.01584279057841062,-0.008363487629097091,-0.0016416899478447296,0.00591891506977764,0.4404134992713454,0.5421221335040047,-1.0916819266535018,0.8791077690302233
0.015841295312757964,-0.008002912305561927,-0.0019168083188481455,0.0056556878368863965,0.43554630766393015,0.6457611217778079,-1.0676131588477265,0.7124791492388732
0.015563369212576752,-0.006892233461748677,-0.0027514970831810713,0.004940328735999333,0.404554955280796,0.9890710601112984,-0.9479625432708751,0.262840500250461
0.015922594170707613,-0.007661141300281941,-0.0020587009863158572,0.005287317749329078,0.36929009915855565,0.7142862613586375,-0.9992597929921391,0.5242053446121709
0.01574301189082188,-0.007312114675814177,-0.0024045589679481732,0.005170700300753282,0.4310088951385844,0.8493427623501832,-0.9888686510865657,0.4081877504188415
0.02181142981101829,0.001970895991720067,-3.7761803464243625E-4,-4.5076899750707216E-4,-0.23093623854680187,0.26030003115695394,0.08918518842296384,-0.1733749984136563
0.018334046775966284,5.064502671653073E-4,-0.0015515712119926251,-2.219020912478389E-4,-0.03186202650336362,0.5699757033704739,0.02710892299625978,-0.28179227614267705
0.01667869178341835,-0.0014629299187638848,-0.002349593090006412,7.599794317101459E-4,0.07101258682031396,0.7232591435398149,-0.0720952549779418,-0.30616141464170915
0.015644983716132033,-0.004415521984599094,-0.0030112924958452594,0.0027039770461744317,0.23960834321437693,0.9971308970255314,-0.36013824039093384,-0.2696240347640873
0.015712235681336114,-0.006052780179420205,-0.0028477323341131043,0.004035434667159595,0.33099698925197757,0.9964338958416354,-0.7108203469646844,-0.015308640317926876
0.017233127553051168,-0.0036060672820254335,-0.0020257793922343528,0.001833773223247854,0.07501870304851009,0.6869784695018791,-0.23721080556415639,-0.26130414745377945
0.025,-6.938893903907228E-18,0,0,-0.4947489147213111,-9.693206296547775E-4,2.571658517308987E-4,-0.019887440786068147
0.014489322857338106,-0.01282434460144723,0.004043106178481934,0.006428417371110286,0.6822521654953927,-0.3351903288205167,0.4774398348050875,2.3585877857729263
0.014704068964020458,-0.012770879223888115,0.0036814233680226853,0.006254943859273233,0.624453058824373,-0.36390028686623616,0.35627434456885737,2.2566823287622277
0.014981215457305855,-0.012732119543416172,0.003274028914100817,0.005979991829804263,0.5590471029192261,-0.38614619114984056,0.22335820267490883,2.106675847487388
0.01386787238577012,-0.013622882650939859,0.005195831491802847,0.0055477576904294605,0.664932162413853,-0.059891591176114305,0.9445468968663127,2.0837965056692727
0.013946150093314931,-0.013473765562540574,0.0050856078371879455,0.005777842610179016,0.6764629518474898,-0.10882724537351436,0.8943597690286502,2.1698193145227096
0.014392952181035763,-0.012976013881920823,0.004255855255128268,0.006282250850834183,0.6653714865781711,-0.30052902271203924,0.5653355426836448,2.3213343276901437
0.014256031384890316,-0.013081168976452482,0.004517937972463437,0.0062413264938521555,0.6865546096542192,-0.2575463865053378,0.6640832030878775,2.3225064584628976
0.01407957461488209,-0.01339055099401263,0.0048512639847890235,0.005837039448733666,0.6602797734732356,-0.16526032584737885,0.808436970189475,2.185639256370591
0.014199469117050657,-0.013251990052148395,0.004637783668547369,0.005989683954810158,0.667511676579465,-0.21906684131915913,0.7239976359665111,2.2347722179783562
0.011545084353673888,-0.014755282782341356,0.00792244006233041,0.002570940571646205,0.7364068592409118,1.4343923597929191,1.5400119693543746,0.8704961817750791
0.011660677973549527,-0.014883004937129301,0.007514714366190175,0.0025562140238221836,0.6870724591618029,1.3062473391819938,1.4824506928300754,0.8468208874249644
0.011693686304088876,-0.014704405031812392,0.007836786840661913,0.002821398171444748,0.7735998349696122,1.3354995508660694,1.5529970158196198,0.9674310441098807
0.011811196587439053,-0.014828147167542204,0.007433511618060692,0.0027887877936022287,0.6818108468431562,1.21357242493686,1.4937653571472878,0.9391352946026476
0.011840618209004684,-0.014648884232660605,0.0077441047473057025,0.0030666686155643723,0.7631419110392829,1.2362715950534524,1.5595070638007889,1.0644566385320549
0.012128895840071584,-0.01452413555302291,0.007532081545842613,0.003555839368009382,0.9599697778715782,1.0385890934852764,1.5551677427283488,1.2615600092848378
0.012254100225224433,-0.014617045066033195,0.007172508794663285,0.0035011147351396038,0.6432823537583995,0.9343356366018055,1.4988531642910774,1.2315810949593216
0.0122699521913998,-0.014455032777517944,0.007418798992221271,0.0037867373032226953,0.9036226210711679,0.9415661223713602,1.5453560444099785,1.359838398426838
0.01196434567110164,-0.014767627483006753,0.007340563866479212,0.003024296321857235,0.6783538299230519,1.117085185837654,1.4992391480153378,1.0347627950635918
0.011985736283431542,-0.014588774500088612,0.007642792181572757,0.0033109978450888964,0.7959661558638181,1.136907754853085,1.5598357403174103,1.162099613124508
0.012117221761857836,-0.01469832485554161,0.00724448620102493,0.0032642459530451986,0.6565148766247341,1.019992888345388,1.499413910875828,1.133252975480339
0.012403711514710166,-0.014531447841623713,0.007068167202279238,0.003748664943395276,0.7033616447535209,0.8359390389796905,1.4881380604991274,1.3366413982484422
0.01240876639851925,-0.014381534484329047,0.007301733410191936,0.00400762523115574,0.5810917889683915,0.8455723863188297,1.5300722630411085,1.454592827871598
0.012545204192439477,-0.0143037118419788,0.007166895150732588,0.004243981283364343,0.9429108606198481,0.7485943586308815,1.5077919021851998,1.5527444662028758
0.012548633739364354,-0.014465309876739087,0.006924415813129414,0.003951264916824542,0.6892901878952197,0.7396411300838253,1.4643946185360868,1.4208413603574515
0.012681029506558073,-0.014375197085557507,0.006818032084459954,0.0041770374358190985,0.6798572098738954,0.6538903392951338,1.44456110953878,1.5153874071073554
0.012679131780828632,-0.014221641019906124,0.0070347465764143075,0.004459679000928835,0.6771573231073633,0.6548968933792219,1.480385228059557,1.646042177983456
0.01281041626989777,-0.01413540329229132,0.006891458516219186,0.004677864162323851,0.6695490604689462,0.5627195882612255,1.4463515531321915,1.7366359082051719
0.01282492792826698,-0.01429137604874034,0.006665843382025377,0.004387297120023754,0.7243839920766342,0.5577799325354752,1.4106332646424786,1.6053268037800417
0.01293892622972893,-0.014045084994930427,0.00673547401508729,0.004899864562508296,0.9261355081770047,0.4722627300947874,1.4061292557126137,1.8283537449693499
0.013081961708962904,-0.01410803983458866,0.006387257062890432,0.004791108862270277,0.6802267814633073,0.39015259363533655,1.3372235417270684,1.7749930503441227
0.012960151727436475,-0.014208964094264843,0.006512489695153965,0.004579178643556795,0.6852008312312482,0.4696757373958933,1.3727949487191902,1.6860546306439776
0.01374992553421357,-0.013756069247087896,0.005366762930681252,0.005357133956517064,0.6475696888989235,0.0035153620315054135,1.0093929791207026,2.012253001451786
0.013593145390888614,-0.013824520311482076,0.00562606365555421,0.005285559115379795,0.6682372028954916,0.08230595258077816,1.0962897714076685,1.9846700706736917
0.01321780116605324,-0.014147680003405544,0.006097168773817019,0.004729716566246917,0.6599930261478419,0.30498611509478635,1.253723402425025,1.7589965527461076
0.01337676577114274,-0.014094772390274355,0.005852112315712181,0.004824488402771477,0.6400328299006169,0.21259898372308775,1.1799574950097902,1.8014017534379605
0.013513831719784083,-0.013975540579180712,0.005685597144333841,0.005024765190971703,0.6514750783345229,0.13456054524514327,1.1246297566532173,1.8817138376848934
0.013943913210356238,-0.013822049615293605,0.004999737585177286,0.0051591275926603855,0.5935331567890999,-0.06458081022349697,0.8972162506625186,1.9260378669854628
0.01139495244676372,-0.014801469324203571,0.008000975861276216,0.002315312393644261,0.6050580306027675,1.5331120939299432,1.5207718725300279,0.77451192644275
0.011508355902734342,-0.014929269482690508,0.007596471767784308,0.0023248838952945328,0.7099273166924543,1.3994549652183468,1.467358009424417,0.7575490533984314
0.01124342629880737,-0.014842921746160493,0.008068215997156075,0.002069298748880172,0.734035225208208,1.6280616735065732,1.4950670356101259,0.6827225812862673
0.011360945734098805,-0.01495761906476733,0.007691641658863262,0.0021116403809676378,0.7252639625909091,1.493308474861682,1.4527764016090494,0.6778053885676308
0.011090665429940793,-0.014879595159429932,0.008126907891398505,0.001824902805355116,0.9657344796440572,1.7209648340485864,1.4626399693278265,0.5906996090975741
0.011193895305296834,-0.014996987884275371,0.007765510012195803,0.0018551913256211162,0.6775353136909944,1.5941095356553097,1.4250661657108366,0.5825996683241824
0.01093683137430405,-0.014911450597951645,0.008181155533726699,0.0015630801221222458,0.8142625280021956,1.8122662050491118,1.4242730366612506,0.49825731689893155
0.011045062749210112,-0.015044568755192047,0.007785859645026924,0.0016125590820142974,0.6669159306644762,1.6715116646235384,1.3885589513272958,0.49495837497171863
-0.005244717217658646,-0.008454915646326116,0.002573891911785509,-0.007921555818599876,0.918853889585074,-0.39518829468705335,0.22384789456841536,2.544211551663728
-0.005107989964926639,-0.008327379375704881,0.0025805251774950956,-0.007557806040166293,0.8168580129137685,-0.4139763676531896,0.1671525101817984,2.4283004604401004
-0.005198530675796427,-0.008605047553236283,0.002318276158060727,-0.008000098880186535,0.9997895226322541,-0.37539547121429456,0.3143649809798324,2.51715607713057
-0.00505637174594688,-0.00848442915287095,0.0023397445655365568,-0.007641846372474653,0.7965011804261622,-0.39950243216324827,0.25452573441757725,2.4075886650171707
-0.0052645092192189075,-0.007138798825551207,0.0037265231331493312,-0.006207130294247167,0.6263711481138187,-0.3818139853272646,-0.30677671771869736,2.109693072185816
-0.005366276605312568,-0.006974605978993919,0.003934729263942268,-0.006059049894562723,0.61381834134568,-0.3596842451166337,-0.3846459527387669,2.0774679540535916
-0.005669464940498546,-0.006643401134964181,0.004469037434116245,-0.005777726575850485,0.5887303467505728,-0.285159323284288,-0.5722385917139067,2.0117701062772717
-0.005482168706666217,-0.0068028467415110795,0.004154191121053655,-0.005894835161710344,0.5956030495131966,-0.3311431677045153,-0.46430565147071196,2.035917542793445
-0.0057135758838753265,-0.005653867780832728,0.004475474168412804,-0.004388033085136259,0.3871088133440544,-0.2238780926077735,-0.580848761613023,1.4900064355756302
-0.005537307911985884,-0.0063410920341003705,0.004293901134933634,-0.005254575756347337,0.4928892866858528,-0.2902040843592997,-0.5230174354627611,1.8052043279890893
-0.0054801348136645925,-0.0059795977593869835,0.004213317366654277,-0.004746937697917374,0.42142226634580904,-0.2820819276360678,-0.5037216026704004,1.6175351197408108
-0.005168444258194726,-0.007288329161449984,0.0035232421643207694,-0.006325548181228813,0.633780204658851,-0.39742363280224935,-0.23221092737177587,2.128131733748455
-0.005099418449241055,-0.007466271483942601,0.0033304381423416855,-0.006494181122044168,0.6541622780376968,-0.4086480460564719,-0.15808227483461953,2.1625990521615823
-0.005047561927514009,-0.007676627475117302,0.0031219070247501643,-0.006707232407427322,0.6783750942332156,-0.4163576394242177,-0.07459181462589216,2.207986705580886
-0.0049723395252709475,-0.008189985975344984,0.002582782787576229,-0.007215072603747764,0.7349145899005679,-0.40918641450905896,0.14113736541947178,2.2938701064321747
-0.004910666148865239,-0.007854567958971832,0.002820616407857058,-0.006765184705348635,0.6641600603219918,-0.41553907926361916,0.027632754856118203,2.1733028652940667
-0.00483451928111342,-0.00803439918218505,0.0025836650937738296,-0.006874106462297959,0.6666271138301849,-0.4092213567647976,0.11156715382570526,2.1637999995203994
0.006355041344894554,0.0019362199701845294,-0.004087108074603309,0.001075392490151958,0.05208333671858007,-0.1844505317539485,-0.23648417104301275,0.4021068621025291
0.0052337764347131135,0.0027782808642282278,-0.0034868127445501153,0.0017460702911977117,0.11777061725203451,-0.2941340115311643,-0.2223192311333926,0.7139491519826145
0.002999923607721805,0.0029188522573740504,-0.0019552339338324743,0.0018790984559596943,0.17442803925873493,-0.35309215070541894,-0.053885135570028324,1.0128774643301748
0.004008980147629055,0.0026862140842653028,-0.0026305507699138264,0.001716096554997581,0.1386908627951686,-0.3468427931360949,-0.11782229069819343,0.9018075371298747
0.005562043571366279,-0.0052431349746084495,-0.004222024720538054,-0.0038796815190447857,0.3132533739676438,-0.2457269923690679,0.49733769514707155,1.3021838158239583
0.005488697826242483,-0.00467796288350061,-0.0040366488538419,-0.0032857246356749995,0.24114315567075736,-0.2505915268595962,0.435233734527713,1.1058347948473466
0.0061839300080064885,1.5372608223242776E-4,-0.00382200462740308,8.734890859580694E-5,0.032019423386464914,-0.2268508251182085,-0.01708558429869886,0.33797773605987697
0.006321684538207756,-0.0026340879705826015,-0.004215332044834948,-0.0015243554889136435,0.093435270837071,-0.15839573686531336,0.32899708400029204,0.5060152452307908
0.006184840641488727,-0.0014228175193342987,-0.003909693560038437,-7.933091956228328E-4,0.049571119858256685,-0.21490068517241998,0.16076439797582173,0.39303575769778626
0.005862985580512893,-0.0034167083450631786,-0.004072731052214105,-0.002154116267370547,0.14762227566567357,-0.2108842921165656,0.36876631171987473,0.7314064583672367
0.0056108642984835835,-0.004101835061493505,-0.004029471356937844,-0.0027456718277009055,0.19089762993831375,-0.23549695567252457,0.40893754560887147,0.9347327168704408
0.005289975234368666,-0.006165269196877002,-0.003973300890558127,-0.004916501815791555,0.430698514507172,-0.31928769528116274,0.43150095744468103,1.6699413204413245
0.005139076595944744,-0.006444029666581521,-0.003755607851168911,-0.0052004514321501724,0.467369414594388,-0.3524303829215883,0.35755328614212617,1.756268321987539
0.005222889964876618,-0.005683521605935481,-0.003891153381936924,-0.004321939945444274,0.3543510359056349,-0.309511871035873,0.4101615433697257,1.451093774494728
0.0050720425133170734,-0.006812643254582241,-0.0035882268089211357,-0.005626544460719414,0.5169947577986121,-0.37867521799147186,0.2880555133182299,1.8871394602893665
0.005068125179849759,-0.00847932210785284,-0.002357243980619544,-0.00765516673259523,0.8058277036347546,-0.4012544517633288,-0.24973554684794066,2.4156262351580917
0.005198530675796427,-0.008605047553236286,-0.0023196747320848774,-0.00799962325445726,0.9779502701165628,-0.3734220522482193,-0.3149230156385281,2.516133104855069
0.0051570782538395065,-0.008756573701192634,-0.002061788814711959,-0.008070044007240864,1.0885815268669508,-0.34802841340949947,-0.4040925574122319,2.4829624939652564
0.005026819415342575,-0.008641655969797568,-0.002112827124952933,-0.007743792886119888,0.7776098100703587,-0.3808811650948459,-0.3377656076809728,2.3922270537181762
0.005120404840570064,-0.008909334570059206,-0.0018116310420084663,-0.008129962767992561,1.0175948440948581,-0.31816156111349553,-0.4905129193607762,2.4440727511445735
0.005001149674823198,-0.008800335398290966,-0.0018794573731160489,-0.007836056713264318,0.7597573789773663,-0.35517477994216407,-0.42165728985925893,2.368754341830926
0.005088549402048354,-0.00906316862569595,-0.0015665154110739482,-0.008180654584300173,0.7162793399927067,-0.28493205049862624,-0.5728239022505619,2.3983559305785316
0.004971821226641526,-0.008968134985388657,-0.0016234638931420214,-0.007912590662287762,0.8021710025205925,-0.322045090371214,-0.5094696416835401,2.3308529705682077
0.005002351108739008,-0.008177415822204338,-0.002628572794462728,-0.0072431762670703255,0.7376881303870034,-0.41239443459085035,-0.12867562836857638,2.3138125603088118
0.00493309759625768,-0.008338040037015155,-0.0023860714073118817,-0.007315967373507426,0.7366409256350686,-0.3994898693684219,-0.21336950688256848,2.2873498929422844
0.005061544257832261,-0.00921791631991809,-0.0013010215940303966,-0.008226967171807743,0.9412760911894867,-0.24477213675363182,-0.653949918776611,2.346695658856642
0.004930126067174,-0.009124880024235789,-0.001370109184179696,-0.007944612228176691,0.7778282788971199,-0.2878072161153113,-0.5856555450704227,2.276171666525396
0.004911192011114078,-0.009275683841556904,-0.0011370317372916292,-0.007993218537137142,0.7395545771524422,-0.2500601871808367,-0.6568785836938434,2.2309722747657106
0.005039415511198498,-0.009373420771600327,-0.0010440912708302337,-0.008263564067609717,0.8572396743120874,-0.20037354388292283,-0.731146857565685,2.2897936113933093
0.004903793840746524,-0.007970034051359366,-0.002715926021104743,-0.006888294365974974,0.680384710020009,-0.4142125746463549,-0.06910057229331447,2.1972424261827292
0.004974944173708011,-0.007726929225194423,-0.0029965626655666096,-0.006688951871744138,0.6600015960328595,-0.4172216173003516,0.03554305536436747,2.179095939154226
0.004927932956712158,-0.007115942879393675,-0.003297061032775509,-0.005902245009712718,0.5481788847708726,-0.40055809326086994,0.181882307133293,1.9464130176720678
0.004844782122247741,-0.007449539007990237,-0.0030269157422598805,-0.006230403200757546,0.5822464238698134,-0.4118902915611523,0.07760669205064248,2.016257212444897
6.938893903907228E-18,0.025,0,0,0.500712164738362,-0.011855811429066008,9.641465472696702E-4,-0.01370844880310299
-0.012708758077087072,0.014614440071443682,-0.006461812116529096,-0.0037917338834541135,0.6160906982981045,0.6029929383996554,1.346725318707619,1.3734344109647376
-0.012689198285881066,0.014824799000151328,-0.00622742540622081,-0.0034684137128423655,0.5648337210309919,0.585856796323866,1.2820372316804762,1.2486541329487115
-0.009992127275781948,0.015769419769655468,-0.006657824680116717,4.133874567735668E-6,0.47640226562245286,1.6803453357050453,0.9233632137261312,0.003266104298779214
-0.010277520645548162,0.01573423102070084,-0.006704465976852759,-3.296925325657342E-4,0.5002828304037631,1.6017387473823723,1.0041413177263134,0.09793824327935895
-0.010487531335449008,0.01565666421628983,-0.006805784776181209,-5.90802628523567E-4,0.5140424466143532,1.5676021342451347,1.0718488881634232,0.1764748212245248
-0.011292386724741171,0.015330925177245224,-0.007011594892934829,-0.0017001571415973034,0.5729489294600797,1.3342179718881797,1.2916272884841067,0.5480275804220649
-0.011046823020921413,0.01537592742346592,-0.007098549939533702,-0.001382953592162594,0.5741229894750938,1.4589661911180654,1.2568817269636028,0.43427327636496793
-0.010807077465886659,0.015468265893628352,-0.007050946057790985,-0.0010425097823912371,0.5585470875660138,1.5369428342782385,1.1916516262275436,0.31971030996581445
-0.010705024504160401,0.01571519880434981,-0.006633506143214896,-8.228667813589069E-4,0.492176663867343,1.4300399886133652,1.0973595484652277,0.25345364018334465
-0.012472207202078256,0.01488188667362645,-0.006456503861007349,-0.0032673263805943547,0.5781270485599057,0.7127376439657931,1.3278414058964325,1.1636642154959416
-0.01225582941904737,0.01502560261110266,-0.006536218270538351,-0.0029313094231385897,0.5623447499740051,0.8199215834471748,1.3281348345329773,1.0295575422533219
-0.012003677993257751,0.015103533901681029,-0.006719671584941732,-0.0026366711612049037,0.574865818906204,0.9653986745684409,1.3449257758307094,0.9083066107667125
-0.011526964303799478,0.015234017766568379,-0.006991222742924721,-0.0020395118096840363,0.5844410440785707,1.2310166778534268,1.3333985442010978,0.673803599851481
-0.011776966128030537,0.015215575561933897,-0.006781397675858937,-0.0023091896040062392,0.5591308547315981,1.073757931249994,1.3275999269959107,0.7815602437381485
-0.011455556334452126,0.015472334840758547,-0.006634175781737722,-0.0017641410148420207,0.5175643276914175,1.1625297060717976,1.2408195070725745,0.5791361544273682
-0.007748043464725282,0.016373859861662274,-0.0048495098397183115,0.0016873437817807536,0.2679780516471974,1.5030800948480068,0.3123048041261756,-0.34380588608661355
-0.009311562756413863,0.01603144779552663,-0.006097377927697626,6.871875666326744E-4,0.3883615596346423,1.6555632389699082,0.6997550415862034,-0.16383534029415267
-0.008743402150953605,0.0163106529731648,-0.0054700982010369706,0.001059900373353955,0.35806571451278973,1.5285521130236448,0.5453461948642259,-0.23809054773619096
-0.009726010226763546,0.01598067335848041,-0.006270739390584289,2.74754323680721E-4,0.45170206169254357,1.6014823812878143,0.8177809858174377,-0.06573080326860738
-0.013000387826938053,0.014373457298490627,-0.006262909828596949,-0.004294807901205007,0.6454559775770429,0.43523364237213824,1.3023249987355563,1.5805228681303518
-0.012895707245877448,0.014526769277895066,-0.006268705235540782,-0.004008072017905088,0.6186196589446108,0.491214574979892,1.3019605818393138,1.4649421832482685
-0.014045084994930427,0.01293892622972893,-0.004887152568246813,-0.006744657913265897,1.0206808736126032,-0.22392567039328629,0.7419274253517257,2.5258628972984978
-0.014206058830602296,0.012962967295830272,-0.004585921600527359,-0.006510082052111176,0.6770876125210181,-0.264757868915869,0.6747791039972809,2.426407185763376
-0.01413540329229132,0.012810416269897769,-0.00467505793856837,-0.006893570463108714,0.9758825518843489,-0.26683958730693164,0.6540089457913766,2.5703358771616567
-0.013245869099961274,0.01415332506972794,-0.006040986600613097,-0.004720175781564928,0.6607172808249845,0.28808982478971823,1.2374528188741807,1.7564355246109422
-0.013159247861363894,0.014302937515013865,-0.006059575570453822,-0.004447327009227718,0.6350122060468156,0.3392832131327412,1.2455765154391554,1.6468467727804774
-0.013377269969157462,0.014079989250277274,-0.00586192551020397,-0.004851272033842675,0.6515148871381794,0.21147590540241779,1.182318537474835,1.81194761050971
-0.013950775489717909,0.0130645347166975,-0.00510855469784372,-0.006578454966570756,0.7095435832429281,-0.1752482349117138,0.8287005871422708,2.4759527919114364
-0.014128814562345006,0.013100022323892119,-0.004755133638664707,-0.00633345147918771,0.7030602699884735,-0.22379486776361834,0.7496945333063105,2.368618444644009
-0.013852566968142575,0.013187119036995118,-0.0053163358053411386,-0.0064119269654339004,0.6400186527541095,-0.12101051874880393,0.9107775302033593,2.424244610506779
-0.014024922004771482,0.013219634536144878,-0.004959723940756223,-0.0062009373735306674,0.7472642558213646,-0.17429406975858028,0.8295486335675731,2.326254096922419
-0.013750556019033763,0.013306558565652453,-0.005510355365205322,-0.0062460600463577825,0.7690522972586082,-0.061424309199907344,0.9875241825901767,2.3669440602485547
-0.01391283977439403,0.01333339142736266,-0.005170553058275914,-0.006069051210648837,0.753332713718671,-0.11840987509921073,0.9091071427690242,2.2821735482527874
-0.01353553390593274,0.013535533905932737,-0.005891944768241504,-0.00588727245464588,0.7267671741975348,0.07305281575265159,1.1319193794905025,2.2310983067188754
-0.013582577923452174,0.013684543624662385,-0.005718137753861354,-0.005559239356413937,0.7361124511815506,0.07191301192944112,1.1164450246188447,2.0912423814790313
-0.013693945879738063,0.01358094406867891,-0.005542626554615211,-0.005716387154933494,0.711451483754614,0.006928322407471508,1.0535962148994733,2.1514566645016373
-0.013644843410250553,0.013422735238775142,-0.005699120308385258,-0.006074202357978273,0.9073396584693976,0.0032754846734739745,1.0610295189079706,2.3020738124228792
-0.01379810302570505,0.013458897330815945,-0.005373503861491991,-0.00590014154738204,0.7077035239173671,-0.05431798537915172,0.9881588446030348,2.220240550186226
-0.013513611515803176,0.013977323829722207,-0.005684530945395592,-0.005021878117049618,0.6525647882997232,0.13439672092540614,1.1242723197100881,1.8811096065262085
-0.013604798547272933,0.013828370450659863,-0.00560211883702423,-0.005275355845404234,0.6691049022378578,0.07678180995180277,1.0887191745832132,1.9811474970762757
-0.0142908156217683,0.012818094356645788,-0.004386390957582084,-0.006678586534573258,0.7294352486569818,-0.305310123128822,0.5873087162491711,2.4774940386492514
-0.014221641019906124,0.012679131780828632,-0.004465172243043785,-0.007031294210725643,0.7145494006050295,-0.30504558463674375,0.5647851855322423,2.607934848437866
-0.014353696771323355,0.012947046376365706,-0.004316957251485261,-0.006377246738987541,0.6922077745666829,-0.29606994896003735,0.5832794472743982,2.358813043446613
-0.014381628492155211,0.01268685114004101,-0.004169554667545781,-0.006799354919500227,0.7388799802985381,-0.3396384984953323,0.4993743369148791,2.505953156293295
-0.0143037118419788,0.012545204192439473,-0.004239388311852463,-0.00716961900626598,0.8547384880996273,-0.33785633366070894,0.47099718361448756,2.6399312602885305
-0.014381534484329045,0.012408766398519247,-0.004014694875025132,-0.007297804269799881,0.7703913662696733,-0.36472323717445354,0.3762007788323509,2.665209274655971
-0.0144634767949927,0.01254387373012697,-0.003952741016746013,-0.006934058625025001,0.7285234573221636,-0.3681645364441181,0.40880148248449627,2.536475548064553
-0.005644018122437833,0.017298431211640482,-0.0029314564397846725,0.0017921141176618688,0.18701348253937555,1.0177559975140362,0.12511338023307608,-0.3334658515187728
-0.007162204508572916,0.017184237066273773,-0.0038212682960463784,0.0014828351853819206,0.21640773282113016,1.1332786349103534,0.27342844852765164,-0.3010489691198039
-0.004028668587916605,0.01885903551700421,-0.001645977326666095,0.0012385584886701014,0.1885979599799028,0.7031497561373682,0.09270848940469374,-0.28141902270118097
-0.002083717175787335,0.022001470608130767,-4.57277254000855E-4,3.364768834471131E-4,0.29960963284656755,0.2821185996790016,0.05154125504837843,-0.184233014588387
-0.014801469324203571,0.01139495244676372,-0.0023244294407171323,-0.007998331227424965,0.8352181662208705,-0.38137610286946066,-0.30604754835685255,2.6782946172070186
-0.014957126742407694,0.01135975404352102,-0.002110786018919678,-0.007695870656398555,0.7606721619558776,-0.38474071143302885,-0.33561960298460214,2.5422644000097034
-0.014842921746160495,0.01124342629880737,-0.0020778668926549953,-0.008065908806299133,0.6966213132172215,-0.36012562165870204,-0.4005940821275081,2.6547058374590615
-0.015005528308110984,0.011210122365243083,-0.001869355209062521,-0.007736182533693334,0.7626602459259325,-0.3618293538111421,-0.42355315813582767,2.5097694571026565
-0.014879595159429937,0.011090665429940796,-0.001823133688796755,-0.00812722132071409,0.7221890283733119,-0.33224454650596114,-0.4943156237452135,2.6236160692405233
-0.014455032777517945,0.0122699521913998,-0.003781956973115447,-0.007421045106835796,0.8111526570463045,-0.38536208159265173,0.28012853034139357,2.6847438033193396
-0.01454983303941737,0.012394551932277622,-0.0037144967646597755,-0.007054987993541514,0.7432631115738428,-0.3924771588727552,0.3097514041765306,2.5569049470465495
-0.01462201749343696,0.012255562541605416,-0.0034961702272337833,-0.00716220592563606,0.7136062407506413,-0.40814162878383625,0.2204668726819726,2.570463294865858
-0.014648884232660607,0.011840618209004684,-0.0030599871437940623,-0.007746831714082858,1.0440889142668308,-0.40996007112947436,-0.014424510966863499,2.7093984590942353
-0.014751557086770964,0.011965813017795894,-0.003049167058073649,-0.007367101150642441,0.7233387659754255,-0.423810237478067,0.03461352811784179,2.5855051203399833
-0.014799214138979524,0.011809281430470202,-0.0028245913216437507,-0.007489681579306545,0.7387489138290149,-0.4220452822604414,-0.059405726224808865,2.594493600514132
-0.014704405031812397,0.011693686304088879,-0.0028287981034067797,-0.007834202472623245,0.6060197860825253,-0.40736841685144465,-0.11107790564272553,2.7047860284296443
-0.014766809860758855,0.012226270910778943,-0.003256162956273566,-0.006973314847051548,0.694327408820516,-0.4107387834815289,0.1396452640434487,2.467863987509333
-0.014855525634540562,0.012101383112773619,-0.003030168378971316,-0.007003209185493408,0.6852421268095892,-0.4155703837623936,0.05212442520995814,2.4471342350546386
-0.01475528278234136,0.011545084353673888,-0.0025735141242110107,-0.00792163313693162,0.8946819503601842,-0.3973426769196053,-0.2092385287057946,2.6943892694121025
-0.014870964871143706,0.01165233724325263,-0.0025614475882690777,-0.007548329772156599,0.76133111262505,-0.4148517385320383,-0.16052593831359954,2.5720150656306298
-0.014914412547151031,0.01150879438228853,-0.002342254003497161,-0.007626961571479441,0.7242279385387115,-0.4026449947730129,-0.24587689440775737,2.560839400765284
-0.011693686304088874,0.005295594968187607,0.007834974035444356,-0.0028263150720445602,0.9597294688395438,2.597650749541899,0.10931464650836824,-0.39615330592090564
-0.011840618209004684,0.005351115767339394,0.007743215240769502,-0.0030692733711611213,1.0297481123457515,2.618707928212976,0.0157429814625652,-0.40086887474619276
-0.011806687604898825,0.005183469597496323,0.007523951857435676,-0.002819925430298156,1.027882411320155,2.500802199659495,0.053680969523214904,-0.41273443459470943
-0.011545084353673888,0.005244717217658645,0.0079248336625627,-0.002563876608041946,1.365843123398932,2.572451001809274,0.20560385672381554,-0.3833130656633567
-0.0115137135279591,0.00509298626100973,0.007705971346294191,-0.0023752613000050664,0.9565521406118017,2.4625368878389398,0.2250084114670494,-0.3930286803298965
-0.01139495244676372,0.005198530675796427,0.007997835851231101,-0.0023265133602935737,0.9918394105129832,2.5396915653539107,0.29704456854865036,-0.36647820036939144
-0.011669198931524924,0.005122231028556701,0.007589195700240155,-0.002594920746899075,0.9644147463229594,2.4734479323930447,0.1365510079237164,-0.4065664272884076
-0.007333160521326084,0.0052593257839800255,0.006512301725786529,0.003639824559328897,0.41703010442003263,0.4301953481153223,1.1357740565405632,1.1643716608836636
-0.006932226894782035,0.005479589688834863,0.006117349743337211,0.004128718467284434,0.4324733379026328,0.23210578173416516,1.0597321051960966,1.3679467186137269
-0.007131762895892501,0.005335248145576961,0.006295565167845893,0.0038447711751603774,0.4141914173878794,0.3245296060824896,1.0916074767870276,1.2506916852585095
-0.0074046882999403325,0.005038345817532687,0.006398746643088577,0.0033062241856121714,0.3818197243439394,0.4317321227747232,1.0787565373612191,1.0325498371838924
-0.006662223917514088,0.005308043157613793,0.005613789875907345,0.003943028639827744,0.3778675192610695,0.09046233390269172,0.9064482647697288,1.3004782562134913
-0.006432426063484505,0.0054560189357201585,0.005374502992067021,0.004175310503674454,0.3899860294444773,0.001427545189663455,0.8470525759069192,1.396976931675214
-0.006213467290993381,0.005626049771299474,0.0051382947506071865,0.004414132322847267,0.412408967481454,-0.0781497504106618,0.784417854495468,1.4949000956667315
-7.736321746857461E-4,0.005790900224286493,4.497273324596597E-4,0.0036625495986477544,0.18117845294528648,-0.33329080584280696,-0.026290449791863204,1.0371318790122908
-0.0021218154533927547,0.005841644712478276,0.0012704849843625722,0.003815386475860246,0.21607214411318196,-0.3490019878205817,-0.04833766057057212,1.1286991626678242
-0.005075698877132553,0.005814474307921661,0.0037270132717223538,0.004429934875222258,0.3623702593852261,-0.33181778269967127,0.3623627628254477,1.4941370627679733
-0.005877706319125778,0.005495157441386804,0.004648348183319686,0.004210155526154536,0.3675935874671841,-0.17876153181950172,0.632218636908055,1.4220549575414518
-0.005465671429979822,0.005505210541251915,0.004151779169029267,0.004164290483555557,0.34443790680127023,-0.26657789849162256,0.48527081134296335,1.4094206820688657
-0.004565664684477608,0.005703409235898642,0.0031981880842630386,0.004184162275879112,0.311934507635275,-0.36629476429480207,0.22801999857484437,1.384503593342065
-0.0033155945332680953,0.005838770378459772,0.002104544975797705,0.00401490512037984,0.26055287579979985,-0.3772146431906271,0.010087371517917032,1.2623388600859045
-0.004037700256256816,0.0054810189170310716,0.002727956804600465,0.003868266112822305,0.27404676841687864,-0.3791160803636075,0.13189437547330377,1.288733644807189
-0.007685697597792711,0.005022908604436183,0.006733275773770005,0.0031020982867059547,0.40282648650948044,0.5918182139113303,1.1457045112660162,0.949601611791188
-0.007919546392184647,0.004909449631957399,0.006880901495098989,0.002783204926961882,0.40617767411537414,0.7039235883303651,1.1485555300552361,0.8268659210692367
-0.008156436072050102,0.00485527126685069,0.0070691447756753845,0.0025092300546186064,0.425630260636002,0.8350455904032359,1.162601185702717,0.7243900198498537
-0.009063168625695948,0.005088549402048353,0.00818047217007523,0.0015667356325479692,0.7472887899404888,1.5139918621876334,1.2567241457166947,0.44372487291673784
-0.008952148959205377,0.004953177066889118,0.007888945633054171,0.0016348282842754771,0.5306893103974307,1.3975530462477506,1.2198939327488976,0.4306938916588003
-0.00853495476523403,0.004909762406796931,0.007501073717304774,0.002149282793773677,0.4820700407479201,1.1002763117621137,1.2152439201240706,0.5999269570854059
-0.008694779818238775,0.004920980778825013,0.007651473259918,0.0019603056605413728,0.5176091411096901,1.2099762983242828,1.2200954962379091,0.5368643748424143
-0.008826125309109511,0.004827464229327407,0.007615623945281258,0.0017202099875115223,0.5267903024742165,1.2494673287542515,1.1768654984251967,0.456417693616155
-0.008381972065627661,0.004746833684666424,0.00714997528233005,0.002177553661994273,0.43243957503001634,0.934971971683492,1.1394954642444672,0.6054245849037169
-0.009217916319918088,0.00506154425783226,0.008226988247443176,0.0013005405944825764,0.6384109843547568,1.6001750403039605,1.2229871416387594,0.3645362644902614
-0.009114781932614053,0.004913345930564605,0.00792736799783366,0.0013774207283758233,0.5832610917204045,1.4804346060147904,1.184721359642304,0.3497292362276294
-0.009373420771600324,0.005039415511198499,0.008264648035680054,0.001035567811583418,0.5347375256799776,1.6862799986920354,1.1849538188058628,0.2888829655132096
-0.009279551235342801,0.004891062726000494,0.007976884434366019,0.0011239325539157306,0.6421617387105614,1.5675199597117864,1.149039991513714,0.2749760270778636
-0.009529528446938641,0.005022183559254116,0.008292394579985917,7.833022372439962E-4,0.7646147051648148,1.7690977973175641,1.142569258981202,0.2182617676590005
-0.009437462751036902,0.004885446685770199,0.008032247770591626,8.825911509075041E-4,0.6728202461183628,1.6553023699808989,1.114100097513585,0.208281431204518
-0.009842960155646504,0.0050024667597618295,0.008325296790698827,2.5484056348350844E-4,0.7037918353981237,1.930379775142976,1.04150471122455,0.08047724334581063
-0.01,0.005,0.00832938202985872,-8.659536737475482E-6,0.6128775513528579,2.00819128940301,0.9853388302534399,0.01829568876046032
-0.009907887297460767,0.00485949418201027,0.008088093169977483,1.4468402050179008E-4,0.7817931991409881,1.8891957157325159,0.9721651477243759,0.015527248663456067
-0.009686089839949744,0.0050098636880925584,0.008312687699041322,5.242259949891318E-4,0.8280611824784225,1.849851763281289,1.094433469447025,0.14845687591973938
-0.009596726483379068,0.004869213220249251,0.008055428596497103,6.320234218785088E-4,0.6644026178451591,1.7355812461394773,1.0685607731253082,0.1385467506282547
-0.009755320853373257,0.004854896527966511,0.008065426584577226,3.822952394479836E-4,0.7094100165091027,1.8113086020744744,1.0191736195346532,0.07277805377378711
-0.010080517503275918,0.004874062574782253,0.008111046843301025,-1.279335465930434E-4,0.7661551553038398,1.9780877640316203,0.9150283069564057,-0.04583408514604876
-0.010157039844353498,0.0050024667597618295,0.008325522764077786,-2.5193801192978897E-4,1.1642322188892773,2.0817746929487853,0.9243446264044016,-0.0396588321600875
0.0014853503997345723,0.0036297139441190843,-9.557137799411245E-4,0.0023336256075616253,0.19273099691728696,-0.3449210161137784,-2.4876784200408055E-4,1.0799913877272047
-1.4765472034268553E-4,0.003942886354319422,9.348296914877119E-5,0.0025179750520573432,0.18811063239010806,-0.34000680574960823,-0.0033255631450335985,1.0689564367174478
-0.005550893197921688,-0.005212730747196563,0.004204328086220621,-0.0038443344952861004,0.3118588141239351,-0.24399783088561613,-0.4959486418190102,1.2892875365176992
-0.006966136102600999,-0.005127311214388123,0.005904476403101146,-0.003622006998509907,0.369515368908727,0.2123691452218894,-0.9676495071869239,1.1662075977702928
-0.005901030808987908,-0.004990757967176994,0.004542021603765454,-0.0036105671658731614,0.28928086839867534,-0.17077950290670083,-0.5820164674922954,1.198302835485701
-0.0066631510847211745,-0.0050460955622650475,0.005464943233363375,-0.003601698887575001,0.3390210344798748,0.0720646666255896,-0.8429832445235458,1.167557840810024
-0.006296159198668376,-0.004922040909140076,0.0049644903328447095,-0.0035115557908430074,0.30580619783361246,-0.06440299968694867,-0.6957796310865475,1.146417216751314
-0.008909334570059206,-0.005120404840570064,0.008130087683920996,-0.001810878994666403,0.511613416000529,1.428809020137687,-1.2898032976147438,0.5238525004496989
-0.008756573701192634,-0.0051570782538395065,0.008069935962767215,-0.002061914604624712,0.4074710323321577,1.3417404670574546,-1.3141599592357172,0.6034834459752987
-0.00879992920477523,-0.004994861146440444,0.007843151499953361,-0.0018785425650592366,0.5923397566057665,1.318134720589825,-1.2475520336611838,0.5094125767784949
-0.008634145871579216,-0.005019742154638351,0.0077455104867153735,-0.0021210860805653316,0.5340772366991543,1.2216850674916053,-1.2639143236951418,0.5870007149310262
-0.00906316862569595,-0.005088549402048354,0.00818122344850632,-0.0015634027117609852,0.7757989210189229,1.5139672816181087,-1.2597549410649616,0.44556152177799335
-0.008962046725663326,-0.004967498945133913,0.007917080635322378,-0.0016313556570075104,0.5741738720088935,1.409450241519689,-1.2228368229362767,0.43104394547533914
-0.007673611049249822,-0.005058167473233509,0.00675679111972575,-0.0031549242816699625,0.4101776763398343,0.5925202959424704,-1.1570339885195728,0.9704021583881338
-0.007178600151015675,-0.004965020324344819,0.006053851207185628,-0.0033302781564970747,0.352018074558238,0.29592845486433733,-0.9862335940303656,1.0465271869514046
-0.007421103528536649,-0.004843962975309896,0.006244863195502423,-0.00306078034736644,0.3497592615270224,0.3999911295739917,-1.0134954924309125,0.9367113875408606
-0.007888175642667474,-0.004908357927344662,0.006845367989437812,-0.002808946787020018,0.40407050450513254,0.6836297556032828,-1.1434465043415705,0.8372369568752767
-0.008499862134509923,-0.0048810481291031846,0.007430183693813665,-0.0021656991964129698,0.4805353718271412,1.064024512280323,-1.2005936669938,0.6042278787804167
-0.008150658640685706,-0.0048483112909751035,0.00705523973803475,-0.002507544059688681,0.4212055193160733,0.8265075706608797,-1.1600457554334689,0.7253167944287912
-0.00833861104141007,-0.004742279514357467,0.00710553286370665,-0.0022181415633739745,0.42373483581146315,0.904729745911144,-1.1347870072926114,0.6200836566004893
-0.00921791631991809,-0.005061544257832261,0.008227499438583941,-0.0012979767721357752,0.5409141673390219,1.5993760640001395,-1.224312453381279,0.3664698693538611
-0.00911650359704313,-0.00493016393149961,0.007954476009302448,-0.0013850212329350358,0.5978965917479178,1.488427915464163,-1.1893463086667462,0.35366678150311387
-0.009373420771600327,-0.005039415511198498,0.008263309991503898,-0.0010462170528672114,0.7776808173878149,1.6833777902486549,-1.185548257454429,0.2924929464749632
-0.009280851541732242,-0.004913949715699959,0.008012535360138072,-0.0011325660214816775,0.6452288030293601,1.5789882345093644,-1.1565938936244284,0.2808659053185441
-0.00952952844693864,-0.005022183559254116,0.008291978070412365,-7.863621804108231E-4,0.8100886014981882,1.7669456618883155,-1.1419826218374625,0.21910330796594804
-0.009450554802359214,-0.004887976842900523,0.008040728285339875,-8.642943383176232E-4,0.6345756392916243,1.6651539871165595,-1.1109453292212061,0.2019733002332811
-0.009686089839949744,-0.0050098636880925584,0.008313174129059712,-5.16935652890819E-4,0.622452805936211,1.8492452372774382,-1.0937829964068464,0.1481738605950008
-0.009600480925739702,-0.00486847497104491,0.00805552474729287,-6.273946739682924E-4,0.6898620346109822,1.7373535594814806,-1.0672335329478528,0.1366576794723572
-0.00975565241633655,-0.0048698661115822335,0.008088650502467598,-3.8527663484161996E-4,0.7314388440047389,1.819546172686784,-1.0237704239368837,0.07578405154478828
-0.009842960155646504,-0.0050024667597618295,0.008325135877165567,-2.631248216109678E-4,0.8589268108418248,1.9282543516060724,-1.042405604313959,0.08326298770432647
0.01531474644280334,-0.01130014882917949,0.0017230929944545192,0.007046379033178485,0.6124935784423146,-0.34510409930380814,-0.4200438273334068,2.224973894985936
0.015211747248484018,-0.011510340444166252,0.0020419094498417794,0.007055451380215193,0.6394521392136304,-0.37707729585677247,-0.3115671254945322,2.2957713597984806
0.015056815934194777,-0.01207645845761591,0.0027515813783434884,0.0067112662598641905,0.6280521347626001,-0.4112123321850479,-0.027292652781111554,2.300556335397158
0.015082064396789226,-0.01185821434073422,0.0025283614035734813,0.006924903937835249,0.6534936256868368,-0.4067248973505278,-0.12539214249861722,2.339769345131737
0.015233676275197944,-0.011707989575398637,0.002224218791636408,0.006826461706209884,0.6080805848624189,-0.3921174459379991,-0.22811004925761105,2.249469254488512
0.015597289722832414,-0.010397152255454666,4.958402573991584E-4,0.006958532978380738,0.5544918341594184,-0.12704499954343143,-0.7951012772207874,1.8851459170995246
0.01554855887969486,-0.010624779063083272,7.874074339108656E-4,0.006986756736739169,0.5707550327207783,-0.18960814697107087,-0.712850733703973,1.9718226012169926
0.01558423654678535,-0.010877951432803406,0.001069848245249608,0.006814536582186327,0.5533685455208862,-0.24624187429805303,-0.6127245991207878,1.980336411849262
0.015556226708045615,-0.011200757956151705,0.0014427024044881952,0.006683008685514878,0.541605108906757,-0.3075894531832893,-0.47971919298952287,2.01825505903048
0.015113297054231957,-0.012491716477685716,0.00297683749455877,0.0061236367374677405,0.5536903834900259,-0.4021329893391891,0.10130964468218721,2.1178984221686465
0.015182342590665438,-0.012262747078150636,0.002744074881570147,0.006304552521768864,0.5813283952419962,-0.4062207066533562,0.002308118734462886,2.1474419815815122
0.015215454652080667,-0.012692618022095918,0.002963162731217435,0.005759106690036318,0.50991282103425,-0.39455706916726685,0.1320232720171022,1.9808211453386577
0.016091767540753782,-0.008697615808607013,-0.001218542472852337,0.005774654891184888,0.4020886611187379,0.3867812205019235,-1.0165558821479694,0.9365559429111628
0.01580274351575938,-0.010191726750701343,2.1978175530295587E-4,0.0066108714508211625,0.4985249836770124,-0.0606181356678615,-0.8427087768879288,1.6683685076478236
0.015844622594975006,-0.009840189247219236,-1.7600499549486122E-4,0.006543078694006786,0.48995538384017573,0.039718480122913895,-0.9252958552354983,1.5361570677727006
0.016084205644338274,-0.00948275768358421,-5.059783965284276E-4,0.006089446734338059,0.42125859109501024,0.1388727775110181,-0.9327578190227792,1.258878910056134
0.016294519366915367,-0.009142622638168871,-7.515542246124604E-4,0.005680724860720437,0.3631573652548447,0.22646703157345333,-0.9280735653428283,1.0260316954559403
0.0164299604793372,-0.00806010840475711,-0.0014811088339537844,0.004997225560598913,0.33359814786051073,0.4958104015367799,-0.8910430756939887,0.5417186699958442
0.01633273879116281,-0.007060407389090271,-0.002022071359912118,0.004438962343180918,0.27517938926572144,0.7079596126793403,-0.8023100274023642,0.22727076994275788
0.02182751706919178,-0.0013263844568586027,-3.7640068897526116E-4,3.033313580553981E-4,-0.24470575725501212,0.2655659846802138,-0.061939390882494914,-0.18326984590585885
0.019282546237513663,-0.0026181879580629962,-0.0011296166734960508,0.0010044691928613042,-0.061670524003687464,0.4730687473763929,-0.14360090402191591,-0.23480471259070143
0.017285904721592544,-0.005735862743257027,-0.0017781382973673565,0.0030019560808056795,0.1277248217090068,0.6173814582260494,-0.4798077491434877,-0.093852374115133
0.0188967470529704,-0.0048333053982584605,-0.001152883396807071,0.001958646984724046,0.002773909407126234,0.4403163483230298,-0.2877910824003477,-0.15927589528672215
0.025,-0.0035489994304471924,0,0,-0.4160591766926142,0.0017618634805823235,-0.14076087262317577,0.0225077747247617
0.014628942680595503,-0.01298172915175308,0.003874752056176325,0.006020288842088341,0.604934289355867,-0.3337181973038103,0.44520644222359745,2.1880880112866694
0.014920695374729148,-0.012963184261166537,0.0034506006493580537,0.005739924581655191,0.5341429236062146,-0.3654513332030232,0.3079908347944988,2.0378303946401135
0.01515363711709081,-0.012873774830766132,0.0031204725120606907,0.005610738108302245,0.48843362064075607,-0.38481762853133444,0.19927005565651412,1.9508986473601417
0.014097223246064296,-0.013607415478998072,0.004792731041486372,0.005443938708502095,0.6070309838720428,-0.14232884867648254,0.8101719579948543,2.0308580762136255
0.014455070388944058,-0.013222564618084385,0.00420329160313987,0.005813074379580749,0.6007657823925386,-0.27952268155930154,0.5790614525143548,2.138515103953179
0.014289373489883017,-0.013460224519498333,0.004486266080634426,0.0055622324955981566,0.5935056902049453,-0.21425084398170482,0.6960418731428222,2.062278904889133
0.01162480232396601,-0.015069667136448653,0.007198608016893049,0.0023068865145587513,0.6231197162267623,1.2433801941621587,1.3994521746556863,0.767876013623995
0.011778981599669077,-0.01501370450977158,0.0071315323053795935,0.0025297058547703137,0.6247867415429774,1.1574583913177399,1.4116317390853652,0.8545160118826786
0.011928869767220532,-0.014951256810872584,0.007063103997766444,0.002750510872739111,0.6267411359962946,1.073526539342013,1.4197348114339734,0.9415266907242225
0.012383084888998221,-0.014677037156297881,0.006880380549701183,0.0035047250502734974,0.6532731824347238,0.821098644400226,1.433796137968023,1.24458814225868
0.012268682675417095,-0.01480259098465439,0.006856509603897062,0.0032374874883455734,0.6342145640186594,0.8737240533115874,1.414485843227787,1.1395073868632564
0.012102432704847784,-0.014890380539164636,0.00694367460689379,0.0029834097099475693,0.6257051132574046,0.9675011555352723,1.4151202195626007,1.0370123332114358
0.012546873714753638,-0.01465266440583246,0.006664225273428582,0.003646616363694495,0.6278667830774275,0.7076378438367613,1.3910884624281368,1.3098044257460455
0.012700048122617234,-0.014561926863965208,0.006542877017699139,0.003872029887020845,0.6365878441869347,0.6160982353607879,1.3695460836971505,1.4039666073114976
0.012813684339457457,-0.014427911653806486,0.006521011866628406,0.004143274561315829,0.6543598131691243,0.5535542870194164,1.368500014034977,1.5131396474832117
0.012980304702138321,-0.014390378819855427,0.006279657791956495,0.004261342600940114,0.6306602086755905,0.44631089035539423,1.3068716527686728,1.5684090230994252
0.013124373525623954,-0.014283501575182876,0.006139308119563411,0.0044773115792417,0.6439106203651089,0.36107954575769646,1.2687442558069508,1.6578103628310588
0.013741034012046783,-0.013982408861682456,0.005279877068853163,0.004958643060913879,0.5957080443829197,0.029232402858331872,0.9980497560243605,1.8539151167420374
0.013344140979610869,-0.014313263846109823,0.005737307346700311,0.004446351498528472,0.5908823578502868,0.23532413258441195,1.1541709855117965,1.6521544820294092
0.01357290448462539,-0.014188342745773394,0.005447318674776589,0.0046446862857673805,0.5775162442321803,0.11788187887305872,1.0620968734672587,1.7314464400542409
0.014157745357966812,-0.013868222900524625,0.004639087656049992,0.004987228809674581,0.5362299332463261,-0.13122395834655606,0.7855352137249821,1.8476147573840254
0.014043118239382719,-0.01408092526718939,0.004751647124307892,0.004706352129311194,0.5141455971434458,-0.07687838368395028,0.837449024711347,1.742293656297605
0.010782083680081914,-0.014938455742167742,0.008227158051966367,0.001299511920249289,0.719195436845912,1.9028110950181845,1.381547882666596,0.40931111392730085
0.01088423109889472,-0.01507842850821009,0.007825385837706587,0.001362577623664609,0.692845176147551,1.7579681972139891,1.3488800138793364,0.408108198079937
0.010626579228399676,-0.0149605844888015,0.00826432231845826,0.0010382258239862929,0.6525473440230538,1.9907400250194927,1.3335869682949901,0.3243149402336147
0.010470471553061363,-0.014977816440745884,0.008292069326005534,7.872405196456155E-4,0.8355403146646387,2.073023267129861,1.2803399496082606,0.24418092594432375
0.010565963580039755,-0.015108840835628802,0.007928063129969118,8.784239631473657E-4,0.7096702396809712,1.9318305431743361,1.262177752601649,0.2503994144410484
0.010722860156617635,-0.015098805877874303,0.007875734976539263,0.0011169210937364404,0.7137126688128895,1.8457238506725944,1.3067097978684439,0.3264163396295703
0.009759670572526524,-0.015124297686519681,0.00798840186928503,-3.7526892228363656E-4,0.6895880937064175,2.294310126016327,0.9477861004245368,-0.09813695258940826
0.009842960155646504,-0.01499753324023817,0.008324940969504686,-2.7175299347961855E-4,0.5345525345506722,2.367487867108726,1.0184339016781765,-0.04663246333897827
0.009686089839949742,-0.014990136311907442,0.008313381881782213,-5.149608750206452E-4,1.028466361661725,2.4275931143176748,0.9420917173388815,-0.1057642657145423
0.01,-0.015,0.008329189255771223,-8.950647734241393E-6,0.6582117460871316,2.300156081089715,1.0896049764878808,0.01762926569072818
0.009931251856489368,-0.015146206840022393,0.007957766721593417,-1.0630384218516609E-4,0.7395112309193568,2.2144297322340667,1.0205606871436552,-0.03354007001125265
0.010313910160050264,-0.014990136311907444,0.008311972407440853,5.355862699287359E-4,1.0538329122727719,2.150224453124332,1.2213437390509492,0.16579251415410684
0.010404834346578747,-0.015128177071521493,0.007942223045404649,6.268468845052527E-4,0.6491154869231157,2.009041679650936,1.205978296448163,0.17131154270631413
0.010080315266492982,-0.015158025628990041,0.007930305790923582,1.232384523949906E-4,0.7107788392592712,2.1448523074626356,1.0799306926036838,0.025784685426071218
0.010157039844353498,-0.01499753324023817,0.008325077826512413,2.574772883788827E-4,0.6693101228845176,2.226214293442396,1.156476429497182,0.08803916950508793
0.01024477374311232,-0.01516173300804728,0.00790212940390136,3.742994823125376E-4,0.6629411519695694,2.0666655931194815,1.1414776775946949,0.09518141659007419
0.011462641245579656,-0.015107417917621841,0.0072905858637984265,0.0020878795381272827,0.6227036921830243,1.3396415023579442,1.387942265056166,0.6832964310310001
0.011305123012515026,-0.015091414142025587,0.007468773318294766,0.0019148922108788123,0.6512781977029951,1.458547267876339,1.3912104701765915,0.6144702854803502
0.011168192897630318,-0.015177200577260892,0.00740893062716709,0.0016722345777536224,0.6407837128236552,1.502754022906801,1.346411850396439,0.5288709485253077
0.010996627054265124,-0.015224268018752965,0.007435608205141202,0.0014190561178026053,0.6358191301235648,1.5841931299921923,1.3081921405944843,0.44004795296411187
-0.005157078253839507,-0.008756573701192635,0.0020615443462226333,-0.008070178433510525,1.093916361478009,-0.34995846298720784,0.40347738578103026,2.4853917384634343
-0.0050190394992618795,-0.008641863261488416,0.0021058095885019795,-0.007731618211610686,0.7715492326247847,-0.3796383546811106,0.3391848665433162,2.3861675786302503
-0.005120404840570064,-0.008909334570059206,0.001813947941823862,-0.00812951712296802,0.9704452967200844,-0.320292301813063,0.4897041902826813,2.4469340682812866
-0.004996044604883618,-0.00879603583730952,0.001880924605487338,-0.007824636988918615,0.7684219385949888,-0.3547968123719513,0.4206863294018,2.364968356187593
-0.005088549402048353,-0.009063168625695948,0.0015704407200095982,-0.008179967601009653,0.6672006146374757,-0.28747426442751284,0.5714453906118445,2.40025325473095
-0.004964762311736239,-0.008960277875659537,0.0016284023538314567,-0.007896209118353406,0.8137462840465864,-0.32259147359738055,0.506651026611804,2.326941468731317
-0.00506154425783226,-0.009217916319918088,0.0013065497323498903,-0.008226071977247349,0.8179836608511875,-0.24742778702446258,0.6515282980301744,2.345930539882015
-0.004917268907067933,-0.009115678348533243,0.0013751031801335007,-0.007918793345503017,0.7947949261894278,-0.28879928349858636,0.5823704906289447,2.2695260925986322
-0.004907640022852321,-0.008354613925451221,0.0023425906822885072,-0.007296159449436034,0.7320666207550107,-0.3957205444024247,0.22576001808619317,2.2701484079436605
-0.004858244683983695,-0.008522451987475465,0.002107825210109471,-0.0073847285180722805,0.7318743777640787,-0.37771344036913074,0.30729640533854563,2.2479197048425057
-0.005039415511198499,-0.009373420771600324,0.0010404694847510139,-0.008263917034518065,0.8924346871816478,-0.20181945083976663,0.7280926665232818,2.2874831088432357
-0.004886328660241554,-0.009279176119980732,0.0011194948926704499,-0.007955349462530249,0.7445430188977479,-0.248800490488391,0.6584524405233583,2.214398790207541
-0.005022183559254116,-0.009529528446938641,7.732198597593434E-4,-0.00829330069351735,1.02122193867139,-0.1511551899182155,0.8016657969345703,2.2264406869066646
-0.004870196430416731,-0.009441944150670943,8.690745124423014E-4,-0.007998340542788343,0.6969155752718272,-0.20396064782593146,0.7317568125158503,2.1600766782900647
-0.0050098636880925584,-0.009686089839949744,5.183208724178917E-4,-0.008313201847377378,0.8709208532252509,-0.09748685918620599,0.8706706358625932,2.1610284435403493
-0.0048725303757974295,-0.009594951519548475,6.354886831172261E-4,-0.00805091269517375,0.6754395805631045,-0.15629866542606752,0.800154333978801,2.112568014366173
-0.0050024667597618295,-0.009842960155646504,2.6426198104874144E-4,-0.008325047948029329,0.656862944041114,-0.04135217510103053,0.9349385271419486,2.090949069875343
-0.004867799479136479,-0.009760755924340052,3.759309811191471E-4,-0.008078904620394336,0.6968980499943135,-0.10069887301077764,0.869258671806978,2.0479561259412833
-0.005028799510790079,-0.007094498211555144,0.0034317827290327447,-0.0059517642951425484,0.5588098425868786,-0.3952944918393824,-0.22071838021984788,1.9827526375731976
-0.005177193864532251,-0.006977315906732751,0.0036703351624508386,-0.005914044308856682,0.5733360486839175,-0.3790410210365415,-0.3006151927630044,1.9963675097902893
-0.005215066210426007,-0.006783583938435207,0.003781143858681333,-0.005682331100756919,0.5469231995508869,-0.363890564219471,-0.34643879067277233,1.924024698958963
-0.005354148851244488,-0.006549878313286125,0.004019142779909217,-0.005451490229872992,0.5184493704162724,-0.3335342148389627,-0.4300242427706323,1.8616513850137928
-0.005232722693863945,-0.005487588189324481,0.0038888211491133113,-0.004103477942807256,0.3227546451995477,-0.30231469503850317,-0.40932123299488943,1.378337383871177
-0.005107830603422045,-0.005010606550622581,0.003711835032173935,-0.00359176953529789,0.27666468476026834,-0.3060361723560294,-0.3596370593453818,1.2154291750783133
-0.005159707927645776,-0.006232351945347818,0.0038054147587963465,-0.00494790323835797,0.43324906129134794,-0.3386718480517599,-0.3796163641817322,1.6701658991956478
-0.004937337341405554,-0.005819187795909869,0.0035742270098606463,-0.004397261121407945,0.3546682937070249,-0.3461978247516974,-0.31965446915793744,1.4656237063560733
-0.0049232360699985175,-0.007284906331844402,0.0032108781658408384,-0.006102522093870229,0.5754636411799546,-0.40660008182950885,-0.14268671479708808,2.004747757978908
-0.004888415617746831,-0.007493485675800202,0.0030513678169064675,-0.006320916382519896,0.6008254556456505,-0.4124490765599389,-0.07786161436649343,2.055150390526227
-0.004759284918229576,-0.0076579988419724215,0.0027978469941885016,-0.006385333984891792,0.5887943682037067,-0.41325970425288966,0.006505359819170542,2.0325526268195855
-0.0047667581771486415,-0.008215897836446521,0.0023465487460613724,-0.006976335387399195,0.6608784233556112,-0.3974576723091252,0.19561494160959184,2.1474928816462087
-0.0046515252264616065,-0.007865759757692832,0.0025330114866654284,-0.006498830872607059,0.5858361498596526,-0.40731506305064774,0.09547995601334534,2.018299367474642
-0.004648785813988574,-0.008073071051308937,0.002361979633902217,-0.006700711395562076,0.6078018184663476,-0.3993468545229748,0.16477846212814798,2.0511543510730963
0.004564032356492859,0.0010473444262555436,-0.0028983212627436378,6.392229271279299E-4,0.09354557753817506,-0.33501155302697316,-0.05772184971728521,0.685696991985972
0.0020750290000676025,0.002092631653243008,-0.0013346134854987657,0.0013333412531401315,0.1759040283039978,-0.34564813245388626,-0.014745946917079113,1.0328608509394612
0.0031849739610471696,0.0018602749817169736,-0.0020443975979586985,0.0011876375490797654,0.15178192531533413,-0.35442670766697876,-0.03934590773455971,0.9329712576828977
0.005115858331797691,-0.004320472115601663,-0.0036338415919390543,-0.0029539857210174104,0.21229584637106128,-0.2967385603249196,0.32999292190471935,1.0346625963175478
0.004976464248520468,-0.0049281778785703,-0.003578913397271628,-0.0035014333574635535,0.2571862623237555,-0.3192614620311511,0.325381706040706,1.1941367734502368
0.004619405136495676,-6.967554212040497E-4,-0.0029214223737446927,-4.278969184738039E-4,0.08386629681332976,-0.33235013366118427,0.040049464154087576,0.66282632835241
0.005081532167061147,-0.0024455278730506048,-0.0033425026178981053,-0.0015247930631725332,0.10430363129220807,-0.307365829438727,0.18336751609780855,0.6961303310678878
0.005004115203764799,-0.003643276834994989,-0.003447768388895302,-0.0023927910963876683,0.15525207964550006,-0.30551391666237276,0.2650990219771605,0.8909459400217549
0.0049324798933555285,-0.0060479452143782555,-0.0035573920420710523,-0.0046489480957853805,0.3799193504956988,-0.3533496161210212,0.31227207286421454,1.5452221628910288
0.004771954710163321,-0.006428382333765709,-0.003326655655382835,-0.005008556512526965,0.4134455374191001,-0.37873603428244884,0.23609267029844738,1.6426830826289935
0.004637258478381537,-0.00548020994398656,-0.0032766144185313235,-0.003982735813929661,0.2950241179898226,-0.35949936986857595,0.2477673942688676,1.3375930970138874
0.004636393422535059,-0.006779001962213077,-0.003088262616740054,-0.0053246557256851615,0.4435535318465014,-0.39607980238005397,0.15360440008195383,1.7176096484089018
0.004883477375156074,-0.0085124981368151,-0.002142287558657517,-0.007412281734543524,0.7383003919564083,-0.3813136633370047,-0.29887893595514897,2.26644772790927
0.004856091715778353,-0.008693978217235146,-0.0019008175381398575,-0.007528320880540667,0.7422744071524102,-0.3581658235055308,-0.3841448424045528,2.2512775920207697
0.004871721565870487,-0.008856713658090315,-0.0017043266967595792,-0.007676563924021362,0.7515194517501127,-0.3344145473123797,-0.4584678849081465,2.2581182022843396
0.004781376693062674,-0.008998548261546143,-0.0014556384621600199,-0.007635158563660893,0.7039946447643297,-0.30207172828205114,-0.5271903412020889,2.1733984046239887
0.004794685237525836,-0.008173359458628569,-0.002415189522455832,-0.006969980445862188,0.6650344780952876,-0.40136264386524406,-0.17135114071252378,2.160472133632314
0.004728191877902893,-0.00836183992267168,-0.0021658488690698644,-0.007066495910459973,0.6596152952328457,-0.38458363395302025,-0.25668765579308456,2.1368457921456927
0.005022183559254116,-0.00952952844693864,-7.893614672566159E-4,-0.008291713801250515,0.6628792068110441,-0.15288986931878848,-0.8032352764304805,2.228287764483855
0.004890625046004068,-0.009443604745494275,-8.737295935383696E-4,-0.008031134772784323,0.7576744572587001,-0.20253124089186123,-0.7340165058510674,2.171218689427325
0.004865137690061971,-0.009594622139137721,-6.338658000784541E-4,-0.008038449991978709,0.7039751154696886,-0.15778136697651934,-0.7964356301962451,2.1057860775826964
0.0050098636880925584,-0.009686089839949744,-5.167728742428263E-4,-0.008313224242930675,0.9777945054857599,-0.09818561781738484,-0.8744872600155499,2.162396654991419
0.004868557103540217,-0.009753484831441419,-3.875573413661122E-4,-0.00807859571909305,0.6785671826540093,-0.10423869986050811,-0.8633010259275976,2.0496539275335155
0.0050024667597618295,-0.009842960155646504,-2.6655703229708905E-4,-0.008325142076743003,0.6776279591310524,-0.042330475473333594,-0.9401909613702127,2.093811916808122
0.004759842394000251,-0.009178178943096587,-0.0011998387942842024,-0.007705547436217131,0.698050949958792,-0.26311829084064137,-0.6064226462918928,2.1301018090257666
0.004790628697383399,-0.009342939079788495,-9.824495745779339E-4,-0.00783084349997048,0.700597902125365,-0.22453049150776438,-0.6800191946907238,2.118810844848866
0.004653294330712399,-0.008008546986011052,-0.0024218731353449095,-0.0066437606229028555,0.6021193221936493,-0.40235549857396596,-0.14186686315342933,2.0409080914341997
0.00464668080581097,-0.007749232569363863,-0.002613869392466495,-0.006375099374749475,0.5701115881833562,-0.4091860072236116,-0.05982252796683384,1.98554762351775
0.004548899063609458,-0.007137079609943723,-0.0028593253524238954,-0.005653610834530552,0.47160321608102046,-0.4055593775376714,0.06826088591825112,1.7889120848129438
0.0044759878805449155,-0.007439647256885948,-0.00263317999308439,-0.005911888460125081,0.4999794173689208,-0.40636099619377275,-0.015004769610979487,1.8320484590600237
0.005,-0.01,-1.2992160245661564E-5,-0.008329312485569078,0.5083070331291186,0.01568227219495448,-1.0000889113025457,2.0209441223898357
0.004856681372779727,-0.009923358588282605,-1.1944204516932913E-4,-0.008078550184260602,0.704948413255393,-0.044686829802295984,-0.9265370647831163,1.9716122432266718
0.004836762245898277,-0.01007352622403837,1.1550363761532921E-4,-0.00804818734808281,0.6664447860864278,0.008199394430634733,-0.9742471124913251,1.892389984234036
0.0050024667597618295,-0.010157039844353498,2.537371390873577E-4,-0.008325359132915846,0.5966742197580397,0.08001716354255664,-1.056631924223111,1.9422091464078723
0.0048313185968503715,-0.010237675294593117,3.69499222710878E-4,-0.008024302952352543,0.610746384064507,0.07002705879688943,-1.0247208075016874,1.81087319963175
0.0050098636880925584,-0.010313910160050264,5.201289978734401E-4,-0.008313016759652533,0.6407781203783883,0.1481424313387228,-1.1085742325172367,1.861360585158593
0.004838384056361552,-0.010403441802438122,6.250153999404559E-4,-0.008002931878460955,0.5668926171764447,0.13678150008510978,-1.0733098841380817,1.730015308003152
0.005022183559254116,-0.010470471553061363,7.84174407431462E-4,-0.008292332796865347,0.6530216595755474,0.21920925526403354,-1.1557481032393182,1.7789890668621993
0.004855138138181359,-0.010567477374559112,8.788491903554825E-4,-0.007979810611693389,0.5316341070346815,0.2071014961367488,-1.1185843015674857,1.649664494632327
0.005039415511198498,-0.010626579228399678,0.001045561473941029,-0.008263473711998183,0.6381860134490721,0.2928076420990086,-1.1982865310781639,1.695419558620638
0.00506154425783226,-0.010782083680081916,0.0013046053809402148,-0.008226555083561973,0.6039512667136662,0.36864809854868885,-1.2362116112484343,1.6107680755134732
0.004878546488042842,-0.010729319999025787,0.0011303736209454763,-0.007950589782775894,0.5035262000996231,0.2801671150781635,-1.1596641634888767,1.5687902285393782
0.005088549402048356,-0.010936831374304052,0.0015623620091844103,-0.008181495819199965,0.5751733053471487,0.44666086243771647,-1.2695202931655944,1.525109202297865
0.0049064631574450915,-0.010889747602217038,0.0013798481325405195,-0.00791202927093315,0.4783125568198317,0.3555415838755081,-1.1960483107422906,1.4863947726412468
0.005120404840570065,-0.011090665429940798,0.0018187631136016413,-0.008128284743114037,0.5393030709109645,0.5266568542824153,-1.298095488743976,1.438666207368648
0.004939368878695831,-0.011049615961013,0.001628511615634992,-0.00786461024934619,0.4551309463174576,0.43348465556771915,-1.2280220755686917,1.4025538188865079
0.005157078253839507,-0.011243426298807372,0.00207696465897204,-0.008066113057897431,0.5783962429958313,0.6094179890572256,-1.3224162030051307,1.351946354549322
0.004976802213436204,-0.011210352194301318,0.0018777757953271433,-0.00780652913126978,0.4257338474457119,0.5141518168307656,-1.2552386566360434,1.3163095970778917
-0.005,-0.01,-6.4304125953971944E-6,-0.008329216881750213,0.8866743955011215,0.021018185018474828,0.9968598601639013,2.0172689177525047
-0.004855388550143819,-0.009921258416569748,1.2316567117724391E-4,-0.008076787127391932,0.6546382464917838,-0.04576492126894685,0.9279502175955915,1.9741725678925286
-0.0050024667597618295,-0.010157039844353498,-2.6413593279208585E-4,-0.008325152751889041,0.7972355242501074,0.08562715494014307,1.0542365224766321,1.9419091695520179
-0.004866022855374039,-0.010078793064320373,-1.238572461731689E-4,-0.008094686885439501,0.602958778931595,0.01454215428204429,0.9860423535213333,1.9089712322643273
-0.005244717217658645,-0.011545084353673888,-0.0025818589649582785,-0.007919074925481408,0.6315788781233608,0.7837698562455224,1.362465587704376,1.1809208195637262
-0.005295594968187607,-0.011693686304088874,-0.002817714757394329,-0.007838317185523485,0.36390558148681235,0.8698193908526589,1.3751524912470767,1.0959501701097722
-0.005141023505661865,-0.011660577603137582,-0.0026073079219483607,-0.007637379913633473,0.3689534109606596,0.7671281208174286,1.3160602387745373,1.076089429574606
-0.003548999430447187,0.025,0,0,0.4488398598753524,0.030566369703765858,0.13774448997854716,-0.013133353826027663
-0.012867264066390651,0.014753966073663445,-0.0060548846953503615,-0.0036485654820397665,0.5546967488390561,0.4862712661837652,1.2438299674724795,1.3259678878169205
-0.012845768825392536,0.014946732676447711,-0.005869416344983777,-0.003371649603198625,0.5086328626385432,0.47624973710237467,1.1926736692696345,1.2172374136661956
-0.0126981063449222,0.015079753166746436,-0.00590919319139241,-0.0031329498478465012,0.4963587521905653,0.5413431527080511,1.197777385432006,1.120362255910406
-0.010128632112138984,0.016094688936134045,-0.006108215695999561,-1.355117511964045E-4,0.4001029283258872,1.426971459047204,0.8958710545516998,0.0437554435613981
-0.010482186251492154,0.015937006027529368,-0.006314391605422467,-5.186441678149216E-4,0.4361920431748196,1.3864612151356035,0.9975918548927044,0.1616302927621592
-0.01125614395510221,0.015604033252786725,-0.0065531505105544735,-0.0014695305721663281,0.5014100965259108,1.2116890647467267,1.1889798505882148,0.47362338102261287
-0.010976789216353906,0.015694709808220113,-0.006557011406525607,-0.0011268744430910557,0.4836217495877058,1.3104956566895696,1.1388461512483223,0.3549567386306252
-0.010815933162551812,0.01596291670100054,-0.0061814720133301195,-8.557132133865484E-4,0.4483921899222249,1.239989160001027,1.0354894205776768,0.26455109959575246
-0.012490993985849156,0.015231298465491622,-0.005976214421968762,-0.0028382317343962314,0.47631735000519676,0.6324669649823863,1.2024778467353843,0.9999780065726468
-0.012214071408203785,0.015268754208212186,-0.006236110846972719,-0.0026167766862946772,0.5044394008321598,0.7834264873568413,1.2484581388764266,0.9108872446690673
-0.01201360499735022,0.015436635507586977,-0.006205829056667827,-0.002294929282405839,0.4771116030560249,0.8522987100280507,1.2189855362089472,0.7844451371956431
-0.011699896854056556,0.01548850340956401,-0.00640855935000923,-0.001984371971132792,0.4962358398951214,1.0093619127263127,1.2294802181003044,0.6679103285653474
-0.011506407648397277,0.01570690403957304,-0.006221275069592429,-0.0016396177736098985,0.43993818402623147,1.0303162310764191,1.1589095922117163,0.5414965988544516
-0.008542110274190221,0.01755489196877108,-0.004118065894661374,7.408043761042109E-4,0.21664020091722683,0.9857109188925203,0.4531734517113671,-0.19139800037312016
-0.00963913218604178,0.016623812501133373,-0.005342541377304764,2.8100198919309415E-4,0.3030288346294638,1.263389690313472,0.7138542271021792,-0.07372565948436814
-0.013128346371512807,0.014519734445151356,-0.00590325540120193,-0.004083175277492772,0.5760018676902413,0.3521261041004627,1.2056595615272787,1.503003396726868
-0.013023002599252376,0.014692955445449069,-0.005892258962015492,-0.0037914732321660425,0.543887432840717,0.4008115500270196,1.2028496108314042,1.3870018172881917
-0.014328765954642783,0.013104663944599405,-0.004396059040412073,-0.006130026500673914,0.6674505302363175,-0.2685655653203169,0.6288973870908624,2.271168686480206
-0.01336978761588406,0.014268723646153295,-0.00572927226250781,-0.004520812961016211,0.5975579871372135,0.22144231714805532,1.1504978447412249,1.681934115530361
-0.013353379726098525,0.014493213145310421,-0.0055756681762757125,-0.004157450007516785,0.5432936382302201,0.2305952033131515,1.1116971412089407,1.5362242481251907
-0.013576856382632634,0.014162705973551725,-0.005456293952745919,-0.00468717379439347,0.5847666431040907,0.11388363776836712,1.0634178212071357,1.7488644783993645
-0.014215116446417738,0.013256383321752226,-0.004611392703877963,-0.005969927005647784,0.656818106563506,-0.22124007410176652,0.7164689216440044,2.224023167508722
-0.0140932805500106,0.013373415632700886,-0.004828603260298506,-0.005859422518228986,0.6543609477703772,-0.17133167575878835,0.8000026523174629,2.1924875817255387
-0.013940150797238732,0.013465860371065475,-0.005099119556461708,-0.005797340126125019,0.6813117189816308,-0.10794129154377727,0.8976503280666785,2.177448685404863
-0.013749219866910054,0.013751247663789044,-0.005370310945422203,-0.00536714752830646,0.6526233028472412,0.003153172119478603,1.0101686455493881,2.016578183205723
-0.013878519101996445,0.013632281385025544,-0.005174333603324915,-0.005525934691870195,0.6601951794569018,-0.06310279135683726,0.9381989766403348,2.0755928635537644
-0.01375007920226728,0.013975054410989635,-0.005267802292388359,-0.004969809354136383,0.5993207629374916,0.02435461855347162,0.9944267677907178,1.8587825724638845
-0.014454003018031349,0.01284128709895058,-0.004110367851644981,-0.00644393216341923,0.6768910585629276,-0.32712576112952263,0.501167732692254,2.3675721087253367
-0.014489035231006012,0.01300776210793028,-0.004105566311770176,-0.0061290389542599305,0.6348826059186857,-0.3100612429369564,0.5227237847433973,2.248287303487773
-0.014556122802709246,0.012693515744911796,-0.0038785102486051507,-0.006561789511037932,0.676738347625723,-0.35816365997042326,0.40573627956106645,2.3901885254229485
-0.014612905076695524,0.012535877086427139,-0.0037026475662425506,-0.006737148207103494,0.6909435266899664,-0.379766481389127,0.3270156972863932,2.4358243477173502
-0.0069879376713741495,0.019059681913208608,-0.002655332371969232,7.773970630434167E-4,0.15295013330153992,0.642888036176366,0.24994925578561245,-0.2275665632341241
-0.005430659818507553,0.02191415962170065,-0.0011503421257177471,2.8169539037158547E-4,0.23339889448618886,0.2690358127283257,0.1388788005790146,-0.15680701854669277
-0.009139352085172175,0.019078660208007532,-0.0030852932557081793,2.2455454405926999E-4,0.14502082886008108,0.5033807998665797,0.390918936252296,-0.09505619150849906
-0.015049408724737036,0.011053469123263326,-0.0016206829546141519,-0.007772782526045348,0.7482214635109729,-0.3327200311038751,-0.511959849338187,2.472280722155194
-0.014911450597951648,0.010936831374304052,-0.0015642905481469103,-0.008180975572276549,0.7661992420849616,-0.2979706758064596,-0.5860211564958691,2.586261731912632
-0.015085083923229811,0.010893462344454659,-0.001371640042303785,-0.007809775838086348,0.7317187730170929,-0.2977824814790107,-0.5988911518367103,2.43214373200963
-0.014938455742167744,0.010782083680081914,-0.001303131154689913,-0.008226630477274646,0.8162865078097693,-0.2576525791884993,-0.6751278989175825,2.5432946605389204
-0.015110918449618102,0.010731624753454044,-0.0011235855945179278,-0.007849640479146498,0.7169514351544786,-0.2571848932310337,-0.6839011868550503,2.3904266305835518
-0.014960584488801503,0.010626579228399678,-0.0010412673636445446,-0.008263875076639862,0.8546318596845474,-0.21171379674667565,-0.7612874569998871,2.4953285857423873
-0.015127797066452656,0.01056888071995725,-8.755676789661852E-4,-0.007890086023470043,0.7073774702648264,-0.21096324543836645,-0.7667998041336941,2.3461987135632647
-0.014977816440745884,0.010470471553061363,-7.79490815587419E-4,-0.008292661302396021,0.8718890473626626,-0.16053159337656198,-0.8442970312031063,2.442820661633105
-0.015137875780787341,0.01040586149270405,-6.266820488098672E-4,-0.007926197575930478,0.7030782106639945,-0.15923321396618792,-0.8470254384639736,2.2975368510307663
-0.014990136311907442,0.010313910160050259,-5.16696104549005E-4,-0.008313181962244955,0.887689362264919,-0.10416275440712712,-0.9244963066382642,2.386295916048932
-0.01505708418195964,0.011465639935049857,-0.0021405610068752534,-0.007388816424550261,0.6940142328084179,-0.3841280646666111,-0.3045402407576998,2.4343382589337814
-0.015122752000226265,0.01133704074370257,-0.001925678011884112,-0.007381762372396649,0.6759494799437028,-0.36383065155942357,-0.38056483930399754,2.3887121910276936
-0.015183743313326415,0.011178769567670374,-0.0016800156772864277,-0.007393596878660219,0.6680446583519181,-0.3353275910846501,-0.46674735005656925,2.340815298265458
-0.014757642703124919,0.012405724498735829,-0.003400501755738128,-0.006726987358713842,0.6655761342032794,-0.3985882328683387,0.21216648865955262,2.3954805837932933
-0.01493432088808155,0.011948333083928982,-0.002790032352415202,-0.007069912325676847,0.6828373961528613,-0.4155722595825857,-0.04223991258601207,2.4349491681515807
-0.014952796152724646,0.011774699313706992,-0.0025959367151287597,-0.007248442983017413,0.6962802719780575,-0.4114439326988011,-0.12812153796102685,2.4671995798221964
-0.014941534648317385,0.012267616876124236,-0.0030479432819792702,-0.006646792615150602,0.6291528318118146,-0.4091880571861775,0.08800539242563592,2.3199029045643207
-0.015057993979054905,0.012091351996818503,-0.002763631170523964,-0.006690910264350889,0.6184501378380339,-0.4107950196478673,-0.019926714609743157,2.292092639275221
-0.015069187681684191,0.0116327974747179,-0.0023156871117457184,-0.007193651903341722,0.6702903690743661,-0.396542983318342,-0.22652378479754304,2.3965734579734765
-0.015140889763616633,0.01024283258147619,-3.772103277588563E-4,-0.007958803525202694,0.6868267724109702,-0.10228976417798531,-0.9237437683139899,2.2445322874943465
-0.01499753324023817,0.010157039844353498,-2.524074058100449E-4,-0.008325555195547075,1.0402954136666882,-0.04252707988163638,-1.0028118564610249,2.327186614224937
-0.015130235031434555,0.010082155704607272,-1.2886133485522238E-4,-0.008002502230280822,0.7150262419640079,-0.04023475020889821,-0.9977467096764027,2.1942191729177782
-0.015,0.01,-7.78615791212716E-6,-0.008329420802499519,0.6399582446073635,0.020019677568885556,-1.0755555212817145,2.2639848880766626
-0.014977816440745884,0.009529528446938641,7.799955801519937E-4,-0.008292621876194476,0.7497723494372042,0.23784066800784368,-1.265101155308495,2.037561863378576
-0.015149430473351362,0.00943766398026605,8.559400052643315E-4,-0.007841569490560899,0.7016968879378204,0.23467755521014957,-1.2268379795443876,1.8728444839453597
-0.0149605844888015,0.009373420771600324,0.0010436908051868893,-0.008263638295086917,0.7945456443255576,0.31941886925894586,-1.3185472734901569,1.954726975475656
-0.014990136311907444,0.009686089839949744,5.135302784479917E-4,-0.008313337396053957,0.665733620773475,0.15978074541325113,-1.2063758427256988,2.1176599628879447
-0.015160236643057759,0.009602178258160078,6.073390266747811E-4,-0.007875964541266869,0.7209227001629116,0.15888416953902715,-1.1734114210180504,1.952744913474046
-0.01499753324023817,0.009842960155646504,2.476199408477977E-4,-0.008325602214006954,0.5689089771843971,0.08642647836092048,-1.1428273499719979,2.1941849830921987
-0.015157272081307085,0.009763441395801127,3.6361047704573814E-4,-0.007921374610871638,0.7511295103041861,0.08921362901885005,-1.1190559390994166,2.034130532335847
-0.015141773396589238,0.009914186385719257,1.33162447977018E-4,-0.007975229906604054,0.7748750694596566,0.02737116583987949,-1.0658407566821568,2.1145649139096907
-0.011985736283431544,0.00541122549991139,0.00764764724298585,-0.003300219945044041,1.2993371842172785,2.6308725883569464,-0.0795093776098855,-0.39960690225356127
-0.01196329445251311,0.005252186302977191,0.00743104240117079,-0.003071071718982852,0.9869354900410626,2.520643616059346,-0.04396722621714482,-0.4143595095894654
-0.012128895840071582,0.005475864446977092,0.0075391672177818605,-0.0035408040207832183,1.1961596381141397,2.6339439178364112,-0.17710001568845365,-0.3935383810976633
-0.01211575726671376,0.005303067397503104,0.007301904602192212,-0.003287079861228759,0.9685386272293162,2.5175095262448397,-0.1350665052829826,-0.4108721403028706
-0.012545204192439471,0.005696288158021204,0.007170377799763007,-0.004238260130942294,1.1259080951630858,2.607355449667931,-0.465554027279998,-0.3390194860662484
-0.012679131780828632,0.00577835898009388,0.007032958475836988,-0.004462593786639522,1.0951265239349037,2.5846969164983515,-0.5594494965694549,-0.3085054807251035
-0.012699724572031173,0.00558925004883092,0.006773355410614706,-0.00414235497752575,0.9688460806436466,2.4596005757918484,-0.49737273423447265,-0.3350866390231304
-0.012408766398519249,0.0056184655156709526,0.007300507777621854,-0.004009925995861179,1.1473196396037086,2.622996644065322,-0.3703060873947614,-0.36335353096855755
-0.01255753088076121,0.005508471574702116,0.006911818708030776,-0.003932357916773378,0.9721519700571334,2.4830660773901947,-0.4082006303781243,-0.3629054270343755
-0.0122699521913998,0.005544967222482056,0.007423428226078356,-0.0037774625620974386,1.170311237563371,2.6317311736196785,-0.2740691791360752,-0.3815086193605297
-0.012265904830648289,0.00536525572621259,0.007175261721032721,-0.0035051788598726642,0.9764296861638081,2.5120715294657145,-0.22696022374331867,-0.4008928796276581
-0.01241296347987704,0.005433807774909857,0.007045675179699766,-0.0037200842384148666,0.9749559498412071,2.5005725456111567,-0.3180001879115352,-0.384855974798665
-0.012810416269897772,0.00586459670770868,0.006888657913074363,-0.004682231098184436,1.0751817184455847,2.5551063469220234,-0.6515201472645923,-0.27185411031827916
-0.012838933242758229,0.0056767268252325195,0.006631608820187008,-0.004351225348052164,0.9641535255377115,2.4308708458642556,-0.5852838970597393,-0.3014324287892683
-0.01293892622972893,0.005954915005069574,0.006736452587192997,-0.004898599013228124,1.0205131904375322,2.5185101235435177,-0.7415065029817131,-0.22906243866359255
-0.012975115653919242,0.005769526392606125,0.006484913353137458,-0.004556945881520215,0.9603094775493236,2.3960969010354383,-0.6711431127917461,-0.2621783533742525
-0.013064534716697501,0.006049224510282093,0.006576705433216586,-0.0051110140600244035,0.9424009012193464,2.4752897796516327,-0.8288304550872964,-0.1800356925799048
-0.01310615765189173,0.0058700559940114755,0.0063390186032670015,-0.004763875079908594,0.9628595289594736,2.35797625895745,-0.7553632864378105,-0.21721687640900336
-0.01512835486464325,0.009273734661230397,0.0011052216043633482,-0.0078105232957226605,0.6914527827058913,0.31489749722012667,-1.2771732534090579,1.7930391409214044
-0.014938455742167742,0.009217916319918088,0.0013047695095542418,-0.008226486592488334,0.818731279616235,0.4040917021519022,-1.3667276469069527,1.8694128020873084
-0.015099381718170435,0.009111008223889203,0.0013547059839313655,-0.007777482126449786,0.6876086439688414,0.39893858324669984,-1.3234707765006775,1.7119887839812529
-0.014911450597951648,0.00906316862569595,0.0015634653063284025,-0.008181261832612249,0.82813446490403,0.49151693428921234,-1.409609131002522,1.7818805137108635
-0.014879595159429932,0.008909334570059206,0.0018205432876253283,-0.008127902325058986,0.8460766867695998,0.5815238643852416,-1.4471842312218952,1.6924210268064261
-0.015064418231165487,0.008949595036437163,0.0016036587447272731,-0.0077382933121573,0.685691164940143,0.4861360905763263,-1.3648656013025064,1.6287174370773314
-0.014842921746160493,0.008756573701192634,0.0020749334040296528,-0.008066669563961942,0.8371090410753338,0.6735693887372559,-1.4792068767587316,1.6013425199794666
-0.0150233335889073,0.008790800906427294,0.0018508758925867557,-0.007694422597270214,0.6884677896095167,0.5758601625562666,-1.4012678042769477,1.5444048852775867
-0.014801469324203573,0.008605047553236283,0.002329516854461201,-0.007996836543915363,0.8727478017690865,0.7682630479111753,-1.5059013878452066,1.5086011843962794
-0.014979023810962055,0.008635270847701677,0.002092961527210707,-0.007640851618860752,0.6911878738120868,0.6664593738217731,-1.4314140694563593,1.4583409282745716
-0.014755282782341356,0.008454915646326116,0.0025826770888431718,-0.007918808382738663,0.9957727814800578,0.8659529486250941,-1.527899558181441,1.4148289269052114
-0.01492718435659257,0.008483383352420557,0.002333888441877596,-0.007587753017237597,0.6820082821370906,0.7589138443743234,-1.4569651290982364,1.3732052266177124
-0.014863697627692421,0.008337289289150049,0.0025781428283316132,-0.007544991236364992,0.7068218716749232,0.8545513648907557,-1.4800992304446146,1.2924753726701932
-0.014704405031812397,0.008306313695911128,0.0028192760214441463,-0.007837692577138108,0.7320726140727055,0.9618646807804557,-1.543672091889175,1.3200317829276051
-0.014648884232660605,0.008159381790995318,0.0030627994566090355,-0.007745621159569653,0.7286830792124174,1.0585018385972453,-1.5530787677457056,1.2241243872765355
-0.01480986820951534,0.008171813024257353,0.002826858412611747,-0.007440027103204085,0.7498848948537927,0.9549722783431237,-1.4903425321797663,1.1888609374360903
-0.0143037118419788,0.00745479580756053,0.004233534962681358,-0.007173133717524347,0.6854646561990799,1.5496739142865739,-1.5120329217098345,0.7463198728710309
-0.014381534484329049,0.007591233601480754,0.0040160940200379795,-0.007297112398689063,0.971306197917472,1.4553322904289125,-1.5316556504155348,0.8396074212185919
-0.014459571561724525,0.007452578639421209,0.003957024966159385,-0.006928592990396359,0.7872216236942711,1.4289812753150846,-1.4645348815324661,0.7336683235876668
-0.014588774500088612,0.008014263716568458,0.0033121925690914236,-0.007642311800004502,0.9419279390667151,1.1588979390203629,-1.556364906349082,1.1264162905168664
-0.014759729146039692,0.008026442082045991,0.0030399815555952753,-0.007336475836462201,0.726687832687604,1.0417019882442278,-1.492817426571375,1.0973779336565028
-0.01452413555302291,0.007871104159928416,0.003545862652248735,-0.007536754059801543,0.7934904597205087,1.2568761063377307,-1.5537834011124814,1.0303343421195164
-0.014686101847314255,0.007879935444516555,0.0032803931370136365,-0.007255014766213669,0.7265380646617192,1.1406966297732313,-1.4967221571003817,1.0086058160268385
-0.014455032777517944,0.007730047808600201,0.0037832495018162264,-0.007420410033090162,0.8794917963463899,1.3557818062113374,-1.545695955092188,0.9349147600022375
-0.0146148544831847,0.007722139935835061,0.00351907428991047,-0.007133729494180236,0.7558257795531443,1.2428071425516913,-1.4888156354752822,0.9060153008374504
-0.01454508911340303,0.007591443033533721,0.003725845189429033,-0.007034458074087889,0.7368327058412611,1.329338826436256,-1.4788552054026491,0.8233065846534476
-0.01124342629880737,0.0051570782538395065,0.008066053397339209,-0.0020770244191133454,0.9072183339926055,2.499269216948162,0.3854042684427703,-0.3444906356738149
-0.011348133305291065,0.0050387645150958135,0.007777930960982932,-0.0021110665207846008,0.9990150232837213,2.422298548055563,0.31960263163722674,-0.37316524841267545
-0.011090665429940793,0.005120404840570064,0.008130680259606872,-0.001807987993168778,1.3113982809103593,2.4547564841546654,0.4749799145629843,-0.3142242085125284
-0.011201035046801007,0.004988890989438645,0.007823329069155434,-0.0018736150509567403,0.9263403555862687,2.376452915118776,0.3988069172812337,-0.35128184191349776
-0.011039518050202868,0.004972129145459397,0.007914770058932654,-0.0016355626372379797,0.9153554360263764,2.3444656671355903,0.4843690203835434,-0.32062608799394066
-0.01093683137430405,0.005088549402048354,0.008180645501177908,-0.0015668187377209765,0.853705243744335,2.4041400880390196,0.5579125653441102,-0.28157148509702773
-0.01031391016005026,0.005009863688092558,0.008312657524885142,-5.247188854816074E-4,0.8104246662579905,2.1529524285431156,0.8567943796504637,-0.0982728504520437
-0.010241485646632074,0.004860761279254051,0.008073091839535375,-3.79929170573282E-4,0.774111354946699,2.0387182989763897,0.8488133213465457,-0.1047881070105149
-0.010470471553061363,0.005022183559254116,0.008292497377648677,-7.820015768217856E-4,0.9541869980139611,2.221511245276822,0.7883170769395588,-0.1497749419318199
-0.010397502454575804,0.004876567648518963,0.008064989133598202,-6.251655376030518E-4,0.841922450466792,2.108772067123081,0.7869624668804621,-0.15424712502430662
-0.010626579228399678,0.005039415511198498,0.008264534763105999,-0.001035890994178527,1.151723644986377,2.286121462519753,0.7153678755785401,-0.19812263814168296
-0.010568457695429209,0.004891399302249662,0.008034655629508981,-8.931910314029782E-4,0.8255791867481871,2.1770443857056345,0.7113327791436933,-0.20625272266347325
-0.010782083680081916,0.005061544257832261,0.00822589493200054,-0.001307458455925809,0.8972194271657087,2.347103588852691,0.6370771301890803,-0.24359962002471203
-0.010724441868649064,0.004896352542752471,0.007977160931345257,-0.0011314290989690567,0.8615206531186431,2.225213856283228,0.6374679394432721,-0.24964058861154914
-0.010871873496059257,0.004928347094852025,0.00795067260665798,-0.0013653096047119226,0.9394328621373099,2.282173809733978,0.5681880468383912,-0.2847612558214237
-0.011930657340752953,0.0051129691581231285,0.007279223143594462,-0.0028656810182430244,0.9431567984203358,2.416967704301727,0.011319940212393206,-0.4094395480810036
-0.011463747996788762,0.004952787531099693,0.007545857659763758,-0.002179530981605714,0.9149989942819502,2.348245922676287,0.2690645015235366,-0.37903565510898396
-0.01180693535788596,0.004998843304257387,0.0072656763431964136,-0.0026113526816625905,0.9042300995387075,2.351344933691052,0.09587346281915142,-0.40315598588118723
-0.011636417131092234,0.004948741472762338,0.007375325130886844,-0.002376332923240501,0.9068409636601019,2.3346948542715498,0.18474452254222837,-0.3931450584455907
-0.007474715524226821,0.00476550326215261,0.006236884808525012,0.0029397911021371765,0.3419174674846237,0.4146114191644726,1.0026315495226445,0.891370453450599
-0.0071360216286900195,0.0050862824537567936,0.006094998474831918,0.003502262007106648,0.369348515716271,0.294544422710104,1.0132066598516476,1.1149450032776962
-0.006881450655541459,0.0051627824085364,0.0058178084707081615,0.0036951708710403004,0.36450696956473805,0.1803897127870351,0.9508811582619202,1.1961211990821512
-0.007234460712363134,0.0048438980824988325,0.006024855506296247,0.0031583694680544414,0.33751675169518286,0.30828595206531517,0.9674909843240588,0.980935978308335
-0.006646199394521636,0.005027416529100588,0.0054325108594661985,0.0035810192888144896,0.33259326691439905,0.06320431686098568,0.8304791853209939,1.1599867279616416
-0.006375708852321263,0.005121663590177681,0.005145255810744608,0.0037397161654404514,0.32976127260715565,-0.03252295573755116,0.7580919265490317,1.2310868516036573
-0.006108459442814362,0.005290250647085646,0.004878880260602251,0.003964072833703675,0.3446860305951498,-0.11436061188581127,0.691744137680094,1.3244460493618317
-0.0017020572779682405,0.00457852876559288,0.0010777288260562015,0.002954545288942366,0.19671090662430712,-0.34807294965850644,-0.009770680995623381,1.0934666039300487
-0.0027340795598944172,0.005008311436528194,0.0017565482493831562,0.0033182571208034617,0.2118373780667857,-0.3639896203856678,0.011503123712973764,1.1458691617764725
-0.004961951892448109,0.005270493875602447,0.0035915330843171458,0.003830240833848335,0.28645962548097875,-0.32741506632287715,0.3292772497485514,1.2919156803453085
-0.00572656078298921,0.005151746990206887,0.004387134028346062,0.0037896418687368015,0.31100447214994725,-0.20773197098015903,0.5474928445696267,1.2721576761744215
-0.005338319982397352,0.0050573105455817766,0.003951915247628183,0.0036600407822761985,0.2797558964118815,-0.27480496583668024,0.4238959356644809,1.2319950951259704
-0.004383273520483363,0.0050213372901860166,0.0030460590458478436,0.003521586439690635,0.2510907986449917,-0.3636320915500146,0.2023574583627791,1.2111227571133603
-0.0035965502864826414,0.004903925877289215,0.002398677713523568,0.0033351251376567315,0.23289394497684454,-0.3709957053892627,0.0902598358486577,1.1696089595748
-0.007743430213740102,0.0046992611033373575,0.0064691931406785355,0.0026922475266895926,0.34796309339109904,0.5439338242484929,1.0369363305173733,0.7928253316531424
-0.007979756482011569,0.004685343428403207,0.006697200187792787,0.002496713671230837,0.3747405403633719,0.673109576651389,1.0714841610952774,0.7181503631508492
-0.00816875701879859,0.004548780989630828,0.0067295450096435125,0.002206751267872578,0.3676977652408136,0.7381256528200568,1.043663644418286,0.6097175754008503
-0.00899850951484672,0.004762940966082205,0.007634870648385582,0.0014517291608347677,0.5387422684941453,1.3224442950574964,1.137750183334523,0.3707112622241718
-0.008636635345582759,0.004704819211871443,0.007306699710506256,0.0018613926252568998,0.4583938850678551,1.0730361370438393,1.1312010726956563,0.4982451303143703
-0.008863905658706228,0.004614312905506538,0.007345394706897935,0.0015301391742331917,0.4721802472739,1.167625464153682,1.0891893257346899,0.3880860121397301
-0.008425777086922314,0.0044418559834778675,0.006825319685181645,0.001881455987893242,0.3776084756984837,0.8437914271944463,1.0228734740944019,0.4936617034392346
-0.009176880909603486,0.004722453847067158,0.007673188450279154,0.0011897399922885597,0.5518799183673487,1.4062194007317321,1.1011906542304406,0.2907451821112131
-0.00935131623618014,0.004719006655378474,0.007744996349184171,9.462926285633769E-4,0.5771583283773248,1.503765426482768,1.0720134417476908,0.22080466639036242
-0.009510894048008398,0.00474604986221182,0.00784068653696166,7.274351357099807E-4,0.6216006540155857,1.608771342270387,1.0485729819445138,0.16110994491516242
-0.009996227043477593,0.004739013595960539,0.007901699187465624,6.853424133049509E-6,0.7052734326846545,1.845772798510207,0.9101575481976552,-0.02205289515756438
-0.009839593230383806,0.004690921280581331,0.007820896767479659,2.3581106505067358E-4,0.6573997852765513,1.741115939646204,0.9462976988107913,0.030957917395398934
-0.00966106300794344,0.004696837847460703,0.007803663749697521,4.968024386989858E-4,0.6364487275648841,1.6576979342923615,0.9968169922102499,0.09713427245998452
-0.010159811721301327,0.004699866637819107,0.007833077531839143,-2.3350947772743827E-4,0.7235162097053078,1.889073687707404,0.8436091463987402,-0.08040976513153343
3.6216950072524433E-4,0.0016558035863934073,-2.3108360414352097E-4,0.001055778992524889,0.18626712185879238,-0.3388159542698471,-0.0020430698806236567,1.063457730936326
-0.001492337855111817,0.003013370541752458,9.608546544583565E-4,0.001929368714490254,0.1884874710170303,-0.3434398276643091,0.004795572749452478,1.072120511117456
-0.0054206538732002275,-0.00463379885068275,0.003964509464447283,-0.0032405418059092907,0.23145849908266403,-0.26163855600724145,-0.4144708877087698,1.0939672327199697
-0.0047201780146893255,-0.004463546157246156,0.003306940468603539,-0.003063636157248265,0.2188232527618736,-0.3347011903813678,-0.25858413836760613,1.0898530187562245
-0.0068909058184333065,-0.0047778589824459955,0.005579616295127396,-0.0032181149296416603,0.30810166891234964,0.14228189914592104,-0.8484835803781169,1.0133877177665536
-0.005977075917003951,-0.00442615957836768,0.004452528070526866,-0.0030188985905771908,0.22839957332327973,-0.16446489092468797,-0.5261885294920424,0.9838322794746927
-0.006540088372090628,-0.004590968763109545,0.0050905465256429585,-0.0031052842219210703,0.2623099703049318,-0.0026313717552000297,-0.7051171778920039,0.9841873516674929
-0.008860695939090307,-0.004853024502109478,0.007676877487947656,-0.0016929974974942072,0.5238204704968809,1.2837787019862872,-1.1839011396273715,0.44730253264335973
-0.008686310637142362,-0.0048238943426808616,0.007506394668770498,-0.0018941945321268518,0.48621476313353756,1.1574957902135925,-1.1787048325899179,0.5124052763305452
-0.009001483895852383,-0.004795363125362424,0.007684336118733758,-0.0014677399210995584,0.5405530339350819,1.3420101238450328,-1.149695032846701,0.3749571422444216
-0.0076626333295220705,-0.004729180770691537,0.006412403516798061,-0.002781537807441847,0.3499313662484958,0.5063692543253432,-1.0291845721826551,0.8243909813294668
-0.007155283795740145,-0.004617685330528876,0.005769216318361892,-0.0029375598192316684,0.2924952997363832,0.23606344182052344,-0.8758458547756857,0.8975213510340941
-0.007433068657380661,-0.004556308159134164,0.006017867379289944,-0.0027373937953879533,0.3076856106588246,0.3545021735889392,-0.9222673124534755,0.812816300578105
-0.007904656710961152,-0.004623204023244977,0.006559634604157879,-0.002495598459906587,0.3546944303057021,0.6113919453103956,-1.0349787928066634,0.7150823590978072
-0.008515410541085568,-0.004671935114009419,0.00716878831992119,-0.001971073894539063,0.4362396962455346,0.9854891944146065,-1.1154274182468562,0.5322127042547605
-0.008154055267018553,-0.004557958099663108,0.00672681193728341,-0.0022272821652806214,0.3642788793924752,0.7308901071364708,-1.0433347543706644,0.6156468988794273
-0.00836557175553155,-0.004538900880729878,0.006886905903351376,-0.0020164534335051624,0.3917799117014798,0.8448652209524118,-1.0532778144069723,0.5409267296286623
-0.009173496071600283,-0.004754019198395897,0.007718616921788037,-0.0012096477548568926,0.5557998978551794,1.4230272223538776,-1.113490757924352,0.2961723724161214
-0.009349231073974285,-0.004790340423982351,0.00785182005791792,-9.774408550816333E-4,0.6064868368087905,1.545751429375366,-1.0974258778851018,0.23127521743331503
-0.009501740105560234,-0.004711741884527373,0.007786585687796385,-7.304805167314674E-4,0.6111533798998674,1.583634532132445,-1.0396156722079486,0.15909708069199216
-0.01,-0.005,0.008329179858384298,-4.1064491431321255E-6,0.9562042010619679,2.0058803193279355,-0.9855157140350433,0.019360068966329906
-0.009927732979974534,-0.0048614586161967914,0.008092338868471534,-1.1397376394063035E-4,0.7193752226948166,1.9010694454246904,-0.964892931112881,0.006855134258878628
-0.009672145261279151,-0.004705987703070612,0.007820039857032966,-4.8231804260289037E-4,0.6327314502066129,1.6690397806979747,-0.9969777027169214,0.093171176429953
-0.009835920311743726,-0.004750703458024054,0.007912194190744787,-2.4703303764029254E-4,0.6858484617632656,1.7792580592600011,-0.9638726207520658,0.035860830532156836
-0.010157039844353498,-0.0050024667597618295,0.008324866210496957,2.688360253772048E-4,0.7000285548742662,2.081817776012776,-0.9236723816712104,-0.042179953733896124
-0.01008175540921832,-0.0048530622775163615,0.008078300868661502,1.2763059946598542E-4,0.773452083358797,1.966654647613461,-0.9077168936775927,-0.05095222875772815
-0.010239704035189076,-0.004870719158891811,0.00808895546312075,3.769479889602786E-4,0.8333044191916038,2.044221149898959,-0.8509425504259206,-0.10337715452684183
-0.010313910160050264,-0.0050098636880925584,0.008312794837786004,5.244502079933836E-4,0.8732802904453981,2.1541373463556677,-0.8594990136013582,-0.09689231865831059
-0.010470471553061363,-0.005022183559254116,0.008292874025033429,7.772557682731662E-4,1.1271386337399685,2.222527000684518,-0.7901287676714673,-0.14876357084548147
-0.01040906785498938,-0.004883635540564087,0.008073534525740987,6.445855965406196E-4,0.8124754239279337,2.117742379954851,-0.7814880241497374,-0.15843666001984794
0.015488445828838251,-0.011598617873650761,0.0018869244796300834,0.0065074742641870196,0.546832729872278,-0.3643419240187921,-0.31319995824174524,2.0585972932695924
0.015372527067886648,-0.011988280027844272,0.002334151394367326,0.006325904956763282,0.5302864361689618,-0.39709346286807684,-0.14840599757343645,2.081239961422664
0.015865763030851424,-0.010623571078984644,6.853910808581764E-4,0.006419769595587115,0.4627328772477356,-0.1762079987871041,-0.6987790883210331,1.7253242377493812
0.015796976880430344,-0.01136454483341793,0.0014581486916012678,0.006188745482313743,0.4473740665858064,-0.3110750090518065,-0.4393996992753772,1.8401027054996653
0.01580401772486273,-0.011047592168236225,0.0011430146431719076,0.006352591408923415,0.5150510629021358,-0.25886388301654334,-0.5534756307475839,1.8189202070293473
0.015465861577451619,-0.012427887342815035,0.002540499198159555,0.00575371199443439,0.4784695942163793,-0.39850033299872445,-0.017474458706435516,1.9089985914054428
0.015445053236536273,-0.012843777575981392,0.002779076077882012,0.005346718344017878,0.4381883843672895,-0.39165728442028586,0.10085097761328894,1.8092109187735463
0.016688423091533594,-0.008899649628988409,-8.142333673839404E-4,0.005104823630875727,0.31329577939960124,0.2428162643955353,-0.8321232414123231,0.7709546800653683
0.01707798205867847,-0.008400976392784098,-9.683127768338229E-4,0.004510167335385881,0.2152189850657227,0.31001424553072854,-0.76624284915942,0.5280456121617777
0.016349990207475625,-0.01014110239132949,1.209198820897306E-4,0.0057551010437652105,0.38414779427802925,-0.05494535439538629,-0.7507974211308514,1.3172575905652455
0.016737931959507263,-0.009578274305936187,-2.9205737084119935E-4,0.005204377843931094,0.264884549682872,0.07836792816039116,-0.7734476311320836,0.9558016287067334
0.01758445069323452,-0.007611261344269585,-0.0011145159944283094,0.003756920511641019,0.16139823809197476,0.3625535219049271,-0.6245460762760852,0.22499271746850602
0.021585917854339946,-0.004975896815205762,-3.5726772726322494E-4,0.0011560053714630165,-0.15388388401672384,0.21496178870885524,-0.21507747759156046,-0.09894602453264568
0.019480948915983377,-0.006595941603682769,-7.081837785892503E-4,0.00233154151236899,0.005773496614993683,0.27400725403700005,-0.36024778175448274,-0.02047995354669579
0.025,-0.007110403506374536,0,0,-0.20045271621207209,0.004982774051367557,-0.23993291144701878,0.10661865519994462
0.01484666821360274,-0.013234608007797804,0.0036275868493411724,0.005446486044403356,0.5139005254293929,-0.3363973842107269,0.39589352937380745,1.949119222497999
0.015208143504525736,-0.01313320484246009,0.003149017869782515,0.005249224000421884,0.4416042340448027,-0.3722024430536597,0.2386017159316165,1.8236426083442463
0.014389261196063376,-0.013764406435301657,0.004307170912537742,0.005024338189824562,0.510825780567448,-0.2037584065100538,0.6689255747885802,1.845949755295569
0.014661692002490385,-0.013565803348289662,0.003926891629602073,0.005136132358139056,0.47612854669850185,-0.28067407006007633,0.5246790997117959,1.861727534370685
0.015684799046771,-0.01323812686194771,0.0026750496788785663,0.004732865312447619,0.353252493466842,-0.3743346754600709,0.1110419483881769,1.565930005189404
0.011554012156973013,-0.015251940282635679,0.00693543690529709,0.002052379457713254,0.5781221914085909,1.2073925644573213,1.325682453278825,0.6777597936065111
0.012054910769077925,-0.015053360773248436,0.006739595575715572,0.002738246350816243,0.5784877682641993,0.9497846006299888,1.3566078388105178,0.9456671604396037
0.011736584140814516,-0.015205630789818963,0.0068400527009299375,0.002280782351540306,0.5709518731547326,1.1074046805751616,1.3346680917297424,0.7663542418460284
0.011911461618968945,-0.015144524617139159,0.006757575232625161,0.0025084797199080556,0.5671014238183355,1.014984973339759,1.3412753495633825,0.855646049703546
0.012494098315458965,-0.014878003011998035,0.0064311710015775144,0.003285532546205807,0.5719581989788239,0.6977411153165523,1.3228344191418537,1.173537582454505
0.012260767685210915,-0.015054609349856345,0.00648726955212073,0.0028978659466499294,0.5502394606465182,0.8100692715949942,1.3154784783289466,1.016221770573485
0.012718924094137376,-0.014798010287528413,0.006218165544097273,0.0035210008777893666,0.5655465166571328,0.5685418069081004,1.2807308595742504,1.2732013335185812
0.012936135907168142,-0.014622239547188007,0.006098568468642122,0.0038715667233714117,0.5776689190489784,0.4553813363720768,1.2566752552127982,1.4169328410624258
0.013161827797643895,-0.014501706102514549,0.005868697556361556,0.004119661348968438,0.5737900447163377,0.33258989638946335,1.1956257464230804,1.5196075173845953
0.013846891387344469,-0.01428599149234159,0.004960141252856736,0.004448415581484201,0.5033109396300377,0.0071828439871299546,0.91615810931458,1.6453918309619564
0.013405299884109451,-0.01462362104714504,0.005394659328940771,0.003968950694677898,0.501656026347019,0.20458657446985448,1.0619106758902868,1.4586916550248044
0.01361807576545353,-0.014464878449432013,0.0051976201497096275,0.004207382225635484,0.5032992621132255,0.10619640358699066,0.9975596112319892,1.554211900701038
0.014359581332293975,-0.014093511811112675,0.004290566705236083,0.004571471409442494,0.4595201866469263,-0.16435150190251716,0.6929181225144582,1.669685387181952
0.014177410974904665,-0.01438052910741727,0.004453071031905099,0.00424222464713759,0.429243378552526,-0.0950802196512317,0.7641638261230231,1.551314061484633
0.007591233601480755,-0.01438153448432905,0.0073019035164832114,-0.0040070652137480095,0.7622564023939287,2.6295681407636557,-0.34817690575365284,-0.38731632295879986
0.007585453469049016,-0.014541330366239958,0.00702492549844902,-0.0037345386067588397,0.5214022867549771,2.517190043218621,-0.2806691498567016,-0.4101891631331766
0.007730047808600203,-0.014455032777517945,0.007424107627321405,-0.003776194164389638,0.7814500401701485,2.6613532839563794,-0.25676619478536034,-0.40512268339084007
0.00952952844693864,-0.014977816440745884,0.008292012111193563,-7.861108998259222E-4,0.667541892407924,2.482415125389833,0.8590206226349913,-0.1644485769613111
0.009598495648362385,-0.015130712406615678,0.007933038616049541,-6.217393903902793E-4,0.6643920646062877,2.3374267578326315,0.8706959827238002,-0.1558544439336764
0.009373420771600327,-0.014960584488801502,0.008263817795927915,-0.0010420689703755331,0.7873300242941138,2.532525783556705,0.7758641111441839,-0.2151502351267778
0.009442584891674904,-0.015109405186140843,0.007924708296447909,-8.646979304693554E-4,0.6939122476489459,2.3930842553509524,0.796151378075079,-0.2059182646415275
0.009217916319918092,-0.014938455742167744,0.008227705171551528,-0.0012961297562245689,0.9144717046669865,2.5764568090352546,0.6890465383979151,-0.2617059420741979
0.00927194872799393,-0.015089677038293853,0.0078861139003463,-0.0011281188749268317,0.6457145741804786,2.440813283301431,0.7077663827492651,-0.25679027862102144
0.010514688054327842,-0.015234498953474378,0.007662129332172966,7.536334861250987E-4,0.6550033874084231,1.8627192269959756,1.2060542131714638,0.21742762190382306
0.010821963889777748,-0.01525359281956911,0.007480153057519228,0.001171127439665553,0.6298260437360185,1.6717833881960866,1.2691483341464835,0.35532342660498756
0.010656348141253266,-0.015253162181355256,0.007563903283057179,9.457066606341491E-4,0.6355993947821478,1.7688139020695264,1.2351001649310864,0.2800248069255258
0.009674981285090388,-0.015295273500728755,0.007575970535356525,-4.626027107978967E-4,0.633238460644323,2.1640005448394617,0.8903271318992331,-0.11566162308154491
0.009837988267035264,-0.015254855871574982,0.0076961250579009825,-2.353338641698835E-4,0.6441754069057007,2.1487337642879933,0.9647147251139054,-0.060784889627474935
0.009984922263743808,-0.015315709619498498,0.007569767360453466,-1.98112791444041E-5,0.6198113421300612,2.0426449684619175,1.0120223942650124,-0.003919045021926685
0.01036817843173611,-0.01532273833807592,0.00751126861368264,5.204061277906507E-4,0.6331449905678136,1.8699450052449103,1.1377739585217264,0.14844578745280965
0.010163903891258902,-0.015326971066133918,0.00753709762694021,2.33055223649321E-4,0.6295264959396657,1.96041307855681,1.072862903270902,0.06547639904498996
0.011350034275875172,-0.015289364219043212,0.00704430610120054,0.0017984793002557933,0.5842325917760215,1.320117766131643,1.311019264052847,0.5825068677207869
0.010930959630542967,-0.015420894741235187,0.007079602820791334,0.0012174750231205315,0.5737160516962723,1.4986863509703536,1.2252686761977838,0.37674333722445086
0.011129362344455758,-0.015371090172533906,0.007054020185934286,0.0014841984770277421,0.5720888558581515,1.4113399892629677,1.2665216779718274,0.47066228154498807
0.00745479580756053,-0.014303711841978798,0.007166493791950802,-0.004244476662784995,0.47643109354185115,2.5921537943980453,-0.43896509179065135,-0.3640183148449881
0.007445064307678613,-0.014476435374199648,0.006886843686261788,-0.003930919635712166,0.5402392906045247,2.478363998868757,-0.36015792455920437,-0.3925200672129607
0.0073208682191713715,-0.014221641019906126,0.0070302733570882835,-0.00446677362609591,0.4964513236434837,2.551212570900703,-0.525799011305055,-0.3343508909543201
0.00718958373010223,-0.01413540329229132,0.006891239786380216,-0.004678544957977109,0.6336520661118893,2.5023341885970742,-0.6081033212646391,-0.2994762300911098
0.007185478998927532,-0.014297835122574662,0.00666870111716304,-0.004368862889017992,0.5158674333635648,2.412702175185156,-0.5266489861450464,-0.3383448908471933
0.007309850975659789,-0.014384986789909432,0.0067798358826961025,-0.004160124254502171,0.5519938764923559,2.4483877172641964,-0.4474837323205659,-0.36697599680212584
0.007061073770271073,-0.014045084994930429,0.006745814212170696,-0.004885754995017462,0.7928877841997893,2.4457901883608213,-0.687799126519599,-0.2606066523265123
0.007048327028486727,-0.014210105581171757,0.006519714701311636,-0.004573231502841664,0.4480979912433755,2.3599434156656454,-0.6060853137169656,-0.30380568055288326
0.006935465283302505,-0.01395077548971791,0.006583551051086476,-0.005102106000448791,0.5578143026921567,2.3838487493816256,-0.7661812607391708,-0.21749045536597014
0.00690436866426317,-0.014130505105722696,0.006334318873167682,-0.004750528774461041,0.4340561201983351,2.2912218900107706,-0.675325321324629,-0.2676538649993698
0.006812880963004883,-0.01385256696814258,0.006417086901927796,-0.005309987715301618,0.4914825970949704,2.3205389119755897,-0.8403291775693572,-0.1697498048439191
0.006770682599980658,-0.014031290663768667,0.006173870843988946,-0.0049481771022764345,0.44347577002907473,2.2282077184015048,-0.7476900133620693,-0.22367412159699399
0.006693441434347548,-0.013750556019033765,0.006244100998870097,-0.0055123864978003185,0.4027433209275988,2.2530230616655844,-0.9104943151780395,-0.11705790639906218
0.006643506522052697,-0.013924359583691495,0.0060165475246135225,-0.005148067138617364,0.43944639710698746,2.1633190787986645,-0.8174058611203455,-0.174732216152379
0.006577264761224861,-0.013644843410250553,0.006065654416423425,-0.005708299157748326,0.3023373086874457,2.181422722003,-0.9760510535681061,-0.05953130110677981
0.006525931171900327,-0.013810627183776373,0.005866192250015113,-0.005350162322205227,0.4418617038490769,2.0994280550235254,-0.8845421510065558,-0.12131436232492974
0.006464466094067266,-0.01353553390593274,0.005888405837684643,-0.005891103500521927,0.40430399495567415,2.1062610464987355,-1.0349405932195674,0.0014134926530370276
0.006422207917831832,-0.013694398922236731,0.005727517789097445,-0.005548905916938084,0.43310396988849204,2.039493925894902,-0.9479662027561063,-0.06500909652161219
-0.004846167127399402,-0.0086873032502169,0.0019005176558647668,-0.007507941620092856,0.7397254754660904,-0.3575967101510891,0.38236115597221243,2.244016759452586
-0.004852284872435491,-0.008850953452629793,0.0016974221391073013,-0.0076428161608335585,0.7433112045005733,-0.3331822078135896,0.456986795402769,2.2430243013074964
-0.004770743962330512,-0.008991813962528352,0.0014575764289862048,-0.007614980527413909,0.6970833885195501,-0.3020228535127986,0.5243744203816448,2.166175146862233
-0.0047179146748397875,-0.009170521077143218,0.0011885134850832554,-0.007638277592155663,0.6766748890299993,-0.26178808252222335,0.6008046446839223,2.0992647938335853
-0.00468246890652257,-0.008387136629051157,0.00209872606789986,-0.007030944446786061,0.6453134117537203,-0.3798628096413434,0.27584693925696696,2.1073928658348535
-0.004635103222258486,-0.0085797116512857,0.0018564010877996676,-0.0071319548488364215,0.6405939953525098,-0.356942539138892,0.357276531313311,2.083030286655857
-0.004696486207437634,-0.009350779261309802,9.322957758777331E-4,-0.007689477219372412,0.6660647966453125,-0.2181911775884433,0.674584856279706,2.045779679125826
-0.004702288022317577,-0.009522812905058069,6.924241244350499E-4,-0.00776011467335942,0.6587523732898458,-0.1728462380710243,0.7445333490623104,2.005033044954183
-0.004737525478000602,-0.009674108944855694,4.826261057755346E-4,-0.007854303519547278,0.653718909120058,-0.1283882858165326,0.8091524302191269,1.9824405667820844
-0.004693342677291114,-0.009831522140892654,2.448420394259571E-4,-0.007811723031602424,0.6075744706437546,-0.07784718882372037,0.8597857176124858,1.8930761895204242
-0.004710740699478938,-0.0071040597636584605,0.003049154934420347,-0.005727942581677307,0.5027550792151166,-0.4027860359069439,-0.12001321603198471,1.8495839330396528
-0.004934214524464533,-0.006851587587977339,0.0034045390850355912,-0.005583206062503072,0.5015439584559035,-0.38783121968036954,-0.23196736414139144,1.8507451494568692
-0.004951347137885212,-0.006500902252312667,0.003515441215381275,-0.005175386059228937,0.4499756097350868,-0.3714259883148387,-0.2854467927095689,1.727555485795097
-0.00461470523743504,-0.005255368808662955,0.003253368753287096,-0.0037598548765301327,0.2741878592449684,-0.3551495386345197,-0.24469042072779218,1.272244116785912
-0.004685265695783907,-0.006192464673953922,0.003271456412167795,-0.004714757256523816,0.37779928309929783,-0.3782569338741036,-0.22462051133445068,1.546101797337654
-0.004449632884142209,-0.005761530062195097,0.0030804945802847513,-0.004207860729092207,0.3119687548612458,-0.374770120450935,-0.19559560224556669,1.390111233092562
-0.004612575797733333,-0.007381624174259274,0.002806889956375106,-0.00595732629969691,0.5133207748219397,-0.4086678762770855,-0.03126722785327001,1.8850903855332395
-0.004444964791056433,-0.007675928009993086,0.0024616570278994565,-0.0061196388600970675,0.5103938742879798,-0.4027748661888166,0.08041699483769321,1.8679151516495425
-0.004515938724586308,-0.008229748399966675,0.0021033275124432978,-0.0066992304669244674,0.5785049790905356,-0.38315192939279014,0.2385916235645835,1.9871575473123475
-0.004366573107005574,-0.007975851952996256,0.0021800868584292044,-0.006326790019452846,0.5194295035391255,-0.38963460484742374,0.17676825079032896,1.871059486125448
-0.0038760109763978667,-0.004710690273783654,0.0026182938799315385,-0.003205051978268821,0.22166995733878211,-0.368754262676227,-0.12686774517817892,1.1516759334830338
-0.003947268126277772,-0.003990480651710195,0.0026585643865865978,-0.0026539701277257313,0.19413514292488573,-0.35836025992692566,-0.1362497535601307,1.0449436170024236
0.0023642491203986326,3.506148534380114E-4,-0.0015010072166054148,2.207539458903925E-4,0.16428391089325275,-0.3471257523138771,-0.005453046882532896,1.0071056459844998
0.004499150081977117,-0.004251107919448914,-0.00310414111096895,-0.002882647863817408,0.20574839255794383,-0.3427923458058986,0.21655002955204825,1.04942382216647
0.004347760880216963,-0.004869344910314966,-0.0030104184959387527,-0.0033845997481653915,0.23684291407304864,-0.3585053153780751,0.19831316054315254,1.1770353093871697
0.0033415036242875986,-0.0018689983658750457,-0.0021491443716311707,-0.001190507568158628,0.1509074235719763,-0.3540203189775782,0.04769157186560724,0.9228113976550346
0.0040160795105135165,-0.003327524925622639,-0.002674972331530785,-0.0021749777884895755,0.16425502813400436,-0.3544623353785576,0.12881681776472756,0.9512413271162731
0.004408072616101474,-0.005963998574903315,-0.0030218969508549053,-0.004394606115409958,0.33188727946306734,-0.38104681933109474,0.17498237526643226,1.4362576706269932
0.004297007516503222,-0.006377120257327865,-0.002846170972443569,-0.004754968854705297,0.3605208380276271,-0.3921312844252433,0.11590617424846617,1.5176600695324478
0.003935883267218165,-0.0053882714798170386,-0.0026504773094151554,-0.0037700841986372372,0.25713827979470066,-0.3766051028285045,0.1215610796049439,1.2584267343911943
0.004199592952225612,-0.006802629157581907,-0.0026390854174558657,-0.005119153805240824,0.3806504869983452,-0.3999016344884571,0.0417525065254175,1.591345208816233
0.004688353302878885,-0.008560166812980387,-0.0019210361546757942,-0.007185663879606007,0.6576488938262166,-0.36214506926775586,-0.3431399367646222,2.119700568456384
0.0046692669593738365,-0.00880664879948687,-0.0016234073728871594,-0.007346364176280296,0.658328711006841,-0.32797475195000453,-0.4463457428840227,2.1024272851518386
0.0045780203573268525,-0.009045889676289966,-0.0012749734324779638,-0.007370462027670306,0.6245705349221483,-0.28093382256802807,-0.5434480482095871,2.0126404220859873
0.004546115667921833,-0.008184328635673274,-0.002171110761694447,-0.006692811105318184,0.5809508298836433,-0.3882687995067288,-0.22031662929591547,1.9983533614375288
0.004523422087677049,-0.008402646454917603,-0.0019486459744615069,-0.006853737260412265,0.5949793097236581,-0.3690561958789804,-0.2991232841304815,1.998765961286996
0.004717342696152257,-0.009491335952079506,-7.424302714046666E-4,-0.0077725847341832,0.6552965894327935,-0.1816716601090209,-0.7350887727581128,2.0239270434062777
0.004700388719003513,-0.009671205254900674,-4.785810709778305E-4,-0.007795670019365653,0.6357153487865651,-0.129175073455863,-0.8025621138016695,1.9556877802197246
0.004732354976701755,-0.009829253641045909,-2.5185389591448964E-4,-0.007871769208577488,0.623171065088173,-0.0778747613883307,-0.8667763262962852,1.9201981640216286
0.004584101036777054,-0.009313158522508823,-9.368639189148259E-4,-0.007508362525891098,0.6171057151999956,-0.22336798189516152,-0.6499794655257772,1.9690690513602418
0.00437519610155683,-0.007965780215030187,-0.0021968710615504305,-0.006325930046493025,0.5138447732304265,-0.39179375234430047,-0.17496696707746653,1.8723125850836217
0.004215228704979557,-0.007646196130461816,-0.0022671742668519367,-0.005906839922798275,0.4581271467894649,-0.3950220239383735,-0.11687324077992466,1.7471362907747257
0.0041240773872699655,-0.007216104953250767,-0.002408981455880963,-0.005461260942601135,0.4094312690315201,-0.39958917204734895,-0.039263293290980654,1.6471108432175303
0.004677558074700516,-0.009972982360514596,-3.6892983029636945E-5,-0.007797332072696449,0.5746032103636668,-0.03013031340273249,-0.9044683179411356,1.8230191516172256
0.004649726772178307,-0.010149523017151045,2.1790992183114754E-4,-0.007750549974163127,0.5437542190095567,0.030602989020276073,-0.950917566274815,1.726569539290028
0.004645886857706069,-0.01032797372598135,4.720157931479956E-4,-0.007721221650687842,0.5177867588416353,0.09545220615814232,-0.9968428211455586,1.6391181303196463
0.0046601431436109715,-0.010503392327414937,7.227238372174341E-4,-0.007700580771892508,0.4950015074375305,0.16325327929278635,-1.0408219159419672,1.5584241784537116
0.004685281167152338,-0.010674140910118169,9.689624390538644E-4,-0.007679144213545913,0.4729082058312249,0.23318046334111617,-1.0813400423087212,1.4808110149976814
0.005544967222482057,-0.012269952191399801,0.0037768193672190445,-0.007423693697939305,0.3123518450758814,1.226299472325159,-1.3738108440936123,0.7513100341632243
0.005438361382693403,-0.01241008473211288,0.003732573611627024,-0.007071504370106591,0.3481587906078141,1.1926650507388545,-1.302004896270147,0.6458308165827441
0.005618465515670955,-0.012408766398519252,0.004011536824732872,-0.007299525702493491,0.3763194290450673,1.3173899215816756,-1.3609960433062016,0.6671948367926924
0.005475864446977091,-0.012128895840071584,0.00354051375179984,-0.007539305616132422,0.31546340630392744,1.1360996418568907,-1.3813033995507793,0.8364404744016309
0.0053733907855265705,-0.012266972729278156,0.003524017232305034,-0.007199876597741649,0.3609891078025879,1.1101220541542425,-1.3146342975843044,0.7282250177820063
0.00541122549991139,-0.011985736283431544,0.0033026084246023132,-0.007646593766328907,0.27929243929203157,1.0469050125199257,-1.3831609611505498,0.9217371214682881
0.005315364901116902,-0.01212433881814238,0.0033161556775443764,-0.007321237760918434,0.3858042505160582,1.0299723569904746,-1.3235762540530625,0.8109444588023643
0.005198530675796428,-0.011394952446763721,0.002334136604087104,-0.00799555566649306,0.669189938941086,0.6951310549999086,-1.343199664553177,1.2659850888985826
0.005024432298566124,-0.011366466169131319,0.0021252628459494036,-0.0077505480735553965,0.38676274694650387,0.5973148082340966,-1.2793742165791366,1.2332891465856501
0.005082353651786366,-0.011507677103906109,0.0023599237005049946,-0.007706499617037216,0.36468930061355115,0.6794971403991511,-1.3013221906809085,1.1604552698131483
0.005244717217658646,-0.011545084353673888,0.002578810698363679,-0.007920091175205715,0.5535777927955738,0.7812660141689068,-1.3595632299693678,1.1799952395283329
0.005295594968187609,-0.011693686304088879,0.0028180354825640317,-0.007838064258875491,0.3099144527499064,0.8670611998840375,-1.3717303637409668,1.0943041227375734
0.005141672634086121,-0.011668343667271123,0.0026174796685294126,-0.007629851038742744,0.39839273090959204,0.7722170677466407,-1.31745945491106,1.0714831916169592
0.005256937709944719,-0.011965927390945572,0.003083713705372027,-0.007447479621547188,0.3548337262589347,0.9416848999448054,-1.328905262340931,0.9041709466492042
0.005351115767339395,-0.011840618209004684,0.003071137907856599,-0.007742411739084149,0.6008576965685382,0.9582161302329161,-1.3795850098656013,1.007095852657126
0.005187321347487683,-0.011820990394176792,0.0028441479340987025,-0.007526130286687665,0.3676756418552323,0.8526484683376819,-1.321425264218121,0.9827235675975121
0.004716085734776318,-0.010839992912443886,0.001209627016181475,-0.007650509964144567,0.45170080851895905,0.3044915760750056,-1.1171940511089604,1.4037640478534146
0.004749745483058323,-0.011004040294622952,0.001447308439064013,-0.007610086366971746,0.4300374372529831,0.37760717520265924,-1.1479859814900097,1.3244891892402917
0.004786352259935938,-0.01117140675779227,0.0016879593506063707,-0.007554871017696563,0.40982758216133847,0.454264861240049,-1.1739761732897522,1.2404575864669447
0.004832189853905535,-0.011341159772106894,0.001934066706545456,-0.0074934642997568105,0.392772666838346,0.5353147954968785,-1.197145043451945,1.1555677984449384
-0.004876346892042054,-0.010245173650833165,-3.871560609108602E-4,-0.008095055531245808,0.6393100957291935,0.08249973717636268,1.0429952407393068,1.8323507252697093
-0.005009863688092558,-0.01031391016005026,-5.125633428023826E-4,-0.008313457230303169,0.4005284970990532,0.15000483943162637,1.1052748297984194,1.8633329260198013
-0.004702699529299454,-0.010013519214218907,-2.216903089119596E-5,-0.00783751335497025,0.593637215706137,-0.015992952736270934,0.9230706203542712,1.8256786296454683
-0.004759065149440619,-0.010163456732504138,-2.476813123780938E-4,-0.007918814475267563,0.5860009258998051,0.041710096006882226,0.9839689348101857,1.7949721236499319
-0.005079674648559369,-0.01151488940107706,-0.0023659744882844388,-0.007696489265256081,0.35677036256287037,0.680439203776532,1.2989431393041404,1.1541710092081188
-0.005198530675796427,-0.01139495244676372,-0.002330466280477766,-0.007996429415767716,0.635736488376041,0.696157042817873,1.3454930316485614,1.266627913514248
-0.0051570782538395065,-0.01124342629880737,-0.002060211338154729,-0.008070353719718796,0.23085078757658717,0.609365658255575,1.3252069516105094,1.355484396250426
-0.005020980100817831,-0.011361492064907934,-0.0021161689011601234,-0.007749731432880699,0.4216741121874761,0.59319633243741,1.2766802118534262,1.234409001044421
-0.005120404840570064,-0.011090665429940793,-0.0018124714477015203,-0.008129727401913723,0.4504681618356257,0.530034200074371,1.3011549942692475,1.4425066688377057
-0.005001164774562252,-0.011199914910533853,-0.0018826834379509617,-0.007851451308878536,0.48788803628454774,0.518887416380132,1.2629826535279305,1.330798550134314
-0.005022183559254116,-0.010470471553061363,-7.867586833221913E-4,-0.008291883129308458,0.7284129006311248,0.22199432585820986,1.153325089834748,1.780495921782071
-0.004867813489787527,-0.010403095718085958,-6.325410579837439E-4,-0.008050027357146597,0.5955226351498761,0.14355668292657467,1.084714484203255,1.7456509255907282
-0.005039415511198498,-0.010626579228399678,-0.0010488062047121487,-0.008262984361592179,0.7431691811262686,0.29671501041739556,1.197126719280926,1.6973723674561922
-0.004888857138197089,-0.010556361594753346,-8.739369206662012E-4,-0.00803693657140938,0.5178081197093957,0.21090552609709254,1.1288646418393358,1.672696376415075
-0.005088549402048354,-0.01093683137430405,-0.001563580433793531,-0.008181168493061679,0.6683471959573014,0.45061292530244296,1.2709885994027017,1.5279479387409427
-0.004970298799451342,-0.011037688289862957,-0.0016322399140800397,-0.007919903516687789,0.46005322824719075,0.43838102130992346,1.2373833632372004,1.4215386245302073
-0.005061544257832261,-0.010782083680081916,-0.001297561560187741,-0.008227575348407254,0.40741443874748035,0.3708423762288698,1.2357401353533748,1.6138190769922705
-0.004933122205261172,-0.010883074097190441,-0.0013857436538976303,-0.00795747963402497,0.4969382557950632,0.36094856921982327,1.2048843411169254,1.5009598583355013
-0.0049187418314485245,-0.010722878825578227,-0.0011396504901715605,-0.008016476646400645,0.5341664400385094,0.2897911204381485,1.1740021812226955,1.5902560938012285
-0.005351115767339394,-0.011840618209004684,-0.0030538239077291273,-0.00774916301387352,0.11430200501375919,0.954400117537007,1.3815006739300888,1.009942797767627
-0.005191936492188111,-0.011817652843988505,-0.002846307490772146,-0.007535911933444388,0.4184076842182673,0.853707254719802,1.3223863679256544,0.9850210758041061
-0.005050159743932849,-0.011762152798282372,-0.00262807718599057,-0.007402975411877356,0.3487852070205378,0.7765180933990614,1.266374048954923,0.9693684225604005
-0.004973956902101061,-0.011641113367924696,-0.002414694010370481,-0.007423806793366425,0.3673961647752737,0.7001799705684878,1.2451082715712891,1.0212430866627222
-0.007110403506374492,0.025,0,0,0.26690343215563933,0.10760744085355806,0.2320280736572871,-0.009025040191727689
-0.01304127619488333,0.014918313371349008,-0.005638941370725164,-0.003480374373263925,0.490373186403895,0.3696503373800455,1.1302395753999128,1.2620165446604938
-0.012953526176675799,0.015180697220163297,-0.005487525976679856,-0.0031199872413610543,0.44705099517515196,0.38744454924113486,1.0838993728618773,1.114419821878654
-0.012736947867575522,0.015413112000114372,-0.005492256638525991,-0.00276572667529038,0.40834185214821667,0.46204756271378516,1.0749112905333915,0.9712669562032349
-0.01065198109794793,0.016518936893239286,-0.00543495641649338,-5.59572548410217E-4,0.33153748888945267,1.0422642426709656,0.8782649560939568,0.1599053926439268
-0.01127015370733684,0.01605325516246133,-0.005850966036546006,-0.0012237232123160945,0.3806776048735473,0.9854909518395638,1.034380857197238,0.39310061623919673
-0.01235069937404639,0.015635737810679336,-0.005626021263148693,-0.002338983970359062,0.4085651217991563,0.6128818373851604,1.0878867451498009,0.7983398221214334
-0.011869588207752925,0.0159359913069257,-0.005648753723644665,-0.0017783004054326838,0.3975511331470649,0.7654986946158749,1.0536405128935151,0.5826210329484555
-0.010277715609332017,0.017745185082279936,-0.004150353719296507,-1.6738375156413092E-4,0.17760645148515294,0.6507222935797007,0.6003146085261849,0.03195662393594839
-0.011067917266250778,0.017310722877449135,-0.004450454293455097,-6.450373774695375E-4,0.2209454966729371,0.6059412141269085,0.719558838865,0.19760598001925547
-0.012796069136576316,0.015772522452929306,-0.005068164675141304,-0.0024331739667764747,0.32542477557045085,0.3782517986606797,0.9684487316698144,0.8523686129970012
-0.013287776878516157,0.01478395440840944,-0.005429038790335246,-0.003724077509019528,0.48164179823599224,0.25393812555548273,1.0732635587817594,1.3607599662456724
-0.014500236757204087,0.013157052514936285,-0.004121668678976153,-0.005878145964967988,0.6018757123285755,-0.2938210869649786,0.5465291057656384,2.155594392763077
-0.014412614129278772,0.01329068122084769,-0.0042805444957337195,-0.005743034941835083,0.5978588127656782,-0.2611807522920004,0.6134175183250884,2.1163077250381837
-0.013610390171374309,0.014409597031000598,-0.0052435125818685235,-0.004290244482205691,0.5193977881602551,0.1082061530627038,1.0089269179953655,1.5864287986849754
-0.013564729457939934,0.014674331826133974,-0.005130506928852326,-0.003908405439214197,0.4718274599934082,0.13392739173067564,0.9873199493649022,1.4322415366471164
-0.013841156429612094,0.014265430402645662,-0.004977425558491969,-0.004481808667760879,0.515886994166504,0.010880879063373816,0.9223064015388353,1.656534317753087
-0.01430234303434645,0.013449085795592702,-0.004465460846587051,-0.005573568083010439,0.596839057861165,-0.21663150677506796,0.6909784180070132,2.063222803358796
-0.014125679552783415,0.013616303411873967,-0.004743923120440765,-0.005414047668865005,0.5996898509243634,-0.14955203474931236,0.7969849638322543,2.0171688199836164
-0.01396309767722084,0.013818997867862816,-0.004968725764476516,-0.005157451068095376,0.5908481707308538,-0.07295168751244992,0.8875423882646561,1.9256813120335983
-0.014034723839119205,0.014060029562544827,-0.004771268675087976,-0.004742472418454511,0.5219880736997028,-0.0737754915182922,0.8435022300704641,1.7549918772372954
-0.014634922864783195,0.012884060517393364,-0.0038345891587139437,-0.006165080311818143,0.6181467761584895,-0.3441833347414554,0.41936713213053384,2.2367980247299606
-0.014655509401210335,0.013091917887727315,-0.003868159020075246,-0.005828129195691764,0.5719575711565267,-0.32435193498921405,0.4582613473279665,2.11518643101591
-0.014789800569597484,0.01266914489653171,-0.0035087060361783965,-0.006299853858091937,0.6076933608419193,-0.37957796378593606,0.28666563961371944,2.2517555234284994
-0.008894166447776243,0.02146986062044963,-0.0017639755878360917,9.630660126820632E-5,0.11348065032096834,0.20330674768572515,0.24495364484207666,-0.06743004876488136
-0.010686587716488423,0.019735470125200945,-0.0027035796056001115,-1.752388375813906E-4,0.0751189907448052,0.22935627528616334,0.38099582196310045,0.03600112206192182
-0.015233170091272077,0.011013104876261495,-0.001434237738456802,-0.007414478116299695,0.664469230997306,-0.3012459912566317,-0.5513877024410118,2.293445742670307
-0.01529394506974812,0.010504090333909972,-7.187113997109902E-4,-0.007546568953706548,0.6692783888189213,-0.17285389609007626,-0.7890971791184623,2.1711245005908926
-0.015268188658884616,0.010844508774981896,-0.0011929830980726,-0.007446698587749183,0.6636575589559605,-0.2626832947284912,-0.6329973759694912,2.2491312175662626
-0.015286676765391817,0.010674860019072302,-9.563349996065011E-4,-0.007494216910961998,0.6663426326151409,-0.22012797639650503,-0.7118211580757944,2.210002260003096
-0.015302162876329248,0.010331871418407051,-4.747852167610868E-4,-0.007577694479181738,0.6719730085444565,-0.11951797483965354,-0.8642364116680096,2.120948094121865
-0.015222211908778574,0.011490113660924969,-0.002010354002950431,-0.007053339887913201,0.6341966903088151,-0.37350954284138793,-0.3223242810635611,2.287359916362645
-0.015311596460136401,0.011318680782431895,-0.0017442374098894473,-0.007035669048365864,0.6180440954196068,-0.3460885059629897,-0.412510371146014,2.2247370395869335
-0.015380872696024473,0.011141065896170935,-0.0014900289417530772,-0.007037866354967565,0.6074795856877543,-0.31346399233409655,-0.4981293087846809,2.168588195704899
-0.015021153433926208,0.012491279112951502,-0.003094339078103452,-0.006244319275477069,0.5707440504549178,-0.40103753068704134,0.13754284339215253,2.179679843585701
-0.015156568622866842,0.011865419105106512,-0.0024534233534946478,-0.006790598908319664,0.6167693682139747,-0.40317659709817694,-0.1414897202598038,2.2753354356201676
-0.015190082278498853,0.012289691624687023,-0.002757477640448484,-0.006263007291513614,0.553261365636449,-0.40692022888886764,0.013050821764191567,2.1357179455524964
-0.01527048700229961,0.012075900043836412,-0.00250960232860916,-0.00638616542741925,0.5608425925652737,-0.4034117151724696,-0.08634715477946585,2.1380612438093896
-0.015317092396986599,0.011683736975503616,-0.002120073589974231,-0.006707639634462417,0.5822198064503591,-0.3835480602209631,-0.2534076772798867,2.181899647881639
-0.015327225555392461,0.009336549571988881,9.20299947310498E-4,-0.007408774160739845,0.6360353892220524,0.27101634986395323,-1.1929831042102281,1.6746747455459945
-0.01529867835932419,0.010165692761457961,-2.38307146305801E-4,-0.007613710881534758,0.6715946210851503,-0.06365281021182534,-0.9347883682382773,2.073354456019468
-0.015247981611397367,0.010005130438423888,-7.435941160248098E-6,-0.007735144354733663,0.6781255134460579,-0.0050221053328071315,-1.0084046413426062,2.0579418151771223
-0.01534414339866273,0.009510342662158588,6.800118402299514E-4,-0.007440538233764562,0.63458348351502,0.19469303646816313,-1.1455597394019297,1.7538511991161763
-0.015343260510818364,0.009686311927681315,4.3846925891366696E-4,-0.007490545492519435,0.6352769710061302,0.1212785558331634,-1.0961621578440475,1.840520402454034
-0.015310892221425799,0.00984900452665917,2.1498679751985462E-4,-0.007587117585775943,0.6458322293689435,0.05633873437899816,-1.051674727861896,1.9400820987903293
-0.012094500305060412,0.005126315174931433,0.0070971656737765934,-0.0030364317512827084,0.9301625948545399,2.386392889006554,-0.06720532591638732,-0.4078222744892956
-0.012255866463555637,0.005181594475340161,0.006957908272962546,-0.003243109071090312,0.9245010645366073,2.3768616984804924,-0.15303582998849927,-0.4014593851207166
-0.012863469207531052,0.005479370076453914,0.006397168277838527,-0.004036333609637804,0.8900404309316111,2.302262298105021,-0.48541263059781453,-0.32539284507675115
-0.012714697406803605,0.005394301028952388,0.006542987574022502,-0.0038407308764672383,0.8997988333532597,2.3281241334269573,-0.4031821491515206,-0.35224119902723466
-0.012563737989681823,0.00531523479007497,0.0066837807761989795,-0.0036419730754903303,0.9081960051292954,2.3483139882141635,-0.3199055331202247,-0.3738140300699478
-0.012411526444638964,0.005244651426541422,0.0068212396980883916,-0.0034439198492815363,0.9165162881581707,2.3643809754587966,-0.23694406017564515,-0.39009969969807706
-0.013009010700067271,0.005572454330455734,0.00624951497285517,-0.004231922750753966,0.8791987774535147,2.272327637962226,-0.5671054694253015,-0.29308803908541486
-0.013149309028796387,0.005675853209333943,0.006104559712920552,-0.0044317335264969305,0.8683320281023298,2.2403477379046888,-0.6491516717205218,-0.2548601690606336
-0.013187119036995118,0.006147433031857422,0.006410579102198694,-0.00531802682333941,0.8236798579239245,2.4259506610679904,-0.9126756988645677,-0.12477853824410029
-0.013228992131981436,0.005977966261613392,0.006198426417380612,-0.00497313837584069,0.9740058753335069,2.3184175387428705,-0.8374512143022531,-0.1669669670414975
-0.013306558565652453,0.006249443980966237,0.006245829035669914,-0.005510653958074904,0.9813690980131463,2.3707856914108976,-0.9902396616912159,-0.06462824403751888
-0.013335970785300072,0.0060885718461101655,0.006073598368020585,-0.005178514465688739,0.968612296942405,2.2816889567867427,-0.9147677053268776,-0.11373781221372425
-0.013281295558518312,0.005791640170342632,0.00596796439080892,-0.004640852402472264,0.8588629916793727,2.208629186011191,-0.7328212641424096,-0.20998828922423907
-0.013422735238775144,0.0063551565897494505,0.006074224360452323,-0.0056990933242215035,1.1161342527472176,2.306686312590529,-1.0640998998400601,1.0501473114692498E-4
-0.013455972210855491,0.006198541896600481,0.005909221634317843,-0.005371452425108871,0.9035262148635591,2.2255024863871227,-0.9909012355599177,-0.05322043694227296
-0.013535533905932737,0.006464466094067263,0.005886373666151283,-0.005892841955429139,0.878082823541272,2.2361861514138384,-1.1356520701538257,0.06983516818332972
-0.01357968728488895,0.006303457574201549,0.0057212088615139975,-0.005540229349997635,0.8938171300938883,2.157721113177892,-1.0576792153229981,0.008511080243284057
-0.01364484341025055,0.00657726476122486,0.00569925182162674,-0.006074146238561198,0.872433075417442,2.164290108248793,-1.2009619380147287,0.14317075542026958
-0.013684526894784256,0.006418980989515455,0.005561434423602996,-0.0057221040498913025,0.9168049528359025,2.098474424045388,-1.1229710013733365,0.0751117879649757
-0.013792398590629352,0.0065427418823103736,0.005384163368779366,-0.005906849807523567,0.8519524691597241,2.0287390979714996,-1.1876184451699885,0.15024394070974154
-0.013750556019033765,0.006693441434347548,0.005513479177206599,-0.006243188677579215,1.1621669120650342,2.0869093139623973,-1.2604962833542994,0.21988307736131504
-0.01439343342507192,0.007316323162661803,0.004144085594847795,-0.006783587219353757,0.8137922909462255,1.5097690933502685,-1.4378344832212695,0.6442575469910378
-0.014221641019906124,0.007320868219171371,0.004459216241147063,-0.00703489429973133,0.7905678090546436,1.6437206298630294,-1.4841541388390018,0.652085422440208
-0.01385256696814258,0.006812880963004882,0.005305586523431764,-0.0064207638408094415,0.7864846211603473,2.0023362018837623,-1.3170392792636916,0.30129609582250094
-0.013910081354274566,0.006655433146676117,0.005172866605225347,-0.006048527192520745,0.8432933045078598,1.9443915707712767,-1.2383757840940754,0.22180263002093234
-0.013950775489717909,0.006935465283302504,0.0051060398250766465,-0.00658072604889698,0.9286362760041719,1.918692017247212,-1.3663784336357103,0.3848404315249996
-0.014002389732585444,0.006782460559898431,0.005000440875597014,-0.006220749337130593,0.8601314817277812,1.874461340647532,-1.2912535393553546,0.30001801041489967
-0.014045084994930427,0.007061073770271072,0.004903686059699993,-0.0067327778496104355,1.104869668318281,1.830276981987674,-1.4104744359387233,0.4710271511940946
-0.014109570507051042,0.006919494979460871,0.004785249684877838,-0.0063847633888572545,0.796915119178402,1.7835425450642892,-1.3406783960601147,0.3885898561633097
-0.014311997851700195,0.007175911006281882,0.004347203414743644,-0.006637065742304223,0.799562985616915,1.5974534559401088,-1.4071847704175837,0.5539076855537465
-0.01413540329229132,0.00718958373010223,0.004683614710875725,-0.006887509909471391,0.9095635300307133,1.737118190178392,-1.4498716781410463,0.560023996769214
-0.014216474244114992,0.007040142175441413,0.004562269398450675,-0.006499860751153768,0.7812998595159834,1.689373137641667,-1.3736775330429916,0.4667949127622486
-0.01529800125258921,0.009164615141894645,0.001161394460252288,-0.007383354966495989,0.6392995045288653,0.35067851779643794,-1.2375739397216712,1.5981645376604758
-0.0152604493933896,0.008994261054110213,0.0014033440696489265,-0.007355843899788279,0.6429430781922716,0.4337171435057268,-1.2784875687109942,1.5210772381154987
-0.015213817942425087,0.008827830365281905,0.0016449415728733428,-0.007329408247066194,0.6490873223143449,0.5191147834834896,-1.315631516812218,1.4455747551355291
-0.015163256662535048,0.008665445344793524,0.0018827464237697294,-0.007294547738593876,0.6556364597897715,0.6060897592329151,-1.347599567344797,1.3684409806557156
-0.01511354861865198,0.008507658313242676,0.002111390077034708,-0.007243529235397147,0.66329539022772,0.6923187263995595,-1.3721335761822304,1.2881294805761676
-0.015053462121521373,0.008355431783733798,0.0023411064678835036,-0.007200035736425538,0.6712156653916003,0.7800030059291218,-1.3944599579140629,1.212331895265207
-0.01495528130658304,0.008212191668860738,0.002602879460339031,-0.007218454149109696,0.6854212748402083,0.8801426494227063,-1.426796282014262,1.153652539440574
-0.01494717524234715,0.008045967987711136,0.0027736826149605907,-0.007028687822630694,0.6716800054715585,0.9543798983000286,-1.4097686499328121,1.0360806831004472
-0.014566870591583389,0.0073238097781550505,0.003846661064719766,-0.0065651185536910244,0.7190824427241639,1.3985498953383466,-1.3742841160121875,0.6229385652932371
-0.014612887765952608,0.007461083355799121,0.003699324703488771,-0.006722182280321036,0.7289689088074257,1.3333282002267326,-1.4065506589322236,0.7111659552397065
-0.014877750749377569,0.007888676880366536,0.0030028558624611286,-0.006941702503133619,0.6862699220727454,1.047644793243874,-1.4129874459608323,0.9481089674930222
-0.014752976831220668,0.007755621557111294,0.00328511742961395,-0.006958772578498448,0.7136254394822931,1.1585132944945584,-1.4362434998630846,0.8903945514934
-0.014741874528167205,0.0075707580981175335,0.0034330164300752784,-0.006703867229637577,0.6981223647655349,1.2265969098819112,-1.3900301191846012,0.7607998956013576
-0.01132907179353107,0.004854552722633465,0.007520384951441565,-0.0019308141921614477,0.8701726435464173,2.269692980899578,0.34354355351111326,-0.3580540441832812
-0.011151816247826627,0.004820701893562358,0.0076071451137601385,-0.0016811832453881516,0.8641687068507887,2.233680853891633,0.4291019209988752,-0.3312277016843664
-0.01097886559063753,0.0048347972573987985,0.00774290501899807,-0.001460246567984764,0.8602483480852466,2.223122222259071,0.5124885601975089,-0.30044396635813303
-0.010340132196235648,0.0047017403665496026,0.007806623006500625,-4.973608486904298E-4,0.7451048061049544,1.9574523016583216,0.7768846147282882,-0.13651065781180918
-0.010494443366651271,0.004771530119358852,0.007872235886317313,-7.40709692438858E-4,0.7961982427270247,2.060071710497954,0.7264435744614092,-0.18161657686171304
-0.010657138508790026,0.0047295592553820535,0.007749419080828378,-9.593997943553584E-4,0.7977605578436541,2.075272065333756,0.6508358811418723,-0.22463512916475362
-0.010836911895442914,0.00474967677438385,0.0076956499603483275,-0.0012183147527766232,0.8105320537957005,2.1308219905177412,0.5739268878316501,-0.26695541037022563
-0.01201866964137064,0.004917478359652867,0.00692861929570651,-0.002722563289947441,0.8423387783676813,2.248290576747056,0.020086401060786702,-0.4043104867197393
-0.01152811267838719,0.004744719245870086,0.0072022220969864565,-0.0020677485537568697,0.8129488115160475,2.181519035207932,0.25892996964294895,-0.3739086526341056
-0.011798073288250619,0.0047950563781634994,0.007013903937321612,-0.0023906974673098794,0.8139059145983939,2.1965556430490305,0.1356145937032108,-0.39439310636068864
-0.007231031038346006,0.004549703362969081,0.005800859064565554,0.002831660631104127,0.29357751063175946,0.26065201116522935,0.8738738181174234,0.8549453476192221
-0.0075279447801329565,0.00444267520772656,0.006023174821107649,0.0025688771987789783,0.2943740751917621,0.3788477217820203,0.9060378016041621,0.7474107028264849
-0.006891461360824554,0.0047756167055178315,0.005576567612847672,0.0032143139786672712,0.30664131359551666,0.14064433147458755,0.8457876537099559,1.0109856675702853
-0.006415840492400667,0.004728381452863503,0.005016036560165944,0.0032748014184667868,0.2752102601186726,-0.033838331038703234,0.6983677837721541,1.0580020439002116
-0.006024763278531672,0.004890837590259003,0.0046482635324213255,0.0034969965475457727,0.2797316575335494,-0.13947241470799202,0.6095991805852955,1.1572356938372865
-0.0029343802483603543,0.00387868744882083,0.0019245452556064713,0.002536564748176467,0.1910323692870541,-0.36237155927421844,0.04376789979763607,1.0723389489576574
-0.004942462080288302,0.0046758765031341566,0.0035245426706797043,0.0032617695715208357,0.23258591020800393,-0.3239712626316332,0.3037755059184088,1.1277483770096914
-0.005543763468478061,0.004671558753926665,0.004090234581671111,0.0032834974342557444,0.25292955785847254,-0.2409702976364266,0.4486259967644553,1.0993552672163531
-0.00417353711032401,0.0041962086364398105,0.002845846448428181,0.0028213801390932426,0.1902574851699437,-0.3559602203120293,0.1674210567797504,1.0584230495858586
-0.00699414950261754,0.004319965972197057,0.005409925737670945,0.002694683953042119,0.24876571460051516,0.13746729831139312,0.7592547268909358,0.8139803557424117
-0.007886468694553114,0.004379102832803969,0.006307976062603609,0.002278306996723866,0.3126333423600572,0.5373114052252496,0.9462741174901212,0.6344226782800925
-0.008182131711626779,0.0041842787415828165,0.0063752405497282975,0.0018946849840474442,0.3073294596087281,0.6317656983360359,0.9128438740106226,0.49165503355613965
-0.009057017129716955,0.004546739847268103,0.007366286352854526,0.0012561480586333448,0.4876363198902221,1.2466468954022485,1.0484226154443357,0.29914947178547613
-0.008696865206250104,0.0043856438370881955,0.006952910768550085,0.0015700497675486204,0.39513132772615583,0.970293848315826,1.006925607280161,0.3886018443244017
-0.008919446327610707,0.0043899138148426825,0.007091124099259283,0.0013331777675617662,0.43055430776076553,1.0933747513641217,1.0008341263397278,0.314301572141506
-0.008488087085343094,0.004080471158674106,0.006491977251098179,0.0015707559414737191,0.31852348928931823,0.7490168521429846,0.8949836316795238,0.3765220195253039
-0.009260058088665788,0.004501569277078434,0.007399915569190416,9.815598182534647E-4,0.5068010329633655,1.3349051869884245,1.0083473461097092,0.21579303646268763
-0.009501919409562019,0.004539235134957187,0.0075353401062791744,6.799415417758017E-4,0.5561809654158106,1.481386074824584,0.9808955885399915,0.13487470170764482
-0.010008493920377214,0.00452168149993264,0.007578840215527139,-9.441358406737053E-6,0.6293127680751335,1.7054118391347721,0.8491194147610832,-0.04004825682090391
-0.009761924022954093,0.0044807110587981175,0.007506623928162461,3.2089941640557753E-4,0.5781271578317612,1.5718158237929094,0.9047445979098132,0.037647838113448816
-0.010274904385408859,0.00449104633710997,0.007512184944664663,-3.6636577703345587E-4,0.6526842478455149,1.786642735562458,0.7568523942381619,-0.12220423887062735
-1.9683280748360215E-4,-1.6710616335763025E-4,1.2547739624278024E-4,-1.0650963393036527E-4,0.1846661641382549,-0.3373726740440548,-0.0013083664395635607,1.064280951566779
-0.0016940925040130443,0.0014193051740441888,0.0010822208403283432,9.020034239145177E-4,0.1785547344714915,-0.3419142359129786,0.008106676829373436,1.0468111647504648
-0.0027191146593786948,0.002584523397792374,0.001761740271006948,0.0016568509222068951,0.17325148180324076,-0.3537972028704288,0.03694579750805892,1.0133568910694812
-0.005320197985582652,-0.003969257704134157,0.0037519622493573626,-0.002642789206291985,0.1806685191297286,-0.2781379151929168,-0.3362680784259999,0.9298011183264095
-0.0045315230546234255,-0.003476409081324115,0.003065642058104489,-0.0022724325837404982,0.15634976799539413,-0.33274144971674674,-0.19428829138167278,0.9217325665942511
-0.0035543972404693844,-0.003226140482347288,0.002344093759693081,-0.0020958324997780707,0.16676230291391317,-0.3580248095037288,-0.08899694570589627,0.9831768081823627
-0.005921225252891391,-0.0037977625542530606,0.004219355972391348,-0.002456949961845461,0.17413662868671576,-0.18808196193704638,-0.4301847826938795,0.8117261812785415
-0.006855361197530311,-0.004350729098719418,0.005293877724207109,-0.0027731803890335923,0.2464731905988454,0.08548880350795264,-0.731087847573908,0.8453068282790187
-0.0064237379217396,-0.004062782578584241,0.004748741018789439,-0.0026100848947305058,0.20516388330311863,-0.07029700878320842,-0.5703748319140417,0.8120362795962194
-0.00885222313913527,-0.004680890920000337,0.0074278693143966555,-0.0015876516655255037,0.48881513537528326,1.1927545319075181,-1.1153249018168359,0.4078401548539878
-0.008673921668035786,-0.004609569130017681,0.007211003602884911,-0.001748044184641398,0.4422370626873805,1.0539139407053415,-1.0924457975781094,0.45573430154985317
-0.009043579820610532,-0.004586165114550791,0.007413183581785055,-0.0012941707684161355,0.4938152151562343,1.2579515907827619,-1.0650449511566409,0.31250436603949305
-0.007655181367604927,-0.004385067163884827,0.006100395100780067,-0.002438187025004871,0.29381585756306444,0.42661227311424127,-0.9117044682838936,0.6951215260931897
-0.0072711948378638425,-0.004202242096032345,0.005604959282373354,-0.002469609685698117,0.24654615841325309,0.22096862704277848,-0.7824825547314207,0.7165285026183944
-0.007918360897470538,-0.004299620324159105,0.00626557229319061,-0.0021861984078926588,0.3012260220164243,0.5337376547058489,-0.9232109963660821,0.5983368799017349
-0.008528624141928277,-0.004435025364881806,0.006894348281608012,-0.0017761107459961939,0.38779686761897164,0.8976669615556663,-1.0213529576052336,0.455722876810508
-0.008289801107476931,-0.0042810305075323555,0.006550921821417657,-0.0018813889530093187,0.33172663770553795,0.7151702850402827,-0.9561140609276804,0.48798057689664764
-0.009319646125204315,-0.004553728125291989,0.007495727733696238,-9.260348422771085E-4,0.5309827355913005,1.3939097435706143,-1.0189654453449732,0.2030218934644859
-0.009550812842772753,-0.004510436262329695,0.0075088264415326894,-6.078289161346959E-4,0.5548864446129995,1.48863955049168,-0.9617058289923525,0.11298124208327627
-0.009992371152768504,-0.004686386297946719,0.007821309480918888,-1.256926566438892E-5,0.69031508166209,1.8083775100178585,-0.8975763298302436,-0.02467927681485101
-0.009815018743769978,-0.004528227622887181,0.007580019762748942,-2.552637305275522E-4,0.6026719599531661,1.6251752911379305,-0.9058828997841744,0.023715852581884717
-0.010626579228399678,-0.005039415511198498,0.008262738931464602,0.0010500897521231705,0.7863219140785837,2.287974791142757,-0.7151228447326335,-0.19852756480707004
-0.010566874247612544,-0.004885796289568524,0.008026894559554116,8.885649510251694E-4,0.8519038136017986,2.1720022407879873,-0.7106276244260976,-0.20658030350194387
-0.010720018638931662,-0.0049173848492393285,0.00801224995179438,0.0011333189861041715,0.9099976475476644,2.2376838844231393,-0.6429454973149157,-0.24686759533886724
-0.010782083680081916,-0.00506154425783226,0.00822681276529535,0.0013025504370189915,1.0190217970336366,2.3490051941539574,-0.639266688136973,-0.240691425050218
-0.010936831374304052,-0.005088549402048356,0.008182423437425852,0.0015568181909344093,1.1270405391555642,2.4053547485117566,-0.5580351660592983,-0.2795677570010098
-0.010892267177107649,-0.0049435301860522715,0.007963017236408085,0.001402951793257335,0.8923331867945282,2.2967371576297615,-0.5590026229357653,-0.28947149713089443
-0.011090665429940798,-0.005120404840570065,0.008127604736507168,0.0018217833607862245,0.8691181628142397,2.4565780869827982,-0.4727050344942006,-0.31415726497327556
-0.01104674123562405,-0.004965393265605723,0.007900141114233762,0.0016395216436233626,0.9345473860625372,2.3393082663104443,-0.4808995789774781,-0.3226001785708314
-0.011196785337821794,-0.005010247764688007,0.00785960160709659,0.0018827283234600573,0.9595629781544165,2.390143692190611,-0.402982889164841,-0.349393647759126
-0.011243426298807372,-0.005157078253839507,0.0080695388776918,0.002064243261534005,1.2130852928252798,2.501489151718189,-0.38730332427711206,-0.34128505993636415
-0.010173506263531766,-0.004697067632771139,0.007826863654303283,2.537493114388801E-4,0.7118300493623964,1.890848522048225,-0.8385490295823209,-0.08447516550732802
-0.010329554753868328,-0.004753364318443644,0.007887875426956462,4.923981693329629E-4,0.7648332956745953,1.9904094995054948,-0.790582747781893,-0.13276554812817964
-0.010499200561626225,-0.004713517747598645,0.00778242211050787,7.289743620411056E-4,0.7715250624882716,2.0182252163254657,-0.7149195013206707,-0.1831449736354204
-0.011394952446763721,-0.005198530675796428,0.008002026781563115,0.002311831354483994,1.2907843093685867,2.539712478607557,-0.29779932828558703,-0.36479513191739366
-0.01136230199585286,-0.0050422927072977285,0.007771138048398474,0.0021334047082809497,0.9118823829182537,2.4244354947663775,-0.3104522357625194,-0.375610434769099
-0.011507587603454975,-0.005065816736521037,0.007672087353857868,0.0023416664291969693,0.9249346676703905,2.4418433733308444,-0.22901588186810087,-0.3934471282712675
-0.011545084353673888,-0.005244717217658646,0.007923797677633133,0.0025669294862971513,1.1911105513837958,2.5708982893817063,-0.20564681644658567,-0.38333664217726837
-0.011663018317485977,-0.005106580367941041,0.007573580275808242,0.0025711268809257937,0.9498181539924496,2.462418733596755,-0.14003859166616575,-0.4068435022611529
-0.011693686304088879,-0.005295594968187609,0.007838002708570678,0.002818163277294765,1.1517172114073535,2.59790577408357,-0.11216408512915672,-0.3959294072637676
0.01594469235911933,-0.011955905350782763,0.0018090641568935559,0.005573080265123344,0.451454288546346,-0.35459923065805804,-0.263400944771016,1.6877715787977616
0.016314888975715428,-0.011172191248029593,0.0010357738662355566,0.005556266864874852,0.34249771984062866,-0.26509511717424455,-0.4917561257357748,1.490292310795921
0.015953589286555613,-0.012676734535920815,0.0022313904315549326,0.004996437105089193,0.33563687443781104,-0.38163948848146273,-0.07476911806557592,1.578275339548406
0.017767694814708235,-0.008988855953488792,-4.6624078697840495E-4,0.00403847492679573,0.16385944506944491,0.1343432951850788,-0.6241313765884237,0.4951775690493268
0.017286548111804318,-0.010597096216619492,3.487260050479052E-4,0.004565350655628033,0.25335369884364245,-0.11135595102020733,-0.5625027541996958,0.9192029161493319
0.019106149205577565,-0.008586151472320802,-4.1014570663268216E-4,0.0029861610651738635,0.06394763657828399,0.12081491188579459,-0.4512614725555303,0.22371390028843954
0.021613665704720394,-0.008798055352755766,-9.18644709121155E-5,0.0016818763216839248,-0.008339397544724916,0.03990011268097776,-0.27762575254441235,0.09495331298471557
0.025,-0.010729293840437248,0,0,0.05984123464438005,-0.005284348055008526,-0.2557425170350794,0.13653387530427283
0.015191034704353885,-0.013632511538395143,0.0032719330511575555,0.004690170980167218,0.3877520421138851,-0.3344286293370171,0.33032440174611505,1.6283089707105884
0.01477343400308062,-0.013997767379715921,0.0037660872635436235,0.004505586734417823,0.4127328774936709,-0.260854848914355,0.5086957164864548,1.6062599447202597
0.015740317920854518,-0.013761408339298273,0.002730673825896864,0.004201465576442798,0.3091297183412814,-0.3577620525955605,0.1767233727939992,1.3824285805734284
0.016177441220153375,-0.013300758855708063,0.0022607391098511806,0.004299857122410558,0.28673414402530567,-0.37363653976235234,0.025540387373630635,1.3462376994753011
0.011680996757250643,-0.015378405468658818,0.006603297329407889,0.002063483583025185,0.530021644159545,1.0703466614666792,1.2704936883097782,0.6900842420924562
0.011508750428287145,-0.015470766673570183,0.006595853092091362,0.0018192327107019529,0.5144756921000707,1.1339011310981124,1.2418016143692607,0.5989735549635312
0.012092945399891432,-0.015262535194061892,0.006375940642658075,0.002531733859404798,0.5210381617271231,0.8565578239169885,1.2681978922778596,0.8740796789389008
0.01188107148202975,-0.015374351838606748,0.006424620740224392,0.0022445998068898695,0.5012904919879414,0.9478113258795631,1.2547697128104638,0.7633299633372864
0.012702100572958504,-0.015100989149628534,0.0058796669104104055,0.0031079477508595267,0.4846796918774859,0.5342293579752196,1.1881932923437084,1.1103040458517917
0.012470178486309002,-0.015150144726132759,0.006101253017506095,0.002921551654920967,0.5028197034691182,0.6588095909396494,1.2339146418007372,1.0333652827329693
0.012325774262928843,-0.015286059156863326,0.006090030806388085,0.0026723865171595983,0.477263340141539,0.7112832653823932,1.218816121922349,0.9359863545078836
0.012934287931867766,-0.014972238746558227,0.005725459759627834,0.0033732654691267204,0.4854235861709874,0.42175105723392114,1.1534149363109896,1.218161924128692
0.013177192586528257,-0.01482682868651523,0.005542914661348334,0.0036440376382581648,0.49308911015307605,0.30974821896559196,1.1072265052673442,1.3268877106841923
0.012882048664891949,-0.01526417245982754,0.005486113049682914,0.0029944525722830437,0.4259684092503478,0.41721946700586027,1.0852500524748703,1.0641276345098685
0.013928919305953273,-0.014620514881999655,0.004676274509459593,0.003967632991816837,0.4173499989059071,-0.003268080506455194,0.8489583235072188,1.4501384340436418
0.01343833258224955,-0.014930705502251743,0.005110468049877058,0.0035544576153834053,0.42068011245022074,0.1816755066777934,0.9860965655146641,1.2951041350002965
0.013648876284303646,-0.014761277329123135,0.004958218019997198,0.0037955114040159723,0.4475256081556095,0.10024023624338266,0.9390369400322631,1.3876674180960167
0.01461649958281492,-0.014469244836085748,0.003884042632002174,0.004006680050692946,0.34462579170759927,-0.20137843515473328,0.5813420593948221,1.4333266441206136
0.014269402023432637,-0.014733052149149842,0.004202658435908389,0.003783805671080019,0.3637760112637103,-0.10393557122694345,0.6954706699524956,1.3560710014907056
0.00772678625804851,-0.014602777037211542,0.007155332465463168,-0.0035321973554884854,0.5909112558891728,2.551153931764599,-0.19665604192789707,-0.4235863737576114
0.00787110415992842,-0.01452413555302291,0.007534033404696774,-0.003551843112295011,0.5114075139680638,2.6843018752904206,-0.16465323768417717,-0.41877473571573937
0.007861666814860653,-0.01467682528476283,0.007238951157322243,-0.003307170676778583,0.6306599373528616,2.563109957877962,-0.10936799179985444,-0.4326775628035318
0.00801426371656846,-0.014588774500088612,0.0076409399937202365,-0.0033152850375045098,0.5152653929727204,2.6987249472988903,-0.0689827656877326,-0.42643403709815425
0.007605533906389447,-0.014670100344270695,0.0068558451928449945,-0.0035154485425053098,0.5381380566088287,2.4392879215007675,-0.20338864254057537,-0.41706630388161203
0.0074481568439169225,-0.014654200576428933,0.006634444599023118,-0.003638582026506067,0.5104670609884411,2.366913270258897,-0.2568346244041067,-0.405405714134424
0.009063168625695952,-0.014911450597951643,0.008180681523866033,-0.0015655094827602075,0.6435145269082717,2.6150431538395464,0.5981892551797923,-0.30417229008550284
0.009115225603504674,-0.015077732671743997,0.007817158171515036,-0.0013625894119449304,0.6530415621438309,2.468190388682952,0.6253008267594505,-0.29746375499780386
0.00890933457005921,-0.014879595159429935,0.008127371185074662,-0.0018230077445349066,0.5677127970907297,2.6483502655221547,0.5077955220405054,-0.3385269237056188
0.008965301160715214,-0.015040222816177154,0.007792673130219407,-0.0015998475144938455,0.6986762089304214,2.5076405396742865,0.543630061828202,-0.33194978638618244
0.008454915646326118,-0.014755282782341355,0.007923033643267874,-0.002569624693002061,0.8175558519906905,2.702619910896575,0.2235042621199983,-0.40806916028053125
0.008488020381279233,-0.0149128331516682,0.007613164019655622,-0.0023425601881289543,0.6496697222606787,2.578080102993718,0.26983654385750605,-0.4105888270501222
0.008605047553236286,-0.014801469324203571,0.007996956417192008,-0.0023290555709568673,0.5283051392864898,2.6899216418698693,0.3179588966016745,-0.3915428517201862
0.008756573701192635,-0.014842921746160495,0.00807010923956741,-0.0020615553614763728,1.0268870373008543,2.6727151850074584,0.4156350894781286,-0.3664496857106701
0.008641447894132846,-0.014971550641623019,0.007652666538028805,-0.002091818155204147,0.6264016622325889,2.551030669394408,0.3611824901743969,-0.3906375835297866
0.008804809581432017,-0.014992352684730727,0.00776363579434365,-0.0018595004649930205,0.6358878754656052,2.5467810632932495,0.4517903850740435,-0.36419338090174475
0.009498118853994118,-0.015287345313651468,0.007540725766712625,-7.140954982585512E-4,0.6220498579817645,2.2139031388457577,0.8141318858941152,-0.17125760873266846
0.00934590861867394,-0.015214736239489303,0.0076384078648854496,-9.567433456425644E-4,0.6394559129934929,2.308085625362767,0.7467277914100187,-0.2212265583427679
0.00957810153864779,-0.015484983958992343,0.0071481235714044656,-5.447842969407043E-4,0.5629605517434603,2.021554979358772,0.8305879225424223,-0.13243354730578813
0.009177608952555235,-0.01525362816828409,0.007465184222736155,-0.0011662401132157207,0.6170106063589521,2.2935861094023173,0.6682885362639857,-0.25963215058750594
0.01056829882118135,-0.015406699373128096,0.00727313435586636,7.659754505868147E-4,0.5924318425950142,1.7045960212754514,1.1629544256904192,0.22608379322649022
0.010740758971246258,-0.015446025500234111,0.007124971426721964,9.707146341449941E-4,0.5723885638795019,1.5872344889388572,1.1866241136058038,0.29404848209344275
0.010437656431055287,-0.015518328757223383,0.007086788276535183,5.644006636187586E-4,0.5593558938869169,1.6883276839027779,1.0991376802587887,0.1652666985162636
0.009824261443730262,-0.015460078729938815,0.007247792228890438,-2.293078253312924E-4,0.5800027734622514,1.975955404834235,0.9259206683262516,-0.05730153940059112
0.010059282935206955,-0.015500897521317166,0.00717495597823875,8.085926954153143E-5,0.5694840002295974,1.8616643031357063,0.9972340891860881,0.024182172772090487
0.010255519336359518,-0.01551424610193625,0.007130997982065912,3.3302060959673193E-4,0.5595722244202065,1.7711676950803164,1.0527979442441493,0.09611841994578406
0.009692190097968439,-0.015705168409425336,0.006747402052094255,-3.5581183741189367E-4,0.5030572534032193,1.8150799261267492,0.8454430297226958,-0.08780171627421351
0.011281152424106235,-0.015554167783038376,0.006621999437751794,0.001528614364983071,0.5126249586804209,1.2263944599363572,1.2074323768367259,0.49118511399596004
0.010851946970693279,-0.015683681884236567,0.0066329814887477944,9.97148672776957E-4,0.49644208742232615,1.3808029345863095,1.1285272649930917,0.30944109201089726
0.011049464071276317,-0.015563076733384163,0.006747912640459102,0.0012753145081531498,0.5258425708188743,1.3468528696702273,1.189704870198447,0.4025549134244958
0.0055156102969559145,-0.012553122538630807,0.003949065017490213,-0.006942897667407299,0.33236121686450176,1.280583065150221,-1.287095651808313,0.5647684572297621
0.0056962881580212045,-0.012545204192439475,0.0042411051183506845,-0.0071685865129812384,0.40509769131196066,1.408505972655685,-1.3432387393807643,0.5848592261296891
0.005600793437066118,-0.012694110104685486,0.004166693611600716,-0.006810726870131748,0.32320584949973113,1.3706227484430007,-1.268265707125531,0.4851591173086893
0.00577835898009388,-0.012679131780828632,0.004467043831281657,-0.007030018149206572,0.4479795371073078,1.5000772862534157,-1.3207716109291592,0.5042796761466499
0.005864596707708681,-0.012810416269897774,0.004689528429409667,-0.006883766048231246,0.6102509127278937,1.5934403099791252,-1.2943830420480715,0.42559156180188445
0.005694297185318549,-0.01283096466882258,0.004385911720292924,-0.0066781338793002595,0.3035790292604801,1.4621041875737897,-1.2457353450727515,0.40825475085702134
0.005954915005069574,-0.012938926229728932,0.004892478588795534,-0.006741074988103247,0.2916385991851399,1.6825919873672799,-1.2645504711384268,0.34922277059645096
0.005798828142414362,-0.012956133332262905,0.00461083389135123,-0.006558651813826013,0.32254515218334084,1.5564207406488613,-1.2232013251597225,0.33873565397493377
0.006355156589749451,-0.013422735238775145,0.005708723614311966,-0.006065289090530079,0.6400106719346833,2.0258782087835794,-1.0891872743760682,0.06513087613522353
0.006305701458517958,-0.013573094077312525,0.00555114943078741,-0.0057423664723634795,0.36391103037501754,1.9624962301489806,-1.0089082974124854,-0.0016560831622709545
0.006049224510282092,-0.013064534716697497,0.005099355649170656,-0.006585819112738016,0.28793271652548197,1.769181898716205,-1.229145776926236,0.27455573796077026
0.005893106353330228,-0.01309876070147764,0.004812444976539082,-0.006384216568448686,0.3747575846618614,1.6436521950837892,-1.1831529914726977,0.257458441431837
0.006147433031857423,-0.013187119036995123,0.0053062053605981456,-0.006420191648201105,0.3358555759164466,1.8547530969678319,-1.1871239407164913,0.20151976606876876
0.005978350999902371,-0.013225532485210146,0.00498163256738455,-0.006217288931665981,0.3660481720139352,1.71745088104082,-1.14213523664015,0.18695109469679205
0.006249443980966241,-0.013306558565652458,0.005511340500465314,-0.006244973277507973,0.4893994267049449,1.94033541804694,-1.1400205114088622,0.13158471780936967
0.006077128084596588,-0.01335474079790542,0.005162222282360743,-0.0060419861091979684,0.3544415804354317,1.7960699218495486,-1.0963797079473743,0.11668270523474016
0.006189755846529359,-0.0134730279241624,0.005356595119037944,-0.005881673198080067,0.3366014164962981,1.879544505657244,-1.051141332407891,0.05277792342628717
0.006284932380265925,-0.01371688463205722,0.005457373316845476,-0.005463124959101654,0.3704609334052087,1.9346148293787018,-0.9148522110803713,-0.06720075755109078
0.007058602901820071,-0.01435952604988737,0.006368701840739624,-0.004299791060602888,0.4756409133576838,2.2972366012927994,-0.5073278298528578,-0.33554411166498155
0.007291535151959928,-0.014554761699570132,0.006521151926448573,-0.003879610754150803,0.4893178031531184,2.339053321332823,-0.3492798083471555,-0.38490231820225645
0.007161363368660765,-0.014455535681227222,0.006431611957928302,-0.004100025262399298,0.4752291337958044,2.3148637655064963,-0.4325836455642751,-0.36112921253044256
0.0068903728917743025,-0.014327116010372513,0.006111468778085531,-0.004397172389985251,0.4498966447536255,2.200260386429164,-0.5476157563030322,-0.3123391509867996
0.0067342397181893434,-0.014219865960488723,0.005941510850607539,-0.004605374376052119,0.4252169188480763,2.1367206202544633,-0.623079514469988,-0.27314902952067527
0.0065936488242632025,-0.014110958183977151,0.005783908862510456,-0.004801079129614739,0.40052636741873965,2.0751631420572756,-0.6923052372895611,-0.23138118988912984
0.006464436605666247,-0.013990780109199236,0.0056386852504253645,-0.005005139861494325,0.38137251087609686,2.0162880803585868,-0.762522308754741,-0.18367580184442955
0.006354606608015032,-0.013860428153280783,0.005517234379874068,-0.005220249971078879,0.36483884749194945,1.9646381419613685,-0.8347020541006777,-0.12963520820927557
-0.004503702359409206,-0.009245526873244751,9.890243393529425E-4,-0.0073675482779569324,0.5929510095761379,-0.23658095708318463,0.6159632851771787,1.9271712464456134
-0.004630779504780551,-0.008807993976666657,0.0015943462082954572,-0.007294724520893387,0.6468415994663214,-0.3255921599805726,0.44937680553935433,2.075374508594128
-0.004531011706298309,-0.009039156017672807,0.0012563757200923977,-0.007302955537605586,0.6100487264396558,-0.2802181175383511,0.5395076076574298,1.9814260875076288
-0.004409787481524042,-0.008420113275421836,0.0018416030407435344,-0.006739521781540623,0.5572159417318336,-0.36115587336798655,0.31432117887151434,1.9312608966837324
-0.0043436638110444,-0.008642066991231337,0.0015788421210308436,-0.006826454884928814,0.5410992872825834,-0.3328089615276307,0.39367088039335374,1.888512900722622
-0.00449848709740095,-0.009444694441761088,7.335918435759915E-4,-0.00743684554218988,0.5756651074594776,-0.188757599396527,0.6897326026346504,1.8776926488405696
-0.004533783674565393,-0.009664361666531406,4.527239300311483E-4,-0.007546530841562224,0.5699391450446408,-0.13024532966951227,0.7724339656152663,1.8391285915498803
-0.00449261878553896,-0.009922867799431847,9.8324896786557E-5,-0.007523015129021815,0.5276186744115438,-0.05398605637591201,0.8461865461077315,1.7208340079182152
-0.004358746025399802,-0.0071112858752678575,0.0026769094752702996,-0.005502345327593597,0.43640426960311113,-0.4046176821422546,-0.021350802991080893,1.7068773007133988
-0.004419433930626345,-0.00665555940837819,0.002897293322950883,-0.0050803125451218045,0.3991180675047051,-0.39920976364074695,-0.10721802537253303,1.6141348622794867
-0.003915173233992118,-0.005440578509396907,0.0026260799043867733,-0.003805647682035239,0.2641155065569794,-0.37698228542889983,-0.11390720849540069,1.2726230460709882
-0.004083479756287926,-0.006062504328655264,0.002705038504677629,-0.004387158155905274,0.3108910055729363,-0.38807321501373204,-0.10274960015291405,1.408339416135318
-0.004160739846562581,-0.007401944641077334,0.0023543998251074304,-0.005650939646261427,0.4317336331550939,-0.39867055555080194,0.07403827189169915,1.6875675251140054
-0.004036651746542684,-0.007750507671151773,0.002052236479274031,-0.005864282913378205,0.4330020735120575,-0.3840335713703111,0.16659621325097196,1.6792993265815388
-0.004201306624516567,-0.008229778484189543,0.0018466297562447864,-0.006380670543054328,0.48813039835401334,-0.36483425762170624,0.2711713151444319,1.7975881937327813
-0.004013652284027837,-0.008021417902431952,0.0018590420779845622,-0.0060590411028346065,0.4415645709043036,-0.36908478833639385,0.2336425965276307,1.689131683601135
-0.0030737705672865606,-0.00412901026046523,0.0020193559519468417,-0.002717378250363768,0.19756578691020507,-0.3638647355548563,-0.05205225879106573,1.0865995907960304
-0.003105932895783311,-0.004979419968313409,0.00202432614979666,-0.00333259811203649,0.21757477950550622,-0.3706005767518717,-0.03623336683812978,1.1636371456813308
-0.0022128855436816335,-0.003340782802564145,0.0014326289216312676,-0.0021553638618962262,0.18969674334398692,-0.3513259824754964,-0.016685109522225544,1.0686704670347493
-8.584034768154274E-4,-0.0019759786565166004,5.486975920044914E-4,-0.0012616073141404373,0.188257335750021,-0.3405769292444093,-0.004306426981762719,1.0725134832471992
0.001403127555356829,-0.0017347073733704006,-8.987803494069528E-4,-0.0011043999641069085,0.18132533038789336,-0.3407795926157841,0.0071928814489471025,1.0556046471418286
0.0035686650330090577,-0.0044666320838540035,-0.0023817534874036425,-0.002995856650648381,0.2100782302507818,-0.3692746184445766,0.09120610466146044,1.1117701411697432
0.0026004129943374716,-0.003291712985423285,-0.0016926177936308414,-0.0021286036079166113,0.18090156323730458,-0.3558043379331854,0.030703730958886764,1.0534908707266413
0.0038328813774013717,-0.005990821780478525,-0.0024961519327995705,-0.0042569870255822475,0.29615645680775393,-0.385570263851007,0.06941388889908053,1.3522869548267613
0.0038854367786574913,-0.006466971293803199,-0.0024502558765998163,-0.004682545291089435,0.3206564822669388,-0.3906159061731009,0.031558628839382374,1.4428087702891286
0.0032240808315176944,-0.0054256931902309175,-0.0020789722154926494,-0.003683493992492142,0.24055476617939744,-0.37397058207017175,0.02724832533376247,1.2096785667178889
0.003663789446366066,-0.006836611723598733,-0.0021601023642830054,-0.004907939608834557,0.33095476842792215,-0.3854340284997679,-0.04243900721559175,1.4419696416720917
0.004419011905591581,-0.008602554169948193,-0.001672171568765554,-0.006885434659068574,0.5597881524198193,-0.3423265568678648,-0.3784159260890016,1.9333197321951356
0.004366479485433565,-0.008857871152893777,-0.0013703184203005812,-0.0069902919769799345,0.5541245415174753,-0.3042340667592803,-0.46825943933811337,1.88510035563629
0.004337550419283753,-0.009129757609514505,-0.0010528808120683498,-0.007098649808357094,0.533899836360563,-0.25540526967109417,-0.5611158600454605,1.83081827775308
0.004226592807347393,-0.00830832562180486,-0.00180256528674911,-0.006465685096951472,0.4957040428802184,-0.36249560457708846,-0.2924303982672652,1.815640005305555
0.004516894899333525,-0.009554523855703692,-5.953159039609018E-4,-0.007495664028549715,0.573999884767498,-0.16094545018656145,-0.7304289113475787,1.8592881790560547
0.0045229369240341565,-0.009818479758689618,-2.4229646992069082E-4,-0.007556100968620886,0.5501763517782563,-0.08616380693805722,-0.81972440009144,1.7782356747014099
0.004274536936806968,-0.009390621426327912,-7.259839151619846E-4,-0.007123538120465451,0.5029070290396237,-0.19880227672532078,-0.6409542449364074,1.7363777958054538
0.003918482777393959,-0.007998477537059925,-0.0018057798484116712,-0.005968458288311274,0.41430828082238985,-0.36566874671467725,-0.2343866746861277,1.6458863413347464
0.003640966275894187,-0.007434465841032463,-0.0019108721075346503,-0.005366245431711776,0.3504385537401688,-0.3758236686096716,-0.13974495580372404,1.4963695918869833
0.004464509310647493,-0.010043302439786649,6.321877932059486E-5,-0.007485546263013023,0.5025680356625172,-0.01931817544465606,-0.871953754741407,1.6545742177786862
0.004439907137410678,-0.010241604302386825,3.230509816400763E-4,-0.007438234544993643,0.4669963840349391,0.04323080833694614,-0.9151678828897462,1.5550293955851193
0.004449957862542294,-0.010434149380662228,5.749990778996446E-4,-0.007418306440028757,0.4420563313714427,0.10955664320996301,-0.9592926432132732,1.4717557631736045
0.004517500148564395,-0.010790943966233639,0.0010535431904332081,-0.007392535721594586,0.4054151935932702,0.24714258448677098,-1.0387870878385845,1.3262636701939334
0.004478664063426001,-0.010617536813981362,8.186236739377149E-4,-0.007405987742488701,0.4215922318726722,0.17791552517587353,-1.0010718767054672,1.3967113609281843
0.0053269324644941,-0.012556757045526121,0.0036692810975941154,-0.0067328440363055185,0.3054748948690605,1.1811979700038824,-1.2063372076071357,0.5185835691928852
0.005250573741160348,-0.012405037273422168,0.003461403854122683,-0.006862836006158072,0.3080857039800926,1.0973511582577362,-1.222762031268971,0.5993193711281978
0.005185622940656927,-0.012250319735763182,0.003256685757701065,-0.006994947269819303,0.31035444300578546,1.0159097892744817,-1.2375367428747401,0.6844199061882342
0.00518075951197229,-0.012086884904874978,0.0031086771689418933,-0.007197123298830833,0.33476506189964206,0.9564358728866564,-1.2722807812263601,0.7930219916312884
0.004898749924444522,-0.011501966075327209,0.002183385470089826,-0.007450599462252266,0.3827335650179318,0.6198135397273367,-1.2222684572484697,1.0819688628496913
0.005005764426304637,-0.011630304271493381,0.0024334147499090893,-0.007477846462618667,0.3775200456438141,0.7071747376702961,-1.2601354202906188,1.0418834118582543
0.005008010847266217,-0.01179410159513723,0.002616924838386079,-0.007312743111252904,0.345915052628873,0.7743471152106206,-1.245923953722692,0.9317018266130663
0.005070596158102035,-0.011963265198613267,0.0028589999249328123,-0.007206222961371102,0.33839743461907923,0.8630593895922899,-1.2486611416643063,0.8411160398593084
0.0045538806509361806,-0.010955214539401036,0.001275553632094361,-0.007363310234654708,0.3874061375950983,0.31547377991077413,-1.0696327727153816,1.2538993520441244
0.004587277529878659,-0.011125329773103728,0.0015007891240568878,-0.007310931433761564,0.36884048308947387,0.3866435778084578,-1.094055454554181,1.1727517319832936
0.004624325323628925,-0.011304793427820516,0.0017347428600360223,-0.007240275427252003,0.34804344631345757,0.4639075821973809,-1.1139182303932689,1.0833181295931509
0.004677050123310845,-0.011497127737373972,0.001988657696944431,-0.0071613683213497675,0.33005304645593764,0.5506965012960817,-1.1323346829070065,0.9896864694447866
-0.004711847173835375,-0.010322269832786595,-4.761111657522168E-4,-0.007823299414726327,0.5325837136639969,0.09862674480067467,1.0153929264333732,1.6863931340608402
-0.004548230751046417,-0.010165882959864519,-2.3300618222473745E-4,-0.007600161721768464,0.5126144950432555,0.028713425267008014,0.9287730949316336,1.6561617226859278
-0.00489888327757736,-0.011488339252993392,-0.002167344936625512,-0.00746319050539345,0.37434074439517234,0.6142596316649009,1.2218577961642065,1.090343399766815
-0.004865760332408061,-0.011128064564768992,-0.0016870722545312658,-0.007701075042096582,0.42221916536120274,0.4547653502267375,1.2030937317299326,1.3085088033398349
-0.004829484329037309,-0.011299754963263785,-0.0018812673163104007,-0.007522694524993018,0.3810316374782258,0.5178789448267543,1.1953630478634913,1.1805088338596352
-0.004720986704918623,-0.010502612598815301,-7.400233661187908E-4,-0.00779355614287127,0.5121075386906889,0.16938567744348035,1.060729690862164,1.5986577377107032
-0.004781484628768921,-0.010653102873033535,-9.776336122419322E-4,-0.007833467748085505,0.5033314943806474,0.23798789278928217,1.1108093279836329,1.5511785170029115
-0.0048002512078932314,-0.010992678440097733,-0.0014628434107110426,-0.007692081818767084,0.4385225453822912,0.3829177596775321,1.166664416369583,1.3597646307008846
-0.0047586510643397055,-0.010826567255309874,-0.0012121162736226843,-0.007721551516556545,0.4537138180982197,0.30626148397162717,1.1316709053144471,1.4371524346176583
-0.005475864446977092,-0.012128895840071582,-0.00355464999192432,-0.007532714981309291,0.59224012442134,1.1390267068904927,1.3806918726827015,0.8377736450864653
-0.005544967222482056,-0.0122699521913998,-0.0037787392061245004,-0.007422824234961613,0.28901040225060465,1.2288681119250318,1.3743062053068302,0.7548960529103943
-0.005385956823750392,-0.012256115346407553,-0.0035323898048051374,-0.007229544299303084,0.3269835360139331,1.1143863079848833,1.3213221082823405,0.7364298665224506
-0.00541122549991139,-0.011985736283431544,-0.003314326299217124,-0.00764126025910184,0.5713526582250129,1.0466078623830126,1.38271495590515,0.9220176073195634
-0.005305735906215293,-0.012119437130563229,-0.003298584692983444,-0.007315357276390699,0.30085806738334847,1.0225377422855022,1.3207752574231402,0.8115714407280933
-0.00522759409217917,-0.011974316298384148,-0.0030565817007317535,-0.007397758397267344,0.36347109878904177,0.9294549446451009,1.315771101009499,0.8898685605858089
-0.005032922769824898,-0.011932045088150916,-0.0027847843971396872,-0.0071932455387287994,0.31889613517736654,0.8368128763675725,1.2368939925602416,0.8479607558005514
-0.004884180383807211,-0.011796806202371508,-0.002491304568945488,-0.007149800749061504,0.3197693669914555,0.729740455918189,1.193715179058498,0.8844300809872893
-0.0047837304572399325,-0.01164030089137073,-0.002233183973647966,-0.007173485890364427,0.32025305684583466,0.6369413701923637,1.167611364172988,0.9460090372855908
-0.0056184655156709526,-0.012408766398519249,-0.004011050334279831,-0.007299784053261089,0.32656926504107037,1.320042236389023,1.3622151949962038,0.6713488317067808
-0.0054533060370815555,-0.012403691034759745,-0.0037498473886235528,-0.0070975804647806446,0.3612143010242544,1.200696694834572,1.3081658030804144,0.650042022644687
-0.005696288158021204,-0.012545204192439471,-0.004243813710215427,-0.007167043563480473,0.5271715678080137,1.4136534060447463,1.3449421050165327,0.5882658588019117
-0.0055238710754681765,-0.012539346388843995,-0.0039524525881928585,-0.006972435435796571,0.3156254503469778,1.2817771368800523,1.293104220562782,0.5730627397667044
-0.010729293840437144,0.025,0,0,0.016117273594433768,0.12807301019067302,0.26492855129367426,0.014751203143702341
-0.013296774238203865,0.015179519485744664,-0.0050835902744011995,-0.00322299560767441,0.40171259565667045,0.22828210386094586,0.9783657027597717,1.1586254665790923
-0.01313229218738326,0.015578662884676249,-0.004923980850496724,-0.0027504983630175887,0.35268913046698014,0.26815485848192594,0.9401306247084938,0.9727700576384156
-0.01181200083454097,0.016897833723432818,-0.004602519014345102,-0.00120183035242076,0.23103838381006186,0.5092490914329922,0.805275332123437,0.38266679591661423
-0.01243435403854221,0.016333069495182394,-0.004803590311971571,-0.0018226107260486378,0.27778960826817345,0.41635806742185116,0.8805624341134425,0.6180142156523339
-0.011535186855285736,0.018126181514741487,-0.0036567229039068867,-6.675344043911716E-4,0.14179122949899947,0.35352517234563346,0.5767565059767508,0.19251187333466405
-0.013192224155214684,0.01615960681906395,-0.0044038235874008964,-0.00225583761593397,0.26171443882867557,0.20043199855174124,0.7999084261094006,0.7724756258640335
-0.013673475474954224,0.015007636955495318,-0.0047662983793519765,-0.003485848110522855,0.38845731878378237,0.0873611796746842,0.8879977340018096,1.2601014980425334
-0.01461526741176758,0.013290197865103406,-0.0039671880121133615,-0.005571106116977435,0.549452762959796,-0.2974435638813391,0.5130589011992811,2.028702845435205
-0.014515270869190503,0.013459140820011876,-0.004131950100045627,-0.00539847363484609,0.5334931384473756,-0.2621960712862586,0.5830639234093399,1.976511250957899
-0.013963100232793329,0.014666802215671761,-0.004602575827406945,-0.003906824681614385,0.4193724586845486,-0.017607031951264503,0.8267351409359638,1.4223568571185297
-0.014111900415475657,0.014318858573066213,-0.0045627426568445265,-0.0043419734725217455,0.4475957405373278,-0.08358507533623034,0.7908427068789913,1.5953700933536796
-0.014452096658397657,0.01369859036636957,-0.004220794811411067,-0.005086214159966005,0.511399381635747,-0.22353111038166337,0.6363923023632383,1.8617800809111433
-0.014252390392692778,0.013872597862488859,-0.004494268683926986,-0.0049373343854405794,0.5168048735464205,-0.1568739704548926,0.7396897635332956,1.8193947359434206
-0.014295632935355539,0.01411516952861473,-0.004372882229050871,-0.004569643994752591,0.4806601215744485,-0.148863074934278,0.7181234568431241,1.675088603564861
-0.014875577495234755,0.012978018206446104,-0.0035184731884203148,-0.0057680131308672855,0.5432878579521371,-0.3604582314013469,0.33153890780045575,2.0562833260225712
-0.014818016647266398,0.01323441611455445,-0.0036709709714134063,-0.0054729914936746445,0.497278845614908,-0.3333399307413762,0.4080802015273403,1.9651033486375016
-0.015116348165876972,0.012796304935425835,-0.003135328605343811,-0.005745515728471423,0.5013567528165703,-0.3888418898835279,0.19317361995318572,2.0025718257324283
-0.012076523996661568,0.021961237153660808,-0.0014416725331832109,-1.7193996025886968E-4,-0.002102354369769382,0.03581326548349229,0.2656782095055257,0.09047257158249754
-0.0124062433937525,0.018981049054801087,-0.002859767549595012,-7.032841047742411E-4,0.06624554261075163,0.1068891450781109,0.4375191194896325,0.21167373133855713
-0.01545110205287177,0.010429102807563703,-5.702246101643164E-4,-0.007240993097686137,0.6108281903692024,-0.14261444907648824,-0.8039568875918589,2.0161488333650506
-0.015432537721984588,0.010968120032439119,-0.0012542069498286525,-0.007049000556630036,0.5995744544128824,-0.2775768308238666,-0.5764542662690698,2.117043267606632
-0.015458436572138332,0.010614060522216664,-8.056893250776035E-4,-0.007167112658619953,0.6047745728212227,-0.19398604721033633,-0.7268580043902887,2.049655826536974
-0.015461418098947589,0.010786321907405026,-0.001019341624613725,-0.007088628762215918,0.5983291520952,-0.23637241603591977,-0.6542533481116023,2.0741451360017886
-0.015470866357320659,0.010231561371950991,-3.072793722684258E-4,-0.007240876824923789,0.6058498315662041,-0.08077631336453704,-0.8781520799102188,1.9456658580369306
-0.015455558731678353,0.011502786054143977,-0.0018227566978626676,-0.006634529406858569,0.556899823379437,-0.3567077376079933,-0.3498308329288741,2.0913309963061653
-0.015536555600535691,0.01130397811151554,-0.0015610629384011513,-0.006646851241653336,0.5468052354962216,-0.3258841601948463,-0.43900417560381205,2.0373396616699644
-0.015592137854278782,0.011109140834339865,-0.0013200245795012163,-0.006676431700854748,0.542043908831621,-0.29109425281499757,-0.5204522189313668,1.9915928860688548
-0.015339403484223996,0.012525222392598366,-0.002736876634605173,-0.005806439349413888,0.4852033799202243,-0.40169881669640123,0.04437765732289605,1.9649149166071351
-0.01545378378702638,0.011926266163856348,-0.0022070289388272588,-0.006265393615176195,0.5129053400729388,-0.38986964060457335,-0.18632498348128798,2.0346397390002426
-0.015495923934363704,0.012216500877412322,-0.002381685802500143,-0.005930714592413857,0.480806196950956,-0.3983103663747685,-0.09241507426913396,1.9478977741356454
-0.01555076443008635,0.011694691016041078,-0.0019229664598359158,-0.006325729335662614,0.523505655944468,-0.36788212030354495,-0.28824872887624453,1.9988712883523743
-0.015536492393967177,0.00940988470468657,7.435502830943964E-4,-0.007016879823883414,0.5699599614822691,0.21458690462015664,-1.107086786598031,1.5679464005352293
-0.015507006473371146,0.009223022673308191,9.818398341127409E-4,-0.006997065278005739,0.5707993315518339,0.2923795012278188,-1.1519628602064496,1.493442880471173
-0.0154810217505786,0.010013877705362077,-1.9591278682259933E-5,-0.0072357424472571236,0.603352018604372,-0.00790970387633397,-0.9547316763939903,1.8664807990490746
-0.015551193204871756,0.009590849060462028,5.15647624023157E-4,-0.0070429050879639585,0.5721439383087937,0.14341557315844447,-1.0612063709093649,1.6422558788530501
-0.015535825515585067,0.009802055662846901,2.519924347102865E-4,-0.00711257297686265,0.5800671006686436,0.06627851581520011,-1.0089628222266942,1.7427247218322435
-0.01303809123039844,0.005364138642208106,0.006031915133656957,-0.0039182473979714185,0.8000396858182272,2.1496534990682252,-0.4784134432262563,-0.3198677825617567
-0.01223874208007462,0.0049746337240638575,0.006738885429322056,-0.0029687903778784458,0.8315849531735354,2.2343133955580625,-0.08287755016526056,-0.4027054899372007
-0.01240716733810166,0.005049011843226088,0.006610898240872856,-0.003180685323267891,0.8300433312139343,2.2324975745293236,-0.16842074088625594,-0.39561433830156645
-0.012239050117285809,0.004730557361113007,0.006481848516205614,-0.00269025472023791,0.7361199171594491,2.0757697460099584,-0.027114120954428195,-0.4008930114320018
-0.01288153634975086,0.005276082773238213,0.006186306852271711,-0.0037386839165569033,0.8106918545505569,2.179496013193343,-0.402470366200316,-0.34620924451120033
-0.01272258041562842,0.005190299444567254,0.006332646300309718,-0.0035496406977991346,0.8177972631134692,2.2014577943902114,-0.3234469125112856,-0.36792557719956315
-0.012563020947818249,0.005118410565374113,0.00647946355932645,-0.0033678402305228135,0.8269471252993349,2.2216490745066473,-0.2465627103121725,-0.38407815597016187
-0.01319074950102165,0.005466127468360122,0.005880799205289195,-0.004105341296330895,0.7914739231358534,2.118640980047267,-0.5557023456104111,-0.28767047153483966
-0.013334250596687256,0.0055842148260861835,0.005740764914605651,-0.00430461764149407,0.7859097102673914,2.0892866645254444,-0.6350607075555114,-0.24897712255090457
-0.013399160631913673,0.005920630378221571,0.005848875233553216,-0.00486410056612925,0.8538319817031779,2.1805525529827485,-0.8187103758692239,-0.15807705775541803
-0.013476558637591875,0.0060547322778965965,0.0057900613514728205,-0.00509559758168224,0.8711585716721665,2.1709211227665173,-0.9018818382210879,-0.10414965677961727
-0.013469950908077339,0.005721080079646724,0.005609608510799068,-0.004523562485763869,0.7847929639681896,2.0610312920860228,-0.7193011772916896,-0.20174792222300889
-0.013621685096078591,0.006124216254283603,0.00556169358289318,-0.005189012410363389,0.8451605129461836,2.087967459711045,-0.9468987653156887,-0.059530954876344126
-0.013749060531180711,0.006255733926991697,0.0053826712775896695,-0.005383932915220006,0.8223728189150209,2.0254135611656037,-1.019504612491084,0.007517764759830756
-0.013817297363067317,0.006407442995678455,0.005303811355777201,-0.005631626591692556,0.8373359255039446,1.9977164286591562,-1.1029646045977475,0.08339138803814863
-0.013966849077992134,0.006487000231864413,0.00504412494716637,-0.0056907862961913325,0.8057606435874834,1.8960811912359254,-1.1313268230568168,0.13464882969908928
-0.014497591638565727,0.007170632769707198,0.0040270298951944105,-0.0064013845267770686,0.7254530239557581,1.476445401151266,-1.3381604205906878,0.5294500707328647
-0.014096772100618655,0.006614456137475158,0.004820970373218402,-0.005830472529790679,0.777249117742829,1.8072042477647974,-1.1788811982881182,0.2073335764730824
-0.014157401892643933,0.006778969440192166,0.004709995096379117,-0.006077187990591978,0.7885978793037842,1.7594688411352148,-1.2528529315542762,0.3014447429571341
-0.014291296196780072,0.006879213479255302,0.004459437605575083,-0.006130617530220963,0.7625000124027497,1.657689510201094,-1.2701085148746565,0.3598347464419857
-0.01440748878302976,0.0070179825270641595,0.004228243975630517,-0.00624901049032537,0.7410941362022835,1.562050494348556,-1.301221350637151,0.43932125485427137
-0.01546580645457433,0.009049023960782006,0.0012094968481863903,-0.006985590856477015,0.5748997856301572,0.3701138139179409,-1.1926620518840376,1.4253908625418104
-0.015421800440949346,0.008863175111936222,0.0014517753335815482,-0.0069524368274581924,0.5796097050048169,0.455344016699849,-1.2290121146654196,1.3457534357831002
-0.015350592124364825,0.008703128739756483,0.0016836039246130661,-0.006967923485761341,0.5927929004745423,0.5389288618442113,-1.2674375246067668,1.2895398930455728
-0.015296647502688538,0.00852298809785027,0.0019236368582196681,-0.0069167684354641745,0.5978991661136445,0.6293856765633099,-1.2934229339651682,1.2045808681575993
-0.015463032714878875,0.00856692165660742,0.0017398711920098575,-0.006661259903058443,0.552551759494084,0.566286018114195,-1.2276573941360187,1.1506431804178052
-0.015264891585969602,0.008349071800040443,0.0021306606154427687,-0.006812363566730677,0.5981475313277472,0.7101382757977789,-1.3021623843973453,1.1088059812702584
-0.015165041049281186,0.008138616923152226,0.0024332207276239154,-0.006765953965870658,0.6116749803476234,0.827240822742566,-1.3270473572047792,1.014537363796313
-0.015118445633874919,0.007883734544391726,0.0027033643019910565,-0.006550960444666868,0.6023054927154691,0.9397512737616172,-1.3082932098135913,0.8622601816416683
-0.01469761317715722,0.007185301854026881,0.0037046273991248077,-0.006183981236838783,0.6661564512730663,1.3493322319233287,-1.2770259000068596,0.5153601008699135
-0.014751901785432694,0.00736700037456799,0.003537889286609834,-0.006387295880333702,0.6718096071605641,1.276650538377227,-1.320726035225376,0.6212034215572199
-0.014994331153236978,0.007656263592547278,0.0030253357699811727,-0.006454224448840189,0.6254054015805975,1.0689518234460689,-1.3108050892861467,0.7535672625626805
-0.014925101246816161,0.007443723795884409,0.003250890090319795,-0.006267657596339775,0.6265330542026649,1.1650066604959146,-1.2815397757111422,0.6358191109917577
-0.011304789977471119,0.004642969873961678,0.007249352148080243,-0.001737817454341801,0.7764775474917264,2.10492808817165,0.36195880783046097,-0.34422006927023774
-0.011026275654642778,0.004627191027404949,0.0074143496353875635,-0.001396190065163979,0.7670999194536331,2.0686508117268576,0.48217258088551873,-0.3006569919264969
-0.010517877660372633,0.0045518031822191505,0.007540028179840839,-7.050215374253605E-4,0.7023971122389464,1.906312819608319,0.6814947342350949,-0.18748906114010142
-0.010791559185028778,0.004531717264651904,0.007407424656006109,-0.0010528244176311319,0.7142052181426246,1.9591021178303671,0.5722752072561416,-0.2517295397480716
-0.012035257803812073,0.00461605474330349,0.006576923934020851,-0.0024195302595831363,0.7180703304243465,2.040405763487477,0.06856525946505022,-0.39714707196116344
-0.011530580422710386,0.00443783301645331,0.006829569586018435,-0.0018191455243849288,0.6878607139985595,1.9628503146369065,0.2762922264863304,-0.3613340196551708
-0.011784987838209351,0.0045136240512577116,0.006703163199815045,-0.002115900178947026,0.6985002019656871,2.0031506314947722,0.174452480505547,-0.3838653651292454
-0.007262672334523459,0.004146496208831627,0.005559554102835946,0.002421443053274118,0.2379778792610904,0.21495995058448805,0.7682709537386101,0.7019685323780029
-0.007557305361594373,0.0039961024618655775,0.005718003848809379,0.002146485219783813,0.23088754235134248,0.30689801632476876,0.7762283463512943,0.5907806579982194
-0.006548286200839974,0.0042551117727314455,0.0049409638772270415,0.0027625242343488894,0.2296679089164042,-0.024472063262098973,0.6365928844984446,0.8637858360152272
-0.0060086238673649,0.004299642529394464,0.004445203274723828,0.0028929405579371935,0.20822671695461445,-0.16095514105456807,0.5166738071564123,0.9458048778117017
-0.004027691711519287,0.0029730520289888126,0.0026607312176778575,0.0019165998977654557,0.15312012062872873,-0.35229413910050117,0.11908086094233158,0.9130318862532283
-0.005253926507598917,0.0038383499170682265,0.003672657460844005,0.002538346798662008,0.17506175825739098,-0.28890777645374305,0.3095108282219807,0.9002254051859298
-0.006882046465664097,0.003870603011479137,0.00506981226340028,0.0023198710464831028,0.18891405598788727,0.042254210648688506,0.6269529887806363,0.6920078210344354
-0.007888906395357142,0.003890059743453708,0.005905452996614959,0.0018745500424333843,0.23957182093656684,0.42505228672380374,0.7885114727282447,0.4820110928923695
-0.008216338284682458,0.003742590484845464,0.00602039581842359,0.0015603949511287405,0.24266703921712332,0.5264020129164296,0.7725321263667921,0.3664521317169902
-0.009103987225080497,0.00427013687071521,0.007038217483348875,0.0010682067022389347,0.4276875650447874,1.1340792434481821,0.9453513292357484,0.2278380939373306
-0.008847264240342944,0.0040823979775885845,0.006702613455931366,0.0012439616517231171,0.35515120668396793,0.9221412755793502,0.8963121514768988,0.2722261451365586
-0.008560101083278888,0.003646012993877761,0.006143325938177513,0.0012594505290501282,0.2557653509110555,0.6428275074539559,0.7574227861155586,0.26142802588729847
-0.009369215992603604,0.004211828301792876,0.007068188775335095,7.463587850496596E-4,0.4448219825840503,1.2343168290669688,0.8959665048727379,0.1331177127458856
-0.009642240781714394,0.0041878963760597025,0.0071056024853464175,4.2510767858387803E-4,0.47323353626150705,1.3462492923541711,0.8433691605929831,0.04454195053231366
-0.0101814683002761,0.004225241626385737,0.00717262100750092,-2.1329946247014133E-4,0.5483193590715932,1.57939930809797,0.7265072182863958,-0.10727087715933108
-0.0099222220874607,0.004193673783469911,0.007141828137380583,9.619894025637104E-5,0.5081324020150378,1.4648134578347767,0.7857973775491045,-0.03722963994687748
-0.01044164251389023,0.004245944709753589,0.007154906468342325,-5.2619893796908E-4,0.5827945598248175,1.674479722737506,0.6541758224786084,-0.17207391080238124
-0.0030859891642863865,-0.00198480483860427,0.0019878947103844874,-0.001265229471938866,0.15544717091663016,-0.3523847413494056,-0.0389863639924287,0.9588120757286126
-0.002677664595350996,-1.9006667789037512E-4,0.0016997581041896808,-1.1962150575093549E-4,0.1607996662546085,-0.3488021973403001,-0.0032487604791351732,0.975883562047393
-0.0034111204318158757,0.0015960611129283808,0.0021859607433444453,0.0010146739323677928,0.13924164116727097,-0.35153166092917454,0.04408796953195265,0.8940107602012991
-0.004585333608008456,0.002054507215374177,0.0029743410615156556,0.0012804546639390755,0.11236240420006045,-0.32840412710069045,0.12416673016576943,0.754746204642981
-0.004521510123994677,-0.0024749246801398683,0.002966605644944109,-0.0015583006757453244,0.11665763381381276,-0.3329040221498447,-0.1402282337770623,0.7909818829873388
-0.0055446006528854265,-0.0031374804151762855,0.0037747663903765767,-0.001971815284388116,0.1292599461612145,-0.2542184444134367,-0.30057214943173644,0.7324159555153872
-0.006340513787245327,-0.0033931324950029398,0.0044421691569506185,-0.002063993232271973,0.13701532370374883,-0.12309924943507657,-0.4437484317608607,0.6519780789031221
-0.0068715868700370865,-0.00374153333070673,0.0050032830647453895,-0.0022123540346726755,0.17250173678479944,0.030399768993180722,-0.5937239159183737,0.6440106810784237
-0.008793760461294662,-0.004393243334984626,0.00702319325257953,-0.0014728338481389141,0.41171046786591653,1.0245170428880341,-1.0064450184542009,0.35697974642084984
-0.00906281880666095,-0.004324645219780719,0.007085928847290083,-0.00113891190357301,0.4324187886471856,1.135563793357101,-0.966602951675278,0.2523429708265961
-0.0076544671722285325,-0.003980762136308399,0.005790136081040765,-0.002081718443658976,0.23459225729661518,0.3409885290566917,-0.7851727112266832,0.5619393320837726
-0.00734869700593899,-0.003727899316125243,0.005381022600676931,-0.0020313448701803705,0.19783706427207537,0.180509844572191,-0.6652307083482328,0.5496626428607111
-0.007983899614796728,-0.004024046443555293,0.006083408180591778,-0.0019165929371884824,0.2762976304518823,0.49560794972273536,-0.8401441876534349,0.4966445684363096
-0.00852816299421241,-0.004103666821315869,0.006540229508551526,-0.0015510563920376893,0.329538285534948,0.7750122090480062,-0.9057991160342516,0.3712939333111582
-0.008247838141715702,-0.003886109802928232,0.006159048449111702,-0.0016320243644797118,0.26047373643868504,0.5763649911850895,-0.8182003420872561,0.3921784217913694
-0.009355440666731116,-0.004262110745881743,0.007126144219500515,-7.788401241891984E-4,0.45893962215347434,1.2525480359689742,-0.9113074785904617,0.14336529183723531
-0.009630813706116107,-0.004225195441880594,0.007150294209451971,-4.45925008830903E-4,0.4820467605453818,1.360195409816454,-0.8552484298570916,0.05168070073210574
-0.010062291856614534,-0.00448222560979709,0.007522196940339274,8.05551600474172E-5,0.6220368237434367,1.701015775886278,-0.8230692144901163,-0.05995869167001411
-0.009892479499139493,-0.004223334754811535,0.007178247509690024,-1.3376310317532656E-4,0.513324174517371,1.4702777565298037,-0.7985989578070564,-0.027539657038141072
-0.011819219079193715,-0.005157821937953521,0.007473413981212692,0.0028044127922429527,0.9674348038449371,2.479543760349672,-0.04851681026236706,-0.4143223746172487
-0.011840618209004684,-0.005351115767339395,0.007744436076076919,0.0030660059954240003,1.1170725636568504,2.619237245844271,-0.01724317870077853,-0.40236251889869057
-0.010675907648666945,-0.004738640529556473,0.007754782514394952,9.897493114431257E-4,0.7902265911230013,2.0857271144342637,-0.643863707804281,-0.22953406674078167
-0.010827578883251698,-0.004813207439067348,0.007796186635633506,0.0012380109319518901,0.8427993636106704,2.1788424907300095,-0.5812579424594946,-0.2682209366755694
-0.010990888765922132,-0.004789855885319326,0.007668122545485246,0.0014491037310147383,0.8388997420278684,2.189947857172452,-0.5035229170197265,-0.30174228113867047
-0.011166148767401603,-0.004831100320294693,0.007611614039337058,0.0017076309489942963,0.8557944626255173,2.2428665366488336,-0.4206821061528823,-0.3346611279437437
-0.011302480092529758,-0.004912044772283471,0.0076259412232321955,0.0019447393439151535,0.904187577073246,2.315561567193568,-0.35046818064592655,-0.3591686475984886
-0.01033536037353183,-0.004536648134031209,0.007565395700667402,4.5556067751160057E-4,0.6764905281719972,1.8376046582716439,-0.7465423001636876,-0.13861638347008076
-0.010598724321569837,-0.004509005888176035,0.007454138149265425,7.966932545122822E-4,0.6914496129054926,1.896589123350102,-0.6453047046165333,-0.20756769650553242
-0.011459820339074193,-0.004888751965914419,0.007457903152527576,0.0021176834251611944,0.891545498734745,2.2975205991756043,-0.2755453759942908,-0.37596112312856933
-0.011619722983893944,-0.004912484843718998,0.00734180825422905,0.00232275358808275,0.8889698163981411,2.3067772548748278,-0.19675552393558615,-0.39028132087697215
-0.01178910077092521,-0.004956319381530103,0.007228688767770127,0.0025477053691790453,0.8906026619280097,2.3208041719149897,-0.11111748566928493,-0.40101366785166187
0.017148633769566306,-0.012476593338596756,0.001351433414751567,0.0040884850176770475,0.20164050277935974,-0.3236912314077193,-0.24168861652612714,1.0619857822825851
0.019083985899241304,-0.010936643107407096,2.8813736239903135E-4,0.0030842067739322225,0.09799919317357894,-0.118638337675288,-0.37576273327702353,0.4927163765542976
0.02206921959002809,-0.012836390191508028,1.950730720014256E-4,0.0013099249502003636,0.1019034984051672,-0.1220994336228134,-0.18507149409450083,0.2320986355498544
0.025,-0.014410572767669334,0,0,0.25498621365370777,-0.011979846529032051,-0.18671351027289548,0.06817290731177968
0.015422188239152196,-0.014496661989256525,0.0030537762143475833,0.0036997357627736246,0.2625456416517131,-0.30676255226957805,0.33622807710046926,1.259778151810225
0.01673269126769996,-0.014284304913764102,0.0020570101610867743,0.0032811577914768596,0.18109343790255258,-0.3434496955185336,0.03585962691243847,1.0010648315792146
0.01173834008409769,-0.015603078418081055,0.0062034483237901165,0.0019252394384363625,0.4800078697332438,0.9444981513225837,1.1821447823729938,0.6448306867409047
0.011466333122377251,-0.015701295411244223,0.0062569255320908766,0.0016081170153790854,0.45456608432219336,1.0479460221724173,1.1573028455434555,0.5300547924877878
0.01215539075854914,-0.015617312509055677,0.005827501709676456,0.002224664501830138,0.413568650481217,0.713423314209214,1.1311915873422491,0.764590532537025
0.012572654691979369,-0.015431254112249292,0.005645956606255145,0.002666692186064432,0.43468714653722357,0.5455679694990391,1.1137328914570856,0.9318698667014987
0.013259442547679526,-0.015269046529764503,0.00504897561613371,0.0031152479729796853,0.3977106172313884,0.2418054430105736,0.9728060170537435,1.114686440845137
0.012944012815512542,-0.015547532159232122,0.005143557598512076,0.0027111252938549807,0.3606344172347295,0.3473962595870977,0.9944929469276567,0.9626329517748731
0.013853753883752432,-0.015166666764787227,0.004455958021283782,0.0033199421975007516,0.35480103538049507,0.024299947892550324,0.7989072290286271,1.18580237167923
0.01469698092402543,-0.015113946579862264,0.0036223047318783316,0.0033063961455751588,0.2650187709993999,-0.1852296209283787,0.5417573786420543,1.1670672602045367
0.008007003712383729,-0.014752572709318611,0.007315393926366465,-0.0030655231782861186,0.6280005767687838,2.567868035752014,-0.016564221970145388,-0.43662424048546816
0.008159381790995322,-0.014648884232660607,0.007743117312185364,-0.0030689003418767832,0.6247749803308054,2.705990067947095,0.028597668034654165,-0.42691946319389446
0.008306313695911128,-0.014704405031812395,0.007838596330639718,-0.002816349236681149,0.7913321228936052,2.707518505435789,0.12640556309234033,-0.42036339830468455
0.008317652862116465,-0.01486557469393216,0.007509667188096389,-0.0025956864212353307,0.5958340419949639,2.5795108368693054,0.16874707323089747,-0.42639549907871427
0.008163911206986355,-0.014819855162848112,0.007403750293491994,-0.002818743900618811,0.6057409355591233,2.571613675072129,0.07944021620476617,-0.4344304397962137
0.007706911389463316,-0.014749237897454914,0.006884408680245501,-0.0033239003141946675,0.5310012655278807,2.4335069813181907,-0.13052568724354785,-0.42430560091702935
0.007843707364063951,-0.01484303232972624,0.006926253291733175,-0.003083035290945236,0.5316156856622299,2.425071353136022,-0.0382370248294766,-0.428372901072857
0.007546383420861868,-0.014793827198315016,0.006580578637450101,-0.0033686494028822285,0.4999715525826179,2.3266527261854826,-0.1591826513865431,-0.4174605889127258
0.007261986458735926,-0.014724619016945684,0.006255203023540321,-0.0036283032266219255,0.4533478794833142,2.2256804529787892,-0.26683091858965335,-0.39761006393618253
0.00738812539459061,-0.014810352750549824,0.006328855393547423,-0.0034382033574869354,0.46394974913724224,2.2403857441125323,-0.1948192188349906,-0.41009178141200076
0.008997444507256503,-0.015216469370272706,0.007430279379419901,-0.001426628279219557,0.599050033960113,2.337582023083016,0.5818297462427947,-0.3024819560900905
0.00885726007935863,-0.015130003440893856,0.007509197764111758,-0.001671208836006586,0.6170027219524868,2.4170249940432735,0.5026304834458273,-0.3384308857358202
0.008359294826916282,-0.015014010605136043,0.007264271162747501,-0.002376413747878073,0.5864511224345441,2.453392859588334,0.23763068827858497,-0.40850952798808404
0.008502872059175746,-0.015108520555070549,0.007231485182586757,-0.0021185452896027683,0.5776167752728981,2.399989365712337,0.3290772307695406,-0.38801102612273514
0.008690297893759547,-0.015141701430890947,0.007342634389499148,-0.001868744564492566,0.5970582866032786,2.395885097277741,0.42339220806596317,-0.36305579784981296
0.009323589360677158,-0.01544489646021209,0.0071395940056493395,-8.820725338019107E-4,0.5609613253281768,2.10486572240328,0.7323621179071721,-0.2050013282990191
0.00945546819042637,-0.015717141339997576,0.0066681855239631325,-6.259286795291596E-4,0.4919746222144232,1.8583099156303915,0.7652068221221824,-0.15138278214541023
0.009065515968363195,-0.015454044860960163,0.006992810708350304,-0.001192769136319597,0.5384652710165482,2.124998469533958,0.6260251107014425,-0.2635340936238236
0.01061503637402894,-0.015658122001880465,0.006768262097001744,7.386989088833291E-4,0.5121198738265997,1.51189706822996,1.099428400642241,0.22342032240620208
0.01078117269259877,-0.015920285468960346,0.006263035516030911,8.300634177367458E-4,0.44394508834993907,1.2749862679528967,1.0435218718636157,0.25639655864304656
0.010370927006874269,-0.015774981581851876,0.006618606996789,4.2849987014195317E-4,0.4831465008174077,1.5420760453285078,1.0190229658995766,0.12858701261398456
0.009939513534465637,-0.01571660634145736,0.006754254529631507,-6.49785414030725E-5,0.5026545347308328,1.7355522036355306,0.9214483620782651,-0.01243130162582593
0.010161504514620815,-0.015685492793280527,0.006808614019581716,1.9879962342152883E-4,0.5196514185350806,1.6823294041855053,0.9880236130456584,0.05957977841521567
0.00978284963922738,-0.01589061479860955,0.006431530010374191,-2.2553350322242026E-4,0.4628617724949381,1.6604118205863556,0.8479445311244497,-0.05579774646169835
0.009608901258050436,-0.015897020838170958,0.006392477187635169,-4.12479947831006E-4,0.44889506435295556,1.6962443015219697,0.7977757583642462,-0.10150510507810043
0.011146981909552574,-0.015929057718376168,0.006092587317812092,0.0011826991255950868,0.433131292003078,1.105311528304007,1.0746435172101663,0.3768455539198574
0.005412366782288442,-0.01270422757220727,0.0038778197617470034,-0.006603386224199668,0.3070588100295542,1.266747475882516,-1.1878676438637656,0.4416695357399916
0.00521671835765149,-0.012706688558227255,0.003597076624336193,-0.006412040914309753,0.27548699924757597,1.1592802424660158,-1.1149903169382291,0.4051809594307421
0.005506644447931325,-0.012852395972218843,0.00409015524040903,-0.006466148891979187,0.31235680650416925,1.3551231839322482,-1.1652233480870517,0.36522850300477266
0.005616404349786808,-0.01299398860617568,0.004314919037775957,-0.006336702492524504,0.31703089135535617,1.4487824042708792,-1.1430839474976902,0.2941705545077728
0.00575095373929131,-0.013091051589822641,0.00456295776405765,-0.006284392683952633,0.323065884524388,1.5496398052350433,-1.1405821088876593,0.24968513905694018
0.006145030334617312,-0.013653198921903803,0.005226195038989676,-0.005528147064768725,0.355780373500177,1.8408070154345733,-0.932239912498832,-0.034126654067091665
0.005791605645459243,-0.013245583918577324,0.004653067071733196,-0.006051315078036122,0.31097946452319375,1.5944844686938053,-1.0756512988622273,0.16421256535714887
0.005888199195379415,-0.01339865682600852,0.004820057949778957,-0.005850172731928292,0.32279675349861087,1.6681784615958641,-1.0213855214179246,0.08769081301105185
0.006009409707665285,-0.013537661350576534,0.005013942524614934,-0.005673253250516951,0.3371815759109691,1.7517851020283022,-0.9727097447624976,0.02079462419289323
0.006142197362605961,-0.013861622497857495,0.005145698181698975,-0.005164262808005642,0.3339801965476989,1.8170301777353264,-0.8116794830306941,-0.12021830611412108
0.006991162417815484,-0.014506133779845217,0.006091380477984251,-0.004073305823763983,0.4338784171298726,2.184212545755946,-0.4326530218536621,-0.35262584788959134
0.007111264285865818,-0.014625575874057151,0.006146536003570257,-0.003843524174923067,0.44189273643772015,2.1963726540567214,-0.34910004001396494,-0.3775370159734968
0.006827344980760197,-0.014519389046004994,0.0058173381739656145,-0.004094336544863952,0.4018535612981237,2.0817239739080455,-0.44533725044657757,-0.3420490233783175
0.006697236049446965,-0.0144155135551989,0.005707422561502236,-0.0042821753634813735,0.3860529145120291,2.0431599758017867,-0.5132056373372172,-0.3136344341728176
0.006549433204849628,-0.014308310033063792,0.0055579341542592664,-0.004467801773514396,0.3719488467567036,1.9867321858443088,-0.5793992191161489,-0.2793631784619943
0.006399577864193928,-0.014191282355347988,0.005397748474785174,-0.004657436190153411,0.3528108277357203,1.9244290071605354,-0.6446843502448738,-0.2397805459330006
0.006269348643572292,-0.014047025195121642,0.00527027212639184,-0.00488109978516875,0.34214487992287496,1.8714570965793944,-0.7193671872240951,-0.18960664022122242
-0.0043071112768170074,-0.009338660538105815,7.977543669758143E-4,-0.007146604128709234,0.5178663204109264,-0.21038238976612647,0.6293439127376534,1.775330460931213
-0.004258815150583205,-0.009122050997021292,0.001024393584091935,-0.006999372695736378,0.5131461471290354,-0.2533689069107828,0.5544810812424914,1.7871402704463215
-0.004289298092435146,-0.008886108918843756,0.0012946858874059695,-0.006915151451778693,0.5294551618958484,-0.29540200595526755,0.47744815266091173,1.837539784203362
-0.004080243600215926,-0.00845223749680661,0.0015767971523836745,-0.006425439868578416,0.4636295028972112,-0.3383195561076442,0.3435806377401505,1.7324444233712273
-0.004002285544303147,-0.008713120427322172,0.0013009420682470252,-0.006511068029577592,0.45148683275572327,-0.3046948102804809,0.41875708026008035,1.6764830588450799
-0.004241816272934754,-0.009546227718594617,5.342205275303123E-4,-0.0071287901264242585,0.4800126438767249,-0.16262814792946076,0.685082138061231,1.6833295346589467
-0.004226725588994349,-0.009808377175526534,2.19863793216965E-4,-0.007157863848599496,0.456236231161877,-0.09640398822515135,0.7566388172469508,1.5948069005648924
-0.004250930492037038,-0.010053543639557056,-7.458555386742793E-5,-0.0072013037948468065,0.43558796044134995,-0.027405855087634462,0.8225407572977318,1.521012538566647
-0.003890239852597812,-0.0070132413889660294,0.0022879460125793424,-0.005154452875625756,0.3558675852717224,-0.3924137938336094,0.040443243238864134,1.5364186969922284
-0.003624988806509676,-0.006469312512721065,0.0022299598036746564,-0.004591350617059648,0.3066918030655153,-0.38652350105229094,0.009466664966122418,1.3923085244415037
-0.0033132526022814114,-0.005812858602226567,0.0021031629490408034,-0.003989032175845071,0.25926786947811004,-0.3756500115268127,-0.015520252614151754,1.2605487452989934
-0.0036519803014916376,-0.007480434257358034,0.0018946552521102724,-0.005407284938497081,0.3610799967698027,-0.37440879427498247,0.144945026058705,1.5067282431567
-0.003656580531924022,-0.007905193592749101,0.0016750841348245652,-0.005715647723502541,0.3673313826589037,-0.35691388295954735,0.22746432469838693,1.5264350993413947
-0.0038285243008456355,-0.008220341179697374,0.0015890033682034903,-0.0060530764035919655,0.4063053527717913,-0.34504610195860486,0.2928139308452072,1.6038223902594806
-0.0020242378695990012,-0.004624537298718473,0.0012875295085555717,-0.0030016033424547354,0.20606215754176613,-0.34902945980331396,0.00890431928146569,1.0986071426874713
-0.0025103945539144785,-0.005506395363605251,0.0015615311853571046,-0.0036413531978450294,0.21347748123185079,-0.36065945269697564,0.022937464755586934,1.1639039412845797
-7.276367888333325E-4,-0.004199900868278877,4.5973033360276454E-4,-0.00268497198914675,0.18283139961283412,-0.34332328621923164,0.004870353669152067,1.0795469232596242
9.649678507356778E-4,-0.0036204643727705058,-6.198726575469532E-4,-0.00232155764929047,0.19327576298767624,-0.33897879184219565,3.8463438414053346E-5,1.072419131454473
0.0023081330774090427,-0.004731954390933949,-0.0014704587062237433,-0.0030916282190909445,0.20884218197040205,-0.35694714988911985,-0.0022512350910455906,1.1205604270995673
0.0032468072544101826,-0.006322875886788815,-0.0019652208203004666,-0.004363959745590041,0.27133908632888776,-0.37799054425528794,-0.031222314910370814,1.2979917855192957
0.0025147811435561407,-0.005765273563313409,-0.0015400274789951261,-0.003818393240575569,0.21416001270666946,-0.35803172158657937,-0.03887952378829702,1.1707547123795832
0.003226078788795654,-0.006948086460921929,-0.0017906252027630979,-0.004818739822289826,0.27645611288898786,-0.3714234912620029,-0.09895283938403872,1.336999820541362
0.004053040870570354,-0.00865313200665335,-0.0013844099040920984,-0.006527050610844993,0.4599226044350641,-0.3177326849208453,-0.39893415951522293,1.712416780005445
0.004087240405437449,-0.00920683603281433,-8.61559930914386E-4,-0.0068367657091986025,0.46244867940116025,-0.23285463530785272,-0.5633432899162695,1.6628386853519728
0.004134924293920626,-0.008964168846252235,-0.0011341438324676473,-0.006781717163452601,0.47233513967668805,-0.2760207084429628,-0.4953401994711416,1.7281587668929999
0.0037094654061694283,-0.008412975921902929,-0.001378871598311172,-0.006081848639859391,0.3841110865211001,-0.3232212042608111,-0.3427454174844417,1.54633199446316
0.004225174186146273,-0.009648437978462206,-4.100330951607532E-4,-0.007129973917726541,0.4674183653797104,-0.13823929814866484,-0.710587363345025,1.6383672178202693
0.004199326216198034,-0.009899132248952761,-1.0992561593872959E-4,-0.00713079351536671,0.43718036474575345,-0.07318847156819029,-0.7730630928691569,1.5421371073413133
0.003905445399223208,-0.009438236392290265,-5.662472542176804E-4,-0.006714145994488365,0.3934530746876481,-0.18429159880402002,-0.6073482016814215,1.509061819379639
0.0033362374366949863,-0.007956161812179095,-0.001440246770964101,-0.005552484353097471,0.31088118724415637,-0.338843835620092,-0.24700616832649672,1.3937935806472683
0.0030025980709522415,-0.007439538256335639,-0.001465272566966964,-0.005065815184486681,0.2798000316781232,-0.3516424429826878,-0.16631992728663494,1.297125204136949
0.004202955286008135,-0.01013952342964701,1.752483016548748E-4,-0.007136615316270673,0.4141319751018279,-0.005135997093343537,-0.829679319994259,1.4549457099551473
0.004224906798462938,-0.010355290925186287,4.330596622308174E-4,-0.007139593507630707,0.39527538323663497,0.06145440593477656,-0.8783298783986585,1.377621787437448
0.0043765143999744075,-0.010901340796056543,0.0011239172946351924,-0.007158332687619633,0.35729921345826465,0.2628247775820056,-1.0022198819222201,1.192941332466256
0.004248326281683017,-0.010559739996959467,6.782005773874642E-4,-0.0071234922519285366,0.3685769683107046,0.12931545945403264,-0.919892799506561,1.2971761058075415
0.004291950930772322,-0.010759977087094067,9.251213362215185E-4,-0.007112301001725605,0.356280083578397,0.20053721092541735,-0.9596014891910564,1.2234123933514167
0.005127964226215007,-0.012561381598556352,0.003397891660255038,-0.006523712890549558,0.27574511554192566,1.078206542437947,-1.1288902540322594,0.47424646344730165
0.005049729536133665,-0.012391428168043948,0.0031886565901171966,-0.006663234284823501,0.28027227687156747,0.9941970830914396,-1.1468071797564872,0.5591502131068822
0.004979085158900923,-0.012173905352149548,0.0029397113422965394,-0.006850521198420451,0.29520124158447386,0.8964390721442734,-1.1705263883406059,0.6751401652922181
0.004798369582528591,-0.01170057947301493,0.0023100277439009726,-0.007135947324806776,0.32470821397897964,0.6643757206559987,-1.168477001784858,0.911617315879007
0.004844333186033427,-0.011967755335394585,0.0026137464412560036,-0.006925445910843277,0.2969432357422739,0.7740899732906942,-1.154472069836524,0.762337868823419
0.004375085301653522,-0.011070387831972176,0.0013149033084883675,-0.00707231200922171,0.32824114669603693,0.32044961316102333,-1.0145591693561629,1.1029047864342327
0.004432882049701635,-0.011247320358234041,0.0015428117536130275,-0.007038632428394806,0.32046483522114527,0.3937859312662571,-1.0407194313717176,1.0323331822303345
0.004426182257052503,-0.011448060955100935,0.0017462021900302646,-0.006895935598508081,0.2871199991122846,0.4597577062206711,-1.0373202806965969,0.9184522443480742
0.0044768513645529326,-0.01168784887066738,0.0020159390932506303,-0.006769520235745397,0.26767438621226597,0.552012065268233,-1.043608960043999,0.8043623968522731
-0.004517274677790183,-0.01042305101160082,-5.76514497487782E-4,-0.00751604228086318,0.4634082909717803,0.11628615677888592,0.9804943191993901,1.5166623601121498
-0.004280097931556484,-0.010312370668698372,-3.9137668213889927E-4,-0.007217926123729529,0.4138237397877931,0.05418736487927991,0.886855082565141,1.429804946067322
-0.004704215178320446,-0.011472844977067444,-0.0019840163058156036,-0.007216094418782292,0.334616464323753,0.5487945488890454,1.1439932712557237,1.0183881885162218
-0.004687493660394495,-0.011134384712718999,-0.0015755290656572966,-0.007442092395918022,0.3868901827408277,0.41463988339738195,1.1334490932164982,1.2165934982678406
-0.00462587864440955,-0.011313584470860167,-0.0017455680565647916,-0.0072371437762770875,0.34153665068871286,0.4669344341683911,1.1150230057781116,1.0814100789266343
-0.004574010155905526,-0.010672610097462091,-9.244953993007818E-4,-0.007520762324210436,0.4358250494252078,0.2151488403514232,1.0446580257042977,1.421094132286065
-0.004585538902096759,-0.01094688683569449,-0.001282753280756697,-0.007412716955843096,0.3943902401184766,0.3194515724753857,1.0816456885020376,1.2765557045432627
-0.004600944113076579,-0.011628202559963682,-0.0020607779264060766,-0.006960049041211588,0.2928489325544224,0.5712245550806133,1.0928126012852226,0.8829164025300674
-0.005308562525208168,-0.012373320265172348,-0.0035178392069883683,-0.006971960090736748,0.31445657618336564,1.1153418537923898,1.2556004751414194,0.6354411258797285
-0.005215320905092697,-0.012259481309799128,-0.0033024805890440635,-0.0070174511828866625,0.323032762224083,1.0318385043647256,1.247446854395852,0.6871798333743047
-0.00511807511685309,-0.012111528332686944,-0.0030527655210746698,-0.00708826712031177,0.32158026137435325,0.9368645332828862,1.2402446603264285,0.7569286357640949
-0.004825779904031803,-0.011962416229226213,-0.002588056533919975,-0.00690895071233501,0.28691594391589176,0.7653781214742101,1.1471594698427523,0.7598185525379109
-0.004911641397465343,-0.012108618244211049,-0.0028076237747933657,-0.006848553041200123,0.2867243001385625,0.8484872569655012,1.1569068861900726,0.6957611214405935
-0.004645928106018583,-0.011841941079756241,-0.0023022044013535988,-0.0068224641191215315,0.27114453585038817,0.6575101933251813,1.0904802565945635,0.7725073524713556
-0.0063551565897494505,-0.013422735238775144,-0.0056968361167891125,-0.006076323572707696,0.26467652611572023,2.0284498587408515,1.0913683262313725,0.06832650922526601
-0.0062060030214178535,-0.01345790956708514,-0.005391219086988781,-0.005917680226074969,0.400962653283997,1.8954948285756872,1.0621429566033018,0.05831161632098825
-0.006249443980966237,-0.013306558565652453,-0.005509861067159956,-0.0062464959907663235,0.49073413125030535,1.9476906407081216,1.1412640606632702,0.13498945416460725
-0.00577835898009388,-0.012679131780828632,-0.004458092330234708,-0.007035736703883535,0.21653618639296393,1.5033419168661613,1.3240842650442304,0.5085085318677174
-0.005621862992221559,-0.012686194521546438,-0.004196274989647646,-0.0068442113894158834,0.34229564603399526,1.3837835772907654,1.2762923859880237,0.48987224731415163
-0.00586459670770868,-0.012810416269897772,-0.00468503612817416,-0.0068866282503270695,0.506755163626279,1.5956996810815525,1.29698969097593,0.42900564500846383
-0.005697050280948143,-0.012827295566862823,-0.004389451553871348,-0.006685379690907507,0.3392611012890598,1.463770216828099,1.2469429499650209,0.4087339680783177
-0.005954915005069574,-0.01293892622972893,-0.004896920655575308,-0.006737712022975,0.43777819927675665,1.686114355209001,1.2657949703810378,0.3523661546627197
-0.005792112569213866,-0.012952776930382603,-0.004598308963957988,-0.0065575016864605415,0.3191067295570127,1.5520759912188014,1.2229380197190844,0.3389616786797571
-0.006147433031857422,-0.013187119036995118,-0.00531378549196736,-0.006413969065192767,0.5594179005884696,1.861977505490063,1.1876279701053603,0.20495268284872906
-0.006086265992674575,-0.013327567188121475,-0.005181554750624279,-0.0060972544878562,0.34120914691667165,1.803756517339562,1.113010990100719,0.13026270398072667
-0.006049224510282093,-0.013064534716697501,-0.005101303937377896,-0.006584226056480932,0.2671735902761799,1.7732473602329282,1.2297953607825634,0.2778870236488462
-0.005890450967986826,-0.013083994071347142,-0.004805639878333081,-0.006407144508144801,0.36559071190156894,1.641725003338521,1.1900742331457261,0.26467550128494705
-0.005980841492698244,-0.01321663458142191,-0.004986492430182312,-0.006233735966615142,0.3543778131624009,1.7196075708276723,1.1478954329097968,0.1908479848695743
-0.005326433644781846,-0.012552329803721066,-0.003664836794313595,-0.006737646118190275,0.29846697786711934,1.1800763909339518,1.2081099732235872,0.5209060459435023
-0.0054645661012629795,-0.012677303195591329,-0.003941899805278299,-0.006695301454712919,0.3116560562322808,1.2887164704648315,1.2176376910552964,0.46816977935656484
-0.014410572767669348,0.025,0,0,-0.22519878328471474,0.05657386504190723,0.19507406483495315,0.012252876433572127
-0.014476860211213444,0.021898545105911212,-0.001129741991694831,-2.730586358045349E-4,-0.06603414639998613,-0.06096823204317188,0.22354979737090108,0.17273614996063866
-0.013718163141092591,0.015620271748830034,-0.004324360362373643,-0.002838790315871937,0.2761154173903874,0.0607016342922896,0.7734061933612618,1.0021899176474436
-0.013086215556099774,0.017472107033847262,-0.0035331449700810843,-0.0014048169543892026,0.14063998561515056,0.08515896807878252,0.571697198523932,0.4672436291098588
-0.013927779282286895,0.016485578964103798,-0.0036438266492950025,-0.0021581301700441826,0.180384847584137,-0.028796827859819463,0.5902274737961571,0.7470138022378802
-0.014238886835098233,0.015092052126992966,-0.004081501028619279,-0.003393964777676839,0.3285171080162849,-0.08131645300513955,0.6844774214640702,1.207721165366367
-0.014807120630656097,0.013557192976148642,-0.003724335311620349,-0.005049882076296301,0.48807879104586405,-0.3033912228168117,0.46054825593660087,1.810378335530203
-0.014540130706654112,0.014520549138398177,-0.003949483279220706,-0.003973134755727707,0.3662920122678615,-0.17620066297577855,0.6166353853196499,1.4161544244850808
-0.014622147640391511,0.013978257908267686,-0.003964139503385339,-0.004605550907703779,0.41250109278044506,-0.23877539870365497,0.571038723318177,1.6668184875238963
-0.015212310495742981,0.013265714967421178,-0.003187007119009503,-0.0050923539470107615,0.4053123709244667,-0.36393510133861245,0.2714082834382057,1.766364180417838
-0.015459843516536412,0.012848450036606151,-0.002762380163739008,-0.005327302336780234,0.4309262258258533,-0.3878283257521944,0.09991755800181663,1.7898334100205588
-0.014454127289588607,0.019500172557938317,-0.002020617266192874,-8.171604915027707E-4,0.019559664825604128,-0.10127608056669245,0.2974182463372981,0.3262420197255998
-0.015609191064121272,0.010359902290648535,-4.4594915079443364E-4,-0.006946231232216724,0.5583355246879106,-0.11788752216649559,-0.8078915366910824,1.870765110466739
-0.01559274159680916,0.01052615927153321,-6.52171275614905E-4,-0.006935806687148212,0.5604040461409237,-0.1637100674907633,-0.748911775777983,1.9207906826546743
-0.015659438932500002,0.010914577905475502,-0.001074266705618058,-0.006663120258999342,0.5300379308894132,-0.24988722042974756,-0.5961833767046659,1.9247504588372664
-0.015663390442135307,0.010701901682953934,-8.343056007175754E-4,-0.006745791397295532,0.5418742787611133,-0.20363975094245232,-0.6759293040593247,1.893616921002473
-0.01573620966718739,0.010187964374731847,-2.2234004702683394E-4,-0.006734751370932309,0.5181468581483254,-0.06418123122014326,-0.847134479747015,1.7224057168804094
-0.015722065644873696,0.011497310741488971,-0.0016197966851796682,-0.006214094934763188,0.4781037396604692,-0.33680533997575757,-0.38262446943313266,1.891160096683308
-0.01575562112843061,0.011257209681579115,-0.001372749747341598,-0.006317038068778892,0.4942389995673307,-0.30126370265531005,-0.4712247032310735,1.8691564993320156
-0.015812424951899263,0.011075506751837669,-0.0011643115746858325,-0.006327641677230163,0.49505190853969927,-0.2676313849026122,-0.5368491831331389,1.8202482864302467
-0.015763197753924364,0.012517529111628843,-0.002316200590043781,-0.0053314419925247795,0.39802949188911924,-0.38503078682449177,-0.06361753661052877,1.7060166668347934
-0.015905095335152022,0.011938030525552621,-0.0018405983875733022,-0.005642292961295801,0.41975588879199155,-0.35924316746520446,-0.2534771648815189,1.716098488719062
-0.01575631773907711,0.009479255056181794,5.933059835180476E-4,-0.006631163637099198,0.5075088619173389,0.16806285672289126,-1.025294486264632,1.453504793432922
-0.015743958373539885,0.009280022974692555,8.170542976828915E-4,-0.006587675219681331,0.5039467422933296,0.2420303062302853,-1.0652443160151173,1.3725006177419015
-0.01567055481016382,0.009098039685804481,0.0010465343086639594,-0.006637410928534204,0.5240302085228807,0.318459418958014,-1.1138980745900742,1.3287227954002445
-0.015778303393563068,0.009973561970685739,2.730969996584624E-5,-0.006666343648038455,0.5069504883278374,8.66900858499536E-4,-0.9021592974621239,1.6245947009091932
-0.01581317080027803,0.00971533936140805,3.1702406476831653E-4,-0.006581994653304606,0.49647301138663374,0.08294597201819488,-0.9589323276240159,1.5111595960755562
-0.013226728299347847,0.005242436913103531,0.005675996794916553,-0.00378927271813866,0.7188172034518411,2.0032265797752298,-0.466345190236139,-0.31614736304120306
-0.01305786570589206,0.005146376679286246,0.005839337912280639,-0.0036178645166902684,0.7297261837695938,2.035028952988583,-0.3946614051456982,-0.3420559172933679
-0.012419679710977682,0.004833562669733584,0.0063794774143177925,-0.0029270041809967094,0.7471271647947654,2.0947872431922154,-0.11390056199298616,-0.3976938321922938
-0.012553884977072119,0.004939621855789008,0.006318760343974421,-0.0031337522044539755,0.7635294941373171,2.1170141524163566,-0.18666481840401708,-0.3904824135217535
-0.0123012623358747,0.004462136942329772,0.006169767223949768,-0.0024555112807573055,0.6422720172482971,1.8953971150033728,0.009618810804048195,-0.3952978611118145
-0.012439303289770692,0.004635267108975072,0.006177906564241343,-0.002717325960210446,0.6824037907016894,1.9706103839794813,-0.0693604589071335,-0.3965648360208749
-0.012890398115813254,0.005051786222733188,0.0059888507675308665,-0.0034363940815086667,0.7339734925900939,2.0573650659876956,-0.31934012808850337,-0.3639425173687494
-0.01271905850279625,0.004971217135328809,0.006141762844941292,-0.0032594210105623502,0.7425060377220848,2.078956210386551,-0.24613841736180034,-0.3802119873109205
-0.01338743922774619,0.0053568865862187965,0.005522607691128118,-0.003972010065000287,0.7110710187870829,1.972962428572065,-0.5404160032666302,-0.28426100460701337
-0.013533594939856383,0.00548586797992591,0.00538380780528631,-0.0041637579992820405,0.7031107172866814,1.944918012522298,-0.6148206718976165,-0.24684424247513145
-0.013612554017333476,0.005892087096557486,0.005467378632584022,-0.0047883617337916426,0.7867974875832725,2.0279936700890704,-0.8184940997688769,-0.1377214841774661
-0.013658849704154943,0.00565204002674657,0.005280117047108639,-0.004402642916346328,0.7136314592968495,1.9284948035530998,-0.7022572886718371,-0.19740684568414563
-0.013812999810366173,0.00602725993718037,0.0051916825249952656,-0.0049635696143645325,0.754898880208814,1.9333846965114123,-0.8921741426874236,-0.07236806101910405
-0.013980570134874104,0.0062532889451499905,0.004975831385664104,-0.005273106184088091,0.7502710229757924,1.8625423367693945,-1.000763438718675,0.0268618634704016
-0.014193514151009128,0.006430530275016721,0.004644872283940731,-0.005445396019475481,0.7120507910577226,1.7363602456781908,-1.0657567390576574,0.1167969657572041
-0.01461205820332221,0.007008948808238181,0.003899431762444214,-0.006011626822981667,0.6701554350012026,1.4330683096022236,-1.2352038137346717,0.416617678404224
-0.014340922002406553,0.006650409014641073,0.00440158297638349,-0.005697898065068269,0.7059866585647173,1.6383521574902729,-1.1467335776116763,0.22899461538494464
-0.014515514563695368,0.006833046923460985,0.004095233549138808,-0.005836151080559674,0.6729408244475742,1.515783791153778,-1.1884621874245067,0.32197825437734334
-0.014790651903441055,0.007024372958774432,0.003630255109206253,-0.005843889138688603,0.620536512755753,1.3313954455031867,-1.1906393127606256,0.40798741617052076
-0.015668383280923633,0.008899978620890142,0.00125720091543845,-0.006536550184966717,0.5033078951406473,0.3944174700971905,-1.1374629664812856,1.227590695777712
-0.015571753450018598,0.00870482793079658,0.001520039008861546,-0.006577145036657414,0.5305025260798696,0.4870663461192653,-1.1829954636209703,1.1741174816105902
-0.015482634954513706,0.008387738871690578,0.0018974106701067017,-0.0064828574251985715,0.5378192514979987,0.6291100873781151,-1.217747978143341,1.0364565744889764
-0.015617587485707247,0.008505919786390334,0.001681219477262471,-0.0063608725051353555,0.5084773367459104,0.5494898397460412,-1.1709498345619243,1.0453010692497897
-0.015477618665493638,0.008181131695665148,0.0020843996314195983,-0.006310840831060086,0.5158082380686552,0.706406708510127,-1.2072104399133226,0.9146067102961047
-0.015350482459664467,0.007934955650719855,0.002408453698489757,-0.006260432336488186,0.5525000154337555,0.8313575478704982,-1.2266564877511559,0.8181618187837001
-0.015372345096977073,0.007640683175715999,0.002590371322987018,-0.005922853100436055,0.5132077843611703,0.9114933565948559,-1.1724833667674417,0.6477662352412378
-0.014966961492790802,0.0072169616139331795,0.00331071706998784,-0.005912388068748755,0.590426900366842,1.2025522609330908,-1.202238006570911,0.4923525360680073
-0.015170233352016588,0.007407236073804218,0.0029591604653952104,-0.005910928904847099,0.5536561773578333,1.0627373414599004,-1.1906657262041251,0.562428074535337
-0.015430170767438554,0.007356612721306177,0.0026939035121201077,-0.005552011344626709,0.48392333357957484,0.9541699214231502,-1.0908288942475746,0.48779078792612596
-0.011264537589479028,0.004369581463026002,0.006939035603517018,-0.0015053561205544423,0.6642569838005836,1.9066881517344034,0.37822090147867365,-0.32845867457579203
-0.011006407861699218,0.00428763690676754,0.006992490813581818,-0.0011851773717804065,0.6263721781009899,1.8232058078880196,0.4704022678079332,-0.286707472718386
-0.010704743529225106,0.00424443644175388,0.007074171487679154,-8.308478564975297E-4,0.6003814645794763,1.7403566545990963,0.568731410783104,-0.2305898804784565
-0.011483083021030325,0.004181710261419303,0.006589992451111919,-0.001590243629706879,0.6032768651428634,1.793041353493083,0.30214251010708754,-0.3444873700398988
-0.012069681995312768,0.004305705137917951,0.006248976754353924,-0.0021561659399431574,0.6133641724478861,1.8398057961275034,0.1053823122237799,-0.3867666127643403
-0.01175650219651821,0.004195603103982853,0.0064070710425805635,-0.001831041794536031,0.5989503190035533,1.7999941269885154,0.21253555632716128,-0.36768417661126923
-0.007181320833891846,0.0036832740149549226,0.005223605249803234,0.0020602145500349775,0.18900122340809897,0.11658447652041286,0.6328244179070089,0.5820284150023856
-0.007555498411126888,0.0035809779792308474,0.005451618536730269,0.0018235177440166545,0.1957206054811085,0.2252809576915515,0.6580038347480194,0.4813014816971542
-0.006183417004857494,0.0035594056802894934,0.004368307855430155,0.0022214274148822694,0.1599683720538174,-0.14946766157710942,0.4404580876122558,0.7146411416382871
-0.005349823546720623,0.0027670513795065117,0.0035679132971159085,0.0017229852943570177,0.1046427836249824,-0.2816576834205881,0.2380007197572719,0.6918155563397296
-0.006814741650121798,0.0033558508063323694,0.004787629298338123,0.0019284171653783286,0.15736626079839391,-0.015859172279033946,0.5058990335603414,0.5661956892954324
-0.007882089101344119,0.0033732530993130835,0.005551815352888903,0.0015221333334388383,0.1786925832859931,0.3023044295393531,0.6396263752784953,0.36531772596187345
-0.008249939219193606,0.0032588176390921045,0.005695538618557491,0.0012559340804985412,0.19263327821139695,0.40884216560386516,0.6341943779326121,0.2647449182928506
-0.00917091963333497,0.003888369504838644,0.006641477443048859,8.466293943250046E-4,0.3537308385355152,0.991408576362678,0.814372874754773,0.14410870624512093
-0.00891393642551263,0.0035562794862607936,0.006232336456319122,9.458349043036236E-4,0.26832518154722645,0.7590519903361983,0.727610294051127,0.15781249478939094
-0.00863647509885554,0.0031465385333059874,0.005808065334379928,9.715393628319579E-4,0.20448386874540822,0.5168518546623431,0.6152442266567452,0.1652381109753723
-0.009503300740758367,0.0038449646373066855,0.006690982094472739,5.077257434510014E-4,0.372032700009616,1.1110314626121556,0.7660458798997913,0.0482663240419532
-0.010338426050155598,0.003992726289710137,0.006875807111801151,-3.595677931621104E-4,0.49477766125973677,1.4908827330900474,0.6371256367186129,-0.15212588381948608
-0.009821237976172296,0.0038472698711096423,0.006739385798440997,1.875183715665552E-4,0.40634312278255375,1.2375009395824659,0.718238214436243,-0.03408611315317623
-0.010118017274996725,0.0038992099579685633,0.0067971164469487295,-1.1704112679122772E-4,0.4496347118462875,1.368672458642217,0.671376705306285,-0.10359804899493698
-0.010576705565409683,0.003933613030336237,0.006759704610651992,-5.950916377270549E-4,0.49796078188613807,1.5202013654662971,0.5638168010366255,-0.20315192230560306
-0.004707867768420216,-9.614635170852449E-4,0.002983832167188509,-5.832925840668454E-4,0.08886862369501079,-0.3300214553229745,-0.06039325704098107,0.661482027771176
-0.004774114051446397,7.091093820222058E-4,0.003014607892516743,4.3094118230533343E-4,0.07404456568240379,-0.3249962484074718,0.046706274684106645,0.6313892074034033
-0.005485513660676141,0.0018397747074335024,0.0035305846083217773,0.0010982036789139726,0.08636714314603898,-0.27665051320976136,0.16374481311590353,0.5715414395671946
-0.005704682863283226,-0.0020632497463020046,0.0036973473487795614,-0.0012198269559834383,0.07479855086311837,-0.25126938574070357,-0.20101889778382231,0.5403808343683406
-0.006321169319235894,-0.0027508738724814144,0.004243706549163652,-0.0015973219723145096,0.10863200445039126,-0.1516035950677942,-0.3491038228294731,0.5368294449691343
-0.007111678051543663,-0.0030924540397783877,0.004897607804837604,-0.001652417456181518,0.1398747679776147,0.03223266146932945,-0.4953977153117779,0.44995195588507647
-0.008847130757131987,-0.0040018117394010075,0.006620272923321195,-0.0012020174643361128,0.33232908287808544,0.8901509524006147,-0.8708801338247795,0.2552188707526408
-0.00914786648308724,-0.004056979245638449,0.0068118301991707386,-9.317675617624463E-4,0.3859784047120817,1.0547062581653244,-0.8703979449390319,0.17731182632756112
-0.007888211434659488,-0.0035279832290198427,0.005652382609067318,-0.001622022341281733,0.18707583501259922,0.3326798624315535,-0.6772615335210473,0.3855944661583425
-0.008461823355726898,-0.0036247801781671926,0.006072597063303153,-0.0013235054421438326,0.24637568559663905,0.590993633793202,-0.7442518428347978,0.2757024052423552
-0.009420686036545327,-0.003901680180369009,0.006732732542011501,-6.050250603745975E-4,0.37837320114289646,1.1059451522405601,-0.795065367373785,0.07531503863394855
-0.009728026680316063,-0.003922037776443717,0.006811087853579906,-2.919228726671618E-4,0.4109923862966434,1.2389975523931265,-0.7550050081206453,-0.005401808351923616
-0.010171887527827024,-0.004227953201632801,0.00717726995815728,2.0152778154889188E-4,0.5475870933477659,1.5786854590378894,-0.7286057317709318,-0.10580881565154933
-0.00999250951166934,-0.003987104401926544,0.006898836668798164,-1.423701008624147E-5,0.4592519951588976,1.371106840829891,-0.7172166002528034,-0.06980006668023798
-0.011973509969367866,-0.005218388499730588,0.0073720209407306106,0.0030387830894125834,0.9836684845002878,2.4924888967053427,0.044246501510961204,-0.41567488166074806
-0.011985736283431544,-0.00541122549991139,0.007642904788754429,0.003310968191963566,1.0749722378434208,2.634056214093408,0.07897035630239707,-0.4024539541531305
-0.011955175723798587,-0.005015141145619419,0.007121981784479474,0.0027758278813939156,0.8949785560634967,2.33590929301208,-0.023754679850093,-0.4065867380013186
-0.012123844674270334,-0.005287934316378859,0.007271155408805336,0.0032736410319157212,1.0035117647269676,2.5015833544663213,0.1372795702439941,-0.4108584877835309
-0.012128895840071584,-0.005475864446977091,0.007533257546943243,0.003553452490407779,0.9968773086166175,2.6420640979162076,0.17614779829768315,-0.39598620612981367
-0.01226115443163402,-0.0053657127527971535,0.007182830633949466,0.003501171688231278,1.0244725980674916,2.5102675777527215,0.22641334389686954,-0.4004444365183087
-0.012269952191399801,-0.005544967222482057,0.007418698818710931,0.003786837112057533,1.0242786750574495,2.6423869483957554,0.2720894539376733,-0.3826805283429919
-0.012408766398519252,-0.005618465515670955,0.00729754634855824,0.0040152853698223545,1.0712084107757536,2.634241737325142,0.3689595083939244,-0.3627143243465858
-0.012416570011606743,-0.005453738751330692,0.007065224083938727,0.0037518444965171263,1.0077437466636818,2.508700082436277,0.32869139296073396,-0.3823261735271124
-0.012545204192439475,-0.0056962881580212045,0.007167537756613319,0.004242915380699567,1.0288328164996086,2.6177573696491643,0.4652112433965394,-0.33648522980733847
-0.012556063398575604,-0.0055334331563209015,0.006943305037957801,0.003970259249580692,1.0143645566266006,2.4966645724886942,0.4175772409652643,-0.3606599962244124
-0.010864668472711623,-0.004603454760287927,0.0074707150684932425,0.001179543117227879,0.7489393969055308,2.0235587972322797,-0.5511369343605418,-0.2682952347295859
-0.011117645376654295,-0.004623029986643068,0.00735184051019424,0.001505217770140302,0.7661798063154831,2.0744370599873547,-0.44433640738030183,-0.31520140541713837
-0.011339973524379224,-0.004702092186235315,0.007300589775814679,0.0018230524525530297,0.7994183872274271,2.1495112403515666,-0.3457334702203592,-0.3511111869200105
-0.010456018655576247,-0.004211640416243362,0.007109481897424719,5.345005841606887E-4,0.5667502511941312,1.657545288947917,-0.6421128351444043,-0.17772041615248724
-0.010763908395643213,-0.004246157772462569,0.007053303990608432,8.981163861097012E-4,0.60244506012969,1.754434062635277,-0.5485444977530701,-0.24313271879747986
-0.011553359006550532,-0.004713067500658469,0.007139982946468709,0.0020678270131596357,0.7958539101272192,2.1565448785185395,-0.2501201546619422,-0.3744443475373817
-0.011744061836854315,-0.004738492901173694,0.0069981451215184115,0.0022841857246534976,0.7927159765444888,2.1621559326857205,-0.16545852565926358,-0.38963253326576236
-0.011931049129160706,-0.004799445013099084,0.006884652349004002,0.0025185358636540946,0.8000011508717643,2.181483416446508,-0.07828193850213988,-0.3996777825790927
0.019226310862895075,-0.01435038460924746,8.975688091743314E-4,0.0021727941304888307,0.09925658015800158,-0.2511047092822571,-0.1210400189208235,0.5215297538276568
0.02178019967329496,-0.01707690979493422,2.984555723925838E-4,7.132745036718223E-4,0.11220072819057055,-0.15668348536836932,-0.07087209577972244,0.2243140965049973
0.025,-0.018733575722169347,0,0,0.19853775916055327,-0.008216711174238731,-0.05983971120071057,0.0025287732860901813
0.01572493271625777,-0.015581330879949593,0.0026711911162516917,0.0027371804342792394,0.1763739951839931,-0.2705624143911856,0.2874367647417037,0.9200432730238447
0.017130089361361834,-0.016277529879254713,0.00175056077096305,0.002026294838141827,0.08940361922766372,-0.28688744378428005,0.10976528101140849,0.6461693723818174
0.011743884988874086,-0.016032016207703816,0.005602987437054417,0.001620675561696953,0.37946251976741807,0.7915316809512875,1.0412744287518387,0.5359874972879991
0.012590416346637748,-0.016057953181093376,0.004961225158191188,0.002099511149165598,0.3073725033460413,0.41381862193917346,0.9306674961200818,0.7224084150364944
0.013353118901004761,-0.01584758695799432,0.0045074592271560805,0.002555937947566676,0.2776530430385919,0.16480574398128067,0.829268499797922,0.8999449893861716
0.014295090459191868,-0.0162367479195032,0.0035054124957282396,0.0023719293598257157,0.18810816693319896,-0.08872850260217922,0.5526055503790989,0.8171989772839218
0.007998491070717949,-0.014937385604390667,0.006971513481787037,-0.002824998243675093,0.5443037353345633,2.4106314995098614,0.060474754858486766,-0.4260544881276025
0.008194359724600298,-0.015008817787883991,0.007085274506609105,-0.0025532509395407954,0.5634489061803784,2.415245667645992,0.16421211456018667,-0.4174104550984156
0.007656603829100717,-0.014908134770810816,0.00656560957896151,-0.003134837155839919,0.493414919188695,2.300547526801625,-0.07205975333223323,-0.42367426039665945
0.007829261411617003,-0.015004781531351059,0.006644241448498786,-0.002879727908861975,0.5067023662164154,2.3015238003917093,0.02215587602749988,-0.42442869369347325
0.0070941937006386135,-0.01478783467330488,0.005934891678626714,-0.0036087059200144876,0.41523692365662584,2.107186158254399,-0.26716034859310284,-0.3929278619418828
0.007451900231695839,-0.01496331147238076,0.0062134084910743966,-0.0031905385151199755,0.4503189923951236,2.1793214007620247,-0.10862311291953775,-0.41796494508751597
0.0072322000177425,-0.01491580548867873,0.0059783467973240885,-0.0033712582542886334,0.41712490028590227,2.1087360072686523,-0.18066911772954308,-0.4082217721420271
0.008803755279042069,-0.015343184263576969,0.00703562989748477,-0.0015714190243792984,0.5475695449131419,2.2233803002065877,0.5080732277360024,-0.3235810460519806
0.008282390521320022,-0.015220978364734749,0.006800980625423598,-0.0022349548869584185,0.5180145236158328,2.263797459259766,0.26395334611331117,-0.3969623833932413
0.008531642469415977,-0.015304596999450543,0.006887040470235947,-0.0019033798136892214,0.5227350287780278,2.234820668858457,0.38729188910093443,-0.3650622602358344
0.009206434787838209,-0.01575086014202477,0.006519653191243056,-8.880309422665181E-4,0.47601694300806113,1.870372534824771,0.6780149197829203,-0.20738850753803026
0.009403514952006503,-0.016024234784944684,0.006134904439012351,-5.927699491128563E-4,0.41681286525879896,1.6440612844541571,0.7264944310247087,-0.1427921261129048
0.008883467792908002,-0.015721348615607367,0.006410812588687534,-0.001241368771846956,0.4507158223410403,1.918353130659719,0.5672322845086906,-0.2725658049650655
0.010531458335272432,-0.0160244047111364,0.006168403206863643,5.510964893995887E-4,0.42922078410140657,1.3205406854484656,0.979865162954891,0.165637774111322
0.010853519998866702,-0.016190986814018222,0.00582909440981553,8.047818572049055E-4,0.3699052221208063,1.1187765259139923,0.9772823853152474,0.2460789900360954
0.010116992576039967,-0.016057385796172764,0.006170801334245698,1.2866373106753195E-4,0.4127288030523023,1.4485395835538044,0.901553896876097,0.04170320969907127
0.009710766589699847,-0.016145670809782697,0.006010751672116896,-2.6773423205609385E-4,0.40605266949900803,1.5048088987388557,0.7938795710700384,-0.06463447555825387
0.011192297846828951,-0.016510589835607554,0.005283939147666532,9.705230640581227E-4,0.31054939103075513,0.8521648675380632,0.9068379419689289,0.2975312119492682
0.005306347761905382,-0.012864278146266504,0.0037945165315804515,-0.0062700321029297715,0.27420309506327106,1.2420864829208726,-1.0903370840914415,0.32779022066893665
0.005129910742376545,-0.012858769469074677,0.003547637317118859,-0.006129091506677464,0.24895852007175936,1.146843967199046,-1.035555621408543,0.30755748538901845
0.005013555572627377,-0.012734474797941814,0.003341040213214942,-0.006193995832524967,0.2401233169158901,1.063069636935096,-1.0376499538474206,0.35601698944576965
0.005408919578036207,-0.01303023707799628,0.00400176078836869,-0.006111684065705778,0.27384567915730645,1.3301144481155083,-1.059021589656983,0.24789458578959714
0.00556519327493197,-0.0132165632008837,0.004280815455300184,-0.00594246140532997,0.284394701189347,1.4468515832240958,-1.0256553788048308,0.16377527794029514
0.005953017923452833,-0.01374739244107417,0.004870117743029335,-0.005293978233403558,0.30678528795371346,1.703861776637037,-0.8481935371598347,-0.07084436727308553
0.0056694309945322105,-0.01342943463948378,0.004458627682232072,-0.005673639778175399,0.2861303125090083,1.5256696459149637,-0.954186035219278,0.06635972262644711
0.0058032072984045835,-0.013599027308908522,0.004657816167298525,-0.005472658851984487,0.28664406426979777,1.6133592237252092,-0.8985081493640211,-0.00864125762130139
0.005894052615476262,-0.01398380470064205,0.004704717102809896,-0.004904784659313267,0.27600926121250025,1.648707181346243,-0.7226814745058417,-0.15173902278265658
0.006076506882838893,-0.014089089062849561,0.004941190514961038,-0.004782545065195633,0.3058273979287252,1.7454672048939144,-0.6856823958551261,-0.1916659100149281
0.006898907937796983,-0.01471291644210962,0.005733990732811932,-0.0037840326242494613,0.3944196954401166,2.040952483886597,-0.33537894090700476,-0.3740986842177219
0.006659324938825738,-0.014635565747675605,0.005459172409409546,-0.0039547964674018,0.35300593082675635,1.9471779101762638,-0.40167326666433417,-0.349154094457171
0.006525226212686429,-0.0144966762517837,0.005375182423124488,-0.004176871464870074,0.3492833081563805,1.9186642149256266,-0.4807372145245529,-0.3171069756002589
0.006346671974615899,-0.014425461430740479,0.0051617438643138695,-0.004293684589601869,0.32824498672340746,1.8373862980024718,-0.5234842453622902,-0.29154780612590786
0.006174005826438567,-0.014270201238132373,0.004998528091075171,-0.00452032535174236,0.30402605975534164,1.7744185344987182,-0.5993065609129865,-0.24724101548092484
-0.003976184617627557,-0.009338984141727423,6.851404624599554E-4,-0.00676202282881183,0.42539779807369715,-0.20457970576012488,0.5899046389630872,1.570655492891389
-0.003963656533997333,-0.008995608811586243,0.0010200287524498805,-0.00661663527158035,0.4308453946415307,-0.26272197810279235,0.4984049540708823,1.6240615134689536
-0.0036664054090829895,-0.008502987293046568,0.0012857422045553805,-0.006097264774252826,0.3731467344633605,-0.3120064440778098,0.3597475592416624,1.5175583430684745
-0.0036704458190430873,-0.008799713052418518,0.0010553502342934404,-0.0062513799442894865,0.380898434004565,-0.2780455217177658,0.4283106713268702,1.4904402047818206
-0.003908605382203264,-0.009682288347915432,3.1630508888037893E-4,-0.006770545181199717,0.3786459967085756,-0.1326587659103304,0.6644584064410534,1.4447879130258452
-0.003930824507948202,-0.0099824573253622,3.222060945011494E-6,-0.006821497369706649,0.36682119928062557,-0.061748615077837236,0.733311062902893,1.3636176461095022
-0.004059047154673035,-0.010206793479256456,-2.4287329222918565E-4,-0.006959932843145891,0.36829811679850577,0.00402878317564704,0.8069826547913811,1.3522189083528362
-0.00309938468422022,-0.007053404923524556,0.0016691629789535674,-0.004848489420366164,0.2698881874139904,-0.3640694604785864,0.12174299009881394,1.3207272187686516
-0.0026462621309272984,-0.006428923032447577,0.001514653201289225,-0.004286735123494762,0.2450972134129855,-0.35613210447950855,0.08162926919963044,1.1973049022581606
-0.003070648480121143,-0.007748646884647112,0.0013772302991500974,-0.0052832463943976995,0.2938523515839902,-0.33797231235013575,0.21669239404480867,1.3114251078378623
-0.00334115259877882,-0.00819944845971928,0.0013066811429487213,-0.00569646146107981,0.31333493423325476,-0.32336984047674316,0.2914560621412408,1.3949620705462256
-0.001329603290728668,-0.005899251350565432,7.674466439967956E-4,-0.003758797113731705,0.19508510742105306,-0.3337716319834983,0.04721231910619783,1.0557698445580443
0.0010641737429594842,-0.00578853196209992,-6.178063852211843E-4,-0.003679550954557558,0.18446268648175612,-0.3333857453724658,-0.036812639432856786,1.0384105406919206
0.0023909317587822595,-0.006829868814845123,-0.0012641694657381537,-0.004489104229280484,0.23130389759080566,-0.34466757818459565,-0.11324611985635447,1.1652061556736146
0.0037155429753204143,-0.009006536672662184,-9.054699183874067E-4,-0.006383981840040547,0.37535627459083565,-0.25608671455038184,-0.4813454239322806,1.4907295585630236
0.0031336239193965622,-0.00854483681804258,-9.928799590699859E-4,-0.005745061355152285,0.2830432261106908,-0.2884627102842594,-0.3386517063346723,1.2810998497710104
0.003883713588325348,-0.009724429098667348,-2.698552970728084E-4,-0.006749806002934185,0.3746738270109151,-0.12385967931756232,-0.6713518122444603,1.4212823661738954
0.0038966680020267926,-0.010020620788463734,3.557195452252722E-5,-0.006784334291589562,0.35377806484094515,-0.05381892821721141,-0.7342531756317466,1.3332471063407227
0.0035622147902177517,-0.0094723777784971,-4.498596737688298E-4,-0.00639050384442607,0.324208140506568,-0.17977928605434632,-0.5601506004759601,1.3253544901378704
0.0024200341855271238,-0.007973660489840868,-9.379701790370593E-4,-0.0051251325123314135,0.21076010333406178,-0.3066184745012401,-0.22251546408010392,1.1095324595053644
0.0039588295278646215,-0.010267413595171257,2.980467254429994E-4,-0.006839257547420913,0.33685526478187305,0.015298495692827124,-0.7945170708864692,1.2737689086163384
0.004048678197363178,-0.010489090661474285,5.500915270502933E-4,-0.00690321008641238,0.3380573348572609,0.0855179641913999,-0.8509273072599355,1.2265091470742904
0.004115767420269722,-0.01096172822747292,0.0010723698839511604,-0.006822796591709876,0.28993494042217766,0.23503168623119539,-0.9194343453183754,1.0427061342603363
0.004011041676683917,-0.010741571810463998,8.053516556616021E-4,-0.006792338201213956,0.29809934691957923,0.15223821673112659,-0.8684728470126227,1.099985465952251
0.00491014217833231,-0.01257499550264487,0.0031306085098283137,-0.0063010406992444834,0.2412951125721459,0.9772109529346485,-1.0483160063101111,0.42405676985175184
0.004839975436297071,-0.012391068031471827,0.002935782253750986,-0.006452379136543137,0.24543230517781564,0.8994935646145192,-1.0695861680981371,0.5104627744521175
0.004662063149161437,-0.0122275948232394,0.0026308739420437027,-0.006458174014883751,0.24100792017582084,0.7802022115457022,-1.0393669520619595,0.5585269253927129
0.004547874220241363,-0.01194708557021315,0.002303547113376311,-0.006619459300483085,0.25118296057977113,0.6568556036120503,-1.0435280354740566,0.6823228393602515
0.004150007729928078,-0.011287651184269318,0.0014125855304973035,-0.006693654956189953,0.2618017207864923,0.3412077820818595,-0.9401694216822636,0.8967153490029125
0.004157609242448253,-0.01162695224590851,0.001719861905398309,-0.006483627572016068,0.22210776586336398,0.44293727325730986,-0.9323299121196346,0.7298341283273047
0.004234427606177964,-0.011934391009296517,0.002022527447269117,-0.0063238015926125124,0.2064265616505678,0.5543678515623262,-0.9328498325738778,0.5967585436595434
-0.006464466094067263,-0.013535533905932737,-0.005892739255804508,-0.005886431855300003,0.5679192600543216,2.1090848059711456,1.0343205433971223,0.004093193500311202
-0.006304059012809278,-0.013580955205731243,-0.005546579356423006,-0.005726926556546455,0.3983569503092977,1.9624374216382308,1.0064950576354603,-0.005708491327039308
-0.00657726476122486,-0.01364484341025055,-0.006074860533222649,-0.005698481014567679,0.5943531661206659,2.1863801195302313,0.9733854792632225,-0.056283253567421254
-0.0064185263670103665,-0.01368416660673243,-0.005725776512436178,-0.005568689776596171,0.37531361119564277,2.0389552898472867,0.9570041433061672,-0.0596774492242066
-0.006547953710132382,-0.013795480412293887,-0.0059180495335896385,-0.005384797935496407,0.43945624591944593,2.1210597706907994,0.8951801139490435,-0.11792071834012145
-0.006693441434347548,-0.013750556019033765,-0.006244237571701876,-0.005512255437592731,0.30751855585542637,2.2576807459914843,0.9094847621256917,-0.11308882967377328
-0.006812880963004882,-0.01385256696814258,-0.006422708687205777,-0.005303199942347671,0.7273322553359015,2.328795260985017,0.8390680317221157,-0.16620575485603786
-0.006663428114876329,-0.013913058561930827,-0.006063798664023581,-0.005172870864930572,0.43399283134537064,2.180283270723813,0.8247224745103175,-0.1729061201542131
-0.006790026068546693,-0.014000346374228985,-0.006238004129133002,-0.005007799531027101,0.41753745675494386,2.2497545217070463,0.7646090261730958,-0.21553734038908767
-0.006935465283302504,-0.013950775489717909,-0.006582387574304659,-0.005103906823912464,0.6038263126994281,2.3945754281943463,0.766653370040317,-0.21482431134147462
-0.004262896533880161,-0.010599666098615762,-7.297819416542895E-4,-0.007132447596894464,0.36480811229950966,0.1437664723992175,0.9295626858871637,1.287653264656238
-0.0040422079799120655,-0.010425286823295618,-4.8116886472347037E-4,-0.006910945537163522,0.33842469201191455,0.0636674306659554,0.8402880415139229,1.2578388735619521
-0.004485692077272781,-0.011467568856683201,-0.0018092436864659168,-0.006951254221885459,0.29305382794907714,0.4819468981531801,1.0569329957990616,0.9321853572983319
-0.004422373112797606,-0.01119347129932852,-0.0014772579768163783,-0.007060929323235711,0.31347176522918824,0.37284993623052415,1.0355444751940672,1.0583543921574938
-0.004290487977173894,-0.010895947958450678,-0.001079299645560392,-0.007057105556012998,0.337596400232004,0.24436072816699173,0.9716736732491507,1.1566664101721293
-0.004385154746531156,-0.011718356994940799,-0.0019671545386457357,-0.006645371112997442,0.24397314739325102,0.5352399982920272,1.0057157663489897,0.7564575152260078
-0.005142568496245552,-0.012423696463269655,-0.003328929273586406,-0.0067190911686131815,0.28710468474988754,1.0508949297511538,1.1753248976606046,0.5605050134478744
-0.005015235630341138,-0.012275271925013202,-0.0030611948943075344,-0.006769196146526172,0.27861434988266426,0.9470074448776994,1.1633095505066267,0.6208069667626908
-0.004691930030346025,-0.012092130163444207,-0.002558942703068327,-0.006627646770383868,0.24942552732071796,0.7522611486527787,1.0728765406896323,0.6431758058443483
-0.004823756945560103,-0.012254393338479951,-0.002823015000250985,-0.006590351164716417,0.25813808432683066,0.8533121586899618,1.0908968538869281,0.5839680190935562
-0.004402889893462492,-0.01204603619523087,-0.0022460480245810343,-0.006385032897651406,0.20722846223464012,0.6397773998760109,0.9783054781403334,0.5871602355996365
-0.006125411144271177,-0.013631185129207898,-0.00519849581758304,-0.005559543328515447,0.34667462321939196,1.8304449897529433,0.9425300332055496,-0.02446824860108703
-0.006055462808872283,-0.013470538492171447,-0.005108213517426414,-0.005815312044298959,0.3533023024839028,1.7854557740347972,1.0214870240095968,0.05353800542973761
-0.0055091139142673315,-0.01284375849294011,-0.004089176055697017,-0.006480513064480941,0.2995005539354667,1.354796553526407,1.1695806970383977,0.3702985331330542
-0.005615411599124004,-0.012991539408789379,-0.004311178368673498,-0.006337826586571257,0.31179009622120635,1.447628693645331,1.1434409427085532,0.2950895126030746
-0.00573422796374095,-0.013095050088084263,-0.004533877407607353,-0.006263017722685169,0.3232439998966429,1.5388462631807056,1.1335496346297986,0.2459625478597053
-0.0059105302253841035,-0.013388836528143344,-0.004859440649705133,-0.005878782164460254,0.33497797248592615,1.6838773174114972,1.0332357432213561,0.0930372825625725
-0.005801144228004447,-0.013247755947226894,-0.0046680597481172205,-0.0060525143065063075,0.31570551095226335,1.6014475716961314,1.0775865811752399,0.1629566069025403
-0.0051222410102640305,-0.01261751282867463,-0.0034207189973285293,-0.006443717139499936,0.26229503478638655,1.0924358211809637,1.1097192324699579,0.43769268712836995
-0.005276277981982753,-0.012791418943304433,-0.003719323172394511,-0.00634667575481363,0.2745616915816171,1.2131398922140202,1.1067848245977367,0.3634686253932187
-0.006919273403128952,-0.01409583074404258,-0.006398469600219452,-0.004812554217955237,0.5227199469906053,2.313758828395781,0.6919937230867044,-0.25992501271390317
-0.007061073770271072,-0.014045084994930427,-0.006730306877484157,-0.004906999151622673,0.18019070950084073,2.4512380340278535,0.6916825764703862,-0.2596773732949083
-0.00718958373010223,-0.01413540329229132,-0.0068909424666878764,-0.004678497835899705,0.6789180628348248,2.506132887506778,0.6083254007622623,-0.2994390389646993
-0.007034714965859362,-0.01420913999876575,-0.0064976892468099,-0.004576809845582688,0.5136906915552663,2.3487884558695455,0.6089228229611711,-0.3024360786881397
-0.007320868219171371,-0.014221641019906124,-0.007035581444272729,-0.00445840406699923,0.7295380724224166,2.5561595158955543,0.522750229723559,-0.3338376749292065
-0.007167173180069196,-0.01428888380006318,-0.0066474031759516826,-0.004391426745845626,0.4718866175201861,2.4026248241822548,0.5377078333820248,-0.3340491407200101
-0.01721226698151816,0.021879361898223697,-6.647798607760122E-4,-2.7652075805139806E-4,-0.08582480052659143,-0.12394673652282748,0.12743769603627145,0.19252188909922954
-0.018733575722169347,0.025,0,0,-0.20228200065431165,-0.0026456052129123844,0.05686040637915835,0.002615531766979505
-0.01471660413954446,0.01587890319392502,-0.003333918993286019,-0.002659559300142365,0.20424464184862032,-0.16611125800756807,0.4947093170567554,0.9213080681336409
-0.0149278085995866,0.01729336414151427,-0.002685620805439012,-0.0017423772940610347,0.09956014769700493,-0.15238701416585124,0.3787472055918289,0.6039719736593175
-0.014980799280743574,0.01502902704497576,-0.003378545401188776,-0.0033330731402221704,0.24692865652551918,-0.233631331695264,0.45201072930241404,1.1619559444051564
-0.015385514518592894,0.014105447577586128,-0.0030820957173471534,-0.004087040682166415,0.30597900839367537,-0.32327237358510374,0.3142253739895983,1.3787168805039511
-0.015897601469133455,0.013167361040348494,-0.002453700070556192,-0.004628370899625923,0.33318878489482945,-0.376156152396168,0.044823846364943694,1.481163020269013
-0.016604742395578475,0.018237599629139907,-0.0016552938163597105,-0.001263753251953129,0.03473537312932526,-0.21204702608889833,0.18152882455598693,0.4521320049257076
-0.015836558457150738,0.010483939698294092,-5.379069463399565E-4,-0.006505598023040889,0.5043299864823512,-0.14073821974539727,-0.7391106329551825,1.7151060784733085
-0.01594477422342518,0.01081511683262808,-8.53645715841787E-4,-0.006229090190573127,0.44711911953466904,-0.20960743031480192,-0.6255221765666136,1.6954353012022454
-0.015967023872443004,0.010171209865596572,-1.843540235854837E-4,-0.006335808372471004,0.46244982898681924,-0.05847687583981294,-0.8101256930383792,1.5550698677159809
-0.016114921571611634,0.011300111995436145,-0.0012140140801722573,-0.005761616887194997,0.40866807315746245,-0.2797030863728849,-0.4671295808527621,1.6075089071273558
-0.016349012882828137,0.01260019086187416,-0.0018984436559518793,-0.0046814213467557325,0.2685419030802656,-0.3683253201919501,-0.14881496038580486,1.4033542462404958
-0.016490179995515518,0.011893194923084457,-0.0014283820895658358,-0.004988618871943059,0.32438156990199063,-0.318453525308871,-0.325564451715968,1.3992782243850155
-0.01594273221058967,0.009334263428877646,6.926395277410487E-4,-0.006271208318867416,0.4751251936155089,0.2105662988411245,-0.9998384135697858,1.2685032743427007
-0.01602430175283718,0.009552748270388035,4.491192106917491E-4,-0.006197074279837582,0.43772202167699764,0.13302100875171333,-0.9427446319761122,1.3085868374789122
-0.015973503755932296,0.009036574966125314,9.680235845352946E-4,-0.006112677826254799,0.4216443428192894,0.3064743075488084,-1.0296816179452468,1.1192521329724947
-0.016233083576485823,0.009893566243595317,9.371811029237032E-5,-0.005916727346029761,0.41076640020490796,0.024310584098222947,-0.8275770804607606,1.2932421105423
-0.01342779995579578,0.005122211044935512,0.005338268359191598,-0.0036607148598634246,0.6452168100789611,1.8613388963866557,-0.4525170584031733,-0.31222004133409836
-0.013258534457634792,0.004998646952177995,0.005483270811306077,-0.0034767138171345187,0.6465352720458889,1.8827943847227184,-0.3797842474903814,-0.33904115719465316
-0.013052127576918812,0.0049446223749364145,0.005705262915764006,-0.0033559430041573504,0.6765964610996187,1.940278898465231,-0.32034092268132347,-0.3584922564103242
-0.012403603132738597,0.004128384415811326,0.005813078537012308,-0.00220541980442232,0.5396963806672758,1.7020575302821925,0.03059856525313695,-0.3865497581365543
-0.012657683862608616,0.004719458250891638,0.006007393924657336,-0.002929416386622787,0.6761008519359083,1.9610153281954248,-0.15343356415947404,-0.3901990912325863
-0.012595615101980505,0.004406810338478451,0.005834783913642065,-0.002566118655146358,0.5967727683810605,1.803399280391396,-0.06392892496098983,-0.39176410518298477
-0.012909370830702208,0.004781539949297741,0.005763993747846812,-0.0031117715867261093,0.648375158094263,1.9134665264654809,-0.23551253812900355,-0.3762171140870852
-0.013611512073768229,0.005240461284901519,0.005159020466859878,-0.003826791337605572,0.6384210578752382,1.820705805070623,-0.5215264247442172,-0.28049403995667194
-0.013812668585276425,0.0054260315649956245,0.004966205509909917,-0.004066988814410043,0.6162419525106159,1.7819661179604458,-0.6113013008084119,-0.23281795465623392
-0.013875241662815367,0.005729324481186943,0.004990569525741412,-0.004482806666066114,0.676480638595987,1.8258324862340574,-0.7486441277252371,-0.15629088241080577
-0.014119385881818741,0.005915096820326949,0.0046854130061787245,-0.004684874746266921,0.6417449254399629,1.7261625871216424,-0.8313043977087194,-0.08347875588020771
-0.014325432732881433,0.006156105588111135,0.0044210372424100955,-0.0049441956415043195,0.6295334004488761,1.6378764742528766,-0.9260682521634408,0.012637595344469876
-0.014454788764667884,0.0064093520558294575,0.00423675627387044,-0.005236358608722891,0.6374503098371196,1.5775964839177532,-1.0182936663247495,0.11474394052710628
-0.014772803232887967,0.006833223390293581,0.0037140200065789116,-0.005591671939667778,0.6098014800983994,1.3694698500860867,-1.1255748183365013,0.30751506263557143
-0.014683825070989535,0.0065666281226754945,0.0038915623910680854,-0.005297396257972911,0.5811463864887738,1.4414893035985068,-1.043296617116255,0.18386887037450636
-0.014988007861520282,0.006975196778297036,0.0033802686062908054,-0.005575520780148643,0.553643521458258,1.235547821919548,-1.1191661867337066,0.3607668067335371
-0.015918322917902607,0.00861880718138561,0.0013823778733197008,-0.005981717282395085,0.4480857404973738,0.44911930595082866,-1.0689786594764363,0.9611465485102045
-0.015736143623540713,0.00828005930149897,0.0017888186887586785,-0.006011866057370987,0.47737926026602545,0.5986414761342352,-1.120005540723543,0.8680177525683765
-0.015784460731434503,0.007835816123638421,0.0020720967834996873,-0.005592464201469781,0.4256558624015795,0.7111119479879379,-1.0679310579758885,0.6411376784747761
-0.015650735963445413,0.007467879435998423,0.0024156540494486185,-0.0054172914788042795,0.4448922347266769,0.8470887708839175,-1.0493950441176647,0.4998829045836636
-0.015294111975771563,0.007054673512603787,0.002981460487555561,-0.005363876853721043,0.5009139431855756,1.0690480990908153,-1.0505943279157612,0.3583203866683932
-0.01562931347179467,0.007194326849440967,0.002570097482882709,-0.005180213143292351,0.420250583490248,0.9084336688788939,-1.0037247604618467,0.38785626630254
-0.011254154411826676,0.004023423605178772,0.00657104171720622,-0.001287695710392065,0.5509001901266042,1.6826462352452591,0.374626555009191,-0.312175472612282
-0.01089651405375211,0.0038965048288642358,0.006614869086757587,-8.975576250046378E-4,0.5009991162655779,1.5640100009324909,0.4703679119343493,-0.2592698909334785
-0.011609640484617323,0.0038821101184555737,0.006226898449942919,-0.0014969793082833143,0.5100923376976919,1.624749275437862,0.26735329679777925,-0.3430937678011267
-0.012080631721481787,0.003873141737925624,0.0058912521280124076,-0.0018107692015849658,0.5012608108098204,1.6079691884583485,0.13933014797629192,-0.3704674646519841
-0.00727752225544862,0.0029739906477549197,0.00496399736767416,0.0015127120308395527,0.10848824539577284,0.07333149329434856,0.4899768332669785,0.3945179509756294
-0.006426924858812626,0.002528632628752794,0.004259462112400054,0.0014384473904017463,0.08992142780986613,-0.1485680699401372,0.32172108043845643,0.46563534990075606
-0.00786149446564558,0.0029232001410612746,0.005288299776657716,0.0012673047785037948,0.15232742746690683,0.22762557860222105,0.5245942981955759,0.28026399923733747
-0.008327096340412095,0.0027023511726832197,0.005411388153199525,9.41076678913009E-4,0.12714253382901805,0.3287524204085351,0.49499957026545655,0.15810791931877022
-0.008747044930123841,0.0027303035777513553,0.005596447577055102,7.476071476876476E-4,0.16448269215199376,0.46306576582682907,0.5069957401184707,0.08315865628693438
-0.009287813175711774,0.003364609755367712,0.006193538024556498,5.837773576977339E-4,0.26016954901590555,0.8321440429282987,0.654070321576845,0.04588563686246123
-0.009020732594612191,0.002985466330170688,0.005840567516179632,6.740512150004303E-4,0.2070618330666604,0.6016206841848096,0.5699599097554763,0.0673009710561316
-0.009686158453245573,0.003465674085937369,0.006354779212828242,2.782672268458871E-4,0.32311420471784724,1.0107363384145214,0.6382620572421054,-0.033114918823387025
-0.01037429659620525,0.003659622124106556,0.006523744255187647,-3.4093126790040183E-4,0.41388449460618987,1.3159425421049555,0.5675859861885469,-0.16478648199464271
-0.010070462590055737,0.0034767195909163845,0.006382739951921145,-5.502955740520365E-5,0.33809818058860525,1.137067870233366,0.5875024035584467,-0.11119767842353566
-0.010749261474014069,0.0035341287164857367,0.006323319103654795,-6.40665548192741E-4,0.40420467252355935,1.3368996869549254,0.4662595126071736,-0.22904641973442355
-0.0061586146283775425,-0.0011291900151272761,0.0038559850970361033,-6.233571409204116E-4,0.04352579849682769,-0.22329706141721353,-0.1288717522607973,0.3846105029592108
-0.006039503053835487,-5.393654512165766E-6,0.0037391210722480324,-2.8733193898719865E-6,0.043525886150337534,-0.2402620132781421,-1.566393824228487E-4,0.3740129032250255
-0.006291826301513084,0.0011389752147503175,0.003934176191983629,6.212915437292806E-4,0.039244383252326105,-0.204409693382931,0.13268429154412023,0.3535912780603368
-0.006994405884684675,-0.001918656157260059,0.0044501421184342796,-9.614314617536403E-4,0.05401544077552168,-0.06992266965911105,-0.27597745674597446,0.28469544725399176
-0.007782529653822506,-0.0027342764505006592,0.005160010287043411,-0.0011883222697121492,0.11119248659867972,0.17214771844756,-0.4798486941169111,0.26136012870464514
-0.009011448860844706,-0.003603018411336826,0.006312226747004117,-8.837023341670914E-4,0.2737985310732149,0.807425044394303,-0.7357322911481966,0.13714779666105556
-0.008449501319801286,-0.0031320544332047572,0.005714499043290018,-0.0010826770527020667,0.20295542278497727,0.44420134124443605,-0.6054911316319852,0.19381739983439938
-0.009500402591981734,-0.003547695794629851,0.006403697593308658,-4.5155179107632436E-4,0.32344101364649497,0.9750747522859969,-0.6822854363733512,0.01574765800459073
-0.009931258242351996,-0.003647187514974654,0.006542059886147303,-7.046408272961092E-5,0.3678125219337844,1.174498878241499,-0.6525251153877097,-0.07452903001399129
-0.01024906057294576,-0.003892150806058993,0.006778416837952469,2.499717269455288E-4,0.4664447735960407,1.400843298345148,-0.6382155215665443,-0.1356986427420335
-0.012679131780828632,-0.00577835898009388,0.00703213262199677,0.004463689953973508,1.1262593711971116,2.5938760039329325,0.5588884798698568,-0.30443603247089185
-0.012689441218052246,-0.005618054708408483,0.006821815472772605,0.004183948804342009,0.9901742656746854,2.4799173638710914,0.5063064248301434,-0.3329378400899526
-0.013422735238775145,-0.006355156589749451,0.006078348521488581,0.005694734177251027,1.155392999147172,2.307491320691921,1.0633639986453045,0.0045578867220559234
-0.013306558565652458,-0.006249443980966241,0.006252350099188579,0.005503247867830814,1.1562493543342136,2.370832969255639,0.9885469442588698,-0.05888187864826828
-0.013464527023256552,-0.006195454193658461,0.005890702222514845,0.005363713204878446,0.8698027221796146,2.2201708969140808,0.9911936210605542,-0.05393157190868867
-0.012821849790282752,-0.005700265300256362,0.006684716240694396,0.004384248599649309,0.9908688562098281,2.452441133182662,0.5902620385404574,-0.301157488504155
-0.012810416269897774,-0.005864596707708681,0.006884933090596533,0.004687676564382122,0.9010958573485426,2.5620068378773113,0.6515886386799211,-0.2661456032949413
-0.012950508574977143,-0.005802184066148446,0.006558709559741696,0.004607567791591469,0.9929767437581797,2.4288498519093378,0.6789394570981556,-0.2610537583572688
-0.012938926229728932,-0.005954915005069574,0.006739851287848371,0.004894061342084763,1.1222652447978778,2.524448887169855,0.7400123977311743,-0.22177618636322735
-0.013187119036995123,-0.006147433031857423,0.006415797265639962,0.0053116592810091125,0.9100618046235477,2.426715516871475,0.9108035222484788,-0.1178493362284191
-0.01333204050768245,-0.006091453269647105,0.006082814166301941,0.005184448560471192,0.9323570625614902,2.288111280018107,0.9164532963536641,-0.11493583739907798
-0.013064534716697497,-0.006049224510282092,0.006584754975258146,0.005100639113959764,1.1784504800908608,2.47890821641438,0.8269281466355288,-0.17233382405076328
-0.01309230314712162,-0.005900428396864871,0.006389488765710245,0.004817342775275385,0.9330640838598976,2.382222644136228,0.7681102422481302,-0.2134373085468846
-0.013216867906942318,-0.005985290844657861,0.006226481020847552,0.004986581144481733,0.9384494762032664,2.3315872857976205,0.8398694917978181,-0.16867488742265171
-0.01358324230742492,-0.006288353198532999,0.00570744968787398,0.005509638505211164,0.8544653111640138,2.1519611571400055,1.0510963480900832,0.002620786703303273
-0.01353553390593274,-0.006464466094067266,0.005894318708297143,0.0058848853954544126,1.1073344185685725,2.2386219443487145,1.1339719174917557,0.0720958125486439
-0.01211980748321005,-0.005084376313952323,0.0070130786100462686,0.0030063461180157374,0.8976588022438442,2.3479436198540875,0.06588465301617778,-0.4067238323956352
-0.012097633649330804,-0.004869695746725384,0.006785826650156483,0.002735910604788255,0.809331849947103,2.1990490350423673,0.0033215759071906635,-0.40355012378354
-0.012276754550274594,-0.005169923387312612,0.006916307116793982,0.003243658816481361,0.8976924135052355,2.3620595535117634,0.15717574071404192,-0.4011183752834652
-0.012400824133063279,-0.005299423201532335,0.006900232306922079,0.0035122853726340846,0.9319330477502914,2.4066623440065724,0.2537618298840608,-0.38959172074191406
-0.012696374919781485,-0.005472744736097875,0.006652203067689355,0.0039515788791315105,0.9284303368326989,2.386884254633735,0.4346733978782094,-0.347909960637757
-0.012590056244622524,-0.005332245903012483,0.00666363377459858,0.0036811991357018005,0.8986524474779147,2.3494392557998793,0.3361833861245992,-0.3713017731866487
-0.011046760316771254,-0.004335306914952658,0.0070280549037359,0.0012537179215504964,0.6441806112860301,1.8622694440198035,-0.4562947872019631,-0.29606644623645556
-0.011299872375212815,-0.004425590974285427,0.006981579963448608,0.0015799770545821127,0.6814421922755266,1.947190392146403,-0.3641730833900414,-0.3353808338537175
-0.01148038049752688,-0.0045202855044997,0.006963399483854452,0.0018341010749967548,0.7174591965774775,2.0183101380904325,-0.29104513245558306,-0.35961017836350495
-0.010640997569716534,-0.0038541183241193005,0.006658476912129097,6.374712399004022E-4,0.4696300245588662,1.4810625761762857,-0.5362454425427025,-0.21509583747332886
-0.010976399768989056,-0.003963118471924341,0.006648271985052187,0.001000132128103786,0.523765329303029,1.6098565164359366,-0.4520833786132222,-0.27364942272489984
-0.01167366145162004,-0.004500549672656904,0.006785366546621493,0.002005263666132549,0.702785259848587,2.000287609181598,-0.21655697499218993,-0.3759433590873267
-0.011896801753737378,-0.004545288165972521,0.006637531047653745,0.0022407696199670184,0.7033808875950424,2.012510024036304,-0.12894829191102067,-0.390414153417086
-0.012095072974024249,-0.004644200835145042,0.006547476419008469,0.0024943727488519613,0.7221550605764938,2.0486620772279847,-0.04220604683076671,-0.39880089903074345
0.019279064256998185,-0.018106983557929036,7.915719245715345E-4,9.77080174189151E-4,0.05261817923454206,-0.20842344191360737,0.023149935196446893,0.3522294250406328
0.021097149979697995,-0.020827545274221926,2.1327817330173715E-4,2.253351297389321E-4,0.00758834965594363,-0.11058917854392976,0.0048585230547298144,0.13113246690396882
0.025,-0.025,0,0,6.133150333409749E-4,0.021216767224566727,-0.0014644761890334939,-0.024812161860498564
0.015350641576981352,-0.01719251675697538,0.002487125338842712,0.0017887169174429245,0.08921696126848429,-0.19262616445141426,0.3291027774900371,0.6201917210433985
0.016463244121310696,-0.018147809665273348,0.0017292696553177552,0.0013095079830536675,0.03788265552996096,-0.21251727330000375,0.19019028370385174,0.47247335697155995
0.011917918998574991,-0.016782246365421447,0.004660642059879091,0.001310761529327105,0.2538878008973961,0.506276457091073,0.8211162148490939,0.42257512955919324
0.013094996928320527,-0.016788705129933093,0.003999089146076793,0.001782026363089108,0.19653032336319143,0.1590375768032639,0.6928486077683357,0.604070370117538
0.013785985115992072,-0.01774297091898473,0.003045316219036625,0.001417479798881299,0.09591599289038603,-0.026421936787669898,0.47522637057016653,0.4774581089835502
0.007952677382920355,-0.015194929036546326,0.006492430150320466,-0.002555585519476868,0.47705296175528034,2.2045351120583807,0.131497240061027,-0.4155994698254383
0.0076057941044120475,-0.015199776511514732,0.006088123969286949,-0.0028010918298048515,0.42839080052875744,2.0915613395061174,0.023608744600425897,-0.4188180741826448
0.006966609803051845,-0.014960256544733215,0.0055760917549052364,-0.003422672032195652,0.3660957375759697,1.958787655478493,-0.21483637589356586,-0.39659886915890713
0.007226317401283178,-0.015146859186044298,0.005702978761783699,-0.0030783714191666765,0.3873663668219081,1.978876402165387,-0.0933898013751706,-0.4116971090023967
0.009420492375906734,-0.016449010784747184,0.005523538356012269,-4.7210235792270765E-4,0.3372034444225001,1.3882215120869674,0.6835589443549618,-0.12098265341925019
0.008567104255264255,-0.01564327486153477,0.006336739676462498,-0.0016012530673688433,0.44650769865096435,1.9773455591864344,0.44640706283515036,-0.32788055785444775
0.008059847292748149,-0.015448797406504265,0.006215489147334626,-0.0022102329991247533,0.42546397271006386,2.0517058508938004,0.2407090761069513,-0.39170636750838084
0.00833732054895982,-0.015468578160318597,0.006436214956464655,-0.0019506108503449706,0.47367357859697296,2.0832864186845117,0.34049470006649885,-0.36877654580307306
0.009020772781088274,-0.01617168149835945,0.005783543171429379,-8.990396331850523E-4,0.37009972020556337,1.5972030613412225,0.6083227131824499,-0.21054851609829656
0.00863722368585202,-0.015965046067188078,0.005892834408563385,-0.0013294490765927438,0.39457897614293697,1.7371280069146535,0.49418255183945686,-0.28751002945964577
0.010507031837852818,-0.016634213641032628,0.005316571476445874,4.1399641712460685E-4,0.3039970080171228,1.0330092750346953,0.8317190063856403,0.11623402555298187
0.009886195689014995,-0.016629247061085095,0.0053480698346247855,-6.957332127596176E-5,0.3156656242020341,1.1958135842919129,0.7499827772479856,-0.018257375745329627
0.011084512287422608,-0.017245096941614507,0.004515618793143675,6.740158017883251E-4,0.2072273156362617,0.633943240310704,0.7339903781262221,0.19853952486149085
0.005163524858680646,-0.013033358938147215,0.0036543427570356573,-0.0059203172132174554,0.24047392524231226,1.1960994427433365,-0.9841855172641907,0.220666997113222
0.004949407161017832,-0.012955046904790605,0.0033514147830637346,-0.005865295862489592,0.224449146894418,1.076895686671964,-0.9465094739248859,0.2323647291261448
0.004816310346153529,-0.012771990736327437,0.003116340975944339,-0.005987143601301134,0.21095330398314224,0.9818350609547505,-0.9600001213664908,0.3007829562807955
0.0052559203596245834,-0.01326591939525102,0.003835666067828394,-0.005666593311552282,0.23397030075687697,1.2780852507223457,-0.9244558646813904,0.11900028338236858
0.005375965532847023,-0.013489615285069312,0.00402484629788718,-0.005426323980639732,0.235780401358991,1.3629107893526482,-0.8635754641113432,0.028290737150867596
0.0057067510220581204,-0.013853869984936748,0.004463006965099219,-0.005044407963586923,0.26261816760964946,1.547295322093864,-0.7621372050411016,-0.10320410548266605
0.005592415020171028,-0.013627161297455304,0.004330007046815075,-0.005333056128128369,0.26170067407646785,1.4857614899945542,-0.8453210726915754,-0.020776039957867712
0.00567762299834516,-0.014104463478783316,0.0043552477934232755,-0.0046811257143043955,0.2316169445229174,1.5232471207086176,-0.6444248714242568,-0.18735508982749777
0.005880074155062447,-0.014285763543204438,0.004571353834531272,-0.004467782909363384,0.26084108498970354,1.6100245900577834,-0.5792769238078953,-0.24025830267873863
0.006638737238162687,-0.01495613887676242,0.005160420851941404,-0.003525653044323849,0.32178477876857087,1.814320415706378,-0.2663519630762932,-0.37854129918637186
0.006368497214101168,-0.014712760314193987,0.0049958992302789875,-0.003888985195823083,0.31211150389508896,1.7628936580994494,-0.38661250495841853,-0.34079513054980576
0.006063291525425673,-0.01457353839192102,0.004679822354055586,-0.004094021107206151,0.25886701388073435,1.6500407476457382,-0.4574082030099369,-0.30528113282340114
-0.003619069770531791,-0.009561312904344876,3.841124376682909E-4,-0.0064587213002128665,0.3274167299365772,-0.15679243510711668,0.5927075238092951,1.3234650362036187
-0.0034620344778167585,-0.00918475220939751,6.628429125458013E-4,-0.006223880084191237,0.3227901072886798,-0.21752513156921036,0.4958147054063104,1.326719045565099
-0.0032420079485099935,-0.008676371175951124,9.547982298243979E-4,-0.0058698360328207,0.2955612060628667,-0.27691019409835876,0.3776120861084034,1.3183164996994552
-0.0035545048705692486,-0.009923881756947603,4.832634248540808E-5,-0.006441305765547126,0.2854126607041137,-0.08629259660856538,0.6477960857280022,1.1957977151206114
-0.0037301081126607004,-0.010308834050447488,-3.1614515395717756E-4,-0.006594418503540194,0.287040688760968,0.010292153758105408,0.7453247989045051,1.146217279523844
-0.002089113329278215,-0.007367812272634008,9.729591393493495E-4,-0.004715825089321794,0.19939245939057518,-0.3195812488926825,0.15518910777483755,1.0797506682438198
-0.002638434975147585,-0.00830495403018166,9.083389397569513E-4,-0.005368015831682254,0.21036775755449003,-0.2885886521265804,0.2807146053837022,1.143882884803986
-3.786086060788754E-4,-0.007372077426490767,1.661406043509731E-4,-0.004463423748420402,0.13117707433228434,-0.3063045107591628,0.027400852262279795,0.902449755690692
0.001262049125274989,-0.0075711150846152694,-5.264658827675352E-4,-0.0046370816486525366,0.16351023413291235,-0.3004710634006957,-0.1117777190729593,0.9342275774429399
0.003074401391509409,-0.009127879768594282,-5.950502184135578E-4,-0.005919718931535819,0.2509416886880864,-0.21937682672105255,-0.4349944133135783,1.1699177340033646
0.0025460621211580133,-0.008791806243076121,-6.316362223453328E-4,-0.005508182048495349,0.20643053156903948,-0.25366721370153333,-0.3243701514032289,1.0453001753139228
0.0035097380199073077,-0.009865214774687311,-1.0000183153472749E-4,-0.006398245117989215,0.279612188137246,-0.10541919485688149,-0.6222410024443547,1.1965685175704055
0.003650236419628191,-0.010189597328058183,1.9364476600763246E-4,-0.006526621651559194,0.2918071973017284,-0.029624308173624624,-0.7011574228883255,1.155812813823869
0.003160088575088797,-0.009642737061261323,-2.429076897949833E-4,-0.006087201565769238,0.26566497485445073,-0.14171800778638755,-0.5241905260411388,1.0849198335827024
0.0016996422803758307,-0.008727229753846174,-4.106155404061944E-4,-0.005156188330228268,0.12978077889144213,-0.25202347044391793,-0.2208703761964972,0.8554798478341114
0.003606569149793127,-0.010555092863037411,5.190067641608525E-4,-0.006434112916551797,0.23594310829756515,0.05046598393496972,-0.7343912535776187,1.003268927984412
0.003816480259792145,-0.011184966206397754,0.0011465003155986622,-0.006414394246868653,0.22893313730987513,0.24410746723803084,-0.8297609712018945,0.822545697114524
0.003753008229287511,-0.010895890641578247,8.637442578834302E-4,-0.0064736813868977545,0.22287565676757085,0.15776058307758062,-0.8001819929540611,0.9227630550427556
0.004598038747756069,-0.012588506716205134,0.002782917062043033,-0.006018304169892756,0.20958032993299053,0.8483919930621519,-0.9381163898459698,0.35278351221255405
0.004336400410107898,-0.012288593279562752,0.0023511458998346484,-0.006107307053433836,0.1788253637589227,0.6803274874417583,-0.916742504955948,0.44601944016123957
0.0037421259545112905,-0.011500392170039767,0.0013556392038479301,-0.006186009665177367,0.16124938602474728,0.31127789926494925,-0.804431373573612,0.6534721733822481
0.0039095166109224,-0.011870546200922025,0.0017319357015107672,-0.006087849498074021,0.1772411710977523,0.4439999705981642,-0.8308260268697655,0.5374313319493891
0.003963786854958311,-0.012215023513811889,0.0019924501412604844,-0.005875295221470335,0.15436066005962437,0.5346401873859602,-0.808932233455718,0.40428353703193476
0.018733575722169347,-0.025,0,0,-0.20383457030800914,-0.0041260855968185475,0.05716732072292466,0.00159468128413576
-0.0062547908603395545,-0.013754200786654097,-0.0053885133978614705,-0.005385650970017344,0.3722071738682504,1.9107912582978852,0.8902132839277414,-0.08180692725489808
-0.006400363700388241,-0.013825202558164076,-0.00562083407157424,-0.005296269633308057,0.3942143393752002,2.0044736172451825,0.8633699818202146,-0.11806702646729975
-0.006485761144327709,-0.013974468836102394,-0.00568900081092407,-0.005039143874456509,0.39045849772085844,2.036958234589075,0.7765011659257963,-0.1794835210795863
-0.0066327884101092865,-0.014077554907607787,-0.005881636989306869,-0.004863255691899747,0.41963411107311194,2.1143471162172216,0.7163092474186095,-0.22486087872849556
-0.006790019636435001,-0.014129099359127673,-0.006124509408632225,-0.004765091661474469,0.4422611523178658,2.207600841854577,0.679570636429798,-0.2543941924435005
-0.006047450436805574,-0.01382434252465238,-0.0050041483456360935,-0.00519883569033442,0.32503366794871497,1.7615207662574155,0.8219972886242609,-0.1022414398949132
-0.0038514964796976837,-0.010796283736713303,-8.095916894194168E-4,-0.006608785951721887,0.26053841869827443,0.14805851482025148,0.8293769319599102,1.0067344681532295
-0.004169787494490723,-0.011483478094614502,-0.0016043307693261214,-0.006593660418706847,0.24498516204083967,0.4065635327738418,0.944301837593283,0.8054269604005614
-0.0040850190761415415,-0.011134802267740206,-0.0012276014599027034,-0.006708859953859528,0.2573597601781318,0.2845452590787299,0.9169781978674971,0.9451789574130842
-0.00402577739271755,-0.011872273153966573,-0.00181190996131261,-0.006186825713467706,0.17220993427263995,0.4834052327205593,0.8736020860173147,0.5647206676745697
-0.004884367901346986,-0.012496489700013361,-0.00305269112061065,-0.006370473433515157,0.2423181940389711,0.945112746951512,1.0562798759846421,0.4590373398226588
-0.004581056177095632,-0.012350846090970365,-0.0026292412345787584,-0.006254947680318506,0.2116413569109364,0.7842088507727812,0.9881071429370037,0.47485842688802987
-0.004147354193052723,-0.012364109008944097,-0.002226724545562189,-0.00589003740433198,0.16349944904888988,0.63741214759302,0.8469454448303784,0.3731523705400538
-0.0059005964702632425,-0.013614841303234787,-0.004815522623451814,-0.0054891675465498415,0.31440923467569687,1.6784251323960082,0.9100130766511568,-0.015281907909444893
-0.005391969939569377,-0.013022221952609755,-0.0039727585813604605,-0.006108402203112882,0.2716975497390752,1.3214795422303804,1.0564209261605157,0.24874660000193885
-0.005567406370232161,-0.013208226560288869,-0.004281555298033548,-0.005954714489324391,0.2868414172456027,1.45004376156075,1.0293416286333663,0.16621652531391073
-0.005702357664472657,-0.013449285752683771,-0.0045103673113074325,-0.005658158324087274,0.29297948257588624,1.550842127757395,0.9519552170357334,0.05632113905035275
-0.004968520278644576,-0.012809444023025437,-0.003316489848973901,-0.006062329669862366,0.2198523613354013,1.0548951187919628,0.9990109491280235,0.3101516081071521
-0.005148993262730099,-0.01301770011082496,-0.0036282472553187694,-0.005929453458058623,0.2383555811145678,1.1838702366250633,0.9848695357255908,0.22802331201670706
-0.007591233601480754,-0.014381534484329049,-0.007299694199615652,-0.0040113390601426826,0.7217083635285507,2.638487581294662,0.34579473957644696,-0.3884251950997351
-0.007730047808600201,-0.014455032777517944,-0.0074177677726684835,-0.0037887568765578882,0.5061027537380699,2.669323624466751,0.2543068565794059,-0.40801518748064297
-0.007588914764856617,-0.014534113821249174,-0.007041333364936162,-0.0037445452730224707,0.5647627878099355,2.5197975837151336,0.2840159045192477,-0.4085849281068397
-0.00745479580756053,-0.0143037118419788,-0.007166389983138288,-0.004244926926813169,0.4282200076940374,2.599739990478455,0.437091322397076,-0.3638598472635068
-0.00744814320098859,-0.014463639088506798,-0.006911009475883588,-0.003951457838727668,0.5495424530554925,2.483841945135372,0.36636297570799975,-0.39032849070817205
-0.0073212571217171046,-0.014375618980158194,-0.006813021738000767,-0.004171394627379977,0.5373707781130294,2.4583766132022156,0.44942864076701367,-0.3662043365283851
-0.007871104159928416,-0.01452413555302291,-0.007529556215515998,-0.0035611877537055636,0.3597242011697925,2.69001040768721,0.16189219427686014,-0.4218266378613473
-0.007734235246765523,-0.014619255465355752,-0.007138431837630827,-0.0035015267863816395,0.6312507444311142,2.538179154973889,0.18910447200588074,-0.4239464778101825
-0.006878776490598561,-0.014272724500793935,-0.0061467273365860275,-0.00449559701085349,0.43015416960825364,2.2147005054959235,0.5823151894043751,-0.3000762681030426
-0.0070165735246441084,-0.014393618969059663,-0.00625831982220907,-0.004253799832057945,0.4559980988607954,2.2524185814464777,0.49392643872402603,-0.337356130247436
-0.007180530385362875,-0.014437964663455934,-0.00648552955045698,-0.00412312397986952,0.48694933916890076,2.3332441246186533,0.44102223211152874,-0.3599615175900956
-0.014303711841978798,-0.00745479580756053,0.004237570757546223,0.007170720814985709,0.8115193242145003,1.5554035973653182,1.5120378242735606,0.7462204889272909
-0.014473947867902,-0.007437497297957871,0.00394083430793344,0.006882455825571975,0.7670599910798844,1.4192871246287921,1.4553052420883927,0.7225810010195165
-0.01438153448432905,-0.007591233601480755,0.004011117201458372,0.007299862376428791,0.8155927683062915,1.4592362443861218,1.5326288153672902,0.8400183462366644
-0.02112793436161342,0.02094404671692257,-2.0160639205409452E-4,-2.116166200727038E-4,0.006417511511821935,-0.10746918044032931,0.00774780563727464,0.12683746816902772
-0.025,0.025,0,0,0,0.020969084948796127,-0.0020643003982048717,-0.024021342467957344
-0.018842934607268106,0.018867026948838416,-8.321755200867111E-4,-8.235527638770573E-4,0.02438910225514681,-0.19837733850021347,0.052198723277102246,0.3275680597803118
-0.016263394782605457,0.01563727288960078,-0.002305526099697266,-0.00258561300690598,0.13668334290293424,-0.30315613555752186,0.20339695701302205,0.8389238513801017
-0.01673099676564059,0.013668158969057998,-0.00195444064264959,-0.0036668392290231627,0.22668999900669448,-0.353097322580823,-0.03287485435956941,1.0975615669560248
-0.01806940970328083,0.016655299809553336,-0.0013242371162011234,-0.0016777162328869082,0.08402713052861358,-0.25644148504196496,0.03954364171667926,0.527666544187012
-0.016444153225287528,0.010578226637523145,-4.960326094173938E-4,-0.0055598532987057156,0.3616641196804714,-0.13842951371440618,-0.6478696610692006,1.3395665916161295
-0.016845058068309233,0.011346299869795122,-9.417817448286233E-4,-0.004859272355912046,0.27141824267376097,-0.24498452120012598,-0.45065376705374655,1.2315864337987146
-0.017468597754005735,0.01223535628037362,-0.0011419971485062696,-0.003939606843045087,0.2019976259755698,-0.2808073406309081,-0.2792191451208936,0.960422700965891
-0.016376204437755264,0.009341317261877372,5.639200151576033E-4,-0.005621433543249366,0.3637548240400307,0.16499898077195452,-0.883277077587733,1.0439625121765888
-0.016507278839498946,0.00861998834085561,0.0010757723307266325,-0.005211742537438508,0.3179240614515196,0.3292403209979559,-0.8913563678776164,0.7573075788594226
-0.01687824790609429,0.009932963043665784,2.9729778483349296E-5,-0.005069364484006443,0.262432328277145,-0.01133420047994583,-0.7108812352387743,1.0208959126339718
-0.025,0.018733575722169347,0,0,0.19838159555125312,-0.009300891486772505,-0.06219525053096011,0.0018562431370154405
-0.013704014729422396,-0.006394013937467147,0.005514931605630448,0.005664085581805484,0.8564675434994106,2.0780966283134177,1.1111803269457754,0.06679531805338655
-0.013644843410250553,-0.006577264761224861,0.005700102322302906,0.006073224169881362,0.9184786072078213,2.165934544487348,1.2008485279449563,0.14446044383348888
-0.013750556019033765,-0.006693441434347548,0.005504956268668229,0.00625071909527954,0.8732228755759189,2.090573980390833,1.2632169990057414,0.2217688148397504
-0.013822810400044627,-0.006527786887327054,0.005321803747207654,0.005858155919988996,0.8722701078655212,2.0029559538811204,1.1783153020396082,0.14546575132502773
-0.014221641019906126,-0.0073208682191713715,0.004462787438088194,0.007032711151565728,0.8593110828689875,1.6506069953483233,1.484779887519269,0.6532650208469416
-0.014399159280766355,-0.007302380748232049,0.004139301646792022,0.006751669472378915,0.7748264344832317,1.504695544775345,1.4311655726565935,0.63510373368664
-0.014045084994930429,-0.007061073770271073,0.0049006352637893415,0.006735088519285083,1.0376892488632408,1.8376916012764053,1.413753399828584,0.47387302453309516
-0.01395077548971791,-0.006935465283302505,0.005100825576928794,0.006584763057637215,0.772445814478005,1.924894946503949,1.3701759762301104,0.3876222901966326
-0.014124190971280648,-0.006924824213706087,0.004758675810392407,0.006378950226449638,0.818727774942359,1.7694868228489555,1.3395645312668327,0.39180507759241756
-0.01413540329229132,-0.00718958373010223,0.0046848356784316165,0.006886803389700845,0.9418336638912027,1.7448879167062257,1.4517343011955093,0.5622335878026139
-0.014314517482414496,-0.007167581410700823,0.004344745365325524,0.006618967977824369,0.7753559670777775,1.5929272095309424,1.4026676728779834,0.5483778157977862
-0.014220745398874418,-0.00703911667824043,0.004554840713250492,0.006492534050440661,0.7737717095700126,1.682547484277907,1.3711875054465619,0.46564887198558896
-0.01385256696814258,-0.006812880963004883,0.005306395949919665,0.006420164467571617,0.8855144121867681,2.010281782814239,1.319582044775767,0.3027630803308326
-0.014031971845619674,-0.006788886082020061,0.004944892244814745,0.006206026717893185,0.8556450339550858,1.8482202166656336,1.28973634138624,0.30574525758961973
-0.013930698622098,-0.006660039218701704,0.0051347896238095265,0.006040236693914458,0.8512617220138751,1.9261024605097623,1.238699070596237,0.22656750767773423
-0.012534803145600099,0.003761840429872902,0.005465890544049114,-0.0019644759362943166,0.4469029724851648,1.5190612816421745,0.041576304385391775,-0.3755159985883987
-0.013624533812429052,0.004978480279275117,0.005024508702015368,-0.003500843666698863,0.5678374235375897,1.7162409941666208,-0.4271201163050985,-0.31004643537089654
-0.013442229335510031,0.004871295725948714,0.0051914963886530545,-0.00335351603516627,0.5907903235856432,1.749402492290382,-0.36690696722483723,-0.3337764954046156
-0.013242547077716969,0.004650655794993727,0.005303374632280365,-0.003065196823792699,0.55629000480377,1.732776756641753,-0.2646312889809402,-0.3617788031065227
-0.012862369493964713,0.004037233351965493,0.005345335680785344,-0.00233137767170695,0.47994148371821543,1.5836705394407502,-0.06355803886410379,-0.37969521053649596
-0.012909468496925716,0.004458381960897408,0.00555118374044701,-0.0027559929836344778,0.5718297021104175,1.7498873944713764,-0.15122739127943638,-0.3823128281916888
-0.013923230705669016,0.005043643664267704,0.004697803802383528,-0.003577196357252243,0.5430815220177153,1.6110025002183679,-0.48010690960215424,-0.2782788084977699
-0.014234991977942436,0.005463431441314659,0.004427592826247061,-0.0040446849514806605,0.5227043751317352,1.5724962476973787,-0.635805041278578,-0.1916326212230899
-0.014474672995142306,0.005836296433720968,0.004187745611938549,-0.004433839634376412,0.5503428244014461,1.5059054205229485,-0.7718593062111564,-0.08395692189590147
-0.014791266247554512,0.006127188079328789,0.0037968889280476257,-0.004646442623697222,0.520268280584426,1.3651246554373664,-0.8519451979762823,0.01626347780000109
-0.015130486940211395,0.006615819363398889,0.003308050875084244,-0.005005784169823348,0.48085223337970906,1.1943544363388956,-0.9564763134210149,0.18077228668934703
-0.016288104155832313,0.008060538152601241,0.0015633612908240951,-0.005164152902403816,0.3318266955561455,0.5150618348278152,-0.9384737173772362,0.6048431763258905
-0.016037239359139883,0.007311897783153079,0.002159641681225587,-0.004883788939530745,0.358925904791839,0.7431758442771541,-0.9162371891151855,0.37115555817785134
-0.015734309293177956,0.0067805707941433644,0.0026318307744635145,-0.004687794194542016,0.36964917604776054,0.9318769882777186,-0.8883780512670681,0.21736683562319217
-0.01128443814685019,0.003537937174988142,0.006122509313681469,-0.0010627037805838802,0.43435747927987206,1.4202328326617233,0.3423768293551304,-0.2996613506955596
-0.011811902275626526,0.003531359741828974,0.005827876885364338,-0.001417440302471972,0.42002550989873566,1.4451902611063518,0.22423638053452605,-0.34106403356756987
-0.01238362737927133,0.0033191700184235385,0.005331742866127067,-0.0015738753914917583,0.384501332328602,1.3351281910163406,0.11239037188582514,-0.35692568805142627
-0.007684161289494361,0.001935675427955618,0.0048169000491539195,8.27162446557099E-4,0.06409288465218825,0.051632626107141824,0.3112979990161298,0.16612811793832397
-0.008609086927903572,0.0022770018301837384,0.00532130989322492,6.499680854282021E-4,0.10266240632085614,0.34695294099565205,0.41149118315195815,0.05509363505836508
-0.009084044030346627,0.002501932345204796,0.005573397546625911,5.08604648529739E-4,0.18050102973132276,0.5202455467211479,0.45175665615096394,-0.001554492185416574
-0.009796566112236914,0.002794825919178203,0.005850206823578154,1.281681135375654E-4,0.20515846828575374,0.7773008805814446,0.48041910704492496,-0.08837530889063529
-0.010391420641160581,0.003125232844954091,0.006065218270630945,-2.7156790142919123E-4,0.3286153418548618,1.0624005926734084,0.47107311715360684,-0.17399561298167288
-0.0109721938407066,0.0030518622956651606,0.0058820370680059565,-6.655446796272819E-4,0.307588508768699,1.145720183370886,0.3678889662918544,-0.24924515153682605
-0.007352962094613454,-8.238805141459571E-4,0.0044414927457439605,-3.6391916643660954E-4,0.02992976677697941,-0.07256624199328239,-0.12172846582286827,0.15203385878040765
-0.007628919845835966,5.231407677846701E-4,0.004532201531253949,2.1628485547917805E-4,0.026653535210992462,-0.016019716820035192,0.08025677483602406,0.09049092395487666
-0.008468851578423416,-0.0020002343932402477,0.005161658247230826,-6.108668069310016E-4,0.0832269454200908,0.2563663679041539,-0.349846927993348,0.04207476729131777
-0.00917381089178316,-0.002987268275412413,0.005881037105325528,-5.631454011523537E-4,0.17989852502937262,0.6430278498838734,-0.5629346262626336,0.03172767452082285
-0.009737192716343176,-0.0032228115562257277,0.006157848187656442,-2.165235478110889E-4,0.295152027984763,0.9184818467425352,-0.5712043254644761,-0.06021414873968569
-0.010380357380855895,-0.0033113247545630874,0.006214561334904308,2.953766786190736E-4,0.3277886731590796,1.1358488833184117,-0.5051749558381621,-0.1713771915760647
-0.01283841878515235,-0.005526040887089185,0.006481341280230338,0.004099790204464357,0.9076314503506931,2.3440811570900917,0.502015116031247,-0.32390688020533825
-0.013617772794510364,-0.006111987833821373,0.005562154288107496,0.005167202689414494,0.8482707264872883,2.087333566008509,0.9395878655522597,-0.06568947426277322
-0.01348111414426692,-0.0060471014903306945,0.005776838839868262,0.0050806906536958905,0.8736413688883932,2.1653688810425495,0.898663140959729,-0.10674184877179742
-0.012986227053094919,-0.0056189893416051465,0.006326893143754039,0.0043019597282075795,0.8892723219127704,2.3115229059680584,0.5862551978517078,-0.2899629019366508
-0.013095066889744784,-0.005751995526998158,0.006258211027538635,0.004552210709233529,0.9105481021420712,2.310924313112891,0.6817495264405107,-0.24762699223024734
-0.013389591251511119,-0.005913061012829911,0.005860539724939578,0.004851248663141818,0.8581538512060035,2.185618053842431,0.8144577407672643,-0.1628344174318835
-0.0132479742704929,-0.005810719313924841,0.00603915599118817,0.0046720753409855474,0.8812805168605021,2.239974141547286,0.7404746200285438,-0.21119624141558213
-0.013754870152652325,-0.006209040542434295,0.005355027757312691,0.005295283406402861,0.8197503838155847,2.011935094947063,0.9915611197970939,-0.01228999130030347
-0.013772312479908951,-0.006008002389253318,0.00525060463041034,0.004942244889312122,0.7591483225589873,1.958619937844724,0.8844763234925216,-0.08229845048453101
-0.012291940201366562,-0.004945146468747874,0.006644312554819677,0.0029718478568582893,0.8115472184268784,2.202257290602269,0.0973988766992898,-0.40161066193657907
-0.012240702695618232,-0.004742441443766255,0.006493239868614241,0.0027046304648709603,0.7396008494542256,2.082947732322116,0.029197627806494965,-0.40087261695074394
-0.012510011992099395,-0.0050754241066446005,0.0065067070253688394,0.0032792924271592095,0.8185409074438821,2.218222081531806,0.21238862132242134,-0.39091836287442894
-0.012812695042488838,-0.00533948322971677,0.006342725934081777,0.0038018951773416882,0.850226202776084,2.249748261651811,0.4092353234134221,-0.3473784542687027
-0.012737854214742352,-0.005151474139444198,0.006275782940156166,0.003502564228650436,0.7971788998713765,2.1758972618063988,0.3112573122582881,-0.3704790160164165
-0.011280151565817033,-0.004094343736760305,0.006628516166013373,0.0013537075897728018,0.5647424265728008,1.7303895604075468,-0.36376811209295973,-0.3213442548471365
-0.011535036129871784,-0.004260127188662385,0.00663414638448817,0.001692459958976774,0.6204136074078245,1.84592041290646,-0.27913129020608357,-0.35473804200038345
-0.010897914418022287,-0.003496298214894835,0.006241177162021295,7.509153975286817E-4,0.3988960330899473,1.328673055400069,-0.4300021743760239,-0.24992919606103037
-0.011231503257776346,-0.003748208040408565,0.006323090967028487,0.0011237130235146023,0.47653976407669657,1.5091648235896686,-0.3651719270266589,-0.3000739037624175
-0.01183218958174169,-0.0042246124466705755,0.00637521034037489,0.0019149812019257553,0.592307608547006,1.816305484749744,-0.18186866441701724,-0.3755570940891388
-0.012097106796635343,-0.004336388694163834,0.00625351920987153,0.002203235805469821,0.616583861827359,1.8579183729638944,-0.08553757405025253,-0.38984294403352365
-0.012290847630392222,-0.004517307845158138,0.006230155187701918,0.0025031543557163254,0.6509359442496514,1.9346163892232597,0.0034699494559618624,-0.39718701327023614
0.016793592856199715,-0.021107757642311042,9.20424969018313E-4,4.322831429925772E-4,-0.06239658626957307,-0.14895039143016908,0.15116036551302273,0.24656596822782778
0.014704507687773868,-0.019168711278886724,0.0020674580373194387,9.326622825797758E-4,0.034827411222949405,-0.11192192485712087,0.30174996121905817,0.36839820844908294
0.012085595835363516,-0.017893121841441605,0.003664095697218903,9.309921675816252E-4,0.14028056085338128,0.2676059348144284,0.5984121498362676,0.2861212275115563
0.012796315035297864,-0.018963959879649883,0.0027611546463289873,7.932562905223789E-4,0.0760159942809464,0.056245971782764206,0.42564394839985925,0.26471926903454657
0.007721196436695019,-0.015546273702810953,0.0057585910034371615,-0.002354986827147284,0.4104214581785152,1.9058486654031717,0.1639177391835094,-0.39772890764701563
0.007312901553101746,-0.01544526816487973,0.005463159119417589,-0.0027014213512449098,0.3417037981619328,1.8583728960343386,0.037516295918203074,-0.4085549878614751
0.006790560749381029,-0.01541094271206504,0.0049489083083950865,-0.002951243901400066,0.3080584857191562,1.716692970346054,-0.0747382249060727,-0.4040175601336032
0.009466056109518351,-0.01698551255718375,0.004882848075972624,-3.4461349543925176E-4,0.2583008690710862,1.1277880024267906,0.6337708969912335,-0.0960277067632706
0.009035648134112432,-0.016737717997127432,0.005067865101547989,-6.874185634805938E-4,0.3139502260206901,1.3022941322234052,0.5819377247909697,-0.17327871617100354
0.008159276099533774,-0.015916177503834054,0.005646668424500233,-0.0017432962217670722,0.35519815276428574,1.7499497368990862,0.35125810211464487,-0.34746239912048027
0.008515610122988182,-0.016568260676905512,0.005060381861663439,-0.0011229337448538709,0.2785938241151246,1.4296942635996102,0.4822643067081693,-0.2552938304883352
0.009963473460023414,-0.017547945548188133,0.004347349036815336,1.329268739312629E-5,0.21547124371627008,0.7980126952528181,0.6112064546638728,-0.012318341305063488
0.01073124096045732,-0.018180092682788238,0.003748489970804314,3.3320775036963326E-4,0.14397137739020727,0.47150609674440636,0.5562328527004605,0.08314664846544903
0.004927020794479554,-0.013225916233512111,0.0033992569453874725,-0.005514830132830536,0.1932437868696004,1.108109877235301,-0.8532691235736074,0.10826147487679294
0.004610408071034054,-0.013006929760054756,0.002972053580676403,-0.005574914430848302,0.16753336404914257,0.9339677333546789,-0.8412845443831268,0.17083511134141335
0.005113156379379539,-0.013521724496974025,0.0036787332032564486,-0.005246930678578128,0.22169533449936826,1.2249733269904768,-0.7937478289146463,0.005601424220174595
0.005240980875662986,-0.013945092373855723,0.003816860807421652,-0.004774801879124967,0.16369790170920037,1.3010010039963031,-0.6564746310844618,-0.1395438832195273
0.00551221035012248,-0.014360884288153403,0.004069128331751513,-0.004318387327512303,0.22205252186405544,1.4065252274877849,-0.5258717147741624,-0.23744199892329512
0.005702820644743317,-0.014645589712616338,0.004194752121666473,-0.003992533637121922,0.22247432114107707,1.4644622348885956,-0.42871017940746486,-0.29544778484992046
0.005994127058198467,-0.015187781720693763,0.0042556443705641855,-0.003369397524023997,0.23056434533881548,1.505801036166423,-0.22956662323520088,-0.3753674276711507
-0.0030779281074847214,-0.009696273164868593,2.0017762557520918E-4,-0.006033893201771583,0.21061948793297616,-0.13730428760513427,0.5198679736228541,1.0518375191120433
-0.0026024901370133528,-0.009098699398110323,4.739836631070631E-4,-0.005623793619829888,0.22223508147927482,-0.220070309992787,0.3737586707042136,1.0159102061531133
-0.003119098548125525,-0.01039028883928416,-3.1584586820533107E-4,-0.006057532851922815,0.20938664973732782,-0.016681128646370683,0.5971030461788543,0.8647428061829182
-0.0034231763459971675,-0.010807158108445951,-6.830727314781965E-4,-0.00621392611761978,0.19659266826170263,0.09955528090475108,0.7033074396873767,0.8280913248913236
-0.0014851973571839852,-0.008738745990028112,3.4441711887448926E-4,-0.0051023702292171255,0.12169420387196662,-0.2563224536767545,0.19781242691051631,0.8176765924557803
3.8005208725679676E-4,-0.008736680088081612,-8.683655903693332E-5,-0.004918566930183242,0.09310981742715473,-0.2527083121734039,-0.04972585003249613,0.687034596664727
0.002396057808505016,-0.009586841176113192,-1.8712906978992697E-4,-0.005601901575890294,0.1484430431033387,-0.18160408949064205,-0.38430514997021964,0.8520475640175909
0.0030674869165689816,-0.010270443318357763,2.082621787122452E-4,-0.006032899536242293,0.17410907017739977,-0.040424821169728294,-0.5780371137220709,0.8649669410161157
0.0013053739002668347,-0.009591373008631257,-9.37467618035237E-5,-0.005199861267486102,0.07407657947575673,-0.1924602438009712,-0.20981365021851434,0.6240025563948876
0.0032566104615935018,-0.01114558406989196,8.816767978892481E-4,-0.005972868761682581,0.14981455909499308,0.14308489479130415,-0.6632263522005816,0.6322200676250204
0.003962080768697622,-0.012850588882670563,0.0022832512471719153,-0.005342808047996999,0.10948577186586061,0.6614222952326955,-0.6960992272898181,0.14263485458378364
0.003376508878885673,-0.012130998196607599,0.0015367399690926684,-0.005541666647645536,0.09362253753631532,0.3677921990230896,-0.6524164723516944,0.30954291098931347
0.014410572767669348,-0.025,0,0,-0.2163904887139725,0.05582712294990347,0.19234763047508682,0.01020336351153144
-0.006254101040971569,-0.013973997160094837,-0.005285606709060047,-0.0050020666240545375,0.35002793906097246,1.8768939695723768,0.760686764853349,-0.1647403703481604
-0.006421397479090386,-0.014148059764893403,-0.005464903979380417,-0.004732169072191493,0.36696713834948813,1.9493763704853884,0.670594103109548,-0.2280531206515298
-0.006647080925043337,-0.014300780439892916,-0.005725523699754402,-0.0044766138709411004,0.3918600347073925,2.0509566511745887,0.579238560842103,-0.2857435670111583
-0.005811779107579399,-0.013880409986750336,-0.004615529830591135,-0.005036115781328752,0.27994034085985803,1.6124455383313805,0.7651139581950613,-0.11591488038007043
-0.005977240784074932,-0.014059547701937711,-0.004806324871269213,-0.004809461636173789,0.29213550373218006,1.6932542315111527,0.6952967256315444,-0.17905014509728231
-0.003585381354615385,-0.011417113842599535,-0.0012085895593003423,-0.006102225086580053,0.14146262058279277,0.26489911421046924,0.7601273461727229,0.633440693718247
-0.003601765639815479,-0.01216383598047004,-0.0016984549307434876,-0.005665180524353517,0.12422408824957328,0.4308870942039141,0.7086361843274404,0.35330977314058715
-0.003790342612246127,-0.01258642177379771,-0.0020337979325647376,-0.005464991868320683,0.10609718963642308,0.5705656862225696,0.7006228171296572,0.2239822277768703
-0.004536616192311549,-0.012743775412955032,-0.002791506128061296,-0.005810146318723009,0.1758697654687816,0.861660950223282,0.8868896913858302,0.2713721326214657
-0.00409306361761257,-0.012785552367040928,-0.002375119338292502,-0.00547637113551687,0.13216886117863036,0.70415133108206,0.7470465114287285,0.19074449337860463
-0.00560735547605669,-0.013709425192247344,-0.00434538401632134,-0.005214828331579776,0.25741215676521684,1.4978248803753462,0.813905157163347,-0.051922910179945166
-0.005233678439954406,-0.013280840917895793,-0.0038046258776607065,-0.005631087650441654,0.22610848048480237,1.2656110716880937,0.9128523477456701,0.11169898650300074
-0.0054051672621622604,-0.013518738833936837,-0.004064572074677162,-0.005395964517294812,0.24075708734463722,1.379335592531964,0.857827565008399,0.018361049578453432
-0.004841687254106525,-0.01318991986076522,-0.003287644922120275,-0.0055086217866750905,0.19234303062716757,1.0673830495376595,0.8443884209736431,0.11549743851311475
-0.008014263716568458,-0.014588774500088612,-0.007642726783734804,-0.003311120199583838,0.6658120508310028,2.705015191226136,0.06502899307270986,-0.42814410234910855
-0.007869086906106274,-0.014712525252723277,-0.007185115915449303,-0.0032486451362623435,0.608916916602504,2.5338185591097417,0.0953780810022909,-0.4330989856126597
-0.008159381790995318,-0.014648884232660605,-0.0077439585082617925,-0.0030671928051238685,0.6769842938972134,2.7135138999745894,-0.03145269222174657,-0.42826037017985424
-0.00801795251247815,-0.014778536726907978,-0.007280787668619512,-0.003020018598831498,0.5933622775258427,2.545951460569493,0.005296485614284626,-0.43610170817020544
-0.0075860823779242935,-0.014672635648532759,-0.006820708134127944,-0.003523821868241074,0.5218397860881369,2.425484169945896,0.20790627762953373,-0.41577017504538
-0.007434725410105484,-0.014632756650598008,-0.0066434323880200374,-0.003680063880575183,0.5043140873677285,2.371233839351868,0.27231727651468723,-0.4033100399116078
-0.007287736974146097,-0.014558697136183055,-0.006509335736777741,-0.003875864398584608,0.48229879672699555,2.332511220479572,0.3485902788780067,-0.38529533658200293
-0.007682491883896577,-0.014820778855506037,-0.006733411500219263,-0.0032372829646075685,0.50577190263563,2.369889892725556,0.10174965231739366,-0.42422666585503077
-0.006815817278655045,-0.014495640561269625,-0.005823177688725453,-0.004136798808682419,0.40118802622860367,2.084090736557306,0.45874721409808467,-0.3374869202512247
-0.007069096917967296,-0.014620958587438608,-0.0060864465885784825,-0.003867931527852828,0.43208190975402033,2.1741079876091027,0.3564465864957187,-0.37519957661625053
-0.008306313695911128,-0.014704405031812397,-0.007837083207951357,-0.002820901968152298,0.7158205248788952,2.7153479623262915,-0.1281491446945688,-0.4223890497822378
-0.008168763371265946,-0.014839562630703925,-0.007370064057770326,-0.002788711565430837,0.6046796754113731,2.551298825042474,-0.08560182402914963,-0.43336362551095803
-0.01454924633991278,-0.007580226485189175,0.003726663855081968,0.0070098101107574995,0.7469759385551963,1.3276564856863864,1.4745521537478306,0.8151721436544622
-0.014455032777517945,-0.007730047808600203,0.0037829162006112675,0.007420683645815686,0.8732997058894046,1.3615396314986492,1.5469516883843932,0.9348807004980987
-0.014579293525773458,-0.007288211579167828,0.003842612960824981,0.006490455279650836,0.7095356204358146,1.400257172029305,1.3549075355160058,0.5963679291694001
-0.01464106513442204,-0.007424739888636858,0.0036744639073531915,0.006624767615062998,0.706580217403325,1.3271452542722983,1.3813031137043927,0.6798592843597017
-0.021200319594349648,0.01661882669035259,-4.155107798697093E-4,-9.402242794066629E-4,0.10478693213021208,-0.18070751212891006,-0.07345391408213688,0.2735845892103273
-0.018691282857876253,0.01423038275105381,-0.0010603965042460994,-0.002426965960232182,0.09159978981302021,-0.2766990313593897,-0.12033152331672083,0.6112335712855108
-0.017687389767250292,0.010746448818621652,-4.036430168253427E-4,-0.004172309979752473,0.18806694751526784,-0.1281712264167222,-0.49238564258976586,0.7959905730158869
-0.018968623898444212,0.011934953521072458,-5.76433909644715E-4,-0.002977396573090069,0.12530603231927132,-0.18106693602812282,-0.30812809387754825,0.5683840763551409
-0.01708127540787296,0.008079019093918846,0.0011362070970157752,-0.00436902874527303,0.22896530097282292,0.3764328348133705,-0.7415346883925927,0.40958067511114155
-0.01765040852369254,0.009105256256711434,4.460813390354768E-4,-0.004174594829458428,0.17758387152851496,0.11564375268175388,-0.6329295669214199,0.5345614403615363
-0.025,0.014410572767669334,0,0,0.23682441752867392,-0.01794707493428668,-0.1810999341982038,0.06600758586215455
-0.013993937935531796,-0.006506451893627016,0.004996402325316659,0.005706726314701242,0.7889046656382747,1.8760091258406153,1.1355019716182493,0.14455953033463456
-0.013919164492694506,-0.006332475375045958,0.0050980854753444405,0.005439609047105577,0.7817600176147985,1.915432936925567,1.0486593688470072,0.05599443377839176
-0.014502104621396754,-0.007145380561345345,0.004028137835111988,0.006353368388712129,0.71997815864208,1.4796030321893945,1.3250477717456322,0.5116801012940596
-0.01419020779102666,-0.006780636311534173,0.004649837848352976,0.006049893224635592,0.7687194262548431,1.7348904204703373,1.2451209751929027,0.30234686419311296
-0.014300006612083034,-0.006876840410151168,0.004443998013848836,0.006116918559208351,0.75011035635377,1.6516525420623334,1.2655229390824723,0.35786103300866917
-0.014408235373395485,-0.007008247852088295,0.004228983598639734,0.00623084186813085,0.7349602634771079,1.5635909697664518,1.2958215958663226,0.4327186577765137
-0.0141449370009985,-0.006617178462701542,0.0047346688154154175,0.005796496220791336,0.75439284699289,1.772544127131947,1.1689542594801223,0.20846112450755025
-0.013098363655617895,0.0034157683246205215,0.004866431739476692,-0.0018945359844841651,0.3654527891400421,1.3127602126926117,-0.010019339265448192,-0.3711399289707363
-0.013717896991402188,0.0046147896763221365,0.004769745729418848,-0.003094875125805812,0.4924814766037703,1.5651862674469912,-0.3285447717602134,-0.33270063556370416
-0.013332553050686159,0.004117160428118384,0.0049564152468028755,-0.0025454224488427146,0.4479068717125328,1.5196182765422426,-0.16688012383783535,-0.36675820122743624
-0.014411932637911639,0.004787625973011429,0.004105682392722901,-0.0032632391460246627,0.4095782833285358,1.3880192472643662,-0.4387848962690665,-0.2770960375954972
-0.014894404536621103,0.005499041590359168,0.0036723945680495356,-0.0038739236929961444,0.4234987835280645,1.30194475411858,-0.6276002157644242,-0.15303507547025477
-0.01571749306829924,0.00589020015863052,0.002852945545269946,-0.0038902122592239024,0.30591933076299477,1.0039636786176747,-0.6730779322527977,-0.04760340270879703
-0.01685188918725743,0.007226407848793148,0.0016313833737666157,-0.004128783578034021,0.22747734241168258,0.5601420559426024,-0.7268603151613467,0.2200479231936379
-0.016264761964971102,0.006616792943236008,0.0022327475954640823,-0.00414714609982719,0.2914136552749907,0.7916035595922313,-0.7359055728338458,0.10504784660855611
-0.011707078275967592,0.002847578613039015,0.005465084091982374,-9.837456456778402E-4,0.3274161739960633,1.1459026980468054,0.22973598549049168,-0.3090036551361735
-0.012613503764759618,0.0027348092386807843,0.004934340670556805,-0.001302117754029372,0.2795221564023237,1.1508548604917248,0.09494575041359998,-0.3460262756227816
-0.009203088049140945,0.0015147466273237055,0.005184821663558248,2.477918776576666E-4,0.07740206618193655,0.34571023709643084,0.2548590360311586,-0.08462597916584323
-0.01072881481821515,0.0022144328175308895,0.005459860289370678,-3.2033492098514836E-4,0.20824911789504316,0.8190478234561168,0.2976105261358332,-0.22076731185451617
-0.009204838132087763,-6.090113824483485E-4,0.004996830957721095,-9.245364062260592E-5,0.04437794742302754,0.265436200898774,-0.10250023578066016,-0.11344000101307336
-0.009872742437084884,-0.0024125664686936495,0.005622138147429371,-6.871811463310444E-5,0.17255302120382834,0.674717530587751,-0.3992105480235354,-0.12559185914520468
-0.010798648667943653,-0.002772539543357725,0.005744321655222203,4.700560082645197E-4,0.2971337921470482,1.0051201047560292,-0.3557906008101388,-0.22969224711213224
-0.013024241674288303,-0.00540575271803924,0.006085326759039659,0.0039758497838482424,0.8137893867842189,2.17963056676806,0.4933940958133816,-0.3161919938733204
-0.013605754100617826,-0.0059085137845789545,0.0054860844327414325,0.004815950255492065,0.791029753743315,2.0415979914863276,0.8284848706461387,-0.1338890169012881
-0.013215641677084384,-0.005578806849992376,0.005922342375773916,0.0042841735256391525,0.8122401849206583,2.157625640925101,0.6124209999953097,-0.2658935865454
-0.013442288209159456,-0.005710488445654965,0.005647772359158153,0.004507415696694456,0.7888466970236632,2.0776588372508265,0.7126322789990834,-0.20724624694275554
-0.013929633454905646,-0.006108531559179929,0.005023149940107212,0.005052924810045849,0.7345059553040043,1.8747389537534167,0.9336679646950933,-0.02955484046305618
-0.013939452429766946,-0.005931254464951316,0.004956829932815359,0.004766940383452975,0.6934934365859865,1.8322086084365883,0.8402870897780442,-0.09323669642635755
-0.0138301950144515,-0.005794124502095453,0.005079878020756188,0.004587187517625841,0.6991323935864536,1.8676482699564827,0.7745434420451295,-0.1443806813865662
-0.012506730837666308,-0.004729017814086076,0.006186771243232956,0.002859282618308814,0.6968150040913351,2.006997352208121,0.11588969910876104,-0.3952342158321143
-0.01277852894601879,-0.004886084937062407,0.005999445161728681,0.0031799100383341715,0.6995321779953957,2.010222109308673,0.23779098419264957,-0.37927174607553243
-0.01299832355080567,-0.005123397262422251,0.005900619531420273,0.003566979544203445,0.7295948537010546,2.0489903121620063,0.3711398724376319,-0.35049321935083716
-0.011652056466275993,-0.0038106936100242464,0.006141195557463145,0.001485576698846762,0.49299287056057495,1.5679605052173373,-0.2537756284612391,-0.3447546845456251
-0.011390993596188332,-0.0032772071124082154,0.005876148731493463,0.0010164390018039555,0.3753677237310766,1.294762347418574,-0.3055131435205789,-0.3022001052874716
-0.012138474892309598,-0.0038946273485435654,0.005863935415218595,0.0018665942409707766,0.49196397407346143,1.5959477760797947,-0.12694305200595904,-0.37262362832701496
-0.012329222259873733,-0.0041916454742570415,0.005929127210158032,0.002220349180827298,0.5652638212353501,1.742647652493521,-0.03790189322707085,-0.3890011226110041
-0.012542839113216573,-0.004367058836116894,0.005859587784766325,0.0024977771919213604,0.5958290777838993,1.797813921211088,0.04505654703113082,-0.39341276850891393
0.012867035457778538,-0.021503253719866253,0.0015461439832319206,2.690872435630335E-4,-0.02204956454476922,-0.004825306936328991,0.27320010954534624,0.13939336962259977
0.011171075547332755,-0.01955249532054363,0.0027707785559582423,2.990871233471823E-4,0.06539839339570509,0.2112144568428412,0.40163424100168116,0.07268052227278014
0.007227369268192436,-0.01609125060367493,0.004746484086809333,-0.0021491126413938615,0.28775301364514566,1.545321938293236,0.15361824336222704,-0.3832182896579734
0.006311979807600566,-0.01588260450231379,0.0041400982220259,-0.002646940238376503,0.2264196849975259,1.4286505028319887,-0.017080451412122475,-0.3900455704824336
0.008753205701145484,-0.017511624464483403,0.00421381230731764,-6.491802891817224E-4,0.21552922176929618,0.9818856134883003,0.480119961818013,-0.17170538195368182
0.007661887647621826,-0.017007086720959286,0.004206941468295558,-0.0013686388157730463,0.2391245788463754,1.204596006157738,0.3426630128259023,-0.2881668969176581
0.009465752698525487,-0.018868930288486407,0.0032510366388753503,-1.3260784020723666E-4,0.14738589065055516,0.4991531005469278,0.42685299038308516,-0.06499251554639347
0.004510638941341534,-0.013692322241546533,0.00299724368170502,-0.00478263516733924,0.15307930273741013,0.9748384539083582,-0.6059860148410912,-0.09766927104580546
0.003711750597922218,-0.013541410527391091,0.0022357479997644437,-0.004643943417136752,0.047893485065394904,0.7216486507141044,-0.5309768807178876,-0.06815114336024923
0.0050494993994912645,-0.01482699475489603,0.0034130923313439618,-0.0037590491780228755,0.1374623184545026,1.218559350090114,-0.34585248916332134,-0.3129438172520132
0.005545111532866837,-0.015826977432887517,0.0035241408466978584,-0.002820218276332759,0.19468919085872352,1.2568574416541571,-0.10146495786411366,-0.36835086724393007
-0.002067067072895274,-0.010204869220075878,-1.1659110606102834E-4,-0.005456893086870478,0.09099315069872414,-0.11365235363537386,0.3658054554540385,0.6101990623423442
-0.002829797234886546,-0.011123270073185277,-7.018650112390596E-4,-0.0056919067782306675,0.0841761166243285,0.0873099244507718,0.5475938323824184,0.5272943122641314
-1.223069381789246E-4,-0.01041976033912437,-1.542845676569971E-5,-0.005024875325045665,0.003855320850139146,-0.1513821841705664,0.02392470737295092,0.3487926073544846
0.0018719346773892276,-0.010939472263195376,3.7669039960331355E-4,-0.005284693357187675,0.032680021795799326,-0.03885856539819111,-0.33572181681841595,0.38515384986283585
0.0021707711256844417,-0.012132156064881673,8.772148844890785E-4,-0.004977558031850698,-0.006259155395607208,0.17106765510090283,-0.374875582962616,0.11898170094327883
0.0028899433092358447,-0.013296256021710652,0.0015826318428052925,-0.0045320209692887295,0.051400004622908814,0.49144939138454763,-0.3979003813437794,-0.09087578483642124
0.010729293840437144,-0.025,0,0,0.00552145399177227,0.13061839420017737,0.25989361952931184,0.005820170513451275
-0.006160815975047364,-0.014234481566328162,-0.0050022323651882075,-0.004574621537535483,0.30812601892117725,1.7748458261049123,0.6203011236538649,-0.23649551203444627
-0.006389119500919908,-0.014347399081573016,-0.0052804592116831245,-0.004412957730032383,0.34057747517419157,1.881286016490997,0.5654380526833596,-0.2759853808601113
-0.006519751463915898,-0.014596478502995044,-0.0052911201741851965,-0.0040367311018405195,0.3319254357846844,1.8835501665526115,0.4359772673770059,-0.3325228356137711
-0.005744277121339961,-0.014104594705049666,-0.004453212679913174,-0.004692959476926892,0.26136713056645217,1.5563560518192359,0.6520010512898332,-0.18408895920932652
-0.005591375472106514,-0.01396476734787165,-0.004277941443711214,-0.004847859072002991,0.23692919753087596,1.4837763340366763,0.6956502273003907,-0.14130004958813072
-0.00584888524903631,-0.014330233827045739,-0.004514913133578011,-0.004403106858238273,0.2577111519442092,1.5892045422878331,0.5603681550945354,-0.24599986751048797
-0.0028505736840723044,-0.012171869336363939,-0.0012429629568716852,-0.005237501440741859,0.07360150573442893,0.2793436170282353,0.5134756243837869,0.21554336315339692
-0.0033911190871706467,-0.01256648289670252,-0.0017188149575246379,-0.005261456974464983,0.056443477021581236,0.46576471502648065,0.6003852022760537,0.167934901819066
-0.003714995827342859,-0.013046237833314506,-0.0021347711726373013,-0.005044417164437515,0.10038920970740005,0.6374201836471155,0.6022901736810509,0.056848582192826784
-0.004276009263109587,-0.013187217806193295,-0.002672848921908347,-0.005201633117970562,0.11395812723804376,0.8348127112028466,0.7022225594550809,0.062323127346267417
-0.005322133138877402,-0.01386582034848538,-0.003936366378863962,-0.004890314747020601,0.22836322161597836,1.3478432633798931,0.6958689661890252,-0.11277755305523397
-0.005042818302878792,-0.013595212455027863,-0.0035891464138027786,-0.005123246873213027,0.1820475484708994,1.2029764177074787,0.7489864695916064,-0.03057246491337463
-0.004636007770135723,-0.013555925209758016,-0.003117694207280646,-0.0049841937220968776,0.16311318073636336,1.0201608444892243,0.6785858359703442,-0.03394844590071839
-0.007869980358958105,-0.014905636952242299,-0.006854666800897482,-0.002975686202859283,0.5316342109231443,2.386751403320753,-4.6802871221990377E-4,-0.42747468774853864
-0.00802589829650169,-0.014975945580778985,-0.0069360705921092764,-0.0027510716903820782,0.5469683920972425,2.3893887054065104,-0.08732005167911601,-0.424355059477668
-0.0074507371020782675,-0.014812139926430363,-0.006414738150049684,-0.0034003259780766722,0.4778653037395055,2.267583363618885,0.17578425136158896,-0.4137486306829052
-0.0072467380406390424,-0.014755314282685911,-0.0061937902166556294,-0.003590989371178793,0.4449483867159682,2.200514346047285,0.25330622293249494,-0.3997849951522456
-0.00771466570011577,-0.015041710202169503,-0.006439767528746546,-0.002919117537836771,0.4784345746409873,2.2333215555724677,0.0010728843716014775,-0.4233384196923701
-0.007551904829874605,-0.014981719321144463,-0.0063174473679648265,-0.0031064513422566324,0.4575427484545374,2.2088572325380365,0.07390058637879136,-0.42111705757373114
-0.006757419374552483,-0.014770728867657781,-0.0054787066478547515,-0.0037455223969400267,0.3550994267865413,1.9449637974562393,0.3313043681890438,-0.3703730689159845
-0.007020762913745909,-0.014916705258295804,-0.005692049299934435,-0.0034620615957681694,0.3836778196057189,2.008458334913295,0.22464413966433003,-0.3973688382809881
-0.008454915646326116,-0.014755282782341356,-0.007922018210182668,-0.0025729095599596255,0.7457040731998074,2.7105083074619105,-0.22473951585630916,-0.41066239570870566
-0.008320613796018247,-0.014892944307041875,-0.007456863231841827,-0.0025592214156293955,0.6135930166505227,2.5521186815089556,-0.17547478202283348,-0.4249643598497545
-0.008605047553236283,-0.014801469324203573,-0.00799776902635472,-0.0023268414468912025,0.6847014483159035,2.697590844755903,-0.3199619334550332,-0.3933702785533241
-0.008473776162474796,-0.014939583260258928,-0.007540353314699633,-0.0023295017833387145,0.6312096850162073,2.548315902996769,-0.26479933055076826,-0.4110587493434128
-0.008182215077014577,-0.01503672563865724,-0.0070168343824564315,-0.0025312959798867098,0.5585679448979294,2.388963611358919,-0.17180178221714404,-0.41641044317519854
-0.014625315749621642,-0.007722910755858754,0.0035023540717591356,0.007118646648454252,0.7259392357341033,1.2323319798157628,1.4854339207559573,0.9063520616143105
-0.01452413555302291,-0.00787110415992842,0.0035487485854035473,0.00753543285443731,0.8731245697842974,1.2622200997908342,1.5554604557063534,1.030766373886557
-0.014718582025684,-0.007574929558600601,0.003464195094930195,0.0067447796661815355,0.7005095494264671,1.237309872378397,1.399520632907522,0.7700215595323606
-0.014698369879321549,-0.007868385721459363,0.003272792776269773,0.007218423041732703,0.7206980632299159,1.1361747840991807,1.4900893913005693,0.9976655821300767
-0.014588774500088612,-0.00801426371656846,0.0033087508362297335,0.007643804215281173,0.8435593220897051,1.1625807999998972,1.558496279641445,1.1275310345945044
-0.014801469324203571,-0.008605047553236286,0.002333133870055266,0.007995837152734112,1.0178819087097577,0.7735486891301034,1.5101737448097199,1.5125973713601824
-0.01497251762606689,-0.008634669640891648,0.0021005846230824974,0.007654506796052187,0.6888873316894301,0.6689641871439352,1.4344469601733774,1.4616057574535395
-0.014842921746160495,-0.008756573701192635,0.0020733050752767385,0.008066949095491494,0.8263141230174962,0.6765273508835096,1.4822939589689337,1.6053513077453625
-0.014755282782341355,-0.008454915646326118,0.002573261010532622,0.00792194323610026,0.7927107437362791,0.8699355177934298,1.5321674115357933,1.4184838259997357
-0.014914305395370983,-0.008494331676315027,0.002335508184352635,0.0076264939473309505,0.7011788983109769,0.7590844445944221,1.462571468585069,1.387475942846116
-0.014765367725629128,-0.008017952611598196,0.0030413073996906595,0.007315581128359137,0.7237442951710057,1.0402313484187433,1.4895761890624335,1.0906063160622386
-0.014648884232660607,-0.008159381790995322,0.00306296720229624,0.007745535444587256,0.7760893397996392,1.0632558814708744,1.5559050780958568,1.2249642101019989
-0.014823240017020999,-0.008173980114506275,0.002807766207134546,0.007419348225297616,0.7465165280927623,0.9454431519064009,1.4852564734515494,1.1872421162689817
-0.014704405031812395,-0.008306313695911128,0.002812104365966082,0.007840228393106921,0.6149490111095736,0.9648201825711702,1.5475599897479093,1.3232916232955736
-0.014860986257882753,-0.00832677809592867,0.002594119923314309,0.007538623717656227,0.7555610152528444,0.8606494914764656,1.4810018154323845,1.2858109767875654
-0.014696612805862383,-0.007130826413584552,0.003727600739407665,0.006102600138815732,0.655715038246008,1.365229636027993,1.2571800404056723,0.4789538425111169
-0.014764350870953053,-0.0072889755610652945,0.0035576824357228987,0.00625582510389223,0.6504292453639886,1.2932317456919744,1.2907204535719206,0.5666230487485243
-0.014792574840260638,-0.007433024028347767,0.0034408678452170147,0.006429338153586578,0.6591815570047975,1.240430771338129,1.32679363367941,0.6546975448006175
-0.021443719822341924,0.012365544406122267,-2.4172753732432795E-4,-0.0016373762578096034,0.09313385927459629,-0.126100749903183,-0.2094779991927271,0.2697563531271625
-0.019539654142444192,0.010094041303227625,-6.081763504388001E-5,-0.0028443934507635907,0.06464323536157779,-0.038443444798490566,-0.37588516579245795,0.34215943145921107
-0.01815013211918282,0.007473473113058785,9.494319853134461E-4,-0.0033217320098966247,0.10009280270815112,0.3187777318695945,-0.5339310789931847,0.14044043250307356
-0.01906030172131065,0.008299554037660731,4.802048958156702E-4,-0.0029652847362000596,0.0750219883835464,0.1598541065779605,-0.4520891798356247,0.18107027542889312
-0.025,0.010729293840437248,0,0,0.07192482590294738,-0.003344579194216789,-0.2520751650506332,0.13044733695001298
-0.014155985488567856,-0.0063899992177043514,0.004701810434060095,0.0054007414934178245,0.7151673511918845,1.7598906776015422,1.055004104890344,0.10062816939200143
-0.014072899287736893,-0.006191503587581913,0.004809838334740341,0.00512360667283211,0.703768499490362,1.7940608917330525,0.9663094037899747,0.01376227184914614
-0.014614809260168341,-0.00697503536429853,0.003905092776669144,0.005956338659675074,0.6609768021491086,1.4396249722024839,1.221599449243307,0.39527143882913457
-0.014352929117398917,-0.006689876093231036,0.004377802427929405,0.005751317029936088,0.7040229465357629,1.6318902764637855,1.1642431259918988,0.2496895874183633
-0.014503960843024861,-0.006817919841610617,0.004116113065327187,0.00582252120387776,0.6724745147941277,1.5265880875356321,1.186228077826491,0.314289060187028
-0.014379576095738873,-0.006467708917010333,0.004347189077054615,0.005375749115466631,0.6592532893744992,1.6185617590356252,1.0585686103603413,0.14396140981145855
-0.014828839339878172,-0.00696526848437231,0.0035964176604066623,0.005721020122646342,0.5961711641356904,1.3166667964735905,1.1598041449323075,0.37566598334761075
-0.013523921502929302,0.00243783387436442,0.004283408539701958,-0.0013066668196948536,0.24759245562768126,1.043877637081095,0.0028238140760237056,-0.34550143964527175
-0.01426433505590409,0.003711076356625108,0.004032978396763132,-0.0022976074499503484,0.31169072279208687,1.2032324030943065,-0.18209062974712967,-0.350886915644057
-0.015720703339171305,0.0045292937646539905,0.002957075338756381,-0.002774800140680681,0.24361399218732124,0.9713466484178499,-0.37708758950383536,-0.2570264396013537
-0.017229896804005176,0.005834104998075986,0.0017946554173125149,-0.003087143650320766,0.13853397894838662,0.6172960757058741,-0.49568269317002234,-0.07953346270386091
-0.012354528010011965,0.001653695362956427,0.004730865764618551,-6.648077841268789E-4,0.20311345792840368,0.8923355007374838,0.10048429585251405,-0.30930677049507144
-0.010888274257036756,4.7997996759875373E-4,0.00497600384991136,-7.625837246258504E-5,0.11744597999347074,0.5774994718650451,0.05967746800770154,-0.237661272932002
-0.011019237768535797,-0.0015433074120371683,0.005156653045860194,3.086153481710654E-4,0.15730939496629337,0.7185292716175032,-0.18585548505652305,-0.2521155353399746
-0.01157976861924917,-0.00259565283831619,0.0054016063549917875,8.364861585594229E-4,0.2533118043907145,1.0722279357682312,-0.23145540261147707,-0.2985820470140802
-0.013297833964639573,-0.0052509818044890605,0.005580175652184153,0.00381498566945573,0.6946010565792546,1.9695964192384474,0.4838095348402689,-0.3074216742201774
-0.01367631831892368,-0.005615218575378552,0.005237431073950712,0.00434527692271106,0.6976021574116821,1.9081255353333055,0.6820559922003614,-0.2074017770488096
-0.01345779312826273,-0.005483635950553591,0.005493269726320111,0.004158640422851906,0.7289044236771032,1.980413732131468,0.6038333476029031,-0.2548983730725601
-0.014122913880658176,-0.0059787805526076935,0.004690956261382602,0.004772582852687411,0.6540338697690072,1.7295093499823595,0.8543417363064308,-0.06523340637967955
-0.01406511168852474,-0.0057284469930266296,0.004716456550485086,0.0044314672976279315,0.6218403124348796,1.7221315297468662,0.7475399057189147,-0.14247066981331502
-0.013922221068966855,-0.005573310805383945,0.0048720996793141305,0.004248172413519237,0.6332398953550767,1.7667861891933136,0.6819433987998894,-0.19160990473272765
-0.012850389910242802,-0.004467799017206354,0.005616967731256053,0.002743434937491594,0.5631846832529009,1.7767889052378834,0.142465081326567,-0.38756877145259144
-0.013094223658313617,-0.004774152293923672,0.0055461393441602344,0.0031579547509728704,0.6319041939433383,1.8452067470032794,0.2792428690263868,-0.36386615021741703
-0.013347459122669388,-0.004968770520534788,0.005350453252575886,0.003453618339630823,0.6008122399701077,1.8288303637297065,0.38593610414744844,-0.3329286807251166
-0.012186070147862535,-0.00323985042744773,0.005417823501979389,0.001438494644635647,0.35655022402631487,1.3162466431336581,-0.1464297952823148,-0.353008764197853
-0.012744188933076309,-0.0038915698545924846,0.00537052582278724,0.002152514364066316,0.4639496785148981,1.5285990281961348,0.01016085108763413,-0.3822118451171971
0.00916415540543512,-0.021530513535882517,0.0017517980083034761,-7.019204723908737E-5,0.10669859364365927,0.18805326846624273,0.25096411433118176,-0.054179165376013375
0.006075669115086452,-0.01697230192127388,0.003336775440123536,-0.0018955016722472882,0.19235241235515693,1.1203080320235144,0.13407964976905187,-0.34450546282723277
0.007258457751108297,-0.01892904736531642,0.0028043468545104274,-7.564447700119601E-4,0.15084094227721287,0.6564936429890826,0.272195047963351,-0.22253823186195107
0.0034702146440650336,-0.014619920903017964,0.0020808837358697973,-0.0037300074459608377,0.07329976188697505,0.79257827189807,-0.28953329057796134,-0.278845034820902
0.004421592837178223,-0.016342228333541802,0.002503452442301483,-0.002539099387977847,0.13864660812238483,1.014966388292504,-0.03840045921643076,-0.35901172376543794
-0.0014708551520521702,-0.012063926424424838,-5.611130462139067E-4,-0.004793446987386798,-0.038815116571127524,0.08147905745542826,0.24618156637016522,0.07604286319117311
5.707255298658236E-4,-0.012148117312474543,2.122145214325788E-4,-0.00463624825138027,-0.03424237597171709,0.06428919347288709,-0.0884814883241498,0.008656726465207558
0.0014043412669382269,-0.014070603226647155,7.568477128126154E-4,-0.0037865383092150554,-0.01763042455073399,0.4144706807891926,-0.14529929608135192,-0.23942161285640434
0.007110403506374492,-0.025,0,0,0.26668994149602815,0.11058898017738288,0.23314074656705489,-0.008932320100239312
-0.00612395167634677,-0.01457300797714333,-0.0047629567852347674,-0.004096149159182646,0.28155196112447817,1.6842459437172173,0.46096228680766277,-0.3060556208865694
-0.0064005974989381565,-0.01487492652243215,-0.004923500667376593,-0.0036813856422070828,0.29483749550296934,1.7381253082328245,0.3217644511174109,-0.359666776009286
-0.005469326751154585,-0.014266692806850017,-0.00404364662894629,-0.004425025872215285,0.20479105072896744,1.412748120975227,0.5599167933529935,-0.22301293340421766
-0.005722020076507071,-0.014584161528531783,-0.004252312732396737,-0.004066289108231592,0.24805735474446555,1.4966553381124927,0.4557261117354214,-0.2875303216288052
-0.0027529678633527216,-0.01331660962799873,-0.0014803572076147378,-0.004487998892649372,0.01892809054893693,0.45455298073625183,0.3701386299849117,-0.09618226935408669
-0.003960403218373531,-0.013833520531745332,-0.002479225864269088,-0.004470603858436852,0.08436818248339543,0.826922209327954,0.5002552935159909,-0.1353064221954654
-0.004830270398955116,-0.014140121076274822,-0.0033297254843764256,-0.004424368092592424,0.15149411696698636,1.1402971920684317,0.5377564949503238,-0.1849939009951823
-0.008756573701192634,-0.014842921746160493,-0.00806613949505025,-0.002077208074283348,0.6304452273711543,2.6764225622037667,-0.41363580899768393,-0.3703053941643995
-0.008637764574962861,-0.01499229026187128,-0.007603448114688057,-0.0020746642454695947,0.660692074273247,2.529727375633079,-0.3623867068071478,-0.38981525897697034
-0.008909334570059206,-0.014879595159429932,-0.008129448252705685,-0.001813440596316476,0.8252116279354896,2.6492109030370874,-0.507259311870454,-0.3400187973653823
-0.00879601532442383,-0.01504628363974276,-0.007637018619556588,-0.0018219427504368518,0.6457352370982061,2.4980680541926485,-0.45285106443273015,-0.3637638974872115
-0.007881535361123612,-0.015110842469731642,-0.00653784327234309,-0.002708774781449459,0.4888615560685597,2.2421466690626737,-0.08047139851518893,-0.42064917346712666
-0.008034880452330861,-0.015184389449967223,-0.00659652169940301,-0.0024982063491970196,0.49471918712044044,2.233908405099189,-0.15901291405430842,-0.41297608397692365
-0.007737907938487172,-0.015215694255875309,-0.0062151223764894325,-0.002694676437357988,0.44610211329394234,2.121690263946613,-0.06927274239906499,-0.41677447036883863
-0.007280419258942109,-0.015071053242210574,-0.005854495082844456,-0.0031463420296882964,0.3971341596123198,2.042673222130745,0.1056496556646357,-0.414481093563526
-0.007533293510026923,-0.015197913322752075,-0.006003332622144045,-0.002849700321177316,0.4239403994004672,2.0640131608452097,-0.0036304704017389344,-0.4174636941614524
-0.0067117988880300615,-0.015110606451487462,-0.005117396154919647,-0.00332326591630267,0.3051165998896926,1.7929579333749845,0.1938881164092958,-0.392612994163098
-0.00702136164531326,-0.015247371025741733,-0.005351558419854596,-0.0030517945971100984,0.35030915227596754,1.8556706782241144,0.09360588145225324,-0.4060348109799885
-0.008335985332059795,-0.015082898683347293,-0.007104622765448855,-0.0023240853288211435,0.5711953906286147,2.3897859227448013,-0.2513332315415986,-0.40465513761213906
-0.008506955562131156,-0.015098584657073397,-0.007252711730786095,-0.002121692642761934,0.5911754958222736,2.409242371384775,-0.33027644692856223,-0.38890628530773724
-0.00820713877293778,-0.015244616577360218,-0.006680583839571112,-0.0022802747888382856,0.5088947229661217,2.2300462342120144,-0.24015585423462518,-0.3998575322706544
-0.00906316862569595,-0.014911450597951648,-0.008182685392866807,-0.001555699042425008,0.8197663594145386,2.61611352161966,-0.5980871203615954,-0.3042348011404952
-0.008959336220305347,-0.01507450974437023,-0.007711110506701087,-0.001581790988404562,0.6378454464300028,2.478195080847847,-0.5420616177660244,-0.3322685828051455
-0.009842960155646504,-0.01499753324023817,-0.008325048724482167,-2.6077555257519966E-4,0.8073799753534455,2.3640757249992754,-1.0131641054730962,-0.04651188742825824
-0.009758155801072785,-0.015141010532790801,-0.007949792517077408,-3.7334437794862775E-4,0.7066802030330656,2.2829885572144106,-0.9459673808423524,-0.09953152036319533
-0.009686089839949744,-0.014990136311907444,-0.008312501620799988,-5.283286934903308E-4,0.6240328219604002,2.4281214251763883,-0.936603789133749,-0.10860797463331757
-0.009598358834627393,-0.015120004877789734,-0.007958649645027252,-6.237329865324128E-4,0.7045942249825589,2.34739065428128,-0.8735107367160166,-0.15460392433320067
-0.009529528446938641,-0.014977816440745884,-0.008293004530953297,-7.775146338369942E-4,0.9010674848231387,2.484781113732651,-0.8575566389672558,-0.1634878456387094
-0.009217916319918088,-0.014938455742167742,-0.008228062528158034,-0.0012941836917265642,0.8905170352911808,2.5775691643213445,-0.6870590086142214,-0.2625220200707351
-0.009121303882905515,-0.015098758172484033,-0.007773383708189126,-0.0013401296020947907,0.6422140291330191,2.4500585111695536,-0.6287568753641885,-0.29535659486707205
-0.009373420771600324,-0.0149605844888015,-0.008265138178465584,-0.0010318084839986443,0.9753159697939139,2.534558589617655,-0.7739828262163901,-0.21518053131600393
-0.009281353407675517,-0.01511188358407483,-0.00784064303726271,-0.0011025529488524345,0.6359637827433978,2.4206043563237274,-0.7123375856952263,-0.25360577640053933
-0.009431158250068877,-0.015113019076053953,-0.007911864438718797,-8.80238178739352E-4,0.644682933008628,2.3933127800652816,-0.7894847485348434,-0.209530692547543
-0.01,-0.015,-0.008329157701148003,5.0496845163120066E-6,0.8723534507441794,2.296115913812147,-1.085852333392564,0.02058594845615025
-0.009922267510781404,-0.015144610168107503,-0.00796224851647098,-1.2074309071854673E-4,0.6808995936724774,2.222353481602473,-1.0182798990940114,-0.03785549344746684
-0.015015565214603333,-0.008793361635586357,0.001854931236929424,0.007713155987519707,0.7170391729610451,0.5779518865863996,1.4050793477699068,1.5504070931651863
-0.014879595159429935,-0.00890933457005921,0.0018126675965463275,0.008129500794103576,0.7421909836566695,0.5831961934417301,1.4501621469114,1.6979404607364834
-0.01504591605407482,-0.008954585792570132,0.0016121723561155854,0.00778181187940919,0.7412580362395972,0.4909964601532128,1.372617931932982,1.6415221888663873
-0.014911450597951643,-0.009063168625695952,0.0015511383073641774,0.008183598577878334,0.5875581346698661,0.4930368137381383,1.412429566324545,1.7891092939350275
-0.015059961321649912,-0.009114044772502395,0.001376655079376722,0.007865807813106753,0.7454633493372339,0.41066110304700715,1.339607833220162,1.7360437319442277
-0.014938455742167744,-0.009217916319918092,0.0013051954103843952,0.008226514649002302,0.8428407773292328,0.40813322034012406,1.3689360421271133,1.8752468751143179
-0.014960584488801502,-0.009373420771600327,0.0010573142649329204,0.008261943846142457,1.0538386020336588,0.3238206298099083,1.3191545721481148,1.9568819281762184
-0.015088810876958217,-0.00927764351210906,0.0011203469951842303,0.007900195615116588,0.6750682345166066,0.3233874773378327,1.291919546746337,1.8209704070930808
-0.014806795893330102,-0.0077129401887728825,0.0032389036755433253,0.006813555915603353,0.6872543825946663,1.1446093119571412,1.4016562520850968,0.845724311178058
-0.014896385279342176,-0.007542779456306686,0.0032283488866906257,0.006442295616020368,0.6344186521151193,1.154399672504362,1.3201563281643693,0.704407467577714
-0.01487991642379527,-0.007866019635540065,0.0030183530846913695,0.006909230316009043,0.6766350118575999,1.053322816130999,1.4062327194252882,0.9332532824742142
-0.015160272529646296,-0.008658667270663957,0.0018942271921281362,0.007294536962224929,0.6601774550187577,0.6091218240062432,1.3507601063391552,1.3693561720412353
-0.01510057154641665,-0.008500036008355622,0.0021338900133627933,0.007261805287412208,0.6702752627139138,0.6985436251368723,1.3793324751872984,1.2935325786593277
-0.015008419730510515,-0.00836904863606602,0.002376314569971526,0.0073012087885525575,0.6840842389058989,0.788642426336985,1.4156176049991194,1.246095750977285
-0.01495277337953238,-0.00802498174789601,0.0027867787811532425,0.006994179629581296,0.6683245998947833,0.9585550874783128,1.4039247783631763,1.0221892023394947
-0.015006719474456462,-0.008207118478021812,0.0025478448462434617,0.007120402653169658,0.6620140710896864,0.8617923448191126,1.4043659712037522,1.1300161689924755
-0.014905520836069185,-0.0071344987680195945,0.003428385084658135,0.005871631243257063,0.5936616638722594,1.2465258913186965,1.1951920224729415,0.45863356813114703
-0.014966157990488253,-0.007338383500296321,0.0032514523399953922,0.006074040358141102,0.5962545115549803,1.1732768177678417,1.2388862007735286,0.5636186967876092
-0.02164942946831019,0.008526892269418435,1.145345995280969E-4,-0.001651257087160574,-0.03049393050058424,0.04700160641099406,-0.2745966245134169,0.08325168524356301
-0.019576768531638717,0.006497290052803696,6.997207442909135E-4,-0.002263798111354139,1.8797177206958103E-4,0.27403229097673126,-0.354613388130312,-0.021152561871103582
-0.025,0.007110403506374536,0,0,-0.2018684752907505,0.004650095614001916,-0.24131901062680286,0.10943601889601921
-0.014359120227579509,-0.006124209276370439,0.004367551375480157,0.004875659097219561,0.6210671660418212,1.6100978186202115,0.9006103610425498,-0.0030177799653113052
-0.014755219120575098,-0.0067661437379142,0.003753886600207977,0.005514412047723508,0.5882048940388969,1.3832979487655352,1.1061419907374928,0.27976641379282435
-0.014598886361521589,-0.006578972616378385,0.004010634996923181,0.005379371249463087,0.6126676051105582,1.483923647604355,1.0660779658039858,0.1963624746945477
-0.014643902802953555,-0.0062965274738807035,0.003970170237288544,0.004952468962312859,0.5493224456785697,1.4604277571401214,0.9340361239876351,0.0662121252577937
-0.014975192481084733,-0.006811813066058617,0.003448924115100528,0.005375747806124924,0.541028662983667,1.2607572265419607,1.0701267945538229,0.2889311828520369
-0.015021188836817754,-0.006976263102577998,0.00333707619334729,0.005540766880139084,0.5440871245181103,1.2135553019798877,1.111429267411004,0.3644453610864964
-0.014191746972002234,0.0011906215003020056,0.003731183481841513,-6.427704306128596E-4,0.15190200692969383,0.8795441911639622,-0.005320863460766861,-0.3333848024827652
-0.01479625838239119,0.0024066635551206984,0.0034769163172814485,-0.0013853249324591655,0.18566989186672792,0.9406731510346994,-0.08652465968776038,-0.33424745734146194
-0.015666366425491147,0.0032192433013835814,0.0029551404488446786,-0.0018722789839491257,0.16501898856647448,0.9064504441375527,-0.19572375378864443,-0.31141640634017553
-0.017255704612140394,0.003616137959834484,0.0020074745421900853,-0.0018303012007216937,0.07695588571473912,0.6928487175888361,-0.23718746724261378,-0.26140090939523347
-0.018958916622946253,0.004677128889535969,0.0011410152290522691,-0.0018777139665098308,-0.005797030375548493,0.44345865173118837,-0.27355050242179907,-0.16917143705057344
-0.012859891589961715,-2.795632206747163E-4,0.004345838438257493,1.2733376255464699E-4,0.1561489245685941,0.7969730026925176,-0.012476814231149467,-0.3084908941885777
-0.012534186152521247,-0.0020359387936829455,0.004740911734065614,8.922450545238457E-4,0.2370760608402329,0.9526160603126933,-0.1021781363685872,-0.3180297986276615
-0.014781476355457368,-5.031268708801645E-5,0.0033706902135757625,2.9008070711738928E-5,0.13514654327167197,0.8031307744633029,0.00267042974336556,-0.315676095439066
-0.01380540299481397,-0.0051618742264786695,0.0048758611393927,0.0037266510490282017,0.5582117386442214,1.703562213837509,0.5191511124356011,-0.273665415178926
-0.014395760177040235,-0.005731490531112236,0.00427263378129153,0.004332436938620002,0.5290527653509987,1.5455416852173498,0.738453126843014,-0.116858186670846
-0.014124478380261022,-0.005457130334868703,0.004570656223022819,0.0040521413890602775,0.5896319339557377,1.6303350894735487,0.6374482695250075,-0.19677860973572117
-0.013551688452739689,-0.004425044874878677,0.0048799211102546975,0.002878933962093438,0.48863785790739556,1.5492267634627073,0.2576762146958273,-0.35660163621959257
-0.013310265391131032,-0.002905800008026432,0.004543504699651551,0.001570767416860543,0.3020478558895627,1.14833742370104,0.005403268802221243,-0.35822956066957806
-0.01348802908367408,-0.003639537361128406,0.004637241604682686,0.00216614154230669,0.35930461470389397,1.3488999190159723,0.10348737072428349,-0.37122623180322734
0.005547103429090299,-0.021859818048729746,0.001189303121381432,-2.886754381523252E-4,0.2258932329069667,0.27268478338233043,0.14115568186484515,-0.1584059658492014
0.004141430260853419,-0.0187530565773997,0.0017225210735248746,-0.0012753207414947104,0.1859973283222496,0.7152862899818473,0.09584053917432607,-0.2839597235723698
0.0023101245905991405,-0.016571052653138164,0.001193660929975367,-0.002401305355880708,0.12901846530759067,0.8038897194692268,-0.01923537370971871,-0.3352104926187905
-0.0010921348011351238,-0.014408658543542664,-5.942102480376853E-4,-0.003567237555817053,0.0015216832030979892,0.4559322685148479,0.10128022406221462,-0.27886232596819654
-0.002583974639529969,-0.014532579931919982,-0.0014826159978895686,-0.003656835457314641,0.03619477333600474,0.6258764037307765,0.2386724679256502,-0.24936954722809865
3.982107876942525E-4,-0.016142367199813528,1.9876921079893262E-4,-0.002601278664499323,0.10626078829929515,0.715701107692821,-0.018927176287509215,-0.325459267183065
0.003548999430447187,-0.025,0,0,0.44797505237869356,0.0303472156453098,0.13754708861064063,-0.013887036833857983
-0.005945557693272457,-0.014976768478276522,-0.004317699789233455,-0.00361622336132595,0.2170177444400924,1.5244929411350185,0.3076364430539911,-0.35047773352505257
-0.006345036641706861,-0.015222015676120446,-0.004612647873686003,-0.0032816267019980883,0.2841841249738055,1.6121645321453015,0.195602240382034,-0.380547749885192
-0.005226325801259714,-0.014877150814691084,-0.003594130540897193,-0.0037056157198292502,0.20075438447505656,1.2721532308684989,0.3326481390920319,-0.31796576578903485
-0.003445152029612808,-0.014607023354651801,-0.0020888618564557314,-0.0037260372501480414,0.0893404057681605,0.7842834091207314,0.27099819706299405,-0.275826649672319
-0.0044284266999842295,-0.014647535348161052,-0.0028824503230553055,-0.0038520771012131244,0.10807033315219702,1.0302193348563382,0.36662514114554495,-0.2750108560872324
-0.002567135785978375,-0.015778756379869724,-0.0014281185964178137,-0.002859997041764723,0.08271361920142184,0.7684579721339145,0.10215443189475208,-0.33188240910047223
-0.008643579769170013,-0.015223094385982017,-0.0071366324348289,-0.0018503050103026758,0.5719227600936293,2.3175974201074934,-0.4196721372939797,-0.35969538195289047
-0.008843152376381282,-0.015244779713484652,-0.007257704830279398,-0.0015976308147386878,0.5945459812404414,2.3116269977980077,-0.5134266866645402,-0.3278003976746444
-0.007857085816585629,-0.015324683275408743,-0.006189758211849169,-0.002488576976886154,0.43996586878322974,2.086066821302144,-0.1409744211412806,-0.40923045737478964
-0.008051880755867921,-0.015414380925675715,-0.006256127992877933,-0.0022456304279045926,0.45377180053832694,2.0731909188367044,-0.22710272058748107,-0.3951869278236783
-0.007648673899307111,-0.015392574871499896,-0.005878158586602336,-0.002562209396590937,0.401017607708682,1.993037166374247,-0.09678462140207084,-0.4114244492386409
-0.0073039173830512704,-0.015523335362331846,-0.005367734567255344,-0.0026272219558507444,0.34272683026844364,1.8238155633070507,-0.05438921677163489,-0.40869677619326306
-0.006725573082469368,-0.01563191736378969,-0.004691273963089428,-0.0027614443065733427,0.26597437581675226,1.610751640371919,0.025248802138305652,-0.4003158499359277
-0.008411128080982985,-0.015321485215045939,-0.006746024436325208,-0.002009456410935221,0.5197583988576032,2.2069716026894137,-0.3387311706388475,-0.3768703235283258
-0.008226742939370531,-0.015427819551467903,-0.006399986324015831,-0.002084879081666419,0.46935631669988853,2.0990068837205684,-0.29100984596790463,-0.3831501339083453
-0.008144371945543256,-0.015609545932627084,-0.006052994676361092,-0.001994204412541262,0.421334081653988,1.9618004034293908,-0.3036806568267715,-0.37476010835506735
-0.009837801636544874,-0.015300721417163236,-0.007594467170629219,-2.302527639110324E-4,0.638759550383667,2.110105324315098,-0.9563623689989161,-0.06035140745863001
-0.0090170262353128,-0.015272686089225773,-0.0073250840605266964,-0.0013624831139987074,0.6087033804735361,2.2867258500697916,-0.5955279173410258,-0.29283751241176637
-0.009661456614160995,-0.015293057841668154,-0.007578852376102668,-4.826731006249976E-4,0.6305742590889248,2.1705552080605446,-0.8844040348897356,-0.12114633668890194
-0.009507697206487125,-0.015241748332236037,-0.007646698651453893,-7.162976244938134E-4,0.6538946218216565,2.254645312406547,-0.8202698316243877,-0.17345024827343772
-0.00918773179629246,-0.015284159216179967,-0.007405354277516846,-0.0011353657035294313,0.6206285649901916,2.265808143597923,-0.6740497216596525,-0.2548392754743179
-0.009356589425267854,-0.015276324808761788,-0.007508164559700212,-9.12706731423352E-4,0.6379579717545498,2.251769934129848,-0.750450062489053,-0.2135906707531874
-0.010157039844353498,-0.01499753324023817,-0.008324946667894875,2.678935942498075E-4,0.9361942900789163,2.2252266702807906,-1.1546856861156887,0.09181185588665895
-0.010086983317977263,-0.015137995276622579,-0.007978468015218265,1.3406000468875118E-4,0.6709667060355189,2.1591241827214334,-1.0880247451223204,0.029511585539732866
-0.010246588828835538,-0.015123448227287825,-0.00799289865675134,3.8436287857678757E-4,0.6831514631968457,2.094829482983453,-1.1525456364243187,0.10007612633697806
-0.010313910160050259,-0.014990136311907442,-0.008312966559898778,5.204303069461791E-4,0.7053743050721571,2.1503793869211583,-1.2176226905325762,0.16470329030602218
-0.010007704153446989,-0.015290400541830215,-0.007628586018264022,1.2611579319500445E-5,0.6491143929802278,2.057605642723443,-1.024374646066638,0.0021496028293444976
-0.010403601312538821,-0.015118186689833366,-0.007966999340717497,6.27809081612456E-4,0.723514301302748,2.0177346275467376,-1.2094143251515055,0.17189329171761206
-0.010470471553061363,-0.014977816440745884,-0.00829248757164297,7.804640741241811E-4,0.6875471799247111,2.0691295164869072,-1.2754111165112285,0.24202751839552383
-0.010626579228399678,-0.014960584488801503,-0.008262872410797577,0.0010485244171009702,0.8845728093970754,1.9842354921378014,-1.3292855851964367,0.32521656818397304
-0.0105630363801904,-0.015108978301691072,-0.007930886330620947,8.736497079822751E-4,0.6865582542102939,1.9361332731587122,-1.2610509686855218,0.24665936590647405
-0.010724916861527885,-0.015081023636146435,-0.007916462037323648,0.0011288694496643878,0.6614981021755777,1.8574885919632533,-1.3125517234709145,0.3290843303950928
-0.010782083680081914,-0.014938455742167744,-0.0082260374862531,0.0013068954615164895,0.8531858664129367,1.8984840598646882,-1.378098024599766,0.4105620079642162
-0.010884144125111123,-0.01505067338789022,-0.007888961620503223,0.0013798368545883714,0.6887398688239492,1.773489414344553,-1.3581081970619697,0.4144893116739717
-0.010936831374304052,-0.014911450597951648,-0.008181603344320328,0.0015611101560965605,0.7518621385329537,1.8102203776855117,-1.4218287734550874,0.49801796061079845
-0.011039962162805277,-0.015021713919312799,-0.007840875189589995,0.0016231922387951543,0.6786888762672688,1.6855125422151291,-1.3945737283484207,0.49800467111161284
-0.011090665429940796,-0.014879595159429937,-0.008128166351952976,0.0018190185840153267,0.8439327043607672,1.7197333205334082,-1.4607911102268052,0.5888267685111622
-0.011189944033246947,-0.014983973306422566,-0.007796978084521095,0.0018624755149398273,0.6865761680417536,1.6001868043655885,-1.4270206540523513,0.5838481146762668
-0.01124342629880737,-0.014842921746160495,-0.008068617126838235,0.0020673333258782074,0.6904288687483074,1.6282960148553756,-1.4940285110236122,0.6796422185623224
-0.015,-0.01,4.462820439026449E-6,0.00832933162709079,0.9219041121944117,0.021591316658682812,1.0758128590295175,2.2619211965580064
-0.01499753324023817,-0.009842960155646504,2.5377898941226536E-4,0.008325492419663552,0.6628133987403227,0.08895284010396985,1.143512263687048,2.193017664292423
-0.015139019260758155,-0.009928267487521559,1.1150922453431141E-4,0.00798184881031169,0.7219442632140808,0.021069308151955898,1.0612332216995986,2.1259776067038705
-0.01499753324023817,-0.010157039844353498,-2.579378483574994E-4,0.008325198278369101,0.8670694376344724,-0.04429510387156794,1.0023397603724407,2.326424819567762
-0.015147756721969214,-0.010088127077997099,-1.3659680184835717E-4,0.007961356329916331,0.6979194060400699,-0.04444974254050823,0.9918215608082522,2.18481496987383
-0.014911450597951645,-0.01093683137430405,-0.001562971636102221,0.00818130283906834,0.7521940026782189,-0.2960883511945045,0.5851077148393516,2.586785071389481
-0.014938455742167742,-0.010782083680081914,-0.0013060088535620327,0.00822616248305188,0.7374027124937604,-0.2572001388755804,0.6742130131451397,2.5458520861391203
-0.015061546854658877,-0.010888641362309342,-0.0013797154744690353,0.007864071444130177,0.7648738603833749,-0.29573687748831534,0.6036447324756775,2.4518329643708587
-0.0149605844888015,-0.010626579228399676,-0.0010433574076784287,0.008263627250023399,0.8722474027887865,-0.21124476271053716,0.7622529191008639,2.4987516816217314
-0.015089664214732413,-0.010742774307101438,-0.0011503250391079552,0.00789054817833161,0.7313997479095141,-0.2592946113615666,0.6799940363349747,2.409999722224599
-0.014990136311907444,-0.010313910160050264,-5.245119711940916E-4,0.008312598241604414,0.7891492790626117,-0.10602326279734405,0.9252742411344844,2.3883923575245585
-0.015148242170365195,-0.010251055772997923,-3.8725257002458633E-4,0.007939937311008742,0.7135226165169984,-0.10550017315329345,0.9187403954734635,2.242570447060604
-0.014977816440745884,-0.010470471553061363,-7.917360646610298E-4,0.008291514240441064,0.6323509338156985,-0.16233122393339441,0.8447635304541808,2.4468338316527216
-0.015136374718065013,-0.010413059353620394,-6.366331020924296E-4,0.007927479360477925,0.7447174737031864,-0.16068546732650543,0.8439857876101922,2.300550462921153
-0.015107886544425143,-0.010569407056095236,-8.83285214759313E-4,0.007934584055365087,0.7532631108461718,-0.20909520196036332,0.77005551097015,2.362320359829615
-0.014977816440745884,-0.00952952844693864,7.91816496277454E-4,0.008291336196683515,0.952941355138727,0.23999532600510767,1.2640819644556542,2.0368380188459145
-0.015130466998574654,-0.009437204565143362,8.631533962281647E-4,0.007883034639949034,0.658917810133587,0.2388665698139393,1.234900621416571,1.8873306259061573
-0.014990136311907442,-0.009686089839949742,5.086741428767329E-4,0.008313596054823947,0.5021745694053042,0.1592819397958217,1.2045273603658055,2.117393479612914
-0.015162069480172386,-0.009600771966732561,6.079715602898495E-4,0.007869406153997895,0.7132485082245053,0.15939722331119344,1.1746189033528955,1.953028492140261
-0.015144691389076174,-0.009760434204895868,3.7033134618768095E-4,0.007948570399004066,0.7711538697193063,0.09222145389095975,1.124984324943244,2.044741902200475
-0.015192202738265626,-0.008833841657021826,0.0016554152276982389,0.007377224256406043,0.6541492513034322,0.5203637449283077,1.3256510623792523,1.4663760125330223
-0.015334047671630494,-0.008692925885519107,0.00170942469785152,0.006990373701819729,0.6048259307590357,0.5505937811001199,1.2771176272770839,1.2936050145095062
-0.01521672129254846,-0.009013763494555054,0.0014083980669815858,0.00745829343415523,0.6507920349494462,0.43171664512519886,1.2945415211884173,1.5654554596429089
-0.015182807761546428,-0.009181284070473295,0.0012054872296213054,0.0076360187692253835,0.6820941165028148,0.35841031772449766,1.2778491288550706,1.6910939326574717
-0.015266999234881326,-0.009333605514026365,9.51813508054884E-4,0.007533149486804655,0.6681686033414919,0.2772804848649674,1.2152234132765967,1.7198786839986155
-0.014996326547724141,-0.00770449690409115,0.0029875199464452977,0.006515334309525986,0.6260516776407998,1.054296475951242,1.322031307983856,0.7862966604585554
-0.015050884359843928,-0.007533906050530123,0.00302863455923821,0.006220019286945212,0.5809010839479893,1.0814442348935291,1.262679530786582,0.6631391872381085
-0.015059191032416291,-0.007864493313068793,0.002789364770052039,0.006621378422357589,0.619761500383039,0.9731526542013487,1.3303638577260286,0.8725362275569731
-0.015281210046812838,-0.00848640657946189,0.0019769980012831734,0.006912370695457265,0.6080051300006494,0.6512578072976548,1.3012507537019937,1.1905131434004375
-0.015206201001983352,-0.008278660874819734,0.0022592548937100895,0.00684456537243107,0.6131641645625537,0.7596544867776441,1.324811479496408,1.0921919009485437
-0.015182141895319877,-0.008020085330057887,0.0025206741995967992,0.006609380560521101,0.5989459957973754,0.8677404474731522,1.3077815481138033,0.9333164607916525
-0.015155975172415504,-0.007107275546221096,0.0031182548376854444,0.005565806493235359,0.5230716697473573,1.123865367285215,1.1124138413178064,0.4143953469763182
-0.015197414863594577,-0.007328228977226158,0.002967110072370597,0.005783904301112907,0.5380666137560637,1.0586886464399516,1.1593713968203079,0.5231350084656968
-0.02164928309520976,0.004782635457410346,3.496107048060645E-4,-0.0010967472100914342,-0.1624789578270511,0.21786121163870997,-0.2074814772483317,-0.10675970921063407
-0.025,0.0035489994304471924,0,0,-0.41744832838840135,3.2042842650402507E-4,-0.14122506455592396,0.023347807460135445
-0.014866103181832308,-0.005864832174742452,0.0037136037015194703,0.004289375686940212,0.46911546074008664,1.3325711570011938,0.7594200831733472,-0.056106456604793305
-0.015015828148095484,-0.006446914384901907,0.003475925012591356,0.004890367395555374,0.48026703731581794,1.2576181502394672,0.9239062244405652,0.1206744151624397
-0.01525708739287445,-0.006837128483396868,0.0031017007556427873,0.005149359227382049,0.49363835877824086,1.1206608059343148,0.9976943951304059,0.26738384756105926
-0.01634181937330869,0.0014324765396746607,0.0025275342177253223,-7.609483940935589E-4,0.08813870932183797,0.7480322775116798,-0.0647787130358931,-0.3129705637612199
-0.019370742792980854,0.002219660070029874,0.0011071734039516804,-8.406179690244989E-4,-0.07119276469134629,0.46786749826220303,-0.1197789266599213,-0.23968410045634134
-0.014249883398387241,-0.0016514588555954367,0.0037354721272196724,9.069973861900198E-4,0.17341057348592,0.9119561860175478,0.013351443448856732,-0.3348906257937814
-0.01611157420474566,-6.812875748307198E-4,0.0026414754734004385,3.679929346055758E-4,0.08736143912709526,0.7496482524364578,0.030235828244553398,-0.3119131263765369
-0.014578181906332078,-0.005031987018651876,0.003981887235155748,0.0034799195769347553,0.41424681077373016,1.36659775290423,0.5011665819422779,-0.2515283457886812
-0.014505632012795287,-0.0034646687065131633,0.0038057480165084104,0.002115664096041158,0.2630178644114522,1.108236250777976,0.16821020712260878,-0.3493307144172997
-0.015027281195908867,-0.011042427114011906,-0.0016232128223058549,0.007827944502502586,0.7262039432218201,-0.33030164461229655,0.5183430894011747,2.4919430060817054
-0.014879595159429932,-0.011090665429940793,-0.0018102167883854213,0.008130188048545678,0.9771136642112044,-0.32893728896131524,0.4943336152283901,2.6204180307768037
-0.015152465474825821,-0.010999084812359913,-0.0014708905543221063,0.0075912357130609506,0.6946852081847734,-0.30772654028764274,0.5512244002774354,2.370641798589793
0.002059568878619804,-0.021945798739241282,4.596686063144304E-4,-3.4922959587166885E-4,0.2980619440728696,0.2882674198759203,0.05063498151016225,-0.18621331894770518
5.57103851599678E-4,-0.01880649451303871,2.277182445407082E-4,-0.001347207735101991,0.2032215059972051,0.6840352704176719,0.00443616804583298,-0.28003672400686
-0.0012793814301182255,-0.016863159744672954,-6.366546630698131E-4,-0.002236630288090076,0.12701292391318222,0.7622920283096893,0.016878900987169362,-0.32059843634232554
-6.938893903907228E-18,-0.025,0,0,0.5000430083457466,-0.012137747962358536,6.182845883597936E-4,-0.014758654972796265
-0.005855414464876169,-0.01572934835074034,-0.0038184316699263884,-0.002885054216940519,0.18126772098910698,1.3442029917087208,0.0922387143837092,-0.3873409864030432
-0.004343359868940787,-0.015776599561719666,-0.00259371406311015,-0.002930018619318891,0.13883603600488292,1.009706436664425,0.1290902325130789,-0.35391615298984375
-0.003535713989622279,-0.017385742074039104,-0.0017325437311909847,-0.0019549172637978534,0.168767654840713,0.864874386322796,-0.020852973022611427,-0.322761056081637
-0.006627811668751791,-0.016288752881717952,-0.004128356317602023,-0.0022216797498417406,0.2646043766000383,1.3618145776115715,-0.096781173049557,-0.37603960462005137
-0.009927323964109858,-0.015459624813991088,-0.007260154964959304,-9.280493557383428E-5,0.5863077764884866,1.9437850893629733,-0.961438477762088,-0.023671021875554258
-0.0087343493542365,-0.015407241199327359,-0.006860887026546794,-0.0015999090456313605,0.5337238146091103,2.1695596829315886,-0.4840424271780991,-0.3282892541457339
-0.008575684800794129,-0.015451143055089742,-0.006660464226138652,-0.0017332562100065417,0.5031373591577707,2.125155255474422,-0.4261333956153647,-0.34639811398648757
-0.008902762396984884,-0.015454812678653673,-0.006890596854356938,-0.001379363292150608,0.5380735687398857,2.1330677765189994,-0.5573530568550913,-0.29588509066399443
-0.00778848787403859,-0.015686950398934064,-0.005641729644229828,-0.0021876607584734634,0.3705739169424117,1.8504409598662774,-0.21209888919606074,-0.3913099297524648
-0.007250682731709605,-0.01606407414697635,-0.004786697711070472,-0.0021680071217222902,0.284787853994692,1.550808623592882,-0.16139345053489149,-0.37905722109134116
-0.00838423653094661,-0.01562899137539701,-0.0062205348952271275,-0.001775652289543019,0.4433912257695597,1.976410116750087,-0.3874561839424907,-0.3514584412326461
-0.00814695020515873,-0.015856834001845895,-0.005717610215192821,-0.0017925493432222636,0.3902863438313528,1.7993049125098075,-0.3375478846669886,-0.3532001843431287
-0.009742392232218509,-0.015472934966694656,-0.00721122094338678,-3.341516713057879E-4,0.5806633320198406,1.9917389983094094,-0.8934393903419943,-0.08484796366814568
-0.009087870486988718,-0.015479097077730706,-0.0069560219055649275,-0.0011512235038942727,0.5405324544741901,2.1041650421309757,-0.6363321895838503,-0.25712774802953137
-0.009493263476708882,-0.015445423391135034,-0.0072043032305469734,-6.647024379097712E-4,0.5804372573810567,2.076906915136545,-0.801744909233175,-0.16131403675033895
-0.009286315569049653,-0.01549060157241395,-0.007033153259128498,-9.07108628429007E-4,0.5558724568319163,2.07425376499406,-0.7167280778336788,-0.21133983851277868
-0.01139495244676372,-0.014801469324203571,-0.008001485253955316,0.002313425768621986,0.5490989760251517,1.532925608260311,-1.5208607724915213,0.771792560007852
-0.011334967706066075,-0.014951256374606703,-0.0077303213728560595,0.002086401601354569,0.7350719237164177,1.5116303720820712,-1.4514224936538793,0.6671504311140922
-0.010188115834157803,-0.015272816918301605,-0.007657631484222896,2.74445069302543E-4,0.653103233972672,1.99626515266742,-1.0941141469932811,0.07419560384996361
-0.010329882503935588,-0.015224020926823796,-0.007742646814349746,4.898875267354735E-4,0.6611323414627245,1.9682172694958815,-1.1538677278731437,0.13568405020314736
-0.010116336762094454,-0.01542213600802644,-0.0073383668418207535,1.6020438564742472E-4,0.5968759860744873,1.903105863060749,-1.0328618901341111,0.04471059382662667
-0.010478374486937829,-0.015270873254477372,-0.007596428586748659,6.900867586654141E-4,0.6348697107744128,1.8544147031391562,-1.1843633559735176,0.19855876508389406
-0.011279489159462457,-0.015074104581169987,-0.007527959441406484,0.0018979212433823333,0.6393209937619259,1.4843459453608034,-1.395334409816515,0.6060111258162246
-0.010670063206436773,-0.015245230320156353,-0.0075776738634116035,9.69000131052921E-4,0.6423986656618047,1.7684150877578013,-1.2409558111141596,0.2860724116940428
-0.010823594548947425,-0.01518221957617171,-0.007635502389866678,0.0012139364269417806,0.6544928154248753,1.7210397372764201,-1.2953060853199994,0.3653044185547002
-0.010977358285366593,-0.015190980941796536,-0.007521286970297422,0.0014158466820863617,0.6332049047206549,1.6189826287711213,-1.3183248812102442,0.43601565159666805
-0.011150677496091636,-0.015134608043134915,-0.007512132499006007,0.0016831556361691007,0.6389815983281321,1.5393014828545228,-1.3610109754456323,0.5293192237252938
-0.015259041667677518,-0.00986561836142825,1.966638359861245E-4,0.007701911053941077,0.6671735964822838,0.04864628307708633,1.057537310456313,1.9926622465708772
-0.015291126780969094,-0.010011854034534626,-1.783915236351109E-5,0.007637666203370654,0.6687343002518511,-0.008314953529404477,0.995506092321289,2.024802323242374
-0.015311669476075887,-0.010180441616329805,-2.5846718877072953E-4,0.007581914750757872,0.662743856354186,-0.06861655303123591,0.9251699398603804,2.0667209829831283
-0.015235781201913446,-0.01085378686964304,-0.0012233318757861645,0.0075082792571339796,0.670176525345643,-0.26888614036420727,0.6267871568534514,2.2819960121084013
-0.015215879918254058,-0.01067327191063297,-9.863858377292553E-4,0.007646165407829255,0.6864047677773243,-0.22681228307145038,0.7133264527350839,2.276614023479673
-0.015306131876179513,-0.010353755399322187,-5.047201827761257E-4,0.007562864366701027,0.6579654740646358,-0.12654253786494182,0.8534321712965928,2.1236955947412035
-0.015288199877383273,-0.010519744319858196,-7.423540736285103E-4,0.007552772370980155,0.6567757369568411,-0.17834521620580143,0.7816396787577017,2.180744932641202
-0.015329329989045416,-0.009506221311333893,6.903015348181453E-4,0.0074680706142656065,0.6483182948000265,0.19678159579590396,1.151717436441322,1.7642400850733722
-0.015343734933963486,-0.009711974842134277,4.024468699180221E-4,0.007492211406012369,0.6343831177160054,0.11098375398264035,1.088923926490719,1.8518728119588965
-0.015462774368742122,-0.008552826030797253,0.0017562422377305445,0.006650323910462508,0.5680377632057063,0.573779183714769,1.2264346954994911,1.139991763640528
-0.01538079216326821,-0.008889671264269887,0.0014512449141802026,0.007046619721731572,0.6041065143989993,0.45627245434878344,1.2454100566240014,1.3869178292653783
-0.01550747523892806,-0.008730381063620216,0.0015394014614549946,0.006705435914488765,0.5499464946421994,0.4936951696267432,1.2045836887348222,1.2190860453442596
-0.01541430844293513,-0.009138683313000197,0.0011315870223508292,0.007132732010298312,0.6021180144175623,0.345309898919045,1.2030522896060434,1.5085878241923978
-0.015509476825462628,-0.009371630378568089,8.002323609466482E-4,0.007052378216952819,0.5787750839041229,0.2373913226976828,1.1274564740903816,1.5667302820997484
-0.015284611095209802,-0.007706661062865928,0.0026397731363645045,0.0061131978744697136,0.5312807271208694,0.9243736985048887,1.2177449970978131,0.7118935338849673
-0.0154944725576085,-0.008316968182066096,0.001951770169950806,0.006403917145297782,0.5212560459764256,0.655923247528484,1.210697277198743,0.9851221131953222
-0.015390777985209589,-0.008047774545713843,0.002281474822067612,0.006315039104294427,0.5643519625556753,0.7821064827177524,1.2272336537517137,0.8704479485709278
-0.015525392990045236,-0.0072226238361855705,0.0026592219745590027,0.005310718622447168,0.4400615348013317,0.945772976633205,1.0316630065508425,0.4063664715778571
-0.021989124250592285,8.98073983262726E-4,3.4163185684775395E-4,-1.966303527849476E-4,-0.2602712471566284,0.2545822815040748,-0.04201666940665375,-0.18020590613081633
-0.025,6.938893903907228E-18,0,0,-0.49622294525310656,-0.0015806796605196656,2.616543373320188E-4,-0.018409843855494518
-0.015546600515968395,-0.005655542198700988,0.0030207989116175765,0.0037695876409500925,0.3149795177392391,1.0825069761170951,0.626667044946455,-0.11050901490230768
-0.015728319510490925,-0.006528679559002851,0.0027161873652026326,0.004451778617546249,0.3791324612396432,0.9715058674945386,0.8219962165160927,0.12227584466051993
-0.01858880069829728,-6.165301753687914E-4,0.0014400941467421823,2.598810790717336E-4,-0.04638786268526369,0.5473935347022109,0.030809982399327224,-0.27672532207005013
-0.01659589119827772,-0.0025206126957760156,0.002397721582582154,0.0013426067876684226,0.09737649596905185,0.756228036545359,0.1417164505679571,-0.3026820907258326
-0.01613686322918245,-0.004400038536565427,0.0026587003060166395,0.0025857284112839256,0.18659036253387964,0.8587277188409047,0.3515564839408043,-0.24587687836642988
-0.0150034913041155,-0.011196325879658,-0.001854327008175076,0.007751690567656088,0.7038624413761437,-0.35978600609834505,0.4315925849549335,2.51432513144008
-0.014842921746160493,-0.01124342629880737,-0.0020652114557835515,0.008069100710873533,0.9281743505236805,-0.35773580847408964,0.4001627622433203,2.6472555482537468
-0.014971778084562355,-0.011353568631903913,-0.002089461914403103,0.007671259128399162,0.7127526842056399,-0.3841466677674505,0.34151067821571296,2.5336827172494636
-0.014801469324203571,-0.01139495244676372,-0.0023208055745931127,0.007999309334357082,0.8703281824463738,-0.38102753259689526,0.30454171494413307,2.6699136708961837
-0.0149298821674192,-0.011511767348291816,-0.0023288653222671555,0.007592328092295507,0.724676104011495,-0.40285292069264494,0.24851497295352662,2.5506860478992794
-0.014755282782341356,-0.011545084353673888,-0.0025741569921742947,0.007921421679775156,0.8173191255177382,-0.3982174634867189,0.20789867471275905,2.688048137283532
-0.01515513778447141,-0.011143013825499341,-0.001657147903587275,0.007478844951532829,0.6928088492731321,-0.3333080988040753,0.4789614515352672,2.3700835536926195
-0.015299430682923837,-0.01104792842638038,-0.001432991573867679,0.007256386474171847,0.6428345429095964,-0.3029296480974559,0.536553042155801,2.2353071622655913
-0.0012950874523945913,-0.02197437189603603,-2.8772673918987796E-4,-3.4639781041786587E-4,0.31007000675073065,0.28875867759262625,-0.02832223529773414,-0.18807976774222476
-0.0025859489871309874,-0.01952067180210862,-9.47631747591357E-4,-0.0010461953605273402,0.21172187354054792,0.6012956798995819,-0.05743315711641254,-0.26191919644078676
-0.0035489994304471924,-0.025,0,0,0.4471097674137738,0.023514363604068226,-0.1350627774268961,-0.013394239394844507
-0.0047351634560260465,-0.019021360087896084,-0.0018812302063114794,-0.0011217414225337557,0.1839920410385613,0.6731937521945552,-0.12722156224101652,-0.2646615644858834
-0.005774167241927793,-0.0173322804979547,-0.0029813153783401045,-0.0017648289273540037,0.17843046320466402,1.0228913047927526,-0.13832610282130317,-0.3358738461990875
-0.0071588075126746385,-0.016942429337727865,-0.003994131044875829,-0.0016250112580466658,0.19978061792152532,1.217176185074898,-0.24712112915182136,-0.32988558859151546
-0.010035694874925578,-0.015571627918329747,-0.007035176593537624,4.971654061335959E-5,0.5485787037583774,1.8196548500369079,-0.9771313854061946,0.015177433120151667
-0.009874672695918383,-0.015648883381015964,-0.0068796721417196975,-1.4618530810189205E-4,0.5257514251863866,1.8147341009456348,-0.9127266235810091,-0.03675591738547058
-0.008705129081452065,-0.015674924105376516,-0.006377463152054146,-0.0014429160195325327,0.4680009078801063,1.959169260966673,-0.5021976502989142,-0.30672502641292015
-0.008957682033191534,-0.015636995486112186,-0.006593943393706533,-0.0012082753569335155,0.4929179089286245,1.9823335215060927,-0.5910318210616209,-0.2670908952697893
-0.007899498869271979,-0.016311059537356686,-0.00501080465891448,-0.001646724214040218,0.3131696657579833,1.5167402747511753,-0.330819392166167,-0.33231360608221033
-0.008481819829454045,-0.016080682819306597,-0.005643341080580028,-0.0013933948065432266,0.3604384789277905,1.6813160363517319,-0.45538283781446137,-0.30132606794635636
-0.009659835005868068,-0.015689898955194466,-0.006771985055843582,-3.9485317903770434E-4,0.5149514382267749,1.8444123688870937,-0.838426046878379,-0.0995355058625001
-0.00917570489110099,-0.015735327423798694,-0.006532924791105953,-9.260140576374277E-4,0.48764471106079027,1.8923990250519729,-0.6672842342097193,-0.21644489137595246
-0.009410566743483948,-0.01572204988495228,-0.006646148338621676,-6.724064874856516E-4,0.4949022611704292,1.8699360927995563,-0.7513600014092554,-0.16336214881990527
-0.011545084353673888,-0.01475528278234136,-0.007924824726338034,0.0025634406012522842,0.5531480307070347,1.43360345937364,-1.5413178319282101,0.8674954860737748
-0.011483284491822461,-0.01492238843581762,-0.0076367009584634256,0.0023040162364888015,0.7350413889388693,1.417310562179039,-1.4672434197049544,0.7484189363279404
-0.011416940916714677,-0.015084163038457249,-0.007379665513776606,0.0020558013724885182,0.6150536258352078,1.3809814149540285,-1.395387299383868,0.6686293020754066
-0.011693686304088879,-0.014704405031812397,-0.007837920070876012,0.002817992268756949,0.7079476258275524,1.332951636904429,-1.5553549679793013,0.9661160780606028
-0.01164336766344029,-0.014886519730184405,-0.0075269193832977034,0.002533420180378041,0.7071258430715194,1.315197293006724,-1.478200454188601,0.8360179580855637
-0.010338696905218773,-0.015431198779973569,-0.00728906654072197,4.567375841022236E-4,0.5887947873302929,1.799889071269661,-1.0983099458615557,0.13103522467233478
-0.010186108551675212,-0.015568750224516969,-0.007033263838370084,2.3928389417406272E-4,0.5486335214229925,1.766344683797542,-1.0228422171363847,0.0677997820609961
-0.010578691712097178,-0.015451441291513109,-0.007181525218957316,7.643078314110019E-4,0.569245864020217,1.6707202473328142,-1.152492716673959,0.22519572326929357
-0.01130491564519296,-0.015216522143228502,-0.007221316081515042,0.0018049093241898804,0.5963869840256918,1.3881148139041064,-1.336821403533344,0.5800995350354605
-0.010856450147284005,-0.015373252409464595,-0.007218152624867164,0.0011520326804289724,0.5810031593423535,1.5738595778558546,-1.2325507746836466,0.3514875799131128
-0.011112191196455146,-0.01532050536147939,-0.007167278745276783,0.0014976320305385906,0.5792777357136858,1.4543266643207797,-1.282581241853398,0.46995472747971684
-0.011805568118774963,-0.01483236392476621,-0.007431405465754901,0.002778092658143725,0.6752325576274493,1.2148088862211113,-1.4884774461497126,0.9321501149600985
-0.011840618209004684,-0.014648884232660607,-0.007743903649152135,0.003067239039382635,0.801889561385892,1.2337216028150444,-1.563199469748782,1.0646612711043348
-0.011952075373697517,-0.014770316718089673,-0.007351357556800479,0.003009701868069104,0.6791438156462064,1.1244510918612163,-1.4957665289168205,1.0257872749555776
-0.015446504234124251,-0.009917349228259337,1.0908144209114753E-4,0.007301545120551226,0.614391335181243,0.028601602883543308,0.9964373931154143,1.8572516681911855
-0.015490378075673404,-0.01009305031930427,-1.240171144890015E-4,0.007212101759633255,0.5944688264394634,-0.033723163424029846,0.926977523329764,1.8858277664633716
-0.015412242359738154,-0.010922421197903867,-0.0012103856830698932,0.00711228607312356,0.6103902029377546,-0.2683197550203115,0.598376991960048,2.1290694421138814
-0.015486381231298883,-0.01028480709382272,-3.749485277161784E-4,0.007198983868169961,0.6007657006874644,-0.09698903388107018,0.8561903289507679,1.9484719513031552
-0.015409759431730268,-0.010706412204153987,-9.421703768755951E-4,0.007225325070297618,0.622702552943843,-0.21992425491302245,0.6921612178811569,2.1066758810110944
-0.015463927433737056,-0.01048801194211245,-6.426884053639404E-4,0.00719705781551416,0.605475569111294,-0.15822504809937007,0.7797406243408976,2.0185137051502036
-0.015564499258485517,-0.00958002236488607,5.25177163110101E-4,0.0070111322280489025,0.5696640147595606,0.14994810529164004,1.0622690331832654,1.627722959455108
-0.015555010810439413,-0.009782095426290847,2.7396768679778863E-4,0.0070688234310402635,0.5730348254831604,0.0755008961579518,1.011427989324337,1.7201219519276836
-0.01577992903862519,-0.008542787739024928,0.0015357554152273037,0.006133678407299641,0.47373985816941666,0.5014437922815543,1.1182246408507395,0.994899182822346
-0.015658382863681392,-0.008907664286332067,0.0012593313604845103,0.006555869874385611,0.5282854695261835,0.39382479860224645,1.1378965880242065,1.2360407499141621
-0.01575181615990757,-0.009207799553379558,8.927602683479847E-4,0.006543997436457234,0.4999442205557683,0.26976175077283454,1.0728501042594931,1.3300792990549173
-0.015738322534355653,-0.00946227958766818,6.179167222557565E-4,0.006656088059068673,0.5170258346738542,0.18073455238072253,1.0346094669450263,1.4524269190497576
-0.01587475908752478,-0.007931679546053892,0.0019431414434751772,0.005557495582577647,0.42880409930623037,0.6606653229743825,1.0532670767789039,0.6654898411217638
-0.01617936331015573,-0.007118388485989403,0.002110389933802631,0.004609853802841189,0.28431569720239624,0.7437514079340387,0.8485594010474404,0.2715647261461328
-0.016282881482249018,-0.008407097853715061,0.001338702702219887,0.005374321444966093,0.35082702440782143,0.4410554453825723,0.9591302617729467,0.7414990835902742
-0.022000695474535353,-0.0021709159774514434,3.3513357500903777E-4,4.6960016866101124E-4,-0.23760654708467574,0.24381218299272903,0.09612244638575795,-0.16247965653297824
-0.025,-0.003548999430447187,0,0,-0.41965539914872435,0.00246268840705121,0.14297140063060482,0.02581349965997082
-0.016922718339628648,-0.006125604962240236,0.0018881637115683992,0.003411548423940186,0.1787065477909078,0.6579957080490723,0.5616538546737536,-0.03284902341899625
-0.01875638212843262,-0.004104903248487938,0.0012610705069131475,0.0017037646916672577,-0.01162170187557121,0.4873312648475144,0.2413637119854011,-0.21251923861847777
-0.015145210205277143,-0.01130567110020487,-0.0018679568414422217,0.007364042548770255,0.6836250754154668,-0.357977056731327,0.397174427868024,2.3719963648660385
-0.015111878688712686,-0.011472281781321238,-0.002094780435895116,0.007275531563028869,0.6759863726982522,-0.3797327458579431,0.3104003293146618,2.384983989236126
-0.014878523452329814,-0.011667929783109737,-0.0025695837362271767,0.007515430620147854,0.7341165191945023,-0.41546180933127846,0.1541342156742425,2.56485845476919
-0.014704405031812392,-0.011693686304088876,-0.0028240653456228933,0.007835813665923997,0.7961014998322987,-0.4089926728263846,0.11031869508475738,2.700687043133486
-0.015060360672365403,-0.011636787092978407,-0.0023297735469557704,0.00720539000533339,0.6735846590566736,-0.3971569955901318,0.22035508091461511,2.4046495953708558
-0.01531794099326304,-0.011237681794798057,-0.0016468206989735652,0.007084999471758862,0.6210662058589892,-0.33300227080419686,0.4505395556350594,2.218991511911355
-0.015506591164664777,-0.011125860176464499,-0.0013898774578198685,0.006815337963017574,0.5735089666972124,-0.2987686828518639,0.5155997925919046,2.060623676876904
-0.01481991176543338,-0.011822229895784459,-0.0028103160581479728,0.007435498998657639,0.7529169797017722,-0.42201371630840273,0.05900402059865715,2.574460142893722
-0.014648884232660605,-0.011840618209004684,-0.0030729302413262313,0.007741712637418951,0.6562513823217415,-0.41313887673115285,0.011648364095968942,2.7072641004531177
-0.014747232078438506,-0.011971480580109979,-0.003058756269966306,0.007367584907447753,0.7562148741752902,-0.4223639525776019,-0.03748045643684123,2.586444710910877
-0.004928215105949956,-0.021656448733499915,-0.001137693700731601,-3.4934327248733506E-4,0.24104073814112884,0.30322897604002547,-0.12398628144875502,-0.17630599785927512
-0.007110403506374536,-0.025,0,0,0.27583692337872423,0.10056275186707525,-0.23365446380805258,-0.004904480176628653
-0.00653702504376076,-0.019535808726418108,-0.002300723366499028,-7.216486698851133E-4,0.16346574125255361,0.5728007200117508,-0.21767542519877225,-0.2194000645141677
-0.007431440847291661,-0.01810675196441179,-0.0033366283830959446,-9.756420260441443E-4,0.19795398111227094,0.8713887725046018,-0.3097072850203704,-0.24184520639306148
-0.008012124048790412,-0.017091350160205316,-0.004317250182551709,-0.0011571330883918879,0.25230461985510905,1.1949985940985821,-0.3882074522196373,-0.26719671315005417
-0.010079034535704192,-0.01575309905334851,-0.006689560577931173,9.809680953835919E-5,0.5124062237694637,1.6675737130351076,-0.9521462270462925,0.03192001839556316
-0.009854465133727217,-0.015841550858860187,-0.0065277941307143525,-1.546317395961368E-4,0.467942736782614,1.6793944124296636,-0.8741187786899702,-0.03740150998974721
-0.008899368624556744,-0.016064602123749046,-0.005883824614344917,-0.0010446090341468017,0.40826766898525524,1.6792142882299521,-0.5759029718057261,-0.24379745681728693
-0.00863103192307713,-0.01661319000784968,-0.005067442724234,-0.001020779989779146,0.290011602981949,1.373849773992742,-0.5039329989083575,-0.2373148133297386
-0.009581584049910444,-0.016003878833582064,-0.006212886974937767,-4.1158071944997734E-4,0.46037030455990496,1.624551402571096,-0.7738133908683169,-0.10304749072202989
-0.009266697468265653,-0.015967169133589473,-0.006181321817406312,-7.42378095082318E-4,0.419444451682195,1.7052821273832062,-0.6899646293840861,-0.17706959727388152
-0.01157711143589525,-0.015071026654899462,-0.007244545684542987,0.002252389341036588,0.6081260528465252,1.2731192404255776,-1.3991878391728951,0.7467888478784032
-0.01148520728350634,-0.015248125012586704,-0.007004322928229538,0.001980042814463214,0.5696012735152481,1.2527803916478002,-1.3270639853161146,0.6493657867224351
-0.011755820409671219,-0.015033555420982503,-0.0071200403045951115,0.0024828593357624426,0.6060293077241642,1.1624419053987605,-1.4040459566011723,0.8383370161594123
-0.010417569486293096,-0.01572692969181999,-0.006697460706122962,4.922230762826775E-4,0.4926955272787472,1.556529559026128,-1.0425775964825055,0.14347615827066731
-0.010754640214769802,-0.015629259475710998,-0.006774111261870499,9.131249599622869E-4,0.5133946570263993,1.4633928055866496,-1.131825362117928,0.2776753030363545
-0.011325752848631054,-0.015418470099005007,-0.006829407507486228,0.0016668601207456208,0.5243818175604728,1.2693095339614666,-1.256548174862682,0.5347756020380176
-0.011065757457254051,-0.01556252642157225,-0.006746737393808474,0.0012935449787918973,0.5169478345126284,1.3442182385317236,-1.1894230892475852,0.4006602015714475
-0.011927322137941086,-0.014958358668985237,-0.007050698032967228,0.0027399331069917353,0.6146276614676253,1.069742977852114,-1.4160004359231395,0.9385537113837262
-0.012061319779039544,-0.014868972239077972,-0.007031452997808359,0.002976355612079707,0.6262373790708957,1.004362804761362,-1.431894632316563,1.0303650488962626
-0.012104837279184417,-0.014709406515152741,-0.007242517179934046,0.003237945598856556,0.6938876871823628,1.0253549513506108,-1.493702100693965,1.1209542201159073
-0.011985736283431544,-0.014588774500088612,-0.00764531912630153,0.0033054236317526433,0.699653713431775,1.1348810473744324,-1.564561384003131,1.1615208612626355
-0.01568582754262308,-0.009944694239572447,6.277264316655291E-5,0.006832613479202735,0.5414962391022181,0.014657713486984233,0.9326142368998759,1.6857495421806996
-0.01565601882187139,-0.010178305833053732,-2.1900060805770974E-4,0.00688154679212042,0.5530735603705199,-0.05810947588652625,0.8684991350111044,1.7813966864013042
-0.015609649317458445,-0.010878118312877437,-0.0010570361634601492,0.006766773079948178,0.5462573808243233,-0.24330486027314088,0.6171087857230287,1.96129965709478
-0.015696142167607428,-0.010416296660051767,-4.969314118558719E-4,0.006770715701120409,0.5239492771517419,-0.12713901348821513,0.7836372976866465,1.816135697067802
-0.015597078498167525,-0.010647072701477108,-7.938671206868732E-4,0.006886323543801168,0.571186905020118,-0.19126523127278944,0.7078682679559904,1.939942240109487
-0.015864094692812244,-0.009741569677287357,2.7966850109050015E-4,0.006492326282243535,0.48388265186650475,0.0762723213540286,0.9400755762986466,1.482618969599219
-0.016188609288668616,-0.008956158016160272,9.549174074683591E-4,0.005758772994977506,0.3920329622740327,0.3004129898043862,0.9760779499206584,0.9966059914198916
-0.016001797004342008,-0.009410381738548553,6.005723198259849E-4,0.006197252157841508,0.44950066446535863,0.17257525799869677,0.9720554201120619,1.2853778474774815
-0.01695852611800842,-0.007773460430463546,0.0013511522532130037,0.004315067183543867,0.2525564115937183,0.4530002604179987,0.7463768875598776,0.34010127016423375
-0.016741428047986114,-0.008763471920913013,8.972459735931218E-4,0.0049897380146071,0.3118854064451632,0.27354384568553325,0.8346846355082738,0.7325920777568469
-0.021932988002203228,-0.00558331412157511,2.6981403991968713E-4,0.001151188739759206,-0.14314764848608363,0.178421778883832,0.22477811762855193,-0.06706778081409055
-0.025,-0.007110403506374492,0,0,-0.19585097317178612,0.013216108511126708,0.24250309079349072,0.10581022950024117
-0.019116717956903687,-0.007317306270438539,6.771635815205769E-4,0.002706568173309776,0.03674454213946581,0.2374977011315151,0.4200335671791918,0.05463625825517522
-0.015307751314457411,-0.011430058656418,-0.0018702893136467887,0.006949114399760445,0.6084118929906804,-0.35905763227662885,0.36194665197036974,2.2156012647374186
-0.01525456300133753,-0.011595485030433625,-0.0020920380876247226,0.006895865081508337,0.6098471079463796,-0.37944582813004696,0.2795075172833226,2.240791195894331
-0.015004173786713313,-0.011798514650003642,-0.0025606003532301423,0.007127811622694629,0.6696253161766627,-0.40877457956367186,0.12974554176565364,2.4184322608122937
-0.015189651825048063,-0.011761585780136275,-0.0023213070130928067,0.0068445628389850926,0.6149916591017046,-0.3952503080908225,0.1925224397972636,2.266528732983655
-0.015481685655026424,-0.011367707582614052,-0.0016661134855300741,0.006693147034509981,0.5630717224672335,-0.3373129729452205,0.4123924949744296,2.0788886872329058
-0.015644643347334754,-0.01129888273124271,-0.0014833104818346024,0.006468750472289413,0.518575180271531,-0.31471652209523493,0.449733078215131,1.95269374178713
-0.015769087426837837,-0.011111209067112798,-0.0012220455262499737,0.006376423016872646,0.507940059095706,-0.27495224091223397,0.5242824689894398,1.8512282447483892
-0.014936291625474163,-0.011961151917419085,-0.00280037193820114,0.007050325369030107,0.6665747184306222,-0.41495755706073517,0.03508165034332788,2.430786135576763
-0.014825124364897961,-0.012095274088935515,-0.0030662018108888215,0.007062312444827105,0.6952093417376068,-0.41591523466640384,-0.0630220775201715,2.475587565407034
-0.014684603432459318,-0.012131085506919449,-0.0032962543524043893,0.0072479299954156745,0.7126022737628251,-0.41668271679650054,-0.13854671256168397,2.5752497023940744
-0.014588774500088612,-0.011985736283431542,-0.003305276466882803,0.007645414416099957,0.9016985340908117,-0.4100918251537977,-0.08556369772890049,2.707119567086886
-0.008670478746548338,-0.021646737820090585,-0.0016682513024293166,-1.0742196092379477E-4,0.11679201449180251,0.2131642454415155,-0.23679548869950134,-0.07607626197284711
-0.010729293840437248,-0.025,0,0,0.01581840667246362,0.12791621867142813,-0.2666701957454304,0.013509365193661957
-0.008551636655128977,-0.01927172834673712,-0.0028929870712622275,-3.660672573972365E-4,0.14733560336896165,0.4951424906582737,-0.3395025870486448,-0.1293950356797356
-0.009095913205190992,-0.01772082055386688,-0.00409626139401936,-4.2464672276666074E-4,0.184037873006668,0.8866569632556442,-0.5256282810059377,-0.12707166135441617
-0.010102049926787047,-0.01615317644189312,-0.006021814267860145,1.036152785258335E-4,0.375135423595824,1.3809307929585672,-0.8721999196958717,0.03109381567828892
-0.009405677608546454,-0.01653119686302574,-0.0054063567710496505,-4.5108647450939647E-4,0.3563029274238777,1.3238246331368113,-0.6709764089942054,-0.12420686851810359
-0.02065270991410364,-0.021149985792090167,-2.4288403170965518E-4,2.1666844095429816E-4,-0.011840821895717883,-0.11254975123899556,-0.016972856294687033,0.13459433946867236
-0.025,-0.018733575722169347,0,0,0.19272050684933487,-0.011309074320978572,0.06314486450189224,0.0018255047657110568
-0.025,-0.025,0,0,0.0011947458496022253,0.022439618743263084,0.003578860317419967,-0.023579271175760887
-0.018733575722169347,-0.025,0,0,-0.2098490470113589,-0.0018705817584837097,-0.0570135981213433,3.211143139469188E-4
-0.011684274131874011,-0.015256190955169049,-0.006803170617650901,0.002177820160249162,0.5464272103551265,1.1180487818116427,-1.3167490628884178,0.7279266406666992
-0.011553085131047764,-0.015439130458968003,-0.006612432096635925,0.0018838124133584617,0.5049917664646625,1.1199154388258348,-1.2476057281207966,0.6158896093476954
-0.011896517720682221,-0.015196229057059061,-0.006687099313216938,0.0024382622642565113,0.5451770698243058,1.0042731403215208,-1.3206974059887397,0.8279032082986983
-0.010869618633197258,-0.01604056316236173,-0.006046246836401661,8.869060797292628E-4,0.4139094483939383,1.1693057621032417,-1.0129224055113737,0.25679110755248274
-0.011433360378330062,-0.015724011196195212,-0.006248727705901152,0.0015534876803543337,0.4162677896162697,1.047290388085646,-1.136684611511942,0.4977383098413987
-0.012101023002456893,-0.015044620529279813,-0.006695395857157606,0.0027866797863971902,0.5665210401589001,0.9190359127582773,-1.3523454190800186,0.966491604803024
-0.012250654861925116,-0.014864712455965285,-0.006783043371951925,0.0031370755608481965,0.6002177151810598,0.8687029671363121,-1.3934910647836094,1.1033698080785683
-0.012258077342381282,-0.014641876610941261,-0.007125564389542142,0.003467561820504827,0.6838889457351195,0.9275386515963532,-1.4858776018393287,1.215533835096671
-0.012128895840071584,-0.01452413555302291,-0.007537818475594718,0.0035437033606418636,0.712675469595855,1.0352521582413,-1.55960858287975,1.258937251572219
-0.01602667646653317,-0.010166037358639475,-1.7695085385575942E-4,0.006238051450304406,0.44380416697648384,-0.05520738929075586,0.8034078906815176,1.5168974422488206
-0.015946770554036534,-0.01073354503120512,-7.682213758689533E-4,0.006248865849049156,0.46968528927286524,-0.19127227039254868,0.6482133902607748,1.6749676474146697
-0.016519198948562148,-0.00969377655779581,2.4451144177008616E-4,0.005499067695627765,0.3485881055301144,0.06614704320098948,0.813558974641783,1.0933698837848007
-0.017757924402442376,-0.008986866746430377,4.802798048249973E-4,0.004057537661021653,0.14972378475759837,0.1416810907438624,0.6272375844940555,0.4833362507445554
-0.025,-0.010729293840437144,0,0,0.0744362358722887,7.86868877624043E-4,0.25295088129563986,0.12525930740436492
-0.021616108566580583,-0.00920745346834528,5.874753331859091E-5,0.0017004597051407686,-0.007411364591645702,0.012204943461218797,0.2727951591963303,0.11923190234862277
-0.019102409047868238,-0.009403876270782503,1.611244303078931E-4,0.003080705099486875,0.09733281710162332,0.04466078577073221,0.44156607038422174,0.31514578444943464
-0.015454871157566856,-0.011582622555009869,-0.0019024964079605762,0.006568284796754768,0.5505463395618593,-0.3639124821680381,0.3215076176670892,2.0849131402964853
-0.015355917895671006,-0.01172538781262577,-0.0021241372604841463,0.006603759205108617,0.5716333475437482,-0.38260562906435835,0.2463366213427486,2.142746462554488
-0.015140303379629056,-0.01194140343059388,-0.0025401852310435887,0.006733751557568966,0.6108188118575909,-0.40489971685072684,0.10361220394245833,2.266263802138791
-0.015321245123527089,-0.011867163548367449,-0.0022858446579790436,0.006523199746018195,0.5586530160778602,-0.39354816337360543,0.1828710892729921,2.1457593177039413
-0.015658293870682786,-0.011531061911758338,-0.001694236763588788,0.00628698810212652,0.5078165677915648,-0.34294827424649044,0.36293232696559535,1.9350684658667576
-0.015807558619461953,-0.01135857491826387,-0.0014383007070889746,0.006175325552426139,0.471924975148936,-0.3108662379661617,0.43823258333265364,1.8346268074445518
-0.01609599134882651,-0.011207475387815706,-0.001147569543117048,0.005838855163912262,0.4012091079612001,-0.2711448549644376,0.4975874533077748,1.6348787016277442
-0.01481555175501404,-0.012264090411384633,-0.0032164052138833206,0.006844246911747494,0.6736909272417521,-0.40906285030230266,-0.13587330378552187,2.4180991138694963
-0.01504461329373624,-0.012183080909747864,-0.002852996477564825,0.0066003805046256905,0.6111845255347967,-0.4100240391090683,-0.02155945131251191,2.271513485343728
-0.025,-0.014410572767669348,0,0,0.24005402482428626,-0.01684435992752793,0.18090620189395837,0.06057932668571613
-0.021428366743388324,-0.012904783138540906,-2.798661809018166E-4,0.001572041703408633,0.10371192374384355,-0.1392586055942188,0.1926833826919476,0.2793351055513484
-0.02098054645718886,-0.016962276331861294,-4.5247040465867057E-4,9.186548281168821E-4,0.09240736949642146,-0.18777971903611962,0.062005970772081184,0.28542334915359
-0.014627248871785029,-0.012270165024871191,-0.003498242186763527,0.007132389764537683,0.7415903992924561,-0.40638956812562305,-0.22383288856065867,2.5587274419219717
-0.014733396055203083,-0.01241410575595362,-0.003442407469256489,0.006751179282287593,0.6661595655680784,-0.3976085000646552,-0.2273309070142524,2.413096582535003
-0.01452413555302291,-0.012128895840071584,-0.003543165056912765,0.007537967272780559,0.9074879527639886,-0.4021207184240154,-0.18427846890104424,2.6993446290338823
-0.016525638461032794,-0.021973118386993225,-7.588245138656567E-4,2.745505427684366E-4,-0.09517143931980876,-0.1172710933860333,-0.1501663604789605,0.1953485306121847
-0.014410572767669334,-0.025,0,0,-0.22571527438490166,0.06248890650444114,-0.19601889097172145,0.00836650518711937
-0.012571232237241829,-0.022142861839483503,-0.0013016764943979756,1.7245317676727252E-4,-0.030265995687093466,0.01400714678649508,-0.261251756272085,0.10455161869832326
-0.01110927156357968,-0.01929871102684291,-0.0029204953424311203,3.11083963906532E-4,0.09028076557979116,0.22004769786031694,-0.42965316463114656,0.07746092476180767
-0.010575422863957566,-0.01708713958974297,-0.004746420989108913,3.992199943440127E-4,0.2629192586102777,0.7937414261868988,-0.7462740699089236,0.11756314794042887
-0.01767649884423083,-0.019230944311517145,-0.0010985112969175894,8.374415166857494E-4,0.0036254206308478578,-0.2001773591538019,-0.1101225563895613,0.35726650382160274
-0.01183661665338858,-0.015548810212957127,-0.0061975691279651185,0.0020490439126009227,0.46272920292884623,0.8987508529703485,-1.180512649783365,0.6755412668673986
-0.012089837250199707,-0.015304065162787341,-0.006315641663136073,0.002482639401272732,0.4805798462781866,0.8348563982992065,-1.2422827092650774,0.8467263422170195
-0.011773515930767857,-0.016277502539531537,-0.005288225617060085,0.0014704567017699624,0.30338447299289467,0.6925973870091378,-0.9645245255253369,0.4884382531650252
-0.012342951537948229,-0.0151654979030472,-0.006227679526102995,0.0028223520440076675,0.5130302815371395,0.7228086290932821,-1.24790422383641,0.9809133744920463
-0.01239518089061991,-0.01473706375804594,-0.006770613636476323,0.003422662826554553,0.6216518333191993,0.7985272895372199,-1.4060591929475788,1.2164834288210635
-0.01247830703831734,-0.014940460423689121,-0.006365327322161856,0.003190051143803043,0.548924643053036,0.6940635749043832,-1.3013197462300992,1.1297613687044539
-0.012413099403855873,-0.014569807051709127,-0.006994684707505461,0.0036933215138159905,0.6729351401429352,0.8258721909405914,-1.4706835694725913,1.3123629434867965
-0.0122699521913998,-0.014455032777517945,-0.007422651181786703,0.003778846030689944,0.6949090023587868,0.9366940027568772,-1.5481278743194615,1.355102208854025
-0.016751173135968606,-0.010754409739147097,-5.876990625162357E-4,0.0051356219450952615,0.2967065081017712,-0.15254183317190226,0.5877201165240068,1.2024371399222602
-0.017869098282972343,-0.010334498934128184,-1.693410774745367E-4,0.0040573010792515065,0.17251046971237258,-0.07624456501369382,0.5154405015234738,0.7077754815975097
-0.019526802180449693,-0.011221878868008052,-3.247777929945373E-4,0.002774081546597166,0.08233692168055896,-0.12295066410774995,0.3258028317309572,0.4210682313895853
-0.015559258370875505,-0.01182008214918163,-0.0020285886974503006,0.006206974132866272,0.49692482694088286,-0.3767314732705786,0.24390504534176774,1.9790720826570956
-0.015359594247376833,-0.012076075505580177,-0.0024172567957838737,0.006256485907008949,0.5405801429724019,-0.3996713979968663,0.11408817948267301,2.073731283735364
-0.015974653027865254,-0.01167297389400796,-0.0015939721928558816,0.005735456057989238,0.41574633674444567,-0.33262115553511734,0.34799095515705114,1.701422135948411
-0.016479455550199595,-0.011524053037201958,-0.0011928488128615845,0.005192500077411246,0.3774413638302736,-0.27406932375758125,0.41693139859516587,1.3884027977098545
-0.014966891679414663,-0.012423844853242579,-0.0031228025947948536,0.006406529884966576,0.5986225780130846,-0.4030845873997296,-0.1363299583408777,2.241677328821647
-0.015299004949614343,-0.012395203534495844,-0.0027053101566046453,0.006000765045103968,0.5037615155102378,-0.4045096070677994,-0.01156192274498584,2.033971607119207
-0.018785520048642198,-0.012942900876211902,-8.585076104569037E-4,0.0028199762824967717,0.1090542495250308,-0.23313949426619077,0.22118353860996648,0.6154747464290538
-0.019089589950856904,-0.014859105817253332,-9.645202403055281E-4,0.0020459944411669842,0.09266563151359077,-0.25620183259384527,0.09171343418267947,0.532857217830052
-0.01802784026227087,-0.01659299021983181,-0.0013502518711386235,0.0017016065933409513,0.07225819728680023,-0.25930932401066054,-0.04527995955965966,0.5326607167654208
-0.014816024877278225,-0.012642264981126023,-0.0034575616459408343,0.006306603824646026,0.6081604931395285,-0.38447246346353176,-0.2677627808389312,2.24825806357593
-0.014616669372156582,-0.012534909667717213,-0.0036966773966309588,0.00673389565650538,0.6919584237654708,-0.3801759055060599,-0.32515310878998144,2.435456588405439
-0.014545795048999766,-0.012401063623581314,-0.003723923539454222,0.00705131435919435,0.7615778882050036,-0.38981899338554876,-0.31343066491463595,2.5546781070631366
-0.014455032777517944,-0.0122699521913998,-0.003787609407139471,0.007418210803967775,0.6555524126427356,-0.38793511364378813,-0.2826943174334776,2.685351240225874
-0.014521750645148863,-0.018697797641586505,-0.002311146321882326,0.001090548041848375,0.04290542088829851,-0.12226738122163353,-0.3300639920128355,0.4048454140569215
-0.012357623425710729,-0.017353083467843932,-0.003979257603087558,0.0012215421462644703,0.13365679691851506,0.2763918288782378,-0.6739825385027035,0.3869358452854897
-0.016183114288679062,-0.017374027201353233,-0.0020188573719714265,0.0016649613127686788,0.0814284135788791,-0.23048892500274085,-0.2215318596121215,0.5686237511589224
-0.015063207228690735,-0.016961922558268946,-0.002722749878931826,0.0019138122710493327,0.10667149734137989,-0.1682368885406892,-0.3843221185669496,0.678571907123888
-0.012384839343259854,-0.015638641305646787,-0.005582208012075701,0.002351196255672453,0.3952657510164092,0.5813751872753832,-1.0846107715147986,0.815405469215346
-0.012704417548121297,-0.016280900219833506,-0.004673608860515364,0.0019824903803806184,0.2544010451005807,0.34311286602566016,-0.865745498845689,0.6774781398025952
-0.012696804080887471,-0.015222947599305507,-0.005739997827028488,0.002954822756630518,0.44090879432249624,0.5010894356104862,-1.1412738676428003,1.0507768612631032
-0.012593666436007931,-0.014702478280061179,-0.006522892672781166,0.003596300828083769,0.6059923979223273,0.6657110089737132,-1.3556441658668492,1.2926520451252432
-0.012737598963149823,-0.014923378119967787,-0.006037872031939151,0.003354124376675363,0.5148806952273822,0.5360374266150015,-1.231076646682464,1.2045563292105508
-0.01255424701395555,-0.014481995902840744,-0.006890865352335075,0.003926601412536865,0.6518879810369343,0.7360088794662937,-1.4560475019811092,1.409837495960854
-0.0127033484186387,-0.01454659723728637,-0.006556151252322122,0.003896997687332632,0.6353509481080436,0.6156537387433147,-1.3724101327508271,1.4125432881946298
-0.012408766398519247,-0.014381534484329045,-0.007296552760579378,0.004016989898539028,0.8562341445905458,0.8390635958149893,-1.5307318259603422,1.452599722010324
-0.017439450204021503,-0.01199596023628933,-0.0010505151191924549,0.0040526816634841945,0.19489823274337564,-0.26933251844889455,0.3321277540294986,0.9962777803999722
-0.015780171827178537,-0.012262632641577093,-0.0021603148762687897,0.005536820773796756,0.4136359687051349,-0.38124147481043463,0.13233159836428598,1.7465493328872843
-0.016334907394148467,-0.012101856728053115,-0.0016571363647923914,0.005024830280066883,0.30826743259613265,-0.3353889996717237,0.2674595799068337,1.4464169398010311
-0.015165863403710742,-0.012695798972388837,-0.003026939267254935,0.005812326409936834,0.5071839750165611,-0.3944118775457313,-0.1465229201329772,2.0140765967575227
-0.015500698579201293,-0.012714217795179936,-0.0026579911966792096,0.005427858426560621,0.46785073107510555,-0.3909619274270381,-0.04597993566765333,1.7972071034948147
-0.01493765470413278,-0.012875518243832085,-0.003396427996560028,0.005841009899267789,0.5462089368342466,-0.37254698129907704,-0.2841509788294353,2.068696000813351
-0.017558140570378484,-0.013945262692674454,-0.0015194587666216425,0.003068950052238915,0.16410044848544536,-0.31938055333354454,0.07896258980246441,0.8423087821672463
-0.01707408131407098,-0.015551993998639614,-0.0018483570230132431,0.002421065014187481,0.11691091331296787,-0.30228838644935235,-0.08808475828441951,0.7587486988759672
-0.014726420379305797,-0.012872665989875047,-0.003692912922034886,0.006079511788099976,0.5959156778936875,-0.35636511282739414,-0.3736675794236362,2.1911703868244
-0.014582553743437504,-0.012693908673739158,-0.003836334898097615,0.006527494216379032,0.6797187102164458,-0.3606420612288117,-0.39315095959570273,2.374408186198162
-0.014462602770841286,-0.012551084662005298,-0.003958422728078898,0.00692369671465215,0.7085250031812765,-0.3655327349066551,-0.41213680536744146,2.5316699653295642
-0.014381534484329047,-0.01240876639851925,-0.0040125057990998735,0.007299187549538612,0.8152832914858634,-0.3666456250891818,-0.3768901468219732,2.666405224569489
-0.013925331227498297,-0.016677809424232522,-0.0035359736382525914,0.002049999946038451,0.18354776475810983,-0.024340946413728533,-0.5739403883163335,0.685673521104392
-0.015402636944744029,-0.015863091490366417,-0.002826625260157881,0.0026044568611691718,0.15645841655290363,-0.24661953409420573,-0.3463354345743102,0.8821167441757788
-0.013214627390996067,-0.015636803683561917,-0.004780291686247966,0.0027166719151386766,0.3379332601006846,0.21539718073079456,-0.9005701150856024,0.9668753889498555
-0.013045294564727103,-0.015032930937240783,-0.005516265724874288,0.003337686969955255,0.47890888273920923,0.35154886676415137,-1.0930137827656718,1.197102569842639
-0.012873922695809281,-0.014718073359542358,-0.006083802451115659,0.0037039888107777146,0.5556738158591802,0.4835091725509844,-1.2509146219395622,1.3452012506784308
-0.013139028054969547,-0.014777793130218347,-0.0056410265795511115,0.0037007121995205035,0.49587098430304993,0.3281125632559282,-1.1300519916106009,1.3451573492666746
-0.012865391972017718,-0.014483117627241946,-0.0063684334082041,0.0040690018687621204,0.6268577392942221,0.5150131869655105,-1.328743297197969,1.4863678511831695
-0.012696889483451787,-0.014389759062434547,-0.0067712592414736405,0.004158666582973852,0.6732454056910027,0.641830332364056,-1.4333598144644,1.5097256155259144
-0.012545204192439473,-0.0143037118419788,-0.007166904538333611,0.004244064505975754,0.846978506596321,0.7440748146003782,-1.5080769816601327,1.5483896546333142
-0.014830994067020332,-0.013111518510797086,-0.003622464766466897,0.0056307302845557995,0.5254799159003939,-0.3453056971791976,-0.38218687522047,2.0173027364283587
-0.016210504469412645,-0.01314282101488986,-0.0021826494979422842,0.004395505102855585,0.2850924859297446,-0.37512210550961433,0.02473582455645643,1.374424776262433
-0.01527956612025746,-0.013160148357644586,-0.0030812792875573977,0.005152191771845181,0.40290570750916327,-0.37397434889085385,-0.2108179773259456,1.7664459426941015
-0.01618316586749653,-0.014677486570358422,-0.0024222534299881107,0.0032512975049282856,0.19410753824626872,-0.33291128579788604,-0.17379075631164673,1.0533956239201139
-0.015110195719549573,-0.014849747532087974,-0.003298261616299448,0.003480629445302835,0.25957760807445535,-0.2437373224015917,-0.4438296552598992,1.2095382750349601
-0.014612355688639916,-0.013032555872917594,-0.003917231992729325,0.005961775997852365,0.5993036570592366,-0.32628217866757797,-0.4656867895725573,2.1700565669176495
-0.014688603708948936,-0.013219797400584973,-0.00384723364737301,0.005609947055082735,0.5468886606528819,-0.31769174810740536,-0.46610686237204285,2.0337690482801594
-0.014509020717071547,-0.012852449499028798,-0.004023220756387995,0.006360703032219208,0.6696453472790859,-0.3332227725262867,-0.4742629112163487,2.329751946252388
-0.014399577781945576,-0.01269235061674581,-0.004141778341241694,0.00676661877173398,0.694391702432958,-0.339706398156495,-0.49446456151496593,2.491032189960322
-0.0143037118419788,-0.012545204192439477,-0.004230636726922976,0.00717489426554629,1.0386484238585996,-0.34014565530724067,-0.4706537807261757,2.6395066494954924
-0.01430296862094294,-0.015405773957931728,-0.0038900506437267238,0.003067490208906965,0.26338074045926735,-0.08824811908365768,-0.6445236715001627,1.0917634369809643
-0.013499291297856222,-0.01501097350942157,-0.004975733007742729,0.003457627327231177,0.38329368249711326,0.14226563154845825,-0.9403120075350564,1.2531885553292852
-0.013064283373325863,-0.014575246192425312,-0.005948665342171185,0.003981759513779954,0.5620354002790563,0.3837832988654197,-1.217492245702349,1.4597345700850057
-0.013338832227622695,-0.014605447019044872,-0.005505025847250655,0.003986222287433201,0.5181654422699266,0.23582457246954114,-1.0905567071939857,1.4587773924993979
-0.01299882810562681,-0.014372777753870322,-0.006266122125775775,0.004296272105946872,0.6380237050064449,0.43731278489538467,-1.303499987086582,1.5796737610867149
-0.012834152046149258,-0.014301479227745599,-0.006637517968466101,0.004372121240371152,0.6625760910063275,0.5519786474001291,-1.4031206294555758,1.5994788054733584
-0.012679131780828632,-0.014221641019906124,-0.007031420816537032,0.004464905347386994,0.777863864147536,0.6509293023368884,-1.4801552874484143,1.6423292195793293
-0.014916171986829251,-0.013369539750809397,-0.003561814873671148,0.005214411314148413,0.48971076921066153,-0.3305919734585036,-0.3919141264469163,1.8513878189766315
-0.014671355041672916,-0.01339387019425874,-0.003897777583893292,0.00537445665661837,0.5190510244885964,-0.29797476538227274,-0.5007761976319223,1.9514648128121501
-0.014510350380012735,-0.014693609988732266,-0.003945488099123709,0.003779910597480346,0.32599118341767275,-0.1616677886155517,-0.6197622298159101,1.357065387067433
-0.01522095353964326,-0.013903592891012838,-0.0032464467285640247,0.004373406484927746,0.36829078323392445,-0.32303243335635634,-0.33940998791254545,1.5045336912050646
-0.014738128397797126,-0.01440333866565776,-0.0037532606191837134,0.004047367171859737,0.3732809856524702,-0.22357540680364524,-0.5380284241231003,1.4327210803367687
-0.014555065601632843,-0.013305794095384692,-0.004058479059486208,0.0055987959925955484,0.5649475009322598,-0.2869665484668195,-0.5445407815718039,2.046757942933456
-0.014504141580634403,-0.013147704855358346,-0.0041128840764056976,0.005889320896708149,0.6066966753223296,-0.2962702835002151,-0.5430386472289931,2.159860555052294
-0.014414953678858478,-0.012991198981861305,-0.004223442177754274,0.0062352468317367704,0.6682404692502897,-0.3007187714190089,-0.557088198074028,2.298869728951598
-0.014317860819984991,-0.012832397386491052,-0.004343896391790663,0.006621151854231955,0.7160479899150164,-0.30626779817993505,-0.5809516253743112,2.453353260268773
-0.014221641019906124,-0.012679131780828632,-0.004458647462345462,0.007035331123813581,0.8816825037523438,-0.3087425668660899,-0.5639773673419509,2.6050894520315957
-0.013603291797419384,-0.014634574954860277,-0.00510412297112467,0.003959513220025341,0.45376542880341947,0.10853601809334394,-0.9745301637356525,1.4600931532753698
-0.014000958740393069,-0.014733475780602487,-0.00452437497188878,0.0038234074251205672,0.4122669042141531,-0.027829285087804325,-0.7989536229984536,1.3766121927782269
-0.013528298493862945,-0.014448394340274095,-0.005340650804523784,0.004231608501833577,0.5164879189574886,0.14602185878808907,-1.0377638999653034,1.5579743399281814
-0.013180332084688011,-0.01440585073787131,-0.005926956030135137,0.0042761094976009675,0.589578717117451,0.3247854089369961,-1.2105342965960932,1.5796698962924
-0.013357300491236908,-0.014385296268243211,-0.0056564044966695695,0.004327232292321606,0.5631311283001397,0.23007714149483277,-1.1326968515538782,1.6005223021384822
-0.013094531405287407,-0.0142647980468097,-0.0062093952141855525,0.004504521182746795,0.6443774290187245,0.38076606788373224,-1.287422383300204,1.6650253802550772
-0.012954277752292593,-0.014206174691128053,-0.006525612180324657,0.004582590582245504,0.683255569756648,0.473153960319652,-1.3740633927235644,1.688284743875321
-0.012810416269897769,-0.01413540329229132,-0.006885629576711791,0.004686730423575813,0.9257305780403265,0.5594182454189837,-1.4470835921171321,1.7369053309584679
-0.014508451958165587,-0.013463895230306132,-0.004140796168493679,0.005397339332366636,0.5462721813933104,-0.2612846523209134,-0.5874482251062308,1.9761213295237423
-0.014704347241289504,-0.013631907792609158,-0.0038663249130011404,0.005019363969938722,0.4781027743464448,-0.28229064835226136,-0.5097004229642116,1.812066413531664
-0.014359347409361761,-0.014361288855589219,-0.004220544141529635,0.004219072567773673,0.4127970352270212,-0.1489576002179688,-0.680183742479751,1.5227471706135278
-0.014621337206830435,-0.013997377311285272,-0.0039580459533531676,0.004585572240886535,0.4342760682681374,-0.23572805577871025,-0.5720559787948929,1.6550491075496474
-0.014402775718742386,-0.013303702796415276,-0.004296522134599361,0.005730311543785054,0.604592927128626,-0.2579114647279235,-0.6212905316104508,2.1139693903860297
-0.014314047517496402,-0.013137977272119438,-0.004425636419929206,0.006086874196818762,0.6623892396701675,-0.2610562575512129,-0.6413725020539732,2.2571940709272234
-0.014226428572992252,-0.01296896576698796,-0.004550396602682055,0.006477128746272472,0.7141991642220454,-0.26632274595170574,-0.6672639810681233,2.4125880430080398
-0.01413540329229132,-0.01281041626989777,-0.004680384048193005,0.006889837166945074,0.8276740704172196,-0.27164990136751316,-0.6547728645672009,2.5676846923763925
-0.01375415014254718,-0.014430558841896602,-0.005015045491290636,0.004247099472169024,0.4908523918730356,0.04478660506632901,-0.939819307842157,1.570482608474595
-0.013991548317695588,-0.014349231101398305,-0.004718728716167047,0.004328604715496666,0.46622031935960967,-0.04257485581854523,-0.8451902644471235,1.5938461975946312
-0.014123809785056382,-0.01414466121949463,-0.004607481287705486,0.0045858454202107705,0.49223859319018537,-0.09874918718861755,-0.7961267153409912,1.6905705939033961
-0.013609841326968693,-0.014304899738280108,-0.005310338031667623,0.004450145963613553,0.5416701911006228,0.10544759976358967,-1.0235021041804035,1.6465613357949773
-0.013458409608282882,-0.014269845972686277,-0.005579243839634813,0.0045164967787281055,0.5781978399889307,0.1770011977144715,-1.106314310204472,1.6770362350011137
-0.013259990478097564,-0.014223623647175433,-0.005954438949580422,0.0045945622350251495,0.6204903119644883,0.2806940032911916,-1.2137038965316098,1.7076232746609123
-0.01309371030143977,-0.01411479298388569,-0.006358015110147031,0.004779451817974991,0.7301645460643137,0.382686866955711,-1.328425741937906,1.771872306532021
-0.01293892622972893,-0.014045084994930427,-0.006741631285606948,0.004891665861110121,0.6634994154646873,0.47007845203157145,-1.4087465126846717,1.826127121415114
-0.014335299283020098,-0.013457992398866584,-0.0044106075533896635,0.005534604216448775,0.5870934444462451,-0.2242143860918448,-0.6749402069492713,2.046857137124344
-0.014388471503464237,-0.013685836701045435,-0.00431446942860541,0.0051444809831908645,0.5346093683586202,-0.21294456369241851,-0.6652168655190326,1.8916636086769585
-0.014316775149426733,-0.013998298961797212,-0.0043716650231661975,0.004723917729633608,0.48513685714032245,-0.16528459518169994,-0.7104084529871525,1.734259879303341
-0.014203168813063606,-0.0133090323352774,-0.004632831238875428,0.005887244195499316,0.6456997517189867,-0.21094827205474825,-0.7288843038373292,2.1937641346035957
-0.014132816740687284,-0.013107258896816337,-0.004747977326143612,0.006316167150764911,0.7341888084397591,-0.2209455913264018,-0.7501168723547903,2.3615365946707154
-0.014045084994930427,-0.01293892622972893,-0.004894624654731235,0.0067392612026196804,0.8795691384757959,-0.22890092501171833,-0.7428281922292687,2.5255158003678773
-0.013764212213302615,-0.014232914872101083,-0.005110539642181073,0.004542841495322893,0.5289524362041808,0.03442509486985985,-0.958098530403468,1.6839545521228876
-0.013923030783914981,-0.014104725532060953,-0.0049249338062931115,0.004706826309176126,0.5339055698724269,-0.034296461499047665,-0.8928787280510749,1.7448306252026293
-0.014043947696295706,-0.013951455916931099,-0.0047925204623245204,0.0049064591271179995,0.5423379191355372,-0.08965731494963075,-0.8402408618096748,1.8211293387287457
-0.013591689973258847,-0.014158900311480295,-0.005432234694021105,0.004689660003044503,0.5796142942161789,0.1077145555730568,-1.0562995863735198,1.7462922826420788
-0.01340243101698226,-0.014098473810976382,-0.005801364631506583,0.004815230961697143,0.6366226126630389,0.1988006737385555,-1.1641669116976734,1.7975613531421946
-0.013233218438765721,-0.014026307709755477,-0.0061729312561292675,0.004955947651404836,0.6993860548787515,0.2954147899137571,-1.2757184774848545,1.84553680154872
-0.0130645347166975,-0.013950775489717909,-0.006587022536114265,0.005097743552568126,0.6003171688629031,0.38278015255211306,-1.3638227968886707,1.9108835919097544
-0.014178429288234082,-0.013534871583918313,-0.004664118486480992,0.005516855454819395,0.6103463772503105,-0.17496607557400182,-0.763697421108234,2.053685909379176
-0.01413642807304929,-0.013744417131376868,-0.004699496616030245,0.005195473176386197,0.5739373392303834,-0.1389223292334556,-0.7941394116739646,1.9296775653174005
-0.01404572701569939,-0.013390767970283983,-0.004912094340422402,0.0058629654002756455,0.670254485022468,-0.15285312525056466,-0.8302691097558764,2.195525152218336
-0.014012994254018857,-0.013231059674723648,-0.004981408522022164,0.006189322837474005,0.7654319022535031,-0.16678905492358279,-0.8382604563594614,2.3230804016570463
-0.013950775489717907,-0.013064534716697497,-0.005113256042275112,0.006574976305164096,0.6088125640450807,-0.17968985849709204,-0.8296161360872262,2.477035512472279
-0.013715012735430396,-0.014049173707490243,-0.005288293847057071,0.004850877928765061,0.5829285273793867,0.045188622821257234,-1.0055374580044438,1.8100725245631126
-0.013832624599240171,-0.013917160304694094,-0.005151513472213797,0.005040637680112504,0.5942192475841795,-0.014424846551752591,-0.9538744530978455,1.8837643667579556
-0.013923242207898185,-0.013751918289522274,-0.005056338699019413,0.0052887935093084044,0.6188861594984706,-0.06556931300430903,-0.9111374707224901,1.9795356960331596
-0.013530186485515789,-0.013983803309529183,-0.005649345587459388,0.0050051474083421706,0.6467139984698046,0.12664466804372956,-1.1126155817199554,1.8739847828009062
-0.013355329526284187,-0.013920305364993939,-0.006021389851425092,0.005151909983015876,0.6820883702381334,0.21786496356161109,-1.2268436608469593,1.9270409987648904
-0.013187119036995118,-0.013852566968142575,-0.006417083063348111,0.00530996344958345,0.8294052206788814,0.2983995862843796,-1.312352826629153,1.9953372812387886
-0.013967702592976795,-0.013544121335046882,-0.0050321087230708605,0.005634999231751028,0.6528832346863149,-0.1060144337543624,-0.8843570805964047,2.1123816988478885
-0.013898160957191473,-0.013362759640572406,-0.005193710953863944,0.0060242209334708105,0.7421936019009411,-0.10684970057108019,-0.9215966991670399,2.2650184246066725
-0.013852566968142578,-0.013187119036995118,-0.005312982305696201,0.006414719973613006,0.7553352097012916,-0.12440810166972177,-0.9114053568124402,2.425162275889062
-0.013645017499505821,-0.013866102665398628,-0.005507202183344988,0.005191782777970534,0.6549303898128898,0.06220806095150668,-1.061807261343615,1.9477015848253296
-0.013745296291701995,-0.01373918978952333,-0.005381100099201074,0.00539027029292203,0.6661689876128748,0.004877599128759499,-1.013437215569201,2.024322144846621
-0.01381352228515837,-0.013615173345981332,-0.005298718177778475,0.005590309633163347,0.6767649211487423,-0.03817467188718249,-0.9771797849461702,2.100528067311395
-0.013474036651264882,-0.013810396301375155,-0.00586325242538547,0.005344229120758208,0.6845747034196438,0.1432152372277208,-1.1725650713425946,2.005215518945784
-0.013306558565652453,-0.013750556019033763,-0.00624576840731643,0.0055105185301249264,0.8277311981742881,0.21847724161153217,-1.2565300648285673,2.076560532530344
-0.013793428199524454,-0.013471649530280422,-0.005377643580446511,0.005878819761139868,0.7503298523739433,-0.05083170535946822,-0.9901962504203103,2.213215738459526
-0.013750556019033765,-0.013306558565652457,-0.005511711072500512,0.006244793625511845,0.7096369833351583,-0.06337906995987977,-0.9903873079482327,2.3652530148550532
-0.013584399677610272,-0.013696768263949577,-0.005708229169218281,0.00553411998504254,0.6839901562852885,0.07431578159890316,-1.1158559170792637,2.080383211666533
-0.013683778478481071,-0.013584543511217064,-0.005559150676990311,0.005714345927038399,0.7073598599301895,0.012792361741673529,-1.0587971238039122,2.150563717700976
-0.013422735238775142,-0.013644843410250553,-0.006067992645428425,0.005705718866044031,0.8802566897825335,0.14239673476870437,-1.1962753671648636,2.155235522639658
-0.01364484341025055,-0.013422735238775142,-0.005702704998276233,0.006070925759501847,0.7656887383288763,0.0017689995804557903,-1.063798377879022,2.300597183147244
-0.013535533905932737,-0.01353553390593274,-0.0058854523222576305,0.005893919902848329,0.9197499202051782,0.07029991314834205,-1.1320871683550118,2.2309442927575507
